cost_id,work_order_id,machine_id,repair_cost_usd,downtime_cost_per_hour_usd,downtime_cost_usd,total_impact_usd
COST_00001,WO_00001,APU_001,1109.28,867.2,3095.9,4205.18
COST_00002,WO_00002,APU_044,1021.75,1419.66,3577.54,4599.29
COST_00003,WO_00003,APU_035,1141.46,340.82,1322.38,2463.84
COST_00004,WO_00004,APU_012,921.85,1575.2,9892.26,10814.11
COST_00005,WO_00005,APU_041,352.2,1490.02,3561.15,3913.35
COST_00006,WO_00006,APU_003,218.01,1761.9,4210.94,4428.95
COST_00007,WO_00007,APU_035,1131.99,1762.03,11417.95,12549.94
COST_00008,WO_00008,APU_008,722.93,691.47,2869.6,3592.53
COST_00009,WO_00009,APU_005,200.95,562.42,1181.08,1382.03
COST_00010,WO_00010,APU_045,218.42,409.18,1497.6,1716.02
COST_00011,WO_00011,APU_030,516.77,1117.73,2358.41,2875.18
COST_00012,WO_00012,APU_005,714.06,369.61,776.18,1490.24
COST_00013,WO_00013,APU_008,647.73,1677.18,5216.03,5863.76
COST_00014,WO_00014,APU_022,583.14,676.78,642.94,1226.08
COST_00015,WO_00015,APU_029,829.74,971.73,1020.32,1850.06
COST_00016,WO_00016,APU_002,252.19,1086.41,2172.82,2425.01
COST_00017,WO_00017,APU_045,804.72,1305.07,2035.91,2840.63
COST_00018,WO_00018,APU_016,467.04,1781.12,5753.02,6220.06
COST_00019,WO_00019,APU_023,103.68,418.49,690.51,794.19
COST_00020,WO_00020,APU_049,422.62,1496.03,1870.04,2292.66
COST_00021,WO_00021,APU_004,1264.35,829.84,5053.73,6318.08
COST_00022,WO_00022,APU_012,699.09,1704.76,4091.42,4790.51
COST_00023,WO_00023,APU_022,158.83,1244.31,3508.95,3667.78
COST_00024,WO_00024,APU_002,625.49,580.69,720.06,1345.55
COST_00025,WO_00025,APU_027,991.11,1428.4,2871.08,3862.19
COST_00026,WO_00026,APU_048,835.09,1198.11,3462.54,4297.63
COST_00027,WO_00027,APU_028,192.89,934.37,1345.49,1538.38
COST_00028,WO_00028,APU_041,856.05,928.53,3101.29,3957.34
COST_00029,WO_00029,APU_009,154.44,878.58,1713.23,1867.67
COST_00030,WO_00030,APU_039,307.4,1331.33,3088.69,3396.09
COST_00031,WO_00031,APU_038,343.13,1799.12,3508.28,3851.41
COST_00032,WO_00032,APU_021,1048.61,1222.47,9205.2,10253.81
COST_00033,WO_00033,APU_003,833.08,549.35,1483.25,2316.33
COST_00034,WO_00034,APU_029,793.29,797.52,1212.23,2005.52
COST_00035,WO_00035,APU_009,724.45,562.84,2403.33,3127.78
COST_00036,WO_00036,APU_011,161.92,1512.12,2101.85,2263.77
COST_00037,WO_00037,APU_012,483.14,1548.33,4722.41,5205.55
COST_00038,WO_00038,APU_045,428.95,740.34,688.52,1117.47
COST_00039,WO_00039,APU_040,957.24,1264.42,1656.39,2613.63
COST_00040,WO_00040,APU_040,413.3,474.37,1437.34,1850.64
COST_00041,WO_00041,APU_009,594.77,1077.15,4394.77,4989.54
COST_00042,WO_00042,APU_021,889.4,917.23,2742.52,3631.92
COST_00043,WO_00043,APU_023,456.4,1317.78,3360.34,3816.74
COST_00044,WO_00044,APU_040,349.42,598.36,1376.23,1725.65
COST_00045,WO_00045,APU_012,154.39,1145.25,1385.75,1540.14
COST_00046,WO_00046,APU_010,260.47,1281.56,2345.25,2605.72
COST_00047,WO_00047,APU_023,997.8,544.71,1149.34,2147.14
COST_00048,WO_00048,APU_027,1130.7,711.93,3459.98,4590.68
COST_00049,WO_00049,APU_020,294.13,1318.33,4324.12,4618.25
COST_00050,WO_00050,APU_019,402.85,1327.32,1367.14,1769.99
COST_00051,WO_00051,APU_046,309.83,651.32,2116.79,2426.62
COST_00052,WO_00052,APU_016,927.94,701.73,1543.81,2471.75
COST_00053,WO_00053,APU_014,944.64,860.7,1609.51,2554.15
COST_00054,WO_00054,APU_035,753.6,1278.79,4872.19,5625.79
COST_00055,WO_00055,APU_021,406.17,393.69,1885.78,2291.95
COST_00056,WO_00056,APU_049,816.44,1027.41,4664.44,5480.88
COST_00057,WO_00057,APU_009,605.6,515.23,881.04,1486.64
COST_00058,WO_00058,APU_023,503.29,977.16,2237.7,2740.99
COST_00059,WO_00059,APU_013,1025.81,461.14,1503.32,2529.13
COST_00060,WO_00060,APU_013,1062.51,527.38,2452.32,3514.83
COST_00061,WO_00061,APU_010,856.35,581.82,1216.0,2072.35
COST_00062,WO_00062,APU_020,1074.28,1722.19,4219.37,5293.65
COST_00063,WO_00063,APU_019,747.65,662.73,980.84,1728.49
COST_00064,WO_00064,APU_014,474.71,903.64,1274.13,1748.84
COST_00065,WO_00065,APU_001,817.97,1647.91,7003.62,7821.59
COST_00066,WO_00066,APU_012,1136.18,641.79,3677.46,4813.64
COST_00067,WO_00067,APU_032,140.26,1286.7,3358.29,3498.55
COST_00068,WO_00068,APU_041,545.03,472.18,2228.69,2773.72
COST_00069,WO_00069,APU_032,348.59,1189.7,3949.8,4298.39
COST_00070,WO_00070,APU_038,663.49,419.2,800.67,1464.16
COST_00071,WO_00071,APU_033,941.84,636.92,2114.57,3056.41
COST_00072,WO_00072,APU_045,518.99,1406.58,8903.65,9422.64
COST_00073,WO_00073,APU_019,388.65,1260.77,3366.26,3754.91
COST_00074,WO_00074,APU_039,862.18,918.55,5906.28,6768.46
COST_00075,WO_00075,APU_044,228.06,1086.97,695.66,923.72
COST_00076,WO_00076,APU_009,396.11,1598.03,6823.59,7219.7
COST_00077,WO_00077,APU_014,895.4,483.7,1378.55,2273.95
COST_00078,WO_00078,APU_030,798.59,994.59,2297.5,3096.09
COST_00079,WO_00079,APU_009,439.87,1328.73,3800.17,4240.04
COST_00080,WO_00080,APU_048,581.34,385.92,351.19,932.53
COST_00081,WO_00081,APU_009,716.2,828.55,1996.81,2713.01
COST_00082,WO_00082,APU_002,435.44,1002.64,3318.74,3754.18
COST_00083,WO_00083,APU_008,844.71,689.46,4226.39,5071.1
COST_00084,WO_00084,APU_039,746.67,1092.49,2228.68,2975.35
COST_00085,WO_00085,APU_038,323.86,682.03,1186.73,1510.59
COST_00086,WO_00086,APU_007,306.61,398.77,821.47,1128.08
COST_00087,WO_00087,APU_047,478.71,1278.98,5755.41,6234.12
COST_00088,WO_00088,APU_044,645.77,671.34,2188.57,2834.34
COST_00089,WO_00089,APU_008,798.76,504.56,1024.26,1823.02
COST_00090,WO_00090,APU_046,533.67,1778.35,6402.06,6935.73
COST_00091,WO_00091,APU_039,296.97,1580.46,4535.92,4832.89
COST_00092,WO_00092,APU_005,1086.64,1762.05,8158.29,9244.93
COST_00093,WO_00093,APU_026,752.93,1292.35,2390.85,3143.78
COST_00094,WO_00094,APU_005,382.36,965.36,2191.37,2573.73
COST_00095,WO_00095,APU_015,602.33,512.86,1123.16,1725.49
COST_00096,WO_00096,APU_023,326.79,894.28,1091.02,1417.81
COST_00097,WO_00097,APU_008,461.48,993.45,3179.04,3640.52
COST_00098,WO_00098,APU_048,403.74,1792.66,5628.95,6032.69
COST_00099,WO_00099,APU_010,482.27,1065.94,2910.02,3392.29
COST_00100,WO_00100,APU_013,886.23,899.64,2150.14,3036.37
COST_00101,WO_00101,APU_028,187.65,744.29,930.36,1118.01
COST_00102,WO_00102,APU_003,209.06,660.76,1427.24,1636.3
COST_00103,WO_00103,APU_049,874.55,302.9,681.52,1556.07
COST_00104,WO_00104,APU_017,381.21,316.83,554.45,935.66
COST_00105,WO_00105,APU_038,329.76,340.41,847.62,1177.38
COST_00106,WO_00106,APU_025,823.45,753.27,2553.59,3377.04
COST_00107,WO_00107,APU_016,737.76,1614.85,12385.9,13123.66
COST_00108,WO_00108,APU_022,271.02,734.58,2196.39,2467.41
COST_00109,WO_00109,APU_018,997.86,801.88,2509.88,3507.74
COST_00110,WO_00110,APU_037,481.51,1490.16,3889.32,4370.83
COST_00111,WO_00111,APU_011,423.93,1497.53,1422.65,1846.58
COST_00112,WO_00112,APU_019,721.87,405.76,1087.44,1809.31
COST_00113,WO_00113,APU_046,512.08,617.76,1735.91,2247.99
COST_00114,WO_00114,APU_014,736.92,601.67,6341.6,7078.52
COST_00115,WO_00115,APU_027,824.33,1798.41,4406.1,5230.43
COST_00116,WO_00116,APU_041,431.53,644.0,2067.24,2498.77
COST_00117,WO_00117,APU_041,1029.65,1261.05,3367.0,4396.65
COST_00118,WO_00118,APU_010,516.11,1121.73,1604.07,2120.18
COST_00119,WO_00119,APU_027,680.62,689.89,3518.44,4199.06
COST_00120,WO_00120,APU_008,799.46,743.09,3054.1,3853.56
COST_00121,WO_00121,APU_036,874.94,971.18,4078.96,4953.9
COST_00122,WO_00122,APU_018,353.43,338.32,558.23,911.66
COST_00123,WO_00123,APU_006,550.95,1179.72,6936.75,7487.7
COST_00124,WO_00124,APU_026,515.91,1352.26,1703.85,2219.76
COST_00125,WO_00125,APU_032,1042.76,546.65,2049.94,3092.7
COST_00126,WO_00126,APU_028,455.68,988.6,8966.6,9422.28
COST_00127,WO_00127,APU_017,335.6,1086.08,1716.01,2051.61
COST_00128,WO_00128,APU_035,465.5,1105.03,2199.01,2664.51
COST_00129,WO_00129,APU_031,761.1,316.67,908.84,1669.94
COST_00130,WO_00130,APU_045,726.36,743.31,1531.22,2257.58
COST_00131,WO_00131,APU_035,499.73,1332.58,1545.79,2045.52
COST_00132,WO_00132,APU_006,894.9,1658.43,4676.77,5571.67
COST_00133,WO_00133,APU_050,610.7,1040.0,1580.8,2191.5
COST_00134,WO_00134,APU_048,631.81,1702.23,6008.87,6640.68
COST_00135,WO_00135,APU_033,295.33,1775.74,2912.21,3207.54
COST_00136,WO_00136,APU_045,962.03,634.6,4048.75,5010.78
COST_00137,WO_00137,APU_026,193.29,557.12,986.1,1179.39
COST_00138,WO_00138,APU_039,186.35,1375.33,3135.75,3322.1
COST_00139,WO_00139,APU_012,447.16,1613.78,6858.56,7305.72
COST_00140,WO_00140,APU_025,412.94,1207.77,1666.72,2079.66
COST_00141,WO_00141,APU_030,747.53,615.65,1896.2,2643.73
COST_00142,WO_00142,APU_006,414.98,664.52,3708.02,4123.0
COST_00143,WO_00143,APU_008,646.04,1371.86,1536.48,2182.52
COST_00144,WO_00144,APU_048,736.76,1752.52,5275.09,6011.85
COST_00145,WO_00145,APU_047,952.69,696.39,2186.66,3139.35
COST_00146,WO_00146,APU_017,268.96,711.34,2973.4,3242.36
COST_00147,WO_00147,APU_001,580.29,1092.21,1507.25,2087.54
COST_00148,WO_00148,APU_046,312.27,850.09,1113.62,1425.89
COST_00149,WO_00149,APU_031,667.19,1094.75,3962.99,4630.18
COST_00150,WO_00150,APU_043,233.39,724.2,2317.44,2550.83
COST_00151,WO_00151,APU_030,1119.37,1375.35,4291.09,5410.46
COST_00152,WO_00152,APU_021,723.3,755.89,2486.88,3210.18
COST_00153,WO_00153,APU_019,354.9,717.31,1341.37,1696.27
COST_00154,WO_00154,APU_049,1030.53,301.37,931.23,1961.76
COST_00155,WO_00155,APU_031,436.05,546.29,1742.67,2178.72
COST_00156,WO_00156,APU_029,260.51,1778.93,3273.23,3533.74
COST_00157,WO_00157,APU_023,941.08,1126.78,8552.26,9493.34
COST_00158,WO_00158,APU_038,321.82,1755.36,6196.42,6518.24
COST_00159,WO_00159,APU_044,422.9,1247.87,1759.5,2182.4
COST_00160,WO_00160,APU_024,777.58,344.94,1345.27,2122.85
COST_00161,WO_00161,APU_041,291.93,673.93,1071.55,1363.48
COST_00162,WO_00162,APU_047,736.33,815.48,3416.86,4153.19
COST_00163,WO_00163,APU_004,1103.06,1434.06,7371.07,8474.13
COST_00164,WO_00164,APU_006,366.64,1467.75,2539.21,2905.85
COST_00165,WO_00165,APU_020,865.64,350.32,1618.48,2484.12
COST_00166,WO_00166,APU_024,802.17,388.2,1323.76,2125.93
COST_00167,WO_00167,APU_006,1023.36,1772.22,7567.38,8590.74
COST_00168,WO_00168,APU_003,706.31,425.08,3281.62,3987.93
COST_00169,WO_00169,APU_034,287.48,799.2,1902.1,2189.58
COST_00170,WO_00170,APU_010,321.89,1086.88,1956.38,2278.27
COST_00171,WO_00171,APU_003,468.26,514.73,859.6,1327.86
COST_00172,WO_00172,APU_017,961.69,1226.18,2133.55,3095.24
COST_00173,WO_00173,APU_012,582.08,591.18,1542.98,2125.06
COST_00174,WO_00174,APU_038,447.68,1199.02,3932.79,4380.47
COST_00175,WO_00175,APU_012,862.77,1710.25,5421.49,6284.26
COST_00176,WO_00176,APU_001,610.4,1491.88,6385.25,6995.65
COST_00177,WO_00177,APU_040,394.7,985.66,2700.71,3095.41
COST_00178,WO_00178,APU_013,533.06,1642.1,9934.7,10467.76
COST_00179,WO_00179,APU_028,722.75,488.77,1148.61,1871.36
COST_00180,WO_00180,APU_002,1573.15,570.65,6921.98,8495.13
COST_00181,WO_00181,APU_002,927.72,1044.03,3998.63,4926.35
COST_00182,WO_00182,APU_022,686.39,902.65,1534.5,2220.89
COST_00183,WO_00183,APU_032,248.23,1149.34,1735.5,1983.73
COST_00184,WO_00184,APU_046,364.99,401.24,1420.39,1785.38
COST_00185,WO_00185,APU_042,368.9,1519.89,3647.74,4016.64
COST_00186,WO_00186,APU_045,358.26,1636.88,6596.63,6954.89
COST_00187,WO_00187,APU_015,1023.45,383.5,1353.75,2377.2
COST_00188,WO_00188,APU_019,679.93,1546.19,4035.56,4715.49
COST_00189,WO_00189,APU_011,672.76,1176.32,2011.51,2684.27
COST_00190,WO_00190,APU_012,262.99,904.64,1067.48,1330.47
COST_00191,WO_00191,APU_016,760.16,1556.7,3315.77,4075.93
COST_00192,WO_00192,APU_033,427.38,737.18,3206.73,3634.11
COST_00193,WO_00193,APU_032,653.9,1465.79,4485.32,5139.22
COST_00194,WO_00194,APU_045,654.6,851.85,1167.03,1821.63
COST_00195,WO_00195,APU_007,555.81,1518.87,4541.42,5097.23
COST_00196,WO_00196,APU_024,682.34,658.74,2213.37,2895.71
COST_00197,WO_00197,APU_042,630.72,1342.51,2241.99,2872.71
COST_00198,WO_00198,APU_016,296.8,1793.06,5307.46,5604.26
COST_00199,WO_00199,APU_046,723.46,1240.56,3485.97,4209.43
COST_00200,WO_00200,APU_009,668.58,397.24,576.0,1244.58
COST_00201,WO_00201,APU_029,333.48,682.9,2260.4,2593.88
COST_00202,WO_00202,APU_050,945.1,710.49,2628.81,3573.91
COST_00203,WO_00203,APU_041,502.51,1497.21,7381.25,7883.76
COST_00204,WO_00204,APU_023,868.63,1679.6,8146.06,9014.69
COST_00205,WO_00205,APU_042,994.01,1320.57,1677.12,2671.13
COST_00206,WO_00206,APU_020,578.37,974.55,1578.77,2157.14
COST_00207,WO_00207,APU_014,525.9,1130.24,4080.17,4606.07
COST_00208,WO_00208,APU_002,666.3,622.48,2247.15,2913.45
COST_00209,WO_00209,APU_047,497.93,934.34,3372.97,3870.9
COST_00210,WO_00210,APU_029,1335.87,312.98,7079.61,8415.48
COST_00211,WO_00211,APU_020,635.68,906.35,3371.62,4007.3
COST_00212,WO_00212,APU_050,488.49,796.56,4046.52,4535.01
COST_00213,WO_00213,APU_006,765.13,1690.44,7759.12,8524.25
COST_00214,WO_00214,APU_038,688.37,644.38,2506.64,3195.01
COST_00215,WO_00215,APU_045,782.2,1427.69,3269.41,4051.61
COST_00216,WO_00216,APU_046,865.66,891.42,3681.56,4547.22
COST_00217,WO_00217,APU_036,615.3,369.71,658.08,1273.38
COST_00218,WO_00218,APU_034,663.72,1194.02,2853.71,3517.43
COST_00219,WO_00219,APU_002,305.48,1616.2,3361.7,3667.18
COST_00220,WO_00220,APU_014,342.3,1499.94,4259.83,4602.13
COST_00221,WO_00221,APU_031,1455.11,1770.18,17188.45,18643.56
COST_00222,WO_00222,APU_049,648.59,1521.42,1475.78,2124.37
COST_00223,WO_00223,APU_006,721.37,1341.77,5313.41,6034.78
COST_00224,WO_00224,APU_048,245.15,482.24,540.11,785.26
COST_00225,WO_00225,APU_042,361.17,1366.83,2870.34,3231.51
COST_00226,WO_00226,APU_049,369.42,550.5,2724.97,3094.39
COST_00227,WO_00227,APU_018,345.36,1118.91,3155.33,3500.69
COST_00228,WO_00228,APU_035,271.67,785.23,1177.85,1449.52
COST_00229,WO_00229,APU_028,679.38,1604.9,2936.97,3616.35
COST_00230,WO_00230,APU_008,523.34,1749.29,6909.7,7433.04
COST_00231,WO_00231,APU_020,335.36,1408.63,2563.71,2899.07
COST_00232,WO_00232,APU_020,672.53,1575.9,4822.25,5494.78
COST_00233,WO_00233,APU_008,475.05,1683.93,4698.16,5173.21
COST_00234,WO_00234,APU_008,348.82,625.38,1188.22,1537.04
COST_00235,WO_00235,APU_027,1025.7,857.13,7577.03,8602.73
COST_00236,WO_00236,APU_049,302.94,517.35,1991.8,2294.74
COST_00237,WO_00237,APU_024,270.81,720.28,641.05,911.86
COST_00238,WO_00238,APU_001,388.71,1623.72,4887.4,5276.11
COST_00239,WO_00239,APU_018,476.37,1593.8,3012.28,3488.65
COST_00240,WO_00240,APU_003,944.62,1298.69,5636.31,6580.93
COST_00241,WO_00241,APU_028,444.84,1333.57,2347.08,2791.92
COST_00242,WO_00242,APU_018,469.61,1338.61,3413.46,3883.07
COST_00243,WO_00243,APU_045,187.88,1112.83,3995.06,4182.94
COST_00244,WO_00244,APU_036,1005.19,495.28,2169.33,3174.52
COST_00245,WO_00245,APU_043,660.67,570.29,798.41,1459.08
COST_00246,WO_00246,APU_012,715.43,1182.97,2673.51,3388.94
COST_00247,WO_00247,APU_015,205.73,311.97,652.02,857.75
COST_00248,WO_00248,APU_040,136.06,1405.29,2670.05,2806.11
COST_00249,WO_00249,APU_018,451.37,450.47,3234.37,3685.74
COST_00250,WO_00250,APU_018,825.13,312.73,1063.28,1888.41
COST_00251,WO_00251,APU_038,252.63,979.25,1331.78,1584.41
COST_00252,WO_00252,APU_013,325.85,1580.64,7112.88,7438.73
COST_00253,WO_00253,APU_028,1188.29,1378.87,12037.54,13225.83
COST_00254,WO_00254,APU_044,713.42,564.71,2710.61,3424.03
COST_00255,WO_00255,APU_018,226.67,1058.33,1248.83,1475.5
COST_00256,WO_00256,APU_048,455.77,1052.57,2189.35,2645.12
COST_00257,WO_00257,APU_005,1164.67,907.24,4953.53,6118.2
COST_00258,WO_00258,APU_016,378.14,1584.71,2915.87,3294.01
COST_00259,WO_00259,APU_005,503.42,1581.4,5487.46,5990.88
COST_00260,WO_00260,APU_003,1057.65,582.42,2422.87,3480.52
COST_00261,WO_00261,APU_020,352.95,1126.39,1836.02,2188.97
COST_00262,WO_00262,APU_025,965.24,594.62,1563.85,2529.09
COST_00263,WO_00263,APU_025,711.51,443.38,221.69,933.2
COST_00264,WO_00264,APU_034,616.07,990.23,1534.86,2150.93
COST_00265,WO_00265,APU_037,291.46,762.34,1806.75,2098.21
COST_00266,WO_00266,APU_016,844.44,1637.79,2243.77,3088.21
COST_00267,WO_00267,APU_038,970.7,582.43,3884.81,4855.51
COST_00268,WO_00268,APU_001,466.94,867.98,1076.3,1543.24
COST_00269,WO_00269,APU_023,430.66,1108.73,2361.59,2792.25
COST_00270,WO_00270,APU_039,545.66,355.97,1039.43,1585.09
COST_00271,WO_00271,APU_030,1129.51,1769.31,10633.55,11763.06
COST_00272,WO_00272,APU_030,677.76,1714.16,2108.42,2786.18
COST_00273,WO_00273,APU_014,974.21,539.95,2780.74,3754.95
COST_00274,WO_00274,APU_010,640.4,1398.83,3818.81,4459.21
COST_00275,WO_00275,APU_002,198.73,945.93,1494.57,1693.3
COST_00276,WO_00276,APU_036,435.13,1572.27,5502.94,5938.07
COST_00277,WO_00277,APU_044,281.56,1600.08,4848.24,5129.8
COST_00278,WO_00278,APU_024,651.57,532.74,1038.84,1690.41
COST_00279,WO_00279,APU_008,590.49,1168.76,3295.9,3886.39
COST_00280,WO_00280,APU_039,589.83,1571.79,3457.94,4047.77
COST_00281,WO_00281,APU_021,1015.02,1349.22,3899.25,4914.27
COST_00282,WO_00282,APU_047,1052.66,1250.95,4891.21,5943.87
COST_00283,WO_00283,APU_034,830.78,1294.74,8415.81,9246.59
COST_00284,WO_00284,APU_031,235.56,1302.55,1797.52,2033.08
COST_00285,WO_00285,APU_026,1134.97,653.07,5740.49,6875.46
COST_00286,WO_00286,APU_036,626.93,1369.1,1273.26,1900.19
COST_00287,WO_00287,APU_030,893.15,1143.68,2859.2,3752.35
COST_00288,WO_00288,APU_021,338.32,520.47,1956.97,2295.29
COST_00289,WO_00289,APU_006,547.45,907.58,2877.03,3424.48
COST_00290,WO_00290,APU_007,903.71,1441.46,2782.02,3685.73
COST_00291,WO_00291,APU_017,720.94,390.22,944.33,1665.27
COST_00292,WO_00292,APU_050,233.88,1600.31,3312.64,3546.52
COST_00293,WO_00293,APU_031,380.8,1471.58,2899.01,3279.81
COST_00294,WO_00294,APU_015,1119.01,416.85,1809.13,2928.14
COST_00295,WO_00295,APU_050,931.3,1708.97,5656.69,6587.99
COST_00296,WO_00296,APU_009,561.65,735.84,1368.66,1930.31
COST_00297,WO_00297,APU_015,862.88,1390.4,6201.18,7064.06
COST_00298,WO_00298,APU_038,486.05,839.6,2703.51,3189.56
COST_00299,WO_00299,APU_025,515.22,653.02,2775.34,3290.56
COST_00300,WO_00300,APU_037,511.94,369.48,1418.8,1930.74
COST_00301,WO_00301,APU_045,227.02,418.16,719.24,946.26
COST_00302,WO_00302,APU_014,288.81,794.25,1588.5,1877.31
COST_00303,WO_00303,APU_021,826.23,392.12,1607.69,2433.92
COST_00304,WO_00304,APU_048,330.65,1747.72,6641.34,6971.99
COST_00305,WO_00305,APU_011,325.84,788.8,2121.87,2447.71
COST_00306,WO_00306,APU_001,494.53,1722.24,4994.5,5489.03
COST_00307,WO_00307,APU_037,580.88,492.31,2702.78,3283.66
COST_00308,WO_00308,APU_023,292.79,1630.44,3195.66,3488.45
COST_00309,WO_00309,APU_016,941.89,1012.33,3715.25,4657.14
COST_00310,WO_00310,APU_045,417.53,322.17,782.87,1200.4
COST_00311,WO_00311,APU_045,740.78,711.62,1715.0,2455.78
COST_00312,WO_00312,APU_005,660.91,555.6,2761.33,3422.24
COST_00313,WO_00313,APU_017,826.4,1027.08,4395.9,5222.3
COST_00314,WO_00314,APU_022,485.93,1073.07,4560.55,5046.48
COST_00315,WO_00315,APU_021,522.57,411.67,2293.0,2815.57
COST_00316,WO_00316,APU_009,435.5,330.54,908.99,1344.49
COST_00317,WO_00317,APU_019,633.82,938.48,3716.38,4350.2
COST_00318,WO_00318,APU_029,377.69,672.6,1540.25,1917.94
COST_00319,WO_00319,APU_045,346.82,1548.91,5033.96,5380.78
COST_00320,WO_00320,APU_004,330.29,310.26,784.96,1115.25
COST_00321,WO_00321,APU_006,793.68,518.78,1488.9,2282.58
COST_00322,WO_00322,APU_015,496.89,1252.81,4723.09,5219.98
COST_00323,WO_00323,APU_036,518.72,698.23,1207.94,1726.66
COST_00324,WO_00324,APU_015,814.86,1583.6,13603.12,14417.98
COST_00325,WO_00325,APU_025,244.82,1445.3,2254.67,2499.49
COST_00326,WO_00326,APU_005,389.59,1021.41,1419.76,1809.35
COST_00327,WO_00327,APU_017,916.12,1785.64,9178.19,10094.31
COST_00328,WO_00328,APU_012,1003.65,386.99,1625.36,2629.01
COST_00329,WO_00329,APU_033,545.77,1566.38,5999.24,6545.01
COST_00330,WO_00330,APU_040,723.42,1739.73,6680.56,7403.98
COST_00331,WO_00331,APU_004,392.95,564.13,1523.15,1916.1
COST_00332,WO_00332,APU_016,254.31,1282.88,2129.58,2383.89
COST_00333,WO_00333,APU_042,809.62,1582.7,4479.04,5288.66
COST_00334,WO_00334,APU_014,634.97,378.01,706.88,1341.85
COST_00335,WO_00335,APU_034,1009.7,709.99,3301.45,4311.15
COST_00336,WO_00336,APU_013,568.37,1449.27,3637.67,4206.04
COST_00337,WO_00337,APU_033,638.76,1053.56,1822.66,2461.42
COST_00338,WO_00338,APU_012,411.55,728.71,1661.46,2073.01
COST_00339,WO_00339,APU_031,372.31,1211.65,4131.73,4504.04
COST_00340,WO_00340,APU_049,879.5,1720.02,3422.84,4302.34
COST_00341,WO_00341,APU_039,663.47,1307.53,2262.03,2925.5
COST_00342,WO_00342,APU_025,386.2,1482.57,4610.79,4996.99
COST_00343,WO_00343,APU_013,298.32,1284.29,3994.14,4292.46
COST_00344,WO_00344,APU_026,391.56,1739.83,3584.05,3975.61
COST_00345,WO_00345,APU_003,346.78,693.56,1456.48,1803.26
COST_00346,WO_00346,APU_033,515.75,1734.48,5359.54,5875.29
COST_00347,WO_00347,APU_016,576.43,1676.11,2061.62,2638.05
COST_00348,WO_00348,APU_039,639.87,933.62,1167.03,1806.9
COST_00349,WO_00349,APU_008,824.96,1056.44,1933.29,2758.25
COST_00350,WO_00350,APU_028,719.68,1219.09,2950.2,3669.88
COST_00351,WO_00351,APU_047,989.04,1328.33,4290.51,5279.55
COST_00352,WO_00352,APU_018,708.28,995.69,6093.62,6801.9
COST_00353,WO_00353,APU_001,433.39,355.12,1548.32,1981.71
COST_00354,WO_00354,APU_012,327.54,1374.55,3422.63,3750.17
COST_00355,WO_00355,APU_037,675.04,1652.44,4445.06,5120.1
COST_00356,WO_00356,APU_027,903.76,1158.18,1818.34,2722.1
COST_00357,WO_00357,APU_005,188.53,577.06,1552.29,1740.82
COST_00358,WO_00358,APU_004,153.89,526.4,1221.25,1375.14
COST_00359,WO_00359,APU_039,450.83,617.89,2008.14,2458.97
COST_00360,WO_00360,APU_024,972.92,545.26,937.85,1910.77
COST_00361,WO_00361,APU_040,541.67,1098.39,3976.17,4517.84
COST_00362,WO_00362,APU_002,1064.92,1281.7,8100.34,9165.26
COST_00363,WO_00363,APU_029,442.48,940.3,2407.17,2849.65
COST_00364,WO_00364,APU_041,927.49,889.95,3016.93,3944.42
COST_00365,WO_00365,APU_048,325.96,1417.0,5625.49,5951.45
COST_00366,WO_00366,APU_047,201.21,982.62,2142.11,2343.32
COST_00367,WO_00367,APU_032,416.69,1028.44,3157.31,3574.0
COST_00368,WO_00368,APU_029,549.94,737.45,2020.61,2570.55
COST_00369,WO_00369,APU_028,394.54,1247.07,3579.09,3973.63
COST_00370,WO_00370,APU_015,640.61,1209.36,2152.66,2793.27
COST_00371,WO_00371,APU_006,578.7,1709.29,4717.64,5296.34
COST_00372,WO_00372,APU_025,1123.14,693.21,2474.76,3597.9
COST_00373,WO_00373,APU_006,1208.31,947.02,5720.0,6928.31
COST_00374,WO_00374,APU_009,1136.8,1029.8,4747.38,5884.18
COST_00375,WO_00375,APU_025,1093.99,749.46,6655.2,7749.19
COST_00376,WO_00376,APU_007,623.78,937.45,1668.66,2292.44
COST_00377,WO_00377,APU_032,559.14,469.59,2061.5,2620.64
COST_00378,WO_00378,APU_020,551.86,1367.96,4117.56,4669.42
COST_00379,WO_00379,APU_032,1538.51,1109.41,10051.25,11589.76
COST_00380,WO_00380,APU_045,630.02,997.34,1735.37,2365.39
COST_00381,WO_00381,APU_002,575.83,1611.91,2756.37,3332.2
COST_00382,WO_00382,APU_026,478.39,1632.29,3182.97,3661.36
COST_00383,WO_00383,APU_009,902.43,1665.24,1415.45,2317.88
COST_00384,WO_00384,APU_045,256.91,1170.3,2387.41,2644.32
COST_00385,WO_00385,APU_024,639.98,587.98,1052.48,1692.46
COST_00386,WO_00386,APU_007,393.41,476.47,1405.59,1799.0
COST_00387,WO_00387,APU_010,373.26,1147.92,3765.18,4138.44
COST_00388,WO_00388,APU_045,779.21,1349.2,10294.4,11073.61
COST_00389,WO_00389,APU_042,560.21,675.87,3095.48,3655.69
COST_00390,WO_00390,APU_032,748.73,341.91,676.98,1425.71
COST_00391,WO_00391,APU_045,932.51,325.62,540.53,1473.04
COST_00392,WO_00392,APU_037,978.44,657.71,2341.45,3319.89
COST_00393,WO_00393,APU_045,331.34,1124.46,1484.29,1815.63
COST_00394,WO_00394,APU_043,807.59,866.98,6450.33,7257.92
COST_00395,WO_00395,APU_008,760.51,568.1,2954.12,3714.63
COST_00396,WO_00396,APU_006,338.27,493.47,1036.29,1374.56
COST_00397,WO_00397,APU_016,778.97,1472.79,1561.16,2340.13
COST_00398,WO_00398,APU_037,935.57,1289.68,7376.97,8312.54
COST_00399,WO_00399,APU_016,257.13,1675.36,4272.17,4529.3
COST_00400,WO_00400,APU_038,1066.77,1505.13,8082.55,9149.32
COST_00401,WO_00401,APU_025,281.49,1686.02,1905.2,2186.69
COST_00402,WO_00402,APU_035,346.77,1265.41,2467.55,2814.32
COST_00403,WO_00403,APU_037,502.7,1292.17,3527.62,4030.32
COST_00404,WO_00404,APU_002,434.55,1032.61,2880.98,3315.53
COST_00405,WO_00405,APU_022,357.96,1478.5,3134.42,3492.38
COST_00406,WO_00406,APU_018,920.11,1735.08,6645.36,7565.47
COST_00407,WO_00407,APU_012,107.37,712.6,1076.03,1183.4
COST_00408,WO_00408,APU_039,775.16,1057.13,2653.4,3428.56
COST_00409,WO_00409,APU_048,1041.26,710.79,2061.29,3102.55
COST_00410,WO_00410,APU_010,646.87,983.97,3552.13,4199.0
COST_00411,WO_00411,APU_044,728.77,763.05,3067.46,3796.23
COST_00412,WO_00412,APU_018,378.83,317.68,463.81,842.64
COST_00413,WO_00413,APU_050,147.51,1575.34,1843.15,1990.66
COST_00414,WO_00414,APU_037,525.74,1020.57,5602.93,6128.67
COST_00415,WO_00415,APU_044,223.75,1619.93,5280.97,5504.72
COST_00416,WO_00416,APU_001,399.75,633.82,1140.88,1540.63
COST_00417,WO_00417,APU_048,583.45,1587.82,10130.29,10713.74
COST_00418,WO_00418,APU_005,253.95,1658.51,4809.68,5063.63
COST_00419,WO_00419,APU_011,1030.74,1095.82,5698.26,6729.0
COST_00420,WO_00420,APU_020,340.55,1577.59,4448.8,4789.35
COST_00421,WO_00421,APU_020,856.54,1365.33,11523.39,12379.93
COST_00422,WO_00422,APU_023,541.48,1033.96,7382.47,7923.95
COST_00423,WO_00423,APU_026,209.9,1696.65,4021.06,4230.96
COST_00424,WO_00424,APU_008,924.96,1165.92,5409.87,6334.83
COST_00425,WO_00425,APU_024,577.93,587.11,2277.99,2855.92
COST_00426,WO_00426,APU_029,700.97,1145.6,6610.11,7311.08
COST_00427,WO_00427,APU_046,375.27,667.92,1068.67,1443.94
COST_00428,WO_00428,APU_003,705.97,1183.58,4686.98,5392.95
COST_00429,WO_00429,APU_032,983.6,1161.9,5658.45,6642.05
COST_00430,WO_00430,APU_009,653.64,655.8,675.47,1329.11
COST_00431,WO_00431,APU_004,548.12,481.5,683.73,1231.85
COST_00432,WO_00432,APU_019,807.27,1162.01,1034.19,1841.46
COST_00433,WO_00433,APU_016,741.41,1119.71,2620.12,3361.53
COST_00434,WO_00434,APU_031,862.68,1676.92,6757.99,7620.67
COST_00435,WO_00435,APU_008,1079.33,1235.88,7674.81,8754.14
COST_00436,WO_00436,APU_002,493.84,1558.89,4411.66,4905.5
COST_00437,WO_00437,APU_015,804.8,468.51,3120.28,3925.08
COST_00438,WO_00438,APU_008,292.89,1192.96,1515.06,1807.95
COST_00439,WO_00439,APU_004,388.85,1792.38,1917.85,2306.7
COST_00440,WO_00440,APU_031,959.34,1740.99,4596.21,5555.55
COST_00441,WO_00441,APU_020,528.82,1278.3,4295.09,4823.91
COST_00442,WO_00442,APU_024,831.81,1205.77,3219.41,4051.22
COST_00443,WO_00443,APU_038,868.6,410.87,357.46,1226.06
COST_00444,WO_00444,APU_038,311.57,1535.56,3977.1,4288.67
COST_00445,WO_00445,APU_020,382.03,1121.76,1491.94,1873.97
COST_00446,WO_00446,APU_027,1012.22,1581.03,6213.45,7225.67
COST_00447,WO_00447,APU_028,516.31,599.56,1996.53,2512.84
COST_00448,WO_00448,APU_039,161.6,1693.92,2744.15,2905.75
COST_00449,WO_00449,APU_032,471.33,1017.65,2086.18,2557.51
COST_00450,WO_00450,APU_026,327.37,745.26,1132.8,1460.17
COST_00451,WO_00451,APU_033,352.69,841.28,2212.57,2565.26
COST_00452,WO_00452,APU_036,387.66,1638.15,7535.49,7923.15
COST_00453,WO_00453,APU_018,460.79,1129.31,1784.31,2245.1
COST_00454,WO_00454,APU_001,442.32,915.68,3287.29,3729.61
COST_00455,WO_00455,APU_027,208.98,670.16,1360.42,1569.4
COST_00456,WO_00456,APU_015,634.99,1123.62,1977.57,2612.56
COST_00457,WO_00457,APU_042,390.32,747.08,1912.52,2302.84
COST_00458,WO_00458,APU_029,120.4,352.8,543.31,663.71
COST_00459,WO_00459,APU_030,342.71,677.19,1354.38,1697.09
COST_00460,WO_00460,APU_002,323.15,1396.63,1969.25,2292.4
COST_00461,WO_00461,APU_010,957.77,700.95,5614.61,6572.38
COST_00462,WO_00462,APU_047,645.27,898.64,2489.23,3134.5
COST_00463,WO_00463,APU_001,940.95,625.99,1158.08,2099.03
COST_00464,WO_00464,APU_001,781.2,397.6,1216.66,1997.86
COST_00465,WO_00465,APU_049,1022.14,1686.92,4318.52,5340.66
COST_00466,WO_00466,APU_035,476.64,388.3,935.8,1412.44
COST_00467,WO_00467,APU_033,628.76,1420.36,5411.57,6040.33
COST_00468,WO_00468,APU_025,459.77,497.17,2048.34,2508.11
COST_00469,WO_00469,APU_032,456.7,1064.74,2161.42,2618.12
COST_00470,WO_00470,APU_040,536.03,1256.94,2488.74,3024.77
COST_00471,WO_00471,APU_012,729.75,1437.35,3363.4,4093.15
COST_00472,WO_00472,APU_040,272.46,1115.06,858.6,1131.06
COST_00473,WO_00473,APU_017,991.51,378.94,447.15,1438.66
COST_00474,WO_00474,APU_010,666.8,985.1,5674.18,6340.98
COST_00475,WO_00475,APU_010,552.5,1305.28,8771.48,9323.98
COST_00476,WO_00476,APU_028,784.85,562.07,1332.11,2116.96
COST_00477,WO_00477,APU_027,956.46,1676.51,6253.38,7209.84
COST_00478,WO_00478,APU_006,949.23,393.11,1269.75,2218.98
COST_00479,WO_00479,APU_016,1412.58,1752.05,25895.3,27307.88
COST_00480,WO_00480,APU_008,1044.24,1228.3,6178.35,7222.59
COST_00481,WO_00481,APU_030,981.69,808.56,2045.66,3027.35
COST_00482,WO_00482,APU_045,580.12,1498.29,2412.25,2992.37
COST_00483,WO_00483,APU_004,362.38,1469.21,1645.52,2007.9
COST_00484,WO_00484,APU_010,342.82,1035.2,3147.01,3489.83
COST_00485,WO_00485,APU_049,550.31,328.12,587.33,1137.64
COST_00486,WO_00486,APU_027,445.36,831.0,1030.44,1475.8
COST_00487,WO_00487,APU_010,967.54,1655.96,3146.32,4113.86
COST_00488,WO_00488,APU_036,391.24,449.7,674.55,1065.79
COST_00489,WO_00489,APU_006,1062.94,643.65,4428.31,5491.25
COST_00490,WO_00490,APU_026,1092.09,1109.77,4894.09,5986.18
COST_00491,WO_00491,APU_011,390.28,520.12,1409.53,1799.81
COST_00492,WO_00492,APU_039,1130.44,1119.22,6860.82,7991.26
COST_00493,WO_00493,APU_014,286.84,633.94,1800.39,2087.23
COST_00494,WO_00494,APU_018,637.09,710.85,1201.34,1838.43
COST_00495,WO_00495,APU_006,1254.44,899.42,5648.36,6902.8
COST_00496,WO_00496,APU_049,914.32,797.47,2918.74,3833.06
COST_00497,WO_00497,APU_033,563.87,1478.41,2276.75,2840.62
COST_00498,WO_00498,APU_011,239.6,1424.7,3490.52,3730.12
COST_00499,WO_00499,APU_044,201.05,812.81,1365.52,1566.57
COST_00500,WO_00500,APU_009,248.15,1333.94,1694.1,1942.25
COST_00501,WO_00501,APU_016,388.39,1462.08,6608.6,6996.99
COST_00502,WO_00502,APU_010,546.16,844.31,6560.29,7106.45
COST_00503,WO_00503,APU_011,559.99,918.15,1156.87,1716.86
COST_00504,WO_00504,APU_031,348.78,376.57,1393.31,1742.09
COST_00505,WO_00505,APU_024,272.16,1672.49,3177.73,3449.89
COST_00506,WO_00506,APU_024,434.99,1264.9,2630.99,3065.98
COST_00507,WO_00507,APU_044,784.58,1754.51,3438.84,4223.42
COST_00508,WO_00508,APU_019,487.94,1440.48,2434.41,2922.35
COST_00509,WO_00509,APU_023,571.54,559.6,1561.28,2132.82
COST_00510,WO_00510,APU_050,360.95,1373.58,2362.56,2723.51
COST_00511,WO_00511,APU_045,1037.17,1536.68,4840.54,5877.71
COST_00512,WO_00512,APU_010,721.26,438.7,1158.17,1879.43
COST_00513,WO_00513,APU_024,396.3,361.48,860.32,1256.62
COST_00514,WO_00514,APU_018,769.97,906.21,1495.25,2265.22
COST_00515,WO_00515,APU_046,956.98,524.47,1038.45,1995.43
COST_00516,WO_00516,APU_006,927.35,1566.13,6452.46,7379.81
COST_00517,WO_00517,APU_031,560.51,434.98,1557.23,2117.74
COST_00518,WO_00518,APU_036,242.78,864.49,1374.54,1617.32
COST_00519,WO_00519,APU_043,964.52,1646.81,4726.34,5690.86
COST_00520,WO_00520,APU_021,936.37,1673.49,6878.04,7814.41
COST_00521,WO_00521,APU_041,593.24,333.83,363.87,957.11
COST_00522,WO_00522,APU_039,447.12,1364.31,5007.02,5454.14
COST_00523,WO_00523,APU_024,458.23,1025.81,1938.78,2397.01
COST_00524,WO_00524,APU_027,564.94,642.62,2390.55,2955.49
COST_00525,WO_00525,APU_012,573.66,1596.27,2857.32,3430.98
COST_00526,WO_00526,APU_019,813.66,1161.39,1173.0,1986.66
COST_00527,WO_00527,APU_007,205.38,1347.37,1495.58,1700.96
COST_00528,WO_00528,APU_033,754.17,636.73,1776.48,2530.65
COST_00529,WO_00529,APU_008,898.99,557.43,1750.33,2649.32
COST_00530,WO_00530,APU_042,388.16,592.75,978.04,1366.2
COST_00531,WO_00531,APU_043,476.86,999.0,3856.14,4333.0
COST_00532,WO_00532,APU_001,283.14,997.4,1087.17,1370.31
COST_00533,WO_00533,APU_011,701.17,486.73,1275.23,1976.4
COST_00534,WO_00534,APU_037,316.58,1426.58,1997.21,2313.79
COST_00535,WO_00535,APU_028,657.58,718.18,1364.54,2022.12
COST_00536,WO_00536,APU_036,366.85,786.75,2195.03,2561.88
COST_00537,WO_00537,APU_002,242.76,1470.21,2484.65,2727.41
COST_00538,WO_00538,APU_012,527.21,1571.37,3457.01,3984.22
COST_00539,WO_00539,APU_043,880.3,1185.48,5607.32,6487.62
COST_00540,WO_00540,APU_030,458.66,1625.08,3217.66,3676.32
COST_00541,WO_00541,APU_005,492.93,378.94,1629.44,2122.37
COST_00542,WO_00542,APU_005,203.35,1764.89,2576.74,2780.09
COST_00543,WO_00543,APU_011,455.97,1035.64,3769.73,4225.7
COST_00544,WO_00544,APU_022,570.5,1694.34,10182.98,10753.48
COST_00545,WO_00545,APU_039,528.03,355.07,248.55,776.58
COST_00546,WO_00546,APU_014,255.48,1199.7,2099.47,2354.95
COST_00547,WO_00547,APU_018,1010.03,895.24,3339.25,4349.28
COST_00548,WO_00548,APU_048,889.6,770.82,1873.09,2762.69
COST_00549,WO_00549,APU_012,627.31,1262.95,4205.62,4832.93
COST_00550,WO_00550,APU_014,575.03,389.68,759.88,1334.91
COST_00551,WO_00551,APU_040,982.09,1553.88,4428.56,5410.65
COST_00552,WO_00552,APU_011,330.45,1795.74,4489.35,4819.8
COST_00553,WO_00553,APU_002,992.48,1381.38,7141.73,8134.21
COST_00554,WO_00554,APU_014,390.66,1794.7,5617.41,6008.07
COST_00555,WO_00555,APU_045,1033.01,528.57,1728.42,2761.43
COST_00556,WO_00556,APU_025,693.99,1229.85,2668.77,3362.76
COST_00557,WO_00557,APU_044,900.24,873.16,1816.17,2716.41
COST_00558,WO_00558,APU_032,403.45,330.44,707.14,1110.59
COST_00559,WO_00559,APU_016,705.36,1493.62,5048.44,5753.8
COST_00560,WO_00560,APU_019,345.31,912.8,1971.65,2316.96
COST_00561,WO_00561,APU_042,1026.19,1715.59,5472.73,6498.92
COST_00562,WO_00562,APU_021,520.35,369.5,3144.44,3664.79
COST_00563,WO_00563,APU_026,525.0,897.98,3942.13,4467.13
COST_00564,WO_00564,APU_040,883.49,1153.08,2617.49,3500.98
COST_00565,WO_00565,APU_045,765.53,1308.5,6882.71,7648.24
COST_00566,WO_00566,APU_045,477.7,1078.09,2339.46,2817.16
COST_00567,WO_00567,APU_022,628.74,1165.59,1037.38,1666.12
COST_00568,WO_00568,APU_009,569.04,524.17,817.71,1386.75
COST_00569,WO_00569,APU_043,387.21,1742.09,1689.83,2077.04
COST_00570,WO_00570,APU_050,914.2,300.58,673.3,1587.5
COST_00571,WO_00571,APU_005,951.29,473.46,1302.01,2253.3
COST_00572,WO_00572,APU_032,946.12,1544.66,10550.03,11496.15
COST_00573,WO_00573,APU_046,711.58,429.7,1396.52,2108.1
COST_00574,WO_00574,APU_029,560.95,611.55,1473.84,2034.79
COST_00575,WO_00575,APU_011,859.91,433.7,1860.57,2720.48
COST_00576,WO_00576,APU_002,318.08,352.11,285.21,603.29
COST_00577,WO_00577,APU_017,1074.18,1343.66,4151.91,5226.09
COST_00578,WO_00578,APU_004,716.41,1238.72,5140.69,5857.1
COST_00579,WO_00579,APU_019,855.24,1149.46,1390.85,2246.09
COST_00580,WO_00580,APU_007,661.2,1538.73,7847.52,8508.72
COST_00581,WO_00581,APU_037,798.78,1176.8,3848.14,4646.92
COST_00582,WO_00582,APU_026,428.3,754.65,1630.04,2058.34
COST_00583,WO_00583,APU_041,497.52,396.08,1524.91,2022.43
COST_00584,WO_00584,APU_045,870.97,1776.27,16839.04,17710.01
COST_00585,WO_00585,APU_010,897.37,937.9,2813.7,3711.07
COST_00586,WO_00586,APU_011,421.23,1035.46,3230.64,3651.87
COST_00587,WO_00587,APU_031,628.28,1542.48,3254.63,3882.91
COST_00588,WO_00588,APU_049,628.57,1450.12,2465.2,3093.77
COST_00589,WO_00589,APU_048,520.32,762.24,3270.01,3790.33
COST_00590,WO_00590,APU_046,374.53,906.96,1541.83,1916.36
COST_00591,WO_00591,APU_027,362.17,1741.54,4928.56,5290.73
COST_00592,WO_00592,APU_014,1068.73,1535.6,3209.4,4278.13
COST_00593,WO_00593,APU_041,200.28,422.95,1497.24,1697.52
COST_00594,WO_00594,APU_026,701.69,1781.18,5824.46,6526.15
COST_00595,WO_00595,APU_028,696.38,1465.66,7049.82,7746.2
COST_00596,WO_00596,APU_030,236.91,851.62,1745.82,1982.73
COST_00597,WO_00597,APU_019,299.11,709.8,1660.93,1960.04
COST_00598,WO_00598,APU_032,145.11,1344.22,2137.31,2282.42
COST_00599,WO_00599,APU_009,357.22,1266.3,2697.22,3054.44
COST_00600,WO_00600,APU_046,654.38,728.05,2438.97,3093.35
COST_00601,WO_00601,APU_003,802.97,728.29,3000.55,3803.52
COST_00602,WO_00602,APU_007,749.78,390.18,639.9,1389.68
COST_00603,WO_00603,APU_044,463.61,553.52,2429.95,2893.56
COST_00604,WO_00604,APU_006,353.67,779.32,4465.5,4819.17
COST_00605,WO_00605,APU_009,663.92,472.66,1611.77,2275.69
COST_00606,WO_00606,APU_023,1527.03,503.16,3839.11,5366.14
COST_00607,WO_00607,APU_006,160.82,869.05,1546.91,1707.73
COST_00608,WO_00608,APU_040,137.62,1307.28,1790.97,1928.59
COST_00609,WO_00609,APU_030,305.1,467.14,476.48,781.58
COST_00610,WO_00610,APU_022,766.97,1256.7,7778.97,8545.94
COST_00611,WO_00611,APU_048,950.46,1741.04,6790.06,7740.52
COST_00612,WO_00612,APU_015,276.55,526.71,1390.51,1667.06
COST_00613,WO_00613,APU_040,675.45,1771.26,5614.89,6290.34
COST_00614,WO_00614,APU_016,428.22,729.69,1065.35,1493.57
COST_00615,WO_00615,APU_008,1001.77,1710.08,17836.13,18837.9
COST_00616,WO_00616,APU_043,961.09,1453.14,4243.17,5204.26
COST_00617,WO_00617,APU_011,775.72,756.82,2187.21,2962.93
COST_00618,WO_00618,APU_024,535.67,1097.11,4443.3,4978.97
COST_00619,WO_00619,APU_028,788.85,437.98,1550.45,2339.3
COST_00620,WO_00620,APU_003,292.25,1108.04,3401.68,3693.93
COST_00621,WO_00621,APU_047,463.78,1050.5,1848.88,2312.66
COST_00622,WO_00622,APU_046,988.13,1704.0,5998.08,6986.21
COST_00623,WO_00623,APU_030,976.82,386.83,2959.25,3936.07
COST_00624,WO_00624,APU_042,916.75,1665.82,9495.17,10411.92
COST_00625,WO_00625,APU_045,905.34,1410.31,9209.32,10114.66
COST_00626,WO_00626,APU_007,766.0,787.32,1614.01,2380.01
COST_00627,WO_00627,APU_007,905.12,951.44,1503.28,2408.4
COST_00628,WO_00628,APU_003,373.23,790.66,2008.28,2381.51
COST_00629,WO_00629,APU_021,315.78,308.6,864.08,1179.86
COST_00630,WO_00630,APU_017,502.99,1513.16,7505.27,8008.26
COST_00631,WO_00631,APU_006,533.96,454.66,486.49,1020.45
COST_00632,WO_00632,APU_050,1178.24,999.82,6298.87,7477.11
COST_00633,WO_00633,APU_014,1014.07,1298.7,3233.76,4247.83
COST_00634,WO_00634,APU_029,681.02,1380.15,2967.32,3648.34
COST_00635,WO_00635,APU_008,799.16,1299.12,2026.63,2825.79
COST_00636,WO_00636,APU_017,274.26,1213.24,1322.43,1596.69
COST_00637,WO_00637,APU_035,932.32,721.81,3082.13,4014.45
COST_00638,WO_00638,APU_017,306.06,1273.43,3603.81,3909.87
COST_00639,WO_00639,APU_009,811.95,918.67,1231.02,2042.97
COST_00640,WO_00640,APU_005,1008.87,847.59,1127.29,2136.16
COST_00641,WO_00641,APU_003,829.74,794.34,1795.21,2624.95
COST_00642,WO_00642,APU_002,905.86,1511.07,10290.39,11196.25
COST_00643,WO_00643,APU_004,306.27,631.56,1490.48,1796.75
COST_00644,WO_00644,APU_029,311.58,1634.26,1944.77,2256.35
COST_00645,WO_00645,APU_015,617.52,967.38,2292.69,2910.21
COST_00646,WO_00646,APU_047,782.46,1707.24,3994.94,4777.4
COST_00647,WO_00647,APU_021,623.05,1527.8,947.24,1570.29
COST_00648,WO_00648,APU_005,792.36,1357.56,3583.96,4376.32
COST_00649,WO_00649,APU_046,468.19,1762.9,4213.33,4681.52
COST_00650,WO_00650,APU_045,500.28,1714.96,6842.69,7342.97
COST_00651,WO_00651,APU_006,930.54,1672.15,12574.57,13505.11
COST_00652,WO_00652,APU_024,888.43,1731.16,8742.36,9630.79
COST_00653,WO_00653,APU_002,967.65,1648.64,3857.82,4825.47
COST_00654,WO_00654,APU_018,177.43,1750.24,2590.36,2767.79
COST_00655,WO_00655,APU_015,885.12,472.71,5289.62,6174.74
COST_00656,WO_00656,APU_035,730.55,1510.68,4245.01,4975.56
COST_00657,WO_00657,APU_049,957.08,472.8,1295.47,2252.55
COST_00658,WO_00658,APU_047,406.1,1699.08,4553.53,4959.63
COST_00659,WO_00659,APU_028,300.27,1115.95,3381.33,3681.6
COST_00660,WO_00660,APU_001,567.94,801.51,2011.79,2579.73
COST_00661,WO_00661,APU_037,453.72,482.1,954.56,1408.28
COST_00662,WO_00662,APU_020,330.53,1682.16,3381.14,3711.67
COST_00663,WO_00663,APU_001,695.27,804.35,2147.61,2842.88
COST_00664,WO_00664,APU_004,263.37,524.01,1058.5,1321.87
COST_00665,WO_00665,APU_012,460.14,1554.73,2860.7,3320.84
COST_00666,WO_00666,APU_040,905.02,806.0,2321.28,3226.3
COST_00667,WO_00667,APU_003,623.79,365.92,863.57,1487.36
COST_00668,WO_00668,APU_044,908.82,578.68,3599.39,4508.21
COST_00669,WO_00669,APU_008,194.83,1390.18,875.81,1070.64
COST_00670,WO_00670,APU_042,226.67,909.13,4500.19,4726.86
COST_00671,WO_00671,APU_027,1100.28,518.89,2796.82,3897.1
COST_00672,WO_00672,APU_024,108.05,520.33,452.69,560.74
COST_00673,WO_00673,APU_033,534.35,1684.87,3790.96,4325.31
COST_00674,WO_00674,APU_025,365.58,1296.81,2878.92,3244.5
COST_00675,WO_00675,APU_034,938.18,1147.8,1434.75,2372.93
COST_00676,WO_00676,APU_013,302.85,986.57,1746.23,2049.08
COST_00677,WO_00677,APU_030,683.22,929.2,1375.22,2058.44
COST_00678,WO_00678,APU_006,925.48,1297.69,9252.53,10178.01
COST_00679,WO_00679,APU_027,487.06,802.86,3653.01,4140.07
COST_00680,WO_00680,APU_019,469.93,577.43,3158.54,3628.47
COST_00681,WO_00681,APU_041,872.29,946.14,3822.41,4694.7
COST_00682,WO_00682,APU_017,794.37,1330.63,1942.72,2737.09
COST_00683,WO_00683,APU_045,848.44,666.49,1359.64,2208.08
COST_00684,WO_00684,APU_023,504.22,391.41,1393.42,1897.64
COST_00685,WO_00685,APU_047,302.05,1346.99,1872.32,2174.37
COST_00686,WO_00686,APU_019,1022.16,943.0,3790.86,4813.02
COST_00687,WO_00687,APU_001,783.18,812.91,1934.73,2717.91
COST_00688,WO_00688,APU_015,395.24,342.27,756.42,1151.66
COST_00689,WO_00689,APU_021,588.55,572.0,2299.44,2887.99
COST_00690,WO_00690,APU_034,862.13,1121.29,3890.88,4753.01
COST_00691,WO_00691,APU_032,876.76,626.29,1396.63,2273.39
COST_00692,WO_00692,APU_043,291.86,1681.17,8641.21,8933.07
COST_00693,WO_00693,APU_039,218.8,1339.6,2009.4,2228.2
COST_00694,WO_00694,APU_019,783.85,616.04,2347.11,3130.96
COST_00695,WO_00695,APU_046,674.82,731.0,2755.87,3430.69
COST_00696,WO_00696,APU_018,715.35,760.75,1742.12,2457.47
COST_00697,WO_00697,APU_021,835.77,1743.76,5667.22,6502.99
COST_00698,WO_00698,APU_003,366.18,868.74,1190.17,1556.35
COST_00699,WO_00699,APU_016,434.62,425.58,1923.62,2358.24
COST_00700,WO_00700,APU_012,844.57,452.79,1113.86,1958.43
COST_00701,WO_00701,APU_001,960.76,1435.88,2929.2,3889.96
COST_00702,WO_00702,APU_027,711.84,1023.66,4954.51,5666.35
COST_00703,WO_00703,APU_034,514.23,1218.38,2254.0,2768.23
COST_00704,WO_00704,APU_041,342.91,1116.86,1396.07,1738.98
COST_00705,WO_00705,APU_029,346.13,420.12,483.14,829.27
COST_00706,WO_00706,APU_023,823.85,1030.27,3904.72,4728.57
COST_00707,WO_00707,APU_044,648.9,1585.01,2123.91,2772.81
COST_00708,WO_00708,APU_036,1240.13,1053.96,7525.27,8765.4
COST_00709,WO_00709,APU_026,289.14,393.08,338.05,627.19
COST_00710,WO_00710,APU_029,1193.58,1784.18,12328.68,13522.26
COST_00711,WO_00711,APU_009,1027.73,1476.45,4503.17,5530.9
COST_00712,WO_00712,APU_050,1056.58,759.37,1959.17,3015.75
COST_00713,WO_00713,APU_035,363.46,1417.79,2849.76,3213.22
COST_00714,WO_00714,APU_014,423.98,847.74,2873.84,3297.82
COST_00715,WO_00715,APU_032,833.73,1059.89,2819.31,3653.04
COST_00716,WO_00716,APU_018,881.77,513.33,2561.52,3443.29
COST_00717,WO_00717,APU_005,781.21,1240.34,3584.58,4365.79
COST_00718,WO_00718,APU_048,770.48,389.99,1150.47,1920.95
COST_00719,WO_00719,APU_033,692.66,958.86,2138.26,2830.92
COST_00720,WO_00720,APU_025,806.8,1165.5,3065.26,3872.06
COST_00721,WO_00721,APU_019,343.86,1650.08,5313.26,5657.12
COST_00722,WO_00722,APU_049,345.46,1245.15,1319.86,1665.32
COST_00723,WO_00723,APU_029,935.26,893.01,1151.98,2087.24
COST_00724,WO_00724,APU_007,676.65,322.98,1320.99,1997.64
COST_00725,WO_00725,APU_010,426.01,712.11,2129.21,2555.22
COST_00726,WO_00726,APU_048,706.3,538.44,1324.56,2030.86
COST_00727,WO_00727,APU_018,300.94,1239.6,3408.9,3709.84
COST_00728,WO_00728,APU_030,506.42,755.08,2484.21,2990.63
COST_00729,WO_00729,APU_028,270.94,694.01,1401.9,1672.84
COST_00730,WO_00730,APU_013,683.5,1269.68,2247.33,2930.83
COST_00731,WO_00731,APU_048,162.53,530.16,1606.38,1768.91
COST_00732,WO_00732,APU_034,255.46,1602.77,2548.4,2803.86
COST_00733,WO_00733,APU_034,748.55,850.54,2891.84,3640.39
COST_00734,WO_00734,APU_034,475.15,915.02,979.07,1454.22
COST_00735,WO_00735,APU_001,940.74,1146.85,5493.41,6434.15
COST_00736,WO_00736,APU_004,594.01,1692.91,5975.97,6569.98
COST_00737,WO_00737,APU_041,531.38,1769.11,5537.31,6068.69
COST_00738,WO_00738,APU_024,860.97,1002.77,4682.94,5543.91
COST_00739,WO_00739,APU_038,708.03,1615.82,10971.42,11679.45
COST_00740,WO_00740,APU_034,782.83,1673.34,7948.36,8731.19
COST_00741,WO_00741,APU_014,242.79,1590.53,1574.62,1817.41
COST_00742,WO_00742,APU_011,128.01,1695.25,2271.64,2399.65
COST_00743,WO_00743,APU_028,839.01,751.79,1450.95,2289.96
COST_00744,WO_00744,APU_025,398.48,447.31,1234.58,1633.06
COST_00745,WO_00745,APU_039,903.88,1676.55,6052.35,6956.23
COST_00746,WO_00746,APU_036,860.11,965.77,1757.7,2617.81
COST_00747,WO_00747,APU_012,878.98,723.24,2176.95,3055.93
COST_00748,WO_00748,APU_040,701.28,1637.22,2930.62,3631.9
COST_00749,WO_00749,APU_029,234.84,1353.81,2626.39,2861.23
COST_00750,WO_00750,APU_017,844.46,1578.77,1973.46,2817.92
COST_00751,WO_00751,APU_003,368.85,732.67,1201.58,1570.43
COST_00752,WO_00752,APU_039,949.55,401.83,518.36,1467.91
COST_00753,WO_00753,APU_024,324.06,1512.79,2405.34,2729.4
COST_00754,WO_00754,APU_004,1046.62,1686.78,8180.88,9227.5
COST_00755,WO_00755,APU_022,878.52,772.41,1243.58,2122.1
COST_00756,WO_00756,APU_043,729.74,1730.04,19999.26,20729.0
COST_00757,WO_00757,APU_006,219.54,756.05,2699.1,2918.64
COST_00758,WO_00758,APU_041,222.45,769.87,2317.31,2539.76
COST_00759,WO_00759,APU_037,233.34,403.11,685.29,918.63
COST_00760,WO_00760,APU_012,458.53,1279.88,5119.52,5578.05
COST_00761,WO_00761,APU_006,889.4,1603.14,3174.22,4063.62
COST_00762,WO_00762,APU_020,607.61,417.33,1214.43,1822.04
COST_00763,WO_00763,APU_015,1152.15,953.39,10592.16,11744.31
COST_00764,WO_00764,APU_045,647.13,1244.25,3210.16,3857.29
COST_00765,WO_00765,APU_041,793.21,1106.42,5653.81,6447.02
COST_00766,WO_00766,APU_045,575.5,1348.99,2495.63,3071.13
COST_00767,WO_00767,APU_033,729.46,1279.94,3417.44,4146.9
COST_00768,WO_00768,APU_031,585.15,1222.81,8804.23,9389.38
COST_00769,WO_00769,APU_045,740.5,1226.02,2366.22,3106.72
COST_00770,WO_00770,APU_012,477.29,1296.15,9552.63,10029.92
COST_00771,WO_00771,APU_040,920.82,500.05,2005.2,2926.02
COST_00772,WO_00772,APU_031,927.52,1376.39,2739.02,3666.54
COST_00773,WO_00773,APU_027,880.98,1471.57,5665.54,6546.52
COST_00774,WO_00774,APU_039,688.6,1672.34,7759.66,8448.26
COST_00775,WO_00775,APU_043,981.02,1479.56,5666.71,6647.73
COST_00776,WO_00776,APU_026,971.31,493.78,567.85,1539.16
COST_00777,WO_00777,APU_020,357.93,359.47,654.24,1012.17
COST_00778,WO_00778,APU_044,794.25,631.51,1496.68,2290.93
COST_00779,WO_00779,APU_045,933.88,1303.09,3401.06,4334.94
COST_00780,WO_00780,APU_009,309.9,1459.07,5573.65,5883.55
COST_00781,WO_00781,APU_035,474.52,1097.14,3291.42,3765.94
COST_00782,WO_00782,APU_039,497.85,684.34,889.64,1387.49
COST_00783,WO_00783,APU_005,500.21,607.0,2033.45,2533.66
COST_00784,WO_00784,APU_006,466.78,832.92,3165.1,3631.88
COST_00785,WO_00785,APU_003,845.28,312.12,1154.84,2000.12
COST_00786,WO_00786,APU_006,1208.17,708.13,3491.08,4699.25
COST_00787,WO_00787,APU_037,632.85,1681.91,7232.21,7865.06
COST_00788,WO_00788,APU_050,845.93,935.85,3275.47,4121.4
COST_00789,WO_00789,APU_050,1061.47,1454.32,3810.32,4871.79
COST_00790,WO_00790,APU_035,299.24,318.04,346.66,645.9
COST_00791,WO_00791,APU_033,402.22,1640.21,5642.32,6044.54
COST_00792,WO_00792,APU_030,682.94,1768.18,5392.95,6075.89
COST_00793,WO_00793,APU_035,421.78,376.13,1188.57,1610.35
COST_00794,WO_00794,APU_041,939.19,1714.51,2314.59,3253.78
COST_00795,WO_00795,APU_012,705.5,914.15,1371.22,2076.72
COST_00796,WO_00796,APU_023,1074.29,1375.47,6671.03,7745.32
COST_00797,WO_00797,APU_003,457.76,943.9,2510.77,2968.53
COST_00798,WO_00798,APU_028,356.05,330.47,1305.36,1661.41
COST_00799,WO_00799,APU_008,506.38,810.51,2237.01,2743.39
COST_00800,WO_00800,APU_024,352.34,1041.28,2873.93,3226.27
COST_00801,WO_00801,APU_033,1013.62,1510.09,6870.91,7884.53
COST_00802,WO_00802,APU_027,200.57,1017.75,2086.39,2286.96
COST_00803,WO_00803,APU_007,631.08,1376.24,3949.81,4580.89
COST_00804,WO_00804,APU_038,477.54,893.51,1885.31,2362.85
COST_00805,WO_00805,APU_021,354.91,1354.22,2898.03,3252.94
COST_00806,WO_00806,APU_044,438.58,1307.96,2995.23,3433.81
COST_00807,WO_00807,APU_036,388.62,1738.55,5337.35,5725.97
COST_00808,WO_00808,APU_049,121.65,1154.32,2412.53,2534.18
COST_00809,WO_00809,APU_037,930.0,1507.34,8169.78,9099.78
COST_00810,WO_00810,APU_025,167.29,1233.08,2046.91,2214.2
COST_00811,WO_00811,APU_014,718.72,1495.22,3663.29,4382.01
COST_00812,WO_00812,APU_023,442.93,1407.95,2998.93,3441.86
COST_00813,WO_00813,APU_043,453.45,1236.42,7443.25,7896.7
COST_00814,WO_00814,APU_029,365.91,452.31,1370.5,1736.41
COST_00815,WO_00815,APU_042,1144.14,1075.63,5152.27,6296.41
COST_00816,WO_00816,APU_013,634.36,1556.57,1867.88,2502.24
COST_00817,WO_00817,APU_002,499.14,1790.8,5641.02,6140.16
COST_00818,WO_00818,APU_002,1200.18,566.98,2511.72,3711.9
COST_00819,WO_00819,APU_024,903.66,490.21,1392.2,2295.86
COST_00820,WO_00820,APU_009,1120.68,1525.57,7444.78,8565.46
COST_00821,WO_00821,APU_016,494.74,1640.67,3363.37,3858.11
COST_00822,WO_00822,APU_016,608.81,1071.35,6320.97,6929.78
COST_00823,WO_00823,APU_025,1447.91,1434.32,13812.5,15260.41
COST_00824,WO_00824,APU_031,706.26,1526.5,3404.09,4110.35
COST_00825,WO_00825,APU_026,470.05,999.9,2129.79,2599.84
COST_00826,WO_00826,APU_049,1165.15,1661.97,10054.92,11220.07
COST_00827,WO_00827,APU_031,1016.79,800.33,5186.14,6202.93
COST_00828,WO_00828,APU_049,417.31,1048.9,2139.76,2557.07
COST_00829,WO_00829,APU_037,738.99,1441.45,3113.53,3852.52
COST_00830,WO_00830,APU_037,536.25,947.47,2207.61,2743.86
COST_00831,WO_00831,APU_046,257.95,313.66,407.76,665.71
COST_00832,WO_00832,APU_025,893.72,818.87,1342.95,2236.67
COST_00833,WO_00833,APU_017,312.86,423.9,661.28,974.14
COST_00834,WO_00834,APU_042,458.74,421.6,750.45,1209.19
COST_00835,WO_00835,APU_034,428.96,594.13,1586.33,2015.29
COST_00836,WO_00836,APU_015,508.69,621.54,1920.56,2429.25
COST_00837,WO_00837,APU_023,787.92,1172.75,7482.14,8270.06
COST_00838,WO_00838,APU_024,598.7,1709.9,2684.54,3283.24
COST_00839,WO_00839,APU_036,1040.99,1306.22,6100.05,7141.04
COST_00840,WO_00840,APU_048,934.69,399.69,967.25,1901.94
COST_00841,WO_00841,APU_036,963.17,775.68,2055.55,3018.72
COST_00842,WO_00842,APU_004,1019.82,480.22,1892.07,2911.89
COST_00843,WO_00843,APU_035,962.75,1055.47,1551.54,2514.29
COST_00844,WO_00844,APU_029,446.53,1010.48,3385.11,3831.64
COST_00845,WO_00845,APU_037,1078.06,1627.84,4850.96,5929.02
COST_00846,WO_00846,APU_001,897.8,1712.09,6095.04,6992.84
COST_00847,WO_00847,APU_042,645.0,667.85,2130.44,2775.44
COST_00848,WO_00848,APU_008,742.29,983.37,10315.55,11057.84
COST_00849,WO_00849,APU_011,297.47,906.37,1731.17,2028.64
COST_00850,WO_00850,APU_041,458.97,480.55,975.52,1434.49
COST_00851,WO_00851,APU_033,369.28,1421.02,2742.57,3111.85
COST_00852,WO_00852,APU_021,428.76,536.94,1073.88,1502.64
COST_00853,WO_00853,APU_034,625.36,1031.17,1969.53,2594.89
COST_00854,WO_00854,APU_010,1242.36,1094.82,5725.91,6968.27
COST_00855,WO_00855,APU_037,1177.13,1054.76,6265.27,7442.4
COST_00856,WO_00856,APU_042,554.79,680.3,1353.8,1908.59
COST_00857,WO_00857,APU_043,814.86,1526.24,2625.13,3439.99
COST_00858,WO_00858,APU_021,504.37,1740.61,6126.95,6631.32
COST_00859,WO_00859,APU_005,499.64,425.21,854.67,1354.31
COST_00860,WO_00860,APU_050,307.09,775.51,2985.71,3292.8
COST_00861,WO_00861,APU_007,937.42,1033.93,3143.15,4080.57
COST_00862,WO_00862,APU_031,286.33,1270.95,1499.72,1786.05
COST_00863,WO_00863,APU_038,642.72,568.31,3620.13,4262.85
COST_00864,WO_00864,APU_045,1153.97,1599.0,11672.7,12826.67
COST_00865,WO_00865,APU_050,476.41,953.42,1849.63,2326.04
COST_00866,WO_00866,APU_013,694.26,302.49,665.48,1359.74
COST_00867,WO_00867,APU_042,734.64,1059.9,3370.48,4105.12
COST_00868,WO_00868,APU_002,808.05,1641.41,5367.41,6175.46
COST_00869,WO_00869,APU_019,633.22,1622.85,6329.11,6962.33
COST_00870,WO_00870,APU_033,719.24,1532.99,12585.85,13305.09
COST_00871,WO_00871,APU_018,198.81,937.09,2314.61,2513.42
COST_00872,WO_00872,APU_034,781.9,1264.85,2213.49,2995.39
COST_00873,WO_00873,APU_001,803.27,687.79,873.49,1676.76
COST_00874,WO_00874,APU_042,698.85,1081.33,1968.02,2666.87
COST_00875,WO_00875,APU_050,722.83,1290.26,3444.99,4167.82
COST_00876,WO_00876,APU_035,753.94,1493.63,10888.56,11642.5
COST_00877,WO_00877,APU_020,646.43,1522.73,3106.37,3752.8
COST_00878,WO_00878,APU_009,654.98,369.06,1133.01,1787.99
COST_00879,WO_00879,APU_004,152.9,1345.17,3618.51,3771.41
COST_00880,WO_00880,APU_012,902.79,1174.37,6141.96,7044.75
COST_00881,WO_00881,APU_048,1033.25,708.71,7732.03,8765.28
COST_00882,WO_00882,APU_017,910.23,801.83,1627.71,2537.94
COST_00883,WO_00883,APU_007,428.84,1297.88,2699.59,3128.43
COST_00884,WO_00884,APU_045,949.83,642.58,3103.66,4053.49
COST_00885,WO_00885,APU_010,847.72,788.7,3123.25,3970.97
COST_00886,WO_00886,APU_045,1274.46,1064.54,7994.7,9269.16
COST_00887,WO_00887,APU_040,472.45,1682.67,6310.01,6782.46
COST_00888,WO_00888,APU_024,349.27,1673.08,3730.97,4080.24
COST_00889,WO_00889,APU_040,224.04,630.17,2369.44,2593.48
COST_00890,WO_00890,APU_027,694.4,1112.82,5564.1,6258.5
COST_00891,WO_00891,APU_027,623.93,1393.99,5952.34,6576.27
COST_00892,WO_00892,APU_039,287.04,691.86,2483.78,2770.82
COST_00893,WO_00893,APU_021,942.7,673.67,3294.25,4236.95
COST_00894,WO_00894,APU_015,340.48,1730.51,8946.74,9287.22
COST_00895,WO_00895,APU_019,880.16,567.85,3299.21,4179.37
COST_00896,WO_00896,APU_046,597.63,1758.14,6821.58,7419.21
COST_00897,WO_00897,APU_028,588.36,366.64,909.27,1497.63
COST_00898,WO_00898,APU_012,285.27,1056.16,3115.67,3400.94
COST_00899,WO_00899,APU_001,711.23,1510.05,7973.06,8684.29
COST_00900,WO_00900,APU_014,386.53,1367.99,2366.62,2753.15
COST_00901,WO_00901,APU_012,1087.56,903.33,3008.09,4095.65
COST_00902,WO_00902,APU_049,713.13,1518.28,3325.03,4038.16
COST_00903,WO_00903,APU_007,312.33,452.92,1250.06,1562.39
COST_00904,WO_00904,APU_020,994.07,1773.39,9735.91,10729.98
COST_00905,WO_00905,APU_033,251.37,1376.84,4158.06,4409.43
COST_00906,WO_00906,APU_037,786.99,798.34,2227.37,3014.36
COST_00907,WO_00907,APU_024,629.28,837.87,1080.85,1710.13
COST_00908,WO_00908,APU_035,255.66,1289.49,5286.91,5542.57
COST_00909,WO_00909,APU_025,1093.07,1135.55,4405.93,5499.0
COST_00910,WO_00910,APU_005,805.07,1413.57,12623.18,13428.25
COST_00911,WO_00911,APU_049,334.39,1373.67,3145.7,3480.09
COST_00912,WO_00912,APU_011,941.08,1444.02,4433.14,5374.22
COST_00913,WO_00913,APU_015,593.22,453.68,1415.48,2008.7
COST_00914,WO_00914,APU_029,912.99,468.17,3029.06,3942.05
COST_00915,WO_00915,APU_050,488.04,1695.37,4374.05,4862.09
COST_00916,WO_00916,APU_010,614.95,1729.64,5482.96,6097.91
COST_00917,WO_00917,APU_041,794.67,1124.11,4271.62,5066.29
COST_00918,WO_00918,APU_015,1098.03,490.25,1475.65,2573.68
COST_00919,WO_00919,APU_043,631.85,765.48,1630.47,2262.32
COST_00920,WO_00920,APU_017,474.52,989.83,2989.29,3463.81
COST_00921,WO_00921,APU_001,628.21,1308.03,6422.43,7050.64
COST_00922,WO_00922,APU_007,326.79,1644.78,2549.41,2876.2
COST_00923,WO_00923,APU_039,662.98,1223.09,3571.42,4234.4
COST_00924,WO_00924,APU_026,362.77,1647.02,3046.99,3409.76
COST_00925,WO_00925,APU_026,528.06,486.17,2552.39,3080.45
COST_00926,WO_00926,APU_019,252.2,564.81,666.48,918.68
COST_00927,WO_00927,APU_016,333.03,1230.42,2460.84,2793.87
COST_00928,WO_00928,APU_014,804.7,1149.33,3838.76,4643.46
COST_00929,WO_00929,APU_006,607.52,1641.14,10552.53,11160.05
COST_00930,WO_00930,APU_021,924.85,1786.39,4680.34,5605.19
COST_00931,WO_00931,APU_022,376.06,521.44,1042.88,1418.94
COST_00932,WO_00932,APU_008,615.97,1451.89,11106.96,11722.93
COST_00933,WO_00933,APU_040,150.86,1145.94,1409.51,1560.37
COST_00934,WO_00934,APU_010,298.87,1635.81,1325.01,1623.88
COST_00935,WO_00935,APU_048,224.43,1558.0,5390.68,5615.11
COST_00936,WO_00936,APU_036,806.09,1648.53,3395.97,4202.06
COST_00937,WO_00937,APU_015,660.35,1124.29,1742.65,2403.0
COST_00938,WO_00938,APU_029,731.51,1726.43,6922.98,7654.49
COST_00939,WO_00939,APU_048,444.96,1576.06,4901.55,5346.51
COST_00940,WO_00940,APU_035,1001.03,1306.07,2599.08,3600.11
COST_00941,WO_00941,APU_007,660.47,763.63,1023.26,1683.73
COST_00942,WO_00942,APU_046,641.61,1343.14,5896.38,6537.99
COST_00943,WO_00943,APU_032,1007.06,347.44,1351.54,2358.6
COST_00944,WO_00944,APU_023,376.76,1112.25,2858.48,3235.24
COST_00945,WO_00945,APU_047,752.81,715.11,5370.48,6123.29
COST_00946,WO_00946,APU_043,542.22,964.93,1457.04,1999.26
COST_00947,WO_00947,APU_010,778.17,330.47,386.65,1164.82
COST_00948,WO_00948,APU_050,320.41,975.47,1814.37,2134.78
COST_00949,WO_00949,APU_012,557.41,1698.94,4502.19,5059.6
COST_00950,WO_00950,APU_027,974.64,507.54,1578.45,2553.09
COST_00951,WO_00951,APU_012,679.43,374.69,891.76,1571.19
COST_00952,WO_00952,APU_015,1022.51,1148.6,3790.38,4812.89
COST_00953,WO_00953,APU_039,748.42,717.37,982.8,1731.22
COST_00954,WO_00954,APU_021,531.14,901.63,5418.8,5949.94
COST_00955,WO_00955,APU_012,473.13,1481.94,3853.04,4326.17
COST_00956,WO_00956,APU_039,569.44,916.01,4607.53,5176.97
COST_00957,WO_00957,APU_029,1034.92,1630.66,5348.56,6383.48
COST_00958,WO_00958,APU_023,635.88,353.37,1233.26,1869.14
COST_00959,WO_00959,APU_030,1159.67,754.67,2807.37,3967.04
COST_00960,WO_00960,APU_016,697.73,864.22,3007.49,3705.22
COST_00961,WO_00961,APU_023,450.25,1284.93,4972.68,5422.93
COST_00962,WO_00962,APU_049,560.72,751.12,4243.83,4804.55
COST_00963,WO_00963,APU_041,729.68,1589.92,4817.46,5547.14
COST_00964,WO_00964,APU_021,514.23,1273.84,5108.1,5622.33
COST_00965,WO_00965,APU_034,907.19,389.51,1008.83,1916.02
COST_00966,WO_00966,APU_048,1298.64,508.3,3049.8,4348.44
COST_00967,WO_00967,APU_044,371.45,1653.11,3091.32,3462.77
COST_00968,WO_00968,APU_007,805.51,361.75,2648.01,3453.52
COST_00969,WO_00969,APU_014,374.92,1722.98,4583.13,4958.05
COST_00970,WO_00970,APU_001,360.79,458.44,568.47,929.26
COST_00971,WO_00971,APU_003,221.49,1065.67,3111.76,3333.25
COST_00972,WO_00972,APU_014,623.62,1524.31,2850.46,3474.08
COST_00973,WO_00973,APU_018,478.42,1449.03,6259.81,6738.23
COST_00974,WO_00974,APU_045,314.55,1353.67,2571.97,2886.52
COST_00975,WO_00975,APU_011,406.63,455.25,969.68,1376.31
COST_00976,WO_00976,APU_019,752.83,510.68,490.25,1243.08
COST_00977,WO_00977,APU_013,821.71,842.07,1785.19,2606.9
COST_00978,WO_00978,APU_007,792.4,1053.65,758.63,1551.03
COST_00979,WO_00979,APU_028,573.55,981.46,1118.86,1692.41
COST_00980,WO_00980,APU_050,691.1,1333.35,5506.74,6197.84
COST_00981,WO_00981,APU_012,380.94,1383.78,5798.04,6178.98
COST_00982,WO_00982,APU_019,333.07,1607.75,5514.58,5847.65
COST_00983,WO_00983,APU_029,676.35,1131.35,1810.16,2486.51
COST_00984,WO_00984,APU_008,885.91,1117.89,2962.41,3848.32
COST_00985,WO_00985,APU_024,596.39,940.6,2549.03,3145.42
COST_00986,WO_00986,APU_025,648.91,533.91,768.83,1417.74
COST_00987,WO_00987,APU_042,455.82,939.78,5836.03,6291.85
COST_00988,WO_00988,APU_044,1052.69,1018.49,4481.36,5534.05
COST_00989,WO_00989,APU_030,756.48,1306.5,3148.66,3905.14
COST_00990,WO_00990,APU_017,425.22,848.45,2341.72,2766.94
COST_00991,WO_00991,APU_027,863.03,894.01,2726.73,3589.76
COST_00992,WO_00992,APU_027,82.36,1798.23,1582.44,1664.8
COST_00993,WO_00993,APU_021,1022.54,1033.55,2449.51,3472.05
COST_00994,WO_00994,APU_037,608.27,1459.55,2729.36,3337.63
COST_00995,WO_00995,APU_042,443.39,1610.73,2528.85,2972.24
COST_00996,WO_00996,APU_050,971.26,543.63,1266.66,2237.92
COST_00997,WO_00997,APU_034,965.09,920.06,6725.64,7690.73
COST_00998,WO_00998,APU_048,827.39,1794.1,6943.17,7770.56
COST_00999,WO_00999,APU_021,444.75,1144.6,2277.75,2722.5
COST_01000,WO_01000,APU_005,462.13,302.89,1126.75,1588.88
COST_01001,WO_01001,APU_021,1093.48,892.51,5239.03,6332.51
COST_01002,WO_01002,APU_040,465.31,1717.06,7761.11,8226.42
COST_01003,WO_01003,APU_036,621.44,806.23,2265.51,2886.95
COST_01004,WO_01004,APU_036,552.75,744.14,1413.87,1966.62
COST_01005,WO_01005,APU_029,1103.0,1238.71,4942.45,6045.45
COST_01006,WO_01006,APU_050,871.88,1652.49,5585.42,6457.3
COST_01007,WO_01007,APU_043,656.24,1337.61,5952.36,6608.6
COST_01008,WO_01008,APU_009,349.16,347.48,1337.8,1686.96
COST_01009,WO_01009,APU_019,1214.65,1347.27,6520.79,7735.44
COST_01010,WO_01010,APU_011,383.34,1186.56,2408.72,2792.06
COST_01011,WO_01011,APU_021,930.55,1372.19,7697.99,8628.54
COST_01012,WO_01012,APU_003,387.07,417.68,1265.57,1652.64
COST_01013,WO_01013,APU_020,589.22,383.14,3260.52,3849.74
COST_01014,WO_01014,APU_022,485.58,750.42,1395.78,1881.36
COST_01015,WO_01015,APU_036,566.77,1218.97,8605.93,9172.7
COST_01016,WO_01016,APU_033,1026.8,559.09,1694.04,2720.84
COST_01017,WO_01017,APU_024,241.71,1521.73,2891.29,3133.0
COST_01018,WO_01018,APU_048,838.31,1332.05,2770.66,3608.97
COST_01019,WO_01019,APU_043,456.55,1765.04,4024.29,4480.84
COST_01020,WO_01020,APU_006,375.77,1214.53,4165.84,4541.61
COST_01021,WO_01021,APU_046,364.15,1265.16,4579.88,4944.03
COST_01022,WO_01022,APU_039,469.54,691.06,1368.3,1837.84
COST_01023,WO_01023,APU_012,276.54,823.63,2207.33,2483.87
COST_01024,WO_01024,APU_045,1224.1,405.61,3581.54,4805.64
COST_01025,WO_01025,APU_026,462.07,880.92,6192.87,6654.94
COST_01026,WO_01026,APU_023,888.85,1625.64,5624.71,6513.56
COST_01027,WO_01027,APU_049,879.28,1105.51,3073.32,3952.6
COST_01028,WO_01028,APU_006,275.22,651.09,1888.16,2163.38
COST_01029,WO_01029,APU_045,1171.24,1344.99,5124.41,6295.65
COST_01030,WO_01030,APU_024,242.65,1441.97,2235.05,2477.7
COST_01031,WO_01031,APU_038,625.53,443.49,1046.64,1672.17
COST_01032,WO_01032,APU_030,77.92,1450.74,1581.31,1659.23
COST_01033,WO_01033,APU_009,1035.67,1410.23,4780.68,5816.35
COST_01034,WO_01034,APU_001,559.7,902.95,3503.45,4063.15
COST_01035,WO_01035,APU_026,307.05,1405.13,2922.67,3229.72
COST_01036,WO_01036,APU_020,642.19,1656.27,10699.5,11341.69
COST_01037,WO_01037,APU_028,816.53,1004.94,1396.87,2213.4
COST_01038,WO_01038,APU_021,363.46,743.39,899.5,1262.96
COST_01039,WO_01039,APU_027,690.67,613.24,1888.78,2579.45
COST_01040,WO_01040,APU_040,266.13,336.24,1627.4,1893.53
COST_01041,WO_01041,APU_037,1292.82,752.65,5163.18,6456.0
COST_01042,WO_01042,APU_045,999.33,907.48,1914.78,2914.11
COST_01043,WO_01043,APU_009,750.91,1313.81,6463.95,7214.86
COST_01044,WO_01044,APU_037,320.24,1506.85,4008.22,4328.46
COST_01045,WO_01045,APU_006,460.87,1295.57,3200.06,3660.93
COST_01046,WO_01046,APU_029,918.9,1124.61,4970.78,5889.68
COST_01047,WO_01047,APU_016,364.6,1399.89,5445.57,5810.17
COST_01048,WO_01048,APU_021,307.49,449.65,512.6,820.09
COST_01049,WO_01049,APU_019,1227.62,490.57,3002.29,4229.91
COST_01050,WO_01050,APU_028,863.22,447.67,2600.96,3464.18
COST_01051,WO_01051,APU_042,390.72,425.89,821.97,1212.69
COST_01052,WO_01052,APU_041,618.2,465.62,1573.8,2192.0
COST_01053,WO_01053,APU_018,1047.22,1380.44,4928.17,5975.39
COST_01054,WO_01054,APU_004,444.71,988.62,3104.27,3548.98
COST_01055,WO_01055,APU_041,837.5,1257.78,2528.14,3365.64
COST_01056,WO_01056,APU_021,718.45,1194.17,2245.04,2963.49
COST_01057,WO_01057,APU_005,258.67,672.02,1801.01,2059.68
COST_01058,WO_01058,APU_049,460.73,1094.54,5669.72,6130.45
COST_01059,WO_01059,APU_026,783.93,631.27,2316.76,3100.69
COST_01060,WO_01060,APU_014,519.01,361.41,802.33,1321.34
COST_01061,WO_01061,APU_004,764.94,1448.48,6025.68,6790.62
COST_01062,WO_01062,APU_003,644.48,490.43,279.55,924.03
COST_01063,WO_01063,APU_025,1163.1,1176.38,6011.3,7174.4
COST_01064,WO_01064,APU_036,305.22,1548.16,1610.09,1915.31
COST_01065,WO_01065,APU_023,859.34,1523.6,3397.63,4256.97
COST_01066,WO_01066,APU_010,556.6,803.5,1181.14,1737.74
COST_01067,WO_01067,APU_013,414.31,1506.23,2003.29,2417.6
COST_01068,WO_01068,APU_042,753.65,1068.34,5501.95,6255.6
COST_01069,WO_01069,APU_012,652.57,704.97,1480.44,2133.01
COST_01070,WO_01070,APU_049,697.73,1581.99,5204.75,5902.48
COST_01071,WO_01071,APU_004,858.69,1080.93,2864.46,3723.15
COST_01072,WO_01072,APU_012,895.8,765.82,2703.34,3599.14
COST_01073,WO_01073,APU_026,539.3,861.88,2447.74,2987.04
COST_01074,WO_01074,APU_040,249.17,1103.48,1478.66,1727.83
COST_01075,WO_01075,APU_020,311.59,1595.25,7497.68,7809.27
COST_01076,WO_01076,APU_048,217.73,800.71,1657.47,1875.2
COST_01077,WO_01077,APU_020,725.79,713.68,820.73,1546.52
COST_01078,WO_01078,APU_041,254.8,1515.12,3257.51,3512.31
COST_01079,WO_01079,APU_038,540.14,970.35,6025.87,6566.01
COST_01080,WO_01080,APU_014,638.25,869.74,3774.67,4412.92
COST_01081,WO_01081,APU_012,424.02,1508.97,3380.09,3804.11
COST_01082,WO_01082,APU_013,469.37,1661.75,3722.32,4191.69
COST_01083,WO_01083,APU_045,665.0,1265.16,2884.56,3549.56
COST_01084,WO_01084,APU_015,990.99,421.72,3593.05,4584.04
COST_01085,WO_01085,APU_035,519.59,783.0,2623.05,3142.64
COST_01086,WO_01086,APU_027,1054.69,970.38,3338.11,4392.8
COST_01087,WO_01087,APU_044,674.65,472.08,2261.26,2935.91
COST_01088,WO_01088,APU_022,424.45,1702.23,5276.91,5701.36
COST_01089,WO_01089,APU_022,345.51,332.03,783.59,1129.1
COST_01090,WO_01090,APU_014,665.72,1602.02,3908.93,4574.65
COST_01091,WO_01091,APU_037,819.94,315.16,822.57,1642.51
COST_01092,WO_01092,APU_008,443.38,1357.57,3611.14,4054.52
COST_01093,WO_01093,APU_048,568.6,1556.68,6320.12,6888.72
COST_01094,WO_01094,APU_033,661.84,546.94,1531.43,2193.27
COST_01095,WO_01095,APU_049,689.47,1130.26,4600.16,5289.63
COST_01096,WO_01096,APU_002,198.3,495.14,1287.36,1485.66
COST_01097,WO_01097,APU_017,608.89,914.75,2597.89,3206.78
COST_01098,WO_01098,APU_022,234.23,1107.15,1007.51,1241.74
COST_01099,WO_01099,APU_044,923.35,387.34,1743.03,2666.38
COST_01100,WO_01100,APU_049,839.51,1471.91,4842.58,5682.09
COST_01101,WO_01101,APU_002,881.32,628.42,2959.86,3841.18
COST_01102,WO_01102,APU_006,405.02,990.7,544.89,949.91
COST_01103,WO_01103,APU_021,748.0,416.61,3570.35,4318.35
COST_01104,WO_01104,APU_033,835.56,781.32,1968.93,2804.49
COST_01105,WO_01105,APU_017,841.4,965.63,4828.15,5669.55
COST_01106,WO_01106,APU_003,623.94,954.63,1460.58,2084.52
COST_01107,WO_01107,APU_031,635.93,722.98,2754.55,3390.48
COST_01108,WO_01108,APU_003,779.58,786.41,1195.34,1974.92
COST_01109,WO_01109,APU_046,681.91,421.2,812.92,1494.83
COST_01110,WO_01110,APU_032,1234.1,1123.81,8754.48,9988.58
COST_01111,WO_01111,APU_027,992.43,713.19,1747.32,2739.75
COST_01112,WO_01112,APU_006,426.91,1158.85,3546.08,3972.99
COST_01113,WO_01113,APU_002,486.92,1214.96,5333.67,5820.59
COST_01114,WO_01114,APU_031,361.8,1339.29,4781.27,5143.07
COST_01115,WO_01115,APU_020,637.96,1722.69,5081.94,5719.9
COST_01116,WO_01116,APU_034,798.62,864.56,2870.34,3668.96
COST_01117,WO_01117,APU_031,1300.12,1628.77,16597.17,17897.29
COST_01118,WO_01118,APU_012,367.15,1375.61,3617.85,3985.0
COST_01119,WO_01119,APU_031,331.33,1654.26,5028.95,5360.28
COST_01120,WO_01120,APU_017,674.36,404.54,1957.97,2632.33
COST_01121,WO_01121,APU_013,791.22,1510.99,7539.84,8331.06
COST_01122,WO_01122,APU_031,929.02,381.73,1992.63,2921.65
COST_01123,WO_01123,APU_039,721.04,1260.19,4864.33,5585.37
COST_01124,WO_01124,APU_005,208.86,927.49,1344.86,1553.72
COST_01125,WO_01125,APU_018,1193.55,1614.32,10783.66,11977.21
COST_01126,WO_01126,APU_033,257.74,1094.3,1586.73,1844.47
COST_01127,WO_01127,APU_035,1112.69,879.36,2822.75,3935.44
COST_01128,WO_01128,APU_021,509.01,1684.11,3031.4,3540.41
COST_01129,WO_01129,APU_034,662.94,1099.52,2880.74,3543.68
COST_01130,WO_01130,APU_050,264.03,524.76,1710.72,1974.75
COST_01131,WO_01131,APU_030,298.79,1565.22,5071.31,5370.1
COST_01132,WO_01132,APU_014,701.31,1138.64,3905.54,4606.85
COST_01133,WO_01133,APU_026,1065.56,1674.24,11049.98,12115.54
COST_01134,WO_01134,APU_017,667.31,1119.85,3908.28,4575.59
COST_01135,WO_01135,APU_030,466.62,1210.2,2880.28,3346.9
COST_01136,WO_01136,APU_041,873.78,1358.7,6277.19,7150.97
COST_01137,WO_01137,APU_008,1192.33,1318.45,6895.49,8087.82
COST_01138,WO_01138,APU_007,106.14,600.36,828.5,934.64
COST_01139,WO_01139,APU_008,603.26,327.01,1236.1,1839.36
COST_01140,WO_01140,APU_016,1091.08,1160.14,4640.56,5731.64
COST_01141,WO_01141,APU_035,577.0,435.18,1005.27,1582.27
COST_01142,WO_01142,APU_008,1003.83,745.23,4314.88,5318.71
COST_01143,WO_01143,APU_015,660.53,1086.72,2716.8,3377.33
COST_01144,WO_01144,APU_014,998.83,458.38,1333.89,2332.72
COST_01145,WO_01145,APU_040,406.19,817.07,2018.16,2424.35
COST_01146,WO_01146,APU_034,844.69,406.82,1114.69,1959.38
COST_01147,WO_01147,APU_024,946.97,894.75,1333.18,2280.15
COST_01148,WO_01148,APU_014,748.38,1776.66,2185.29,2933.67
COST_01149,WO_01149,APU_025,1335.77,350.21,2286.87,3622.64
COST_01150,WO_01150,APU_046,267.91,1052.31,1799.45,2067.36
COST_01151,WO_01151,APU_028,955.56,1728.03,2730.29,3685.85
COST_01152,WO_01152,APU_024,261.57,1478.15,1226.86,1488.43
COST_01153,WO_01153,APU_025,769.37,1402.61,2678.99,3448.36
COST_01154,WO_01154,APU_017,302.13,1500.14,1965.18,2267.31
COST_01155,WO_01155,APU_012,1157.23,1767.76,11861.67,13018.9
COST_01156,WO_01156,APU_037,550.55,571.55,2709.15,3259.7
COST_01157,WO_01157,APU_002,736.51,999.29,1858.68,2595.19
COST_01158,WO_01158,APU_012,1430.4,437.09,4099.9,5530.3
COST_01159,WO_01159,APU_035,451.52,724.33,3375.38,3826.9
COST_01160,WO_01160,APU_033,788.7,345.07,783.31,1572.01
COST_01161,WO_01161,APU_016,694.83,888.11,612.8,1307.63
COST_01162,WO_01162,APU_011,1300.67,1002.23,9601.36,10902.03
COST_01163,WO_01163,APU_034,821.66,1565.35,1987.99,2809.65
COST_01164,WO_01164,APU_039,921.17,861.18,947.3,1868.47
COST_01165,WO_01165,APU_003,549.22,631.02,3009.97,3559.19
COST_01166,WO_01166,APU_025,796.6,450.52,4685.41,5482.01
COST_01167,WO_01167,APU_028,514.27,1142.61,6649.99,7164.26
COST_01168,WO_01168,APU_026,877.55,1488.9,5523.82,6401.37
COST_01169,WO_01169,APU_026,1191.47,553.21,2085.6,3277.07
COST_01170,WO_01170,APU_016,777.23,1654.12,7195.42,7972.65
COST_01171,WO_01171,APU_005,992.28,383.22,1582.7,2574.98
COST_01172,WO_01172,APU_005,513.65,768.86,2437.29,2950.94
COST_01173,WO_01173,APU_010,736.41,1209.87,3484.43,4220.84
COST_01174,WO_01174,APU_029,886.93,472.21,1241.91,2128.84
COST_01175,WO_01175,APU_034,674.89,1034.96,1862.93,2537.82
COST_01176,WO_01176,APU_010,703.1,1264.78,2946.94,3650.04
COST_01177,WO_01177,APU_010,350.63,1284.52,1374.44,1725.07
COST_01178,WO_01178,APU_003,176.85,458.46,1182.83,1359.68
COST_01179,WO_01179,APU_028,410.08,1381.88,2183.37,2593.45
COST_01180,WO_01180,APU_047,859.7,1518.84,2247.88,3107.58
COST_01181,WO_01181,APU_006,656.19,1322.16,3966.48,4622.67
COST_01182,WO_01182,APU_037,615.0,1544.72,9036.61,9651.61
COST_01183,WO_01183,APU_015,751.88,1053.15,4739.18,5491.06
COST_01184,WO_01184,APU_047,624.06,505.97,581.87,1205.93
COST_01185,WO_01185,APU_015,401.93,1021.2,1613.5,2015.43
COST_01186,WO_01186,APU_048,970.64,1616.82,7372.7,8343.34
COST_01187,WO_01187,APU_050,940.6,548.15,866.08,1806.68
COST_01188,WO_01188,APU_002,401.66,588.54,1412.5,1814.16
COST_01189,WO_01189,APU_038,537.99,1038.28,3820.87,4358.86
COST_01190,WO_01190,APU_011,966.73,1249.82,1999.71,2966.44
COST_01191,WO_01191,APU_010,517.51,753.25,2169.36,2686.87
COST_01192,WO_01192,APU_001,309.38,1555.46,2037.65,2347.03
COST_01193,WO_01193,APU_043,983.73,1707.07,3328.79,4312.52
COST_01194,WO_01194,APU_038,940.4,315.39,1021.86,1962.26
COST_01195,WO_01195,APU_032,334.5,1522.05,1719.92,2054.42
COST_01196,WO_01196,APU_005,587.16,1048.55,3627.98,4215.14
COST_01197,WO_01197,APU_039,311.17,1015.96,2732.93,3044.1
COST_01198,WO_01198,APU_029,352.42,942.77,3469.39,3821.81
COST_01199,WO_01199,APU_016,817.94,919.77,2823.69,3641.63
COST_01200,WO_01200,APU_006,776.24,1581.65,9110.3,9886.54
COST_01201,WO_01201,APU_019,361.13,1259.53,3665.23,4026.36
COST_01202,WO_01202,APU_008,849.7,1486.33,3195.61,4045.31
COST_01203,WO_01203,APU_026,763.7,786.18,2287.78,3051.48
COST_01204,WO_01204,APU_012,982.61,775.06,2836.72,3819.33
COST_01205,WO_01205,APU_009,543.01,1376.63,3840.8,4383.81
COST_01206,WO_01206,APU_011,452.58,1141.53,3173.45,3626.03
COST_01207,WO_01207,APU_009,379.88,1453.64,2689.23,3069.11
COST_01208,WO_01208,APU_003,717.42,414.21,782.86,1500.28
COST_01209,WO_01209,APU_001,356.81,417.73,526.34,883.15
COST_01210,WO_01210,APU_034,795.7,1374.41,9785.8,10581.5
COST_01211,WO_01211,APU_047,215.11,1231.56,1687.24,1902.35
COST_01212,WO_01212,APU_031,645.29,1099.02,2044.18,2689.47
COST_01213,WO_01213,APU_038,322.11,1102.98,2018.45,2340.56
COST_01214,WO_01214,APU_043,897.85,1751.63,7794.75,8692.6
COST_01215,WO_01215,APU_029,907.47,716.75,1655.69,2563.16
COST_01216,WO_01216,APU_002,1001.26,727.99,3931.15,4932.41
COST_01217,WO_01217,APU_016,292.04,1693.39,3183.57,3475.61
COST_01218,WO_01218,APU_022,811.87,1216.9,3857.57,4669.44
COST_01219,WO_01219,APU_043,428.86,1084.78,1865.82,2294.68
COST_01220,WO_01220,APU_007,1095.1,523.75,4629.95,5725.05
COST_01221,WO_01221,APU_010,214.78,917.5,1293.67,1508.45
COST_01222,WO_01222,APU_008,331.38,1528.77,4922.64,5254.02
COST_01223,WO_01223,APU_031,835.39,1300.44,5006.69,5842.08
COST_01224,WO_01224,APU_013,534.84,1122.26,3826.91,4361.75
COST_01225,WO_01225,APU_011,324.71,1574.25,3856.91,4181.62
COST_01226,WO_01226,APU_049,412.28,1120.39,2834.59,3246.87
COST_01227,WO_01227,APU_033,665.18,904.84,2515.46,3180.64
COST_01228,WO_01228,APU_048,449.0,1437.9,3609.13,4058.13
COST_01229,WO_01229,APU_003,423.26,1694.17,7827.07,8250.33
COST_01230,WO_01230,APU_027,1514.79,1573.94,14433.03,15947.82
COST_01231,WO_01231,APU_038,437.91,566.24,1132.48,1570.39
COST_01232,WO_01232,APU_040,913.78,1100.79,1409.01,2322.79
COST_01233,WO_01233,APU_003,824.14,779.86,2019.84,2843.98
COST_01234,WO_01234,APU_010,1624.48,1450.82,16292.71,17917.19
COST_01235,WO_01235,APU_032,110.55,479.49,839.11,949.66
COST_01236,WO_01236,APU_046,457.17,1566.1,10492.87,10950.04
COST_01237,WO_01237,APU_021,747.39,1420.54,9716.49,10463.88
COST_01238,WO_01238,APU_020,933.88,666.02,1332.04,2265.92
COST_01239,WO_01239,APU_049,825.66,1497.54,5570.85,6396.51
COST_01240,WO_01240,APU_005,605.84,1789.58,11918.6,12524.44
COST_01241,WO_01241,APU_035,402.82,710.17,1569.48,1972.3
COST_01242,WO_01242,APU_022,518.34,620.94,1508.88,2027.22
COST_01243,WO_01243,APU_011,744.13,946.5,1864.61,2608.74
COST_01244,WO_01244,APU_032,516.92,910.84,1420.91,1937.83
COST_01245,WO_01245,APU_034,596.49,1096.81,2083.94,2680.43
COST_01246,WO_01246,APU_016,908.91,1246.85,1733.12,2642.03
COST_01247,WO_01247,APU_026,799.57,431.78,1196.03,1995.6
COST_01248,WO_01248,APU_009,645.71,1613.34,2871.75,3517.46
COST_01249,WO_01249,APU_009,457.1,1128.52,3487.13,3944.23
COST_01250,WO_01250,APU_027,815.79,410.35,476.01,1291.8
COST_01251,WO_01251,APU_021,1078.87,1027.29,3348.97,4427.84
COST_01252,WO_01252,APU_014,992.27,1214.77,5223.51,6215.78
COST_01253,WO_01253,APU_032,728.84,1387.21,1262.36,1991.2
COST_01254,WO_01254,APU_004,350.25,1609.41,5375.43,5725.68
COST_01255,WO_01255,APU_019,607.98,1391.96,7433.07,8041.05
COST_01256,WO_01256,APU_023,800.27,435.73,610.02,1410.29
COST_01257,WO_01257,APU_018,1122.14,1202.53,8201.25,9323.39
COST_01258,WO_01258,APU_025,308.07,686.6,2348.17,2656.24
COST_01259,WO_01259,APU_018,810.22,406.21,747.43,1557.65
COST_01260,WO_01260,APU_019,634.17,568.47,1500.76,2134.93
COST_01261,WO_01261,APU_034,341.23,362.57,1341.51,1682.74
COST_01262,WO_01262,APU_001,491.75,765.97,2167.7,2659.45
COST_01263,WO_01263,APU_045,736.81,1521.45,5568.51,6305.32
COST_01264,WO_01264,APU_025,690.9,1389.42,2278.65,2969.55
COST_01265,WO_01265,APU_049,491.72,1330.56,3965.07,4456.79
COST_01266,WO_01266,APU_007,534.18,1559.11,1948.89,2483.07
COST_01267,WO_01267,APU_035,278.83,1130.03,2892.88,3171.71
COST_01268,WO_01268,APU_015,368.53,699.91,1154.85,1523.38
COST_01269,WO_01269,APU_008,103.84,414.81,750.81,854.65
COST_01270,WO_01270,APU_017,1012.81,625.74,3353.97,4366.78
COST_01271,WO_01271,APU_032,522.57,413.2,2045.34,2567.91
COST_01272,WO_01272,APU_001,464.69,651.56,2475.93,2940.62
COST_01273,WO_01273,APU_048,127.95,1192.4,1776.68,1904.63
COST_01274,WO_01274,APU_047,232.0,637.87,1454.34,1686.34
COST_01275,WO_01275,APU_015,367.91,1369.34,7257.5,7625.41
COST_01276,WO_01276,APU_041,470.16,1367.51,4020.48,4490.64
COST_01277,WO_01277,APU_025,729.36,1255.47,12215.72,12945.08
COST_01278,WO_01278,APU_006,486.93,420.61,1417.46,1904.39
COST_01279,WO_01279,APU_045,502.04,959.58,2897.93,3399.97
COST_01280,WO_01280,APU_011,682.66,516.51,1182.81,1865.47
COST_01281,WO_01281,APU_021,945.77,622.93,1825.18,2770.95
COST_01282,WO_01282,APU_038,580.98,387.25,968.12,1549.1
COST_01283,WO_01283,APU_026,395.37,672.44,2696.48,3091.85
COST_01284,WO_01284,APU_016,794.24,987.14,4540.84,5335.08
COST_01285,WO_01285,APU_017,309.47,508.8,895.49,1204.96
COST_01286,WO_01286,APU_009,508.58,1490.28,1952.27,2460.85
COST_01287,WO_01287,APU_047,159.53,309.37,306.28,465.81
COST_01288,WO_01288,APU_003,326.28,1788.65,6421.25,6747.53
COST_01289,WO_01289,APU_021,290.09,1397.84,2068.8,2358.89
COST_01290,WO_01290,APU_035,342.43,779.52,647.0,989.43
COST_01291,WO_01291,APU_023,731.72,847.43,2855.84,3587.56
COST_01292,WO_01292,APU_017,1469.59,329.54,3529.37,4998.96
COST_01293,WO_01293,APU_032,891.91,351.53,952.65,1844.56
COST_01294,WO_01294,APU_025,593.14,1230.5,5303.45,5896.59
COST_01295,WO_01295,APU_043,745.77,650.36,1847.02,2592.79
COST_01296,WO_01296,APU_034,728.8,1383.14,3554.67,4283.47
COST_01297,WO_01297,APU_033,563.17,1776.41,8011.61,8574.78
COST_01298,WO_01298,APU_047,325.51,1181.9,2742.01,3067.52
COST_01299,WO_01299,APU_040,289.24,1690.9,5326.34,5615.58
COST_01300,WO_01300,APU_026,934.76,389.78,1262.89,2197.65
COST_01301,WO_01301,APU_041,610.89,1433.9,2695.73,3306.62
COST_01302,WO_01302,APU_025,921.19,397.95,1866.39,2787.58
COST_01303,WO_01303,APU_044,264.13,607.94,1501.61,1765.74
COST_01304,WO_01304,APU_027,300.54,1274.92,2282.11,2582.65
COST_01305,WO_01305,APU_047,516.64,1450.72,5295.13,5811.77
COST_01306,WO_01306,APU_030,681.16,541.07,898.18,1579.34
COST_01307,WO_01307,APU_049,466.98,913.12,2520.21,2987.19
COST_01308,WO_01308,APU_035,429.25,1552.43,4191.56,4620.81
COST_01309,WO_01309,APU_031,415.86,767.02,3789.08,4204.94
COST_01310,WO_01310,APU_047,713.26,1755.42,6196.63,6909.89
COST_01311,WO_01311,APU_022,756.21,1314.95,3524.07,4280.28
COST_01312,WO_01312,APU_019,893.9,1795.03,7646.83,8540.73
COST_01313,WO_01313,APU_013,725.7,599.87,3503.24,4228.94
COST_01314,WO_01314,APU_047,174.28,806.73,2976.83,3151.11
COST_01315,WO_01315,APU_047,1015.87,968.68,2644.5,3660.37
COST_01316,WO_01316,APU_032,147.51,1509.76,1992.88,2140.39
COST_01317,WO_01317,APU_003,224.24,785.27,1185.76,1410.0
COST_01318,WO_01318,APU_025,409.79,1294.09,2976.41,3386.2
COST_01319,WO_01319,APU_012,186.21,1740.34,3376.26,3562.47
COST_01320,WO_01320,APU_036,792.84,926.7,2270.42,3063.26
COST_01321,WO_01321,APU_017,396.56,1727.72,4837.62,5234.18
COST_01322,WO_01322,APU_026,780.19,1275.9,4644.28,5424.47
COST_01323,WO_01323,APU_034,209.03,1505.53,3929.43,4138.46
COST_01324,WO_01324,APU_022,417.71,1651.89,5864.21,6281.92
COST_01325,WO_01325,APU_014,686.76,915.19,2580.84,3267.6
COST_01326,WO_01326,APU_027,974.52,637.96,586.92,1561.44
COST_01327,WO_01327,APU_034,178.98,1168.42,1892.84,2071.82
COST_01328,WO_01328,APU_032,760.39,724.89,1819.47,2579.86
COST_01329,WO_01329,APU_048,609.9,643.83,901.36,1511.26
COST_01330,WO_01330,APU_024,1063.88,602.77,2278.47,3342.35
COST_01331,WO_01331,APU_044,698.99,1457.41,9196.26,9895.25
COST_01332,WO_01332,APU_017,894.43,452.48,2402.67,3297.1
COST_01333,WO_01333,APU_037,870.1,983.83,2380.87,3250.97
COST_01334,WO_01334,APU_034,1130.28,586.64,3619.57,4749.85
COST_01335,WO_01335,APU_036,523.79,726.18,2142.23,2666.02
COST_01336,WO_01336,APU_043,294.73,1321.79,2987.25,3281.98
COST_01337,WO_01337,APU_004,393.35,994.56,1929.45,2322.8
COST_01338,WO_01338,APU_037,1012.73,874.25,2010.77,3023.5
COST_01339,WO_01339,APU_017,531.9,1410.3,3102.66,3634.56
COST_01340,WO_01340,APU_050,796.22,1012.53,3027.46,3823.68
COST_01341,WO_01341,APU_038,581.9,327.82,973.63,1555.53
COST_01342,WO_01342,APU_037,1030.78,1741.93,4738.05,5768.83
COST_01343,WO_01343,APU_050,1085.14,613.35,2122.19,3207.33
COST_01344,WO_01344,APU_040,807.63,1570.8,8215.28,9022.91
COST_01345,WO_01345,APU_002,363.91,1702.48,7797.36,8161.27
COST_01346,WO_01346,APU_021,587.47,552.76,663.31,1250.78
COST_01347,WO_01347,APU_001,922.81,303.49,203.34,1126.15
COST_01348,WO_01348,APU_002,701.77,756.4,3434.06,4135.83
COST_01349,WO_01349,APU_043,183.54,1172.93,1501.35,1684.89
COST_01350,WO_01350,APU_001,978.87,556.77,1336.25,2315.12
COST_01351,WO_01351,APU_034,497.15,1061.04,1517.29,2014.44
COST_01352,WO_01352,APU_035,377.48,1566.93,1582.6,1960.08
COST_01353,WO_01353,APU_011,726.62,1028.26,3763.43,4490.05
COST_01354,WO_01354,APU_025,554.87,1571.67,6491.0,7045.87
COST_01355,WO_01355,APU_006,757.7,1561.54,3091.85,3849.55
COST_01356,WO_01356,APU_005,269.24,852.17,553.91,823.15
COST_01357,WO_01357,APU_048,964.56,1552.47,3120.46,4085.02
COST_01358,WO_01358,APU_042,392.12,1520.37,5123.65,5515.77
COST_01359,WO_01359,APU_002,123.99,1427.41,1727.17,1851.16
COST_01360,WO_01360,APU_009,379.35,631.0,1899.31,2278.66
COST_01361,WO_01361,APU_036,916.89,1768.97,4776.22,5693.11
COST_01362,WO_01362,APU_011,859.67,457.01,1709.22,2568.89
COST_01363,WO_01363,APU_013,742.03,820.21,2378.61,3120.64
COST_01364,WO_01364,APU_046,505.81,1258.29,2000.68,2506.49
COST_01365,WO_01365,APU_030,968.6,1745.53,9164.03,10132.63
COST_01366,WO_01366,APU_025,714.11,855.54,2130.29,2844.4
COST_01367,WO_01367,APU_030,764.78,1382.18,3704.24,4469.02
COST_01368,WO_01368,APU_020,774.91,1778.69,2899.26,3674.17
COST_01369,WO_01369,APU_019,358.63,358.13,762.82,1121.45
COST_01370,WO_01370,APU_029,774.77,1083.78,1809.91,2584.68
COST_01371,WO_01371,APU_048,849.74,1537.93,3798.69,4648.43
COST_01372,WO_01372,APU_041,700.31,1747.21,12178.05,12878.36
COST_01373,WO_01373,APU_037,657.0,1640.92,2100.38,2757.38
COST_01374,WO_01374,APU_049,481.61,869.96,974.36,1455.97
COST_01375,WO_01375,APU_027,1231.2,1148.56,7017.7,8248.9
COST_01376,WO_01376,APU_045,852.59,1460.37,3534.1,4386.69
COST_01377,WO_01377,APU_045,260.94,708.48,1331.94,1592.88
COST_01378,WO_01378,APU_024,360.45,865.9,4173.64,4534.09
COST_01379,WO_01379,APU_015,788.68,1418.03,2765.16,3553.84
COST_01380,WO_01380,APU_001,1449.82,311.66,2312.52,3762.34
COST_01381,WO_01381,APU_047,730.32,1224.92,4838.43,5568.75
COST_01382,WO_01382,APU_030,391.31,1483.3,3085.26,3476.57
COST_01383,WO_01383,APU_035,924.69,1522.4,13549.36,14474.05
COST_01384,WO_01384,APU_039,760.64,449.47,876.47,1637.11
COST_01385,WO_01385,APU_042,527.99,778.61,3184.51,3712.5
COST_01386,WO_01386,APU_019,724.66,806.22,2579.9,3304.56
COST_01387,WO_01387,APU_006,815.18,407.2,2264.03,3079.21
COST_01388,WO_01388,APU_013,896.2,795.81,5109.1,6005.3
COST_01389,WO_01389,APU_040,640.16,1143.64,3167.88,3808.04
COST_01390,WO_01390,APU_033,120.32,1282.39,2308.3,2428.62
COST_01391,WO_01391,APU_042,871.87,1248.22,4368.77,5240.64
COST_01392,WO_01392,APU_004,678.35,510.41,954.47,1632.82
COST_01393,WO_01393,APU_047,1202.69,1791.47,14743.8,15946.49
COST_01394,WO_01394,APU_018,443.18,543.7,1593.04,2036.22
COST_01395,WO_01395,APU_030,346.17,364.24,808.61,1154.78
COST_01396,WO_01396,APU_041,325.4,1653.09,4975.8,5301.2
COST_01397,WO_01397,APU_035,670.31,1683.54,2188.6,2858.91
COST_01398,WO_01398,APU_035,631.79,1463.36,2326.74,2958.53
COST_01399,WO_01399,APU_037,892.33,926.37,4872.71,5765.04
COST_01400,WO_01400,APU_015,476.36,1792.19,3387.24,3863.6
COST_01401,WO_01401,APU_025,356.4,725.33,1109.75,1466.15
COST_01402,WO_01402,APU_015,1056.85,1572.75,5740.54,6797.39
COST_01403,WO_01403,APU_031,507.49,673.99,3518.23,4025.72
COST_01404,WO_01404,APU_018,805.37,549.08,2218.28,3023.65
COST_01405,WO_01405,APU_021,699.96,1179.46,5543.46,6243.42
COST_01406,WO_01406,APU_047,627.38,898.72,1608.71,2236.09
COST_01407,WO_01407,APU_028,473.49,810.55,1005.08,1478.57
COST_01408,WO_01408,APU_019,645.78,1385.91,8606.5,9252.28
COST_01409,WO_01409,APU_045,820.96,362.76,827.09,1648.05
COST_01410,WO_01410,APU_001,391.5,669.41,1586.5,1978.0
COST_01411,WO_01411,APU_011,995.16,1551.56,8750.8,9745.96
COST_01412,WO_01412,APU_035,604.09,1641.81,6058.28,6662.37
COST_01413,WO_01413,APU_048,800.9,955.78,3335.67,4136.57
COST_01414,WO_01414,APU_046,881.94,871.26,7789.06,8671.0
COST_01415,WO_01415,APU_045,254.85,412.23,787.36,1042.21
COST_01416,WO_01416,APU_010,383.7,1694.32,7675.27,8058.97
COST_01417,WO_01417,APU_016,594.91,797.43,2232.8,2827.71
COST_01418,WO_01418,APU_022,491.0,1688.77,5319.63,5810.63
COST_01419,WO_01419,APU_019,389.35,1296.45,8167.64,8556.99
COST_01420,WO_01420,APU_032,418.83,593.57,2130.92,2549.75
COST_01421,WO_01421,APU_042,732.09,1575.0,5748.75,6480.84
COST_01422,WO_01422,APU_019,1124.39,323.29,1584.12,2708.51
COST_01423,WO_01423,APU_013,281.39,696.34,1545.87,1827.26
COST_01424,WO_01424,APU_040,770.37,1218.92,2084.35,2854.72
COST_01425,WO_01425,APU_017,808.97,439.64,672.65,1481.62
COST_01426,WO_01426,APU_050,544.54,1768.16,1626.71,2171.25
COST_01427,WO_01427,APU_023,603.43,925.78,7795.07,8398.5
COST_01428,WO_01428,APU_009,227.05,1435.22,2124.13,2351.18
COST_01429,WO_01429,APU_043,430.87,1302.88,3139.94,3570.81
COST_01430,WO_01430,APU_008,831.19,1498.22,3490.85,4322.04
COST_01431,WO_01431,APU_046,820.59,1400.97,4511.12,5331.71
COST_01432,WO_01432,APU_012,617.05,1569.3,6685.22,7302.27
COST_01433,WO_01433,APU_043,1103.48,393.8,1716.97,2820.45
COST_01434,WO_01434,APU_021,801.43,1251.46,2465.38,3266.81
COST_01435,WO_01435,APU_036,652.81,1444.23,3581.69,4234.5
COST_01436,WO_01436,APU_015,323.55,1320.4,4198.87,4522.42
COST_01437,WO_01437,APU_017,329.86,464.34,1100.49,1430.35
COST_01438,WO_01438,APU_012,508.08,1220.47,8030.69,8538.77
COST_01439,WO_01439,APU_049,904.99,1604.88,5713.37,6618.36
COST_01440,WO_01440,APU_038,746.74,666.69,2713.43,3460.17
COST_01441,WO_01441,APU_024,958.46,991.41,3876.41,4834.87
COST_01442,WO_01442,APU_039,1204.89,1139.4,5902.09,7106.98
COST_01443,WO_01443,APU_044,816.23,302.11,906.33,1722.56
COST_01444,WO_01444,APU_049,741.63,900.78,1198.04,1939.67
COST_01445,WO_01445,APU_042,877.08,1072.88,3637.06,4514.14
COST_01446,WO_01446,APU_047,972.97,467.41,888.08,1861.05
COST_01447,WO_01447,APU_043,990.6,681.87,1384.2,2374.8
COST_01448,WO_01448,APU_040,369.02,1191.98,4469.93,4838.95
COST_01449,WO_01449,APU_044,1234.47,1217.43,6537.6,7772.07
COST_01450,WO_01450,APU_041,323.92,487.21,1339.83,1663.75
COST_01451,WO_01451,APU_030,159.75,1316.85,4240.26,4400.01
COST_01452,WO_01452,APU_008,832.01,1637.67,11349.05,12181.06
COST_01453,WO_01453,APU_029,975.55,1200.78,3722.42,4697.97
COST_01454,WO_01454,APU_003,1219.28,833.28,9474.39,10693.67
COST_01455,WO_01455,APU_030,195.54,907.82,3368.01,3563.55
COST_01456,WO_01456,APU_006,229.04,1574.09,1621.31,1850.35
COST_01457,WO_01457,APU_037,923.96,586.84,2411.91,3335.87
COST_01458,WO_01458,APU_038,742.45,826.22,2767.84,3510.29
COST_01459,WO_01459,APU_014,913.34,698.73,3863.98,4777.32
COST_01460,WO_01460,APU_015,567.49,790.13,3113.11,3680.6
COST_01461,WO_01461,APU_035,1038.16,380.0,957.6,1995.76
COST_01462,WO_01462,APU_005,639.1,1028.71,1429.91,2069.01
COST_01463,WO_01463,APU_008,813.16,844.66,2044.08,2857.24
COST_01464,WO_01464,APU_039,908.34,902.26,1533.84,2442.18
COST_01465,WO_01465,APU_038,825.02,1148.99,2275.0,3100.02
COST_01466,WO_01466,APU_021,482.18,1765.13,6636.89,7119.07
COST_01467,WO_01467,APU_016,991.77,1004.93,6843.57,7835.34
COST_01468,WO_01468,APU_037,1083.01,1498.28,5064.19,6147.2
COST_01469,WO_01469,APU_029,727.08,880.05,1240.87,1967.95
COST_01470,WO_01470,APU_031,1109.17,1754.09,6086.69,7195.86
COST_01471,WO_01471,APU_008,1086.96,1150.22,6038.65,7125.61
COST_01472,WO_01472,APU_002,641.47,1755.09,3404.87,4046.34
COST_01473,WO_01473,APU_032,652.59,844.54,2136.69,2789.28
COST_01474,WO_01474,APU_007,388.55,783.53,2146.87,2535.42
COST_01475,WO_01475,APU_013,955.27,1432.74,2535.95,3491.22
COST_01476,WO_01476,APU_022,700.44,967.34,3753.28,4453.72
COST_01477,WO_01477,APU_020,276.36,753.53,1913.97,2190.33
COST_01478,WO_01478,APU_012,578.72,974.12,3331.49,3910.21
COST_01479,WO_01479,APU_002,923.86,1180.54,1971.5,2895.36
COST_01480,WO_01480,APU_011,196.63,1567.98,3355.48,3552.11
COST_01481,WO_01481,APU_006,490.67,1202.59,4858.46,5349.13
COST_01482,WO_01482,APU_003,512.92,401.95,888.31,1401.23
COST_01483,WO_01483,APU_049,946.78,1113.41,7827.27,8774.05
COST_01484,WO_01484,APU_017,300.91,1135.41,2475.19,2776.1
COST_01485,WO_01485,APU_037,466.82,613.53,1889.67,2356.49
COST_01486,WO_01486,APU_003,919.98,1331.95,6047.05,6967.03
COST_01487,WO_01487,APU_039,818.29,1591.15,1988.94,2807.23
COST_01488,WO_01488,APU_027,104.52,1766.12,1819.1,1923.62
COST_01489,WO_01489,APU_014,107.25,747.85,874.98,982.23
COST_01490,WO_01490,APU_012,669.27,346.06,1882.57,2551.84
COST_01491,WO_01491,APU_040,302.63,1527.59,3070.46,3373.09
COST_01492,WO_01492,APU_043,1231.88,1038.94,11532.23,12764.11
COST_01493,WO_01493,APU_006,988.63,1543.83,3072.22,4060.85
COST_01494,WO_01494,APU_035,348.32,1105.53,3327.65,3675.97
COST_01495,WO_01495,APU_008,653.46,1210.0,7683.5,8336.96
COST_01496,WO_01496,APU_005,535.42,977.42,8005.07,8540.49
COST_01497,WO_01497,APU_023,706.62,718.74,6073.35,6779.97
COST_01498,WO_01498,APU_001,770.85,1032.15,5449.75,6220.6
COST_01499,WO_01499,APU_031,1098.66,896.4,4275.83,5374.49
COST_01500,WO_01500,APU_037,827.37,873.33,3292.45,4119.82
COST_01501,WO_01501,APU_033,625.77,546.88,2280.49,2906.26
COST_01502,WO_01502,APU_047,310.1,1133.63,2278.6,2588.7
COST_01503,WO_01503,APU_015,435.29,1699.94,2940.9,3376.19
COST_01504,WO_01504,APU_023,1069.97,1249.84,3387.07,4457.04
COST_01505,WO_01505,APU_019,913.65,1268.9,3146.87,4060.52
COST_01506,WO_01506,APU_012,386.77,1196.98,2537.6,2924.37
COST_01507,WO_01507,APU_035,404.94,466.11,1859.78,2264.72
COST_01508,WO_01508,APU_005,365.89,1507.07,6932.52,7298.41
COST_01509,WO_01509,APU_023,351.55,1283.43,3657.78,4009.33
COST_01510,WO_01510,APU_018,1205.03,801.47,4913.01,6118.04
COST_01511,WO_01511,APU_009,314.61,1302.15,1888.12,2202.73
COST_01512,WO_01512,APU_028,309.37,393.37,959.82,1269.19
COST_01513,WO_01513,APU_023,418.02,871.67,1595.16,2013.18
COST_01514,WO_01514,APU_047,202.18,599.78,581.79,783.97
COST_01515,WO_01515,APU_036,430.7,751.0,1952.6,2383.3
COST_01516,WO_01516,APU_024,145.2,881.46,2238.91,2384.11
COST_01517,WO_01517,APU_021,674.73,804.21,5026.31,5701.04
COST_01518,WO_01518,APU_005,1017.48,416.79,1604.64,2622.12
COST_01519,WO_01519,APU_035,151.49,1298.52,2012.71,2164.2
COST_01520,WO_01520,APU_006,952.43,954.33,7195.65,8148.08
COST_01521,WO_01521,APU_040,1292.03,797.07,4240.41,5532.44
COST_01522,WO_01522,APU_045,336.9,1180.2,4413.95,4750.85
COST_01523,WO_01523,APU_021,812.49,933.88,2241.31,3053.8
COST_01524,WO_01524,APU_047,339.33,417.63,668.21,1007.54
COST_01525,WO_01525,APU_045,584.87,1515.71,3364.88,3949.75
COST_01526,WO_01526,APU_015,401.75,1175.22,5817.34,6219.09
COST_01527,WO_01527,APU_033,1042.78,310.97,2382.03,3424.81
COST_01528,WO_01528,APU_004,397.47,955.82,6069.46,6466.93
COST_01529,WO_01529,APU_004,623.63,1063.91,2212.93,2836.56
COST_01530,WO_01530,APU_032,347.61,471.32,692.84,1040.45
COST_01531,WO_01531,APU_021,402.63,900.56,2647.65,3050.28
COST_01532,WO_01532,APU_020,399.46,1021.13,1051.76,1451.22
COST_01533,WO_01533,APU_009,512.62,489.82,1591.91,2104.53
COST_01534,WO_01534,APU_050,656.65,591.74,1485.27,2141.92
COST_01535,WO_01535,APU_015,888.94,1510.98,3173.06,4062.0
COST_01536,WO_01536,APU_019,293.16,1642.67,1856.22,2149.38
COST_01537,WO_01537,APU_026,452.96,818.58,2955.07,3408.03
COST_01538,WO_01538,APU_046,936.74,1238.65,2514.46,3451.2
COST_01539,WO_01539,APU_004,668.03,1189.41,1700.86,2368.89
COST_01540,WO_01540,APU_046,195.26,1155.67,647.18,842.44
COST_01541,WO_01541,APU_001,427.67,645.43,1729.75,2157.42
COST_01542,WO_01542,APU_041,360.1,1705.68,12280.9,12641.0
COST_01543,WO_01543,APU_014,876.34,1730.29,11731.37,12607.71
COST_01544,WO_01544,APU_028,855.87,759.07,1601.64,2457.51
COST_01545,WO_01545,APU_017,389.59,361.17,704.28,1093.87
COST_01546,WO_01546,APU_017,679.59,1073.98,3780.41,4460.0
COST_01547,WO_01547,APU_042,293.34,592.66,930.48,1223.82
COST_01548,WO_01548,APU_008,869.23,853.35,2739.25,3608.48
COST_01549,WO_01549,APU_044,402.0,1465.23,6066.05,6468.05
COST_01550,WO_01550,APU_043,520.79,1717.56,9171.77,9692.56
COST_01551,WO_01551,APU_005,828.85,1575.3,4048.52,4877.37
COST_01552,WO_01552,APU_016,363.18,393.02,955.04,1318.22
COST_01553,WO_01553,APU_039,418.43,1104.85,1856.15,2274.58
COST_01554,WO_01554,APU_040,392.16,672.06,1155.94,1548.1
COST_01555,WO_01555,APU_046,603.29,1597.22,3833.33,4436.62
COST_01556,WO_01556,APU_023,419.09,1172.77,3905.32,4324.41
COST_01557,WO_01557,APU_017,851.75,871.83,3914.52,4766.27
COST_01558,WO_01558,APU_031,729.77,478.7,837.73,1567.5
COST_01559,WO_01559,APU_016,678.6,1423.48,8797.11,9475.71
COST_01560,WO_01560,APU_040,884.95,1246.1,2915.87,3800.82
COST_01561,WO_01561,APU_021,688.89,1315.88,3539.72,4228.61
COST_01562,WO_01562,APU_025,787.97,1196.42,2153.56,2941.53
COST_01563,WO_01563,APU_012,635.8,1607.77,1157.59,1793.39
COST_01564,WO_01564,APU_034,400.64,478.4,2114.53,2515.17
COST_01565,WO_01565,APU_026,598.2,1552.93,6335.95,6934.15
COST_01566,WO_01566,APU_011,775.13,1362.31,3174.18,3949.31
COST_01567,WO_01567,APU_001,345.21,1590.48,4485.15,4830.36
COST_01568,WO_01568,APU_033,299.08,1042.9,3764.87,4063.95
COST_01569,WO_01569,APU_024,876.27,1280.34,1472.39,2348.66
COST_01570,WO_01570,APU_042,1047.06,930.81,1889.54,2936.6
COST_01571,WO_01571,APU_049,242.14,869.12,3659.0,3901.14
COST_01572,WO_01572,APU_003,685.55,1229.61,1672.27,2357.82
COST_01573,WO_01573,APU_024,653.3,1051.55,3354.44,4007.74
COST_01574,WO_01574,APU_022,926.3,1301.37,1678.77,2605.07
COST_01575,WO_01575,APU_018,383.75,730.69,2564.72,2948.47
COST_01576,WO_01576,APU_006,998.44,1011.4,2700.44,3698.88
COST_01577,WO_01577,APU_007,592.41,1366.11,1530.04,2122.45
COST_01578,WO_01578,APU_028,928.66,424.53,2190.57,3119.23
COST_01579,WO_01579,APU_025,310.26,715.65,1295.33,1605.59
COST_01580,WO_01580,APU_034,834.84,1691.56,2943.31,3778.15
COST_01581,WO_01581,APU_024,424.18,1009.87,3070.0,3494.18
COST_01582,WO_01582,APU_002,505.21,1513.46,7733.78,8238.99
COST_01583,WO_01583,APU_041,427.11,1076.1,1667.95,2095.06
COST_01584,WO_01584,APU_009,376.08,1610.38,4525.17,4901.25
COST_01585,WO_01585,APU_032,399.92,1668.53,5739.74,6139.66
COST_01586,WO_01586,APU_039,349.19,1306.14,5198.44,5547.63
COST_01587,WO_01587,APU_006,736.86,844.28,2532.84,3269.7
COST_01588,WO_01588,APU_022,249.98,1321.49,2933.71,3183.69
COST_01589,WO_01589,APU_018,415.25,1457.42,2506.76,2922.01
COST_01590,WO_01590,APU_028,450.02,1063.37,3030.6,3480.62
COST_01591,WO_01591,APU_032,922.29,392.09,592.06,1514.35
COST_01592,WO_01592,APU_046,596.66,942.13,518.17,1114.83
COST_01593,WO_01593,APU_018,628.84,1779.85,6158.28,6787.12
COST_01594,WO_01594,APU_001,1045.96,1779.46,7954.19,9000.15
COST_01595,WO_01595,APU_045,228.36,1212.37,897.15,1125.51
COST_01596,WO_01596,APU_035,361.19,558.77,871.68,1232.87
COST_01597,WO_01597,APU_006,754.63,1535.4,5865.23,6619.86
COST_01598,WO_01598,APU_021,1105.31,1405.65,11849.63,12954.94
COST_01599,WO_01599,APU_029,161.08,1212.27,3333.74,3494.82
COST_01600,WO_01600,APU_044,885.64,1721.31,3132.78,4018.42
COST_01601,WO_01601,APU_036,370.21,549.55,1351.89,1722.1
COST_01602,WO_01602,APU_038,574.9,888.33,5143.43,5718.33
COST_01603,WO_01603,APU_050,843.99,786.2,1501.64,2345.63
COST_01604,WO_01604,APU_013,244.02,1684.27,2947.47,3191.49
COST_01605,WO_01605,APU_017,803.32,789.87,1642.93,2446.25
COST_01606,WO_01606,APU_044,960.66,1792.96,2886.67,3847.33
COST_01607,WO_01607,APU_017,965.84,1223.19,3559.48,4525.32
COST_01608,WO_01608,APU_018,1222.7,897.56,5959.8,7182.5
COST_01609,WO_01609,APU_020,508.11,714.25,2321.31,2829.42
COST_01610,WO_01610,APU_025,628.11,1388.03,3289.63,3917.74
COST_01611,WO_01611,APU_004,393.52,593.98,1378.03,1771.55
COST_01612,WO_01612,APU_023,707.05,1254.78,1443.0,2150.05
COST_01613,WO_01613,APU_035,913.35,764.05,3377.1,4290.45
COST_01614,WO_01614,APU_043,647.59,1539.91,4003.77,4651.36
COST_01615,WO_01615,APU_050,332.99,1048.2,2578.57,2911.56
COST_01616,WO_01616,APU_019,823.96,1403.86,22096.76,22920.72
COST_01617,WO_01617,APU_026,666.76,1266.88,4054.02,4720.78
COST_01618,WO_01618,APU_044,283.8,1731.76,3117.17,3400.97
COST_01619,WO_01619,APU_004,465.77,1744.79,3751.3,4217.07
COST_01620,WO_01620,APU_021,574.3,308.42,1576.03,2150.33
COST_01621,WO_01621,APU_029,420.64,645.3,1864.92,2285.56
COST_01622,WO_01622,APU_049,678.44,503.9,619.8,1298.24
COST_01623,WO_01623,APU_042,597.6,1101.09,4965.92,5563.52
COST_01624,WO_01624,APU_020,616.28,898.93,1689.99,2306.27
COST_01625,WO_01625,APU_023,1077.32,1232.54,9391.95,10469.27
COST_01626,WO_01626,APU_005,454.54,1660.4,8169.17,8623.71
COST_01627,WO_01627,APU_035,826.12,328.22,699.11,1525.23
COST_01628,WO_01628,APU_003,681.51,452.42,2488.31,3169.82
COST_01629,WO_01629,APU_042,355.89,1414.81,3989.76,4345.65
COST_01630,WO_01630,APU_035,667.59,633.61,2749.87,3417.46
COST_01631,WO_01631,APU_033,392.96,1446.22,5134.08,5527.04
COST_01632,WO_01632,APU_038,250.16,428.38,732.53,982.69
COST_01633,WO_01633,APU_049,798.71,366.31,699.65,1498.36
COST_01634,WO_01634,APU_005,372.31,910.41,4360.86,4733.17
COST_01635,WO_01635,APU_019,299.0,353.21,798.25,1097.25
COST_01636,WO_01636,APU_015,324.96,1792.47,3907.58,4232.54
COST_01637,WO_01637,APU_037,372.62,590.01,949.92,1322.54
COST_01638,WO_01638,APU_016,715.87,1189.64,4080.47,4796.34
COST_01639,WO_01639,APU_040,738.3,948.34,8013.47,8751.77
COST_01640,WO_01640,APU_049,348.15,1703.35,2572.06,2920.21
COST_01641,WO_01641,APU_038,174.36,872.24,2398.66,2573.02
COST_01642,WO_01642,APU_043,1168.82,1091.67,6451.77,7620.59
COST_01643,WO_01643,APU_034,1050.42,1791.6,4658.16,5708.58
COST_01644,WO_01644,APU_001,805.13,424.24,1480.6,2285.73
COST_01645,WO_01645,APU_012,348.32,782.43,1189.29,1537.61
COST_01646,WO_01646,APU_023,620.04,1207.73,4154.59,4774.63
COST_01647,WO_01647,APU_007,750.31,575.58,1410.17,2160.48
COST_01648,WO_01648,APU_047,499.63,537.4,2509.66,3009.29
COST_01649,WO_01649,APU_036,616.72,375.98,1962.62,2579.34
COST_01650,WO_01650,APU_035,1258.07,610.66,6894.35,8152.42
COST_01651,WO_01651,APU_012,362.52,1511.7,5653.76,6016.28
COST_01652,WO_01652,APU_033,496.8,848.27,2756.88,3253.68
COST_01653,WO_01653,APU_035,972.96,946.48,2867.83,3840.79
COST_01654,WO_01654,APU_018,464.29,627.22,1404.97,1869.26
COST_01655,WO_01655,APU_027,831.38,1543.42,5046.98,5878.36
COST_01656,WO_01656,APU_003,393.02,798.36,1844.21,2237.23
COST_01657,WO_01657,APU_009,431.29,765.9,2282.38,2713.67
COST_01658,WO_01658,APU_024,1053.52,1068.62,5994.96,7048.48
COST_01659,WO_01659,APU_022,828.33,545.28,850.64,1678.97
COST_01660,WO_01660,APU_046,723.33,1485.85,7562.98,8286.31
COST_01661,WO_01661,APU_009,1211.64,570.08,3198.15,4409.79
COST_01662,WO_01662,APU_044,229.38,1162.56,2964.53,3193.91
COST_01663,WO_01663,APU_038,612.52,835.61,710.27,1322.79
COST_01664,WO_01664,APU_048,811.77,1627.72,3174.05,3985.82
COST_01665,WO_01665,APU_013,693.31,1278.26,7094.34,7787.65
COST_01666,WO_01666,APU_027,1075.52,437.37,1172.15,2247.67
COST_01667,WO_01667,APU_015,314.44,1237.48,1942.84,2257.28
COST_01668,WO_01668,APU_024,496.95,744.65,1533.98,2030.93
COST_01669,WO_01669,APU_029,423.37,904.9,3909.17,4332.54
COST_01670,WO_01670,APU_037,675.48,456.68,1676.02,2351.5
COST_01671,WO_01671,APU_013,471.05,441.34,1050.39,1521.44
COST_01672,WO_01672,APU_019,796.99,1406.27,3121.92,3918.91
COST_01673,WO_01673,APU_018,559.84,1424.74,3120.18,3680.02
COST_01674,WO_01674,APU_039,907.04,517.72,849.06,1756.1
COST_01675,WO_01675,APU_043,848.85,1356.34,8965.41,9814.26
COST_01676,WO_01676,APU_047,380.27,1479.28,3372.76,3753.03
COST_01677,WO_01677,APU_015,1120.97,972.23,5162.54,6283.51
COST_01678,WO_01678,APU_006,605.59,1711.55,10748.53,11354.12
COST_01679,WO_01679,APU_030,1136.33,1321.55,6224.5,7360.83
COST_01680,WO_01680,APU_047,369.66,448.13,959.0,1328.66
COST_01681,WO_01681,APU_018,356.41,1744.34,5913.31,6269.72
COST_01682,WO_01682,APU_018,972.27,372.43,998.11,1970.38
COST_01683,WO_01683,APU_040,474.83,1187.76,1959.8,2434.63
COST_01684,WO_01684,APU_021,833.0,1746.21,5675.18,6508.18
COST_01685,WO_01685,APU_016,518.08,905.05,1285.17,1803.25
COST_01686,WO_01686,APU_012,1038.98,791.03,4129.18,5168.16
COST_01687,WO_01687,APU_016,448.57,723.01,1525.55,1974.12
COST_01688,WO_01688,APU_014,839.92,318.06,966.9,1806.82
COST_01689,WO_01689,APU_007,681.85,1710.88,5440.6,6122.45
COST_01690,WO_01690,APU_034,380.07,1546.77,3650.38,4030.45
COST_01691,WO_01691,APU_006,476.37,966.65,3624.94,4101.31
COST_01692,WO_01692,APU_028,300.19,621.81,1299.58,1599.77
COST_01693,WO_01693,APU_008,474.22,1073.86,4714.25,5188.47
COST_01694,WO_01694,APU_022,132.83,1342.86,1745.72,1878.55
COST_01695,WO_01695,APU_026,809.67,1388.54,4040.65,4850.32
COST_01696,WO_01696,APU_004,1245.94,1760.73,13909.77,15155.71
COST_01697,WO_01697,APU_024,284.4,854.07,1340.89,1625.29
COST_01698,WO_01698,APU_047,264.34,1735.42,3245.24,3509.58
COST_01699,WO_01699,APU_028,348.32,753.29,2719.38,3067.7
COST_01700,WO_01700,APU_049,345.56,1376.58,4129.74,4475.3
COST_01701,WO_01701,APU_008,950.38,1799.0,5936.7,6887.08
COST_01702,WO_01702,APU_047,479.91,1229.11,4375.63,4855.54
COST_01703,WO_01703,APU_043,540.66,680.86,2621.31,3161.97
COST_01704,WO_01704,APU_045,930.99,573.5,2867.5,3798.49
COST_01705,WO_01705,APU_031,586.69,791.15,2697.82,3284.51
COST_01706,WO_01706,APU_033,983.78,1338.25,3185.03,4168.81
COST_01707,WO_01707,APU_033,417.36,970.72,3824.64,4242.0
COST_01708,WO_01708,APU_025,1058.96,549.09,4244.47,5303.43
COST_01709,WO_01709,APU_042,606.76,629.94,1593.75,2200.51
COST_01710,WO_01710,APU_046,384.16,1765.56,2807.24,3191.4
COST_01711,WO_01711,APU_021,894.35,1539.2,7696.0,8590.35
COST_01712,WO_01712,APU_010,747.21,1269.91,3225.57,3972.78
COST_01713,WO_01713,APU_010,616.68,1001.46,821.2,1437.88
COST_01714,WO_01714,APU_025,981.26,897.76,3887.3,4868.56
COST_01715,WO_01715,APU_041,960.51,1310.28,2646.77,3607.28
COST_01716,WO_01716,APU_026,329.72,1705.69,4417.74,4747.46
COST_01717,WO_01717,APU_015,565.2,494.98,1613.63,2178.83
COST_01718,WO_01718,APU_015,710.89,1218.29,3679.24,4390.13
COST_01719,WO_01719,APU_015,952.35,1060.86,4264.66,5217.01
COST_01720,WO_01720,APU_003,489.26,1429.83,3059.84,3549.1
COST_01721,WO_01721,APU_006,690.81,621.55,2237.58,2928.39
COST_01722,WO_01722,APU_028,949.21,775.71,1830.68,2779.89
COST_01723,WO_01723,APU_029,606.99,538.18,2195.77,2802.76
COST_01724,WO_01724,APU_002,535.09,1535.18,5849.04,6384.13
COST_01725,WO_01725,APU_007,248.46,989.81,1613.39,1861.85
COST_01726,WO_01726,APU_040,344.86,688.36,3400.5,3745.36
COST_01727,WO_01727,APU_014,491.97,638.59,1289.95,1781.92
COST_01728,WO_01728,APU_009,725.86,858.55,3640.25,4366.11
COST_01729,WO_01729,APU_023,422.83,1772.84,5903.56,6326.39
COST_01730,WO_01730,APU_020,1311.09,701.78,5242.3,6553.39
COST_01731,WO_01731,APU_015,204.24,386.73,928.15,1132.39
COST_01732,WO_01732,APU_050,259.66,1417.04,3174.17,3433.83
COST_01733,WO_01733,APU_031,760.42,1360.02,3658.45,4418.87
COST_01734,WO_01734,APU_020,869.46,1583.17,3641.29,4510.75
COST_01735,WO_01735,APU_006,1150.07,300.59,1268.49,2418.56
COST_01736,WO_01736,APU_022,82.98,1471.75,1648.36,1731.34
COST_01737,WO_01737,APU_013,269.1,1247.27,1895.85,2164.95
COST_01738,WO_01738,APU_006,376.53,594.02,896.97,1273.5
COST_01739,WO_01739,APU_004,758.56,612.3,2804.33,3562.89
COST_01740,WO_01740,APU_008,754.47,610.8,4251.17,5005.64
COST_01741,WO_01741,APU_016,463.87,418.31,1075.06,1538.93
COST_01742,WO_01742,APU_023,860.4,637.83,1581.82,2442.22
COST_01743,WO_01743,APU_048,422.02,1576.13,4460.45,4882.47
COST_01744,WO_01744,APU_026,1092.59,1474.77,7595.07,8687.66
COST_01745,WO_01745,APU_038,315.72,1233.83,2011.14,2326.86
COST_01746,WO_01746,APU_002,359.47,464.01,1438.43,1797.9
COST_01747,WO_01747,APU_039,813.24,1750.96,8141.96,8955.2
COST_01748,WO_01748,APU_016,679.21,947.46,3391.91,4071.12
COST_01749,WO_01749,APU_004,451.36,1131.35,3416.68,3868.04
COST_01750,WO_01750,APU_020,560.09,405.55,1910.14,2470.23
COST_01751,WO_01751,APU_022,431.31,1160.09,707.65,1138.96
COST_01752,WO_01752,APU_037,533.52,514.13,2030.81,2564.33
COST_01753,WO_01753,APU_002,583.79,1124.59,2136.72,2720.51
COST_01754,WO_01754,APU_026,393.93,876.33,867.57,1261.5
COST_01755,WO_01755,APU_036,1020.51,340.18,1224.65,2245.16
COST_01756,WO_01756,APU_013,571.13,1623.59,9400.59,9971.72
COST_01757,WO_01757,APU_004,456.83,729.7,1838.84,2295.67
COST_01758,WO_01758,APU_016,308.22,710.08,3259.27,3567.49
COST_01759,WO_01759,APU_002,1164.33,571.23,3770.12,4934.45
COST_01760,WO_01760,APU_003,1104.6,1407.43,7881.61,8986.21
COST_01761,WO_01761,APU_042,953.1,1649.6,11052.32,12005.42
COST_01762,WO_01762,APU_003,760.24,1031.79,4220.02,4980.26
COST_01763,WO_01763,APU_011,544.08,1770.49,5010.49,5554.57
COST_01764,WO_01764,APU_013,176.0,1766.46,1996.1,2172.1
COST_01765,WO_01765,APU_009,232.73,631.86,1497.51,1730.24
COST_01766,WO_01766,APU_015,489.63,1643.53,2810.44,3300.07
COST_01767,WO_01767,APU_030,1281.87,546.78,4904.62,6186.49
COST_01768,WO_01768,APU_049,1039.9,621.01,1533.89,2573.79
COST_01769,WO_01769,APU_014,1133.66,1363.27,3967.12,5100.78
COST_01770,WO_01770,APU_011,337.82,1548.17,5697.27,6035.09
COST_01771,WO_01771,APU_009,187.15,1604.64,4460.9,4648.05
COST_01772,WO_01772,APU_030,827.18,934.24,6455.6,7282.78
COST_01773,WO_01773,APU_004,667.96,731.48,1411.76,2079.72
COST_01774,WO_01774,APU_042,973.27,1072.72,3250.34,4223.61
COST_01775,WO_01775,APU_004,272.49,1481.96,2682.35,2954.84
COST_01776,WO_01776,APU_044,180.8,765.07,1009.89,1190.69
COST_01777,WO_01777,APU_021,893.01,1284.99,2492.88,3385.89
COST_01778,WO_01778,APU_033,738.33,1342.49,3571.02,4309.35
COST_01779,WO_01779,APU_012,549.25,970.5,2086.57,2635.82
COST_01780,WO_01780,APU_016,644.52,618.42,1150.26,1794.78
COST_01781,WO_01781,APU_030,915.19,841.95,1052.44,1967.63
COST_01782,WO_01782,APU_023,468.91,1177.99,3062.77,3531.68
COST_01783,WO_01783,APU_007,467.24,1377.83,1639.62,2106.86
COST_01784,WO_01784,APU_015,451.79,484.37,2000.45,2452.24
COST_01785,WO_01785,APU_010,632.78,418.57,1188.74,1821.52
COST_01786,WO_01786,APU_013,639.09,501.75,612.13,1251.22
COST_01787,WO_01787,APU_002,306.89,1561.67,3576.22,3883.11
COST_01788,WO_01788,APU_018,125.39,1548.32,2786.98,2912.37
COST_01789,WO_01789,APU_005,1083.53,1025.79,3323.56,4407.09
COST_01790,WO_01790,APU_026,748.11,523.75,2974.9,3723.01
COST_01791,WO_01791,APU_015,779.16,1629.55,1580.66,2359.82
COST_01792,WO_01792,APU_023,263.38,1303.88,3781.25,4044.63
COST_01793,WO_01793,APU_010,633.35,563.81,1403.89,2037.24
COST_01794,WO_01794,APU_038,744.12,1607.31,6316.73,7060.85
COST_01795,WO_01795,APU_003,652.08,1556.74,4763.62,5415.7
COST_01796,WO_01796,APU_028,394.59,1222.61,2200.7,2595.29
COST_01797,WO_01797,APU_003,597.88,577.63,1317.0,1914.88
COST_01798,WO_01798,APU_007,458.12,1017.93,1781.38,2239.5
COST_01799,WO_01799,APU_018,784.95,1428.91,7015.95,7800.9
COST_01800,WO_01800,APU_007,363.16,1609.6,4426.4,4789.56
COST_01801,WO_01801,APU_035,1014.3,503.57,3892.6,4906.9
COST_01802,WO_01802,APU_007,678.64,854.31,2246.84,2925.48
COST_01803,WO_01803,APU_020,96.83,1054.93,1941.07,2037.9
COST_01804,WO_01804,APU_041,832.64,634.37,748.56,1581.2
COST_01805,WO_01805,APU_019,743.61,617.48,623.65,1367.26
COST_01806,WO_01806,APU_043,923.19,313.87,357.81,1281.0
COST_01807,WO_01807,APU_005,374.13,568.86,1791.91,2166.04
COST_01808,WO_01808,APU_040,456.83,1537.24,5534.06,5990.89
COST_01809,WO_01809,APU_031,545.62,1021.79,1164.84,1710.46
COST_01810,WO_01810,APU_042,857.57,392.1,1744.85,2602.42
COST_01811,WO_01811,APU_028,700.77,974.9,2027.79,2728.56
COST_01812,WO_01812,APU_001,312.46,1767.15,5213.09,5525.55
COST_01813,WO_01813,APU_007,767.88,1793.7,11838.42,12606.3
COST_01814,WO_01814,APU_036,764.45,950.58,4230.08,4994.53
COST_01815,WO_01815,APU_043,922.99,854.11,2007.16,2930.15
COST_01816,WO_01816,APU_030,185.16,1116.2,1864.05,2049.21
COST_01817,WO_01817,APU_044,335.33,1689.9,1402.62,1737.95
COST_01818,WO_01818,APU_041,954.31,620.87,1136.19,2090.5
COST_01819,WO_01819,APU_050,137.77,978.71,2368.48,2506.25
COST_01820,WO_01820,APU_015,167.27,1580.98,2497.95,2665.22
COST_01821,WO_01821,APU_012,1048.24,498.15,1260.32,2308.56
COST_01822,WO_01822,APU_031,444.68,1730.2,4913.77,5358.45
COST_01823,WO_01823,APU_001,764.46,629.03,1509.67,2274.13
COST_01824,WO_01824,APU_040,616.04,492.82,936.36,1552.4
COST_01825,WO_01825,APU_038,585.33,804.85,2398.45,2983.78
COST_01826,WO_01826,APU_045,722.05,807.84,2803.2,3525.25
COST_01827,WO_01827,APU_040,619.44,561.52,836.66,1456.1
COST_01828,WO_01828,APU_021,943.37,1592.22,9410.02,10353.39
COST_01829,WO_01829,APU_009,154.5,701.61,1803.14,1957.64
COST_01830,WO_01830,APU_038,277.26,457.7,1258.67,1535.93
COST_01831,WO_01831,APU_036,462.96,715.46,2868.99,3331.95
COST_01832,WO_01832,APU_026,911.3,557.94,1724.03,2635.33
COST_01833,WO_01833,APU_027,1050.82,729.62,3348.96,4399.78
COST_01834,WO_01834,APU_026,756.37,814.8,2591.06,3347.43
COST_01835,WO_01835,APU_019,162.3,1797.36,3486.88,3649.18
COST_01836,WO_01836,APU_021,687.06,1776.79,5898.94,6586.0
COST_01837,WO_01837,APU_026,132.44,1798.1,2607.24,2739.68
COST_01838,WO_01838,APU_023,943.77,480.64,1389.05,2332.82
COST_01839,WO_01839,APU_022,256.45,1158.98,3094.48,3350.93
COST_01840,WO_01840,APU_036,581.64,909.61,2201.26,2782.9
COST_01841,WO_01841,APU_001,892.97,1685.03,4263.13,5156.1
COST_01842,WO_01842,APU_007,303.83,1587.37,1539.75,1843.58
COST_01843,WO_01843,APU_019,413.49,584.31,1174.46,1587.95
COST_01844,WO_01844,APU_029,447.11,826.08,2362.59,2809.7
COST_01845,WO_01845,APU_034,591.0,1223.73,3634.48,4225.48
COST_01846,WO_01846,APU_041,689.44,1006.57,1550.12,2239.56
COST_01847,WO_01847,APU_018,663.32,358.47,1953.66,2616.98
COST_01848,WO_01848,APU_031,786.77,525.51,888.11,1674.88
COST_01849,WO_01849,APU_020,824.19,515.53,2386.9,3211.09
COST_01850,WO_01850,APU_040,680.62,1787.83,6150.14,6830.76
COST_01851,WO_01851,APU_012,165.28,349.87,668.25,833.53
COST_01852,WO_01852,APU_002,1168.38,548.16,3957.72,5126.1
COST_01853,WO_01853,APU_024,501.24,1009.87,1423.92,1925.16
COST_01854,WO_01854,APU_021,1259.54,1192.46,5377.99,6637.53
COST_01855,WO_01855,APU_007,833.94,1120.52,5277.65,6111.59
COST_01856,WO_01856,APU_005,465.12,1236.87,2325.32,2790.44
COST_01857,WO_01857,APU_011,701.15,375.61,2197.32,2898.47
COST_01858,WO_01858,APU_011,508.31,1531.81,3630.39,4138.7
COST_01859,WO_01859,APU_026,866.84,700.7,2235.23,3102.07
COST_01860,WO_01860,APU_004,1020.16,1082.17,3398.01,4418.17
COST_01861,WO_01861,APU_030,433.01,994.54,2506.24,2939.25
COST_01862,WO_01862,APU_050,679.07,1056.69,4490.93,5170.0
COST_01863,WO_01863,APU_030,553.6,983.02,4138.51,4692.11
COST_01864,WO_01864,APU_017,658.88,670.12,696.92,1355.8
COST_01865,WO_01865,APU_013,478.68,611.36,3405.28,3883.96
COST_01866,WO_01866,APU_016,257.98,1308.22,1425.96,1683.94
COST_01867,WO_01867,APU_033,624.35,1633.26,7839.65,8464.0
COST_01868,WO_01868,APU_001,807.8,1275.71,6442.34,7250.14
COST_01869,WO_01869,APU_029,123.8,1173.91,1749.13,1872.93
COST_01870,WO_01870,APU_031,253.37,1074.23,2331.08,2584.45
COST_01871,WO_01871,APU_028,373.45,950.11,1406.16,1779.61
COST_01872,WO_01872,APU_048,656.33,984.46,2382.39,3038.72
COST_01873,WO_01873,APU_020,702.66,1137.27,2604.35,3307.01
COST_01874,WO_01874,APU_041,1091.39,1255.29,5234.56,6325.95
COST_01875,WO_01875,APU_008,1008.6,1130.84,6321.4,7330.0
COST_01876,WO_01876,APU_011,1298.9,1309.43,7673.26,8972.16
COST_01877,WO_01877,APU_042,623.47,343.24,686.48,1309.95
COST_01878,WO_01878,APU_038,1045.78,1365.93,3305.55,4351.33
COST_01879,WO_01879,APU_041,702.26,1092.73,1180.15,1882.41
COST_01880,WO_01880,APU_012,850.97,1701.63,2977.85,3828.82
COST_01881,WO_01881,APU_020,649.48,513.08,2370.43,3019.91
COST_01882,WO_01882,APU_017,1336.57,1008.32,6665.0,8001.57
COST_01883,WO_01883,APU_034,631.73,369.79,510.31,1142.04
COST_01884,WO_01884,APU_034,580.88,360.89,707.34,1288.22
COST_01885,WO_01885,APU_040,1052.93,734.11,1967.41,3020.34
COST_01886,WO_01886,APU_048,436.32,1308.35,4147.47,4583.79
COST_01887,WO_01887,APU_010,648.48,420.13,731.03,1379.51
COST_01888,WO_01888,APU_041,424.45,1476.4,5064.05,5488.5
COST_01889,WO_01889,APU_013,1005.0,1696.3,3545.27,4550.27
COST_01890,WO_01890,APU_001,600.76,658.43,1777.76,2378.52
COST_01891,WO_01891,APU_008,770.44,1284.33,4713.49,5483.93
COST_01892,WO_01892,APU_033,509.56,1233.96,3368.71,3878.27
COST_01893,WO_01893,APU_014,163.16,1612.81,3451.41,3614.57
COST_01894,WO_01894,APU_025,983.67,1351.31,3459.35,4443.02
COST_01895,WO_01895,APU_037,394.47,1656.65,4290.72,4685.19
COST_01896,WO_01896,APU_035,655.08,1160.39,2576.07,3231.15
COST_01897,WO_01897,APU_006,608.5,1484.68,3503.84,4112.34
COST_01898,WO_01898,APU_023,896.82,426.64,2794.49,3691.31
COST_01899,WO_01899,APU_033,583.82,950.24,3515.89,4099.71
COST_01900,WO_01900,APU_050,334.28,887.78,2050.77,2385.05
COST_01901,WO_01901,APU_034,670.67,357.75,1427.42,2098.09
COST_01902,WO_01902,APU_003,609.48,1142.59,2582.25,3191.73
COST_01903,WO_01903,APU_017,460.05,875.0,4532.5,4992.55
COST_01904,WO_01904,APU_032,216.21,1788.26,5954.91,6171.12
COST_01905,WO_01905,APU_033,530.92,1742.29,4460.26,4991.18
COST_01906,WO_01906,APU_014,731.27,1231.01,4283.91,5015.18
COST_01907,WO_01907,APU_012,421.11,1562.26,1796.6,2217.71
COST_01908,WO_01908,APU_008,519.24,539.47,787.63,1306.87
COST_01909,WO_01909,APU_008,366.64,436.58,615.58,982.22
COST_01910,WO_01910,APU_049,764.81,579.48,1703.67,2468.48
COST_01911,WO_01911,APU_014,1218.8,809.07,5703.94,6922.74
COST_01912,WO_01912,APU_014,969.53,1381.24,12804.09,13773.62
COST_01913,WO_01913,APU_046,802.54,970.45,3745.94,4548.48
COST_01914,WO_01914,APU_012,348.32,1526.82,5466.02,5814.34
COST_01915,WO_01915,APU_017,335.31,912.65,921.78,1257.09
COST_01916,WO_01916,APU_030,306.43,690.52,1394.85,1701.28
COST_01917,WO_01917,APU_045,427.11,588.78,1036.25,1463.36
COST_01918,WO_01918,APU_036,959.98,1546.46,2984.67,3944.65
COST_01919,WO_01919,APU_041,619.01,1228.28,3046.13,3665.14
COST_01920,WO_01920,APU_048,449.73,532.95,1119.2,1568.93
COST_01921,WO_01921,APU_020,196.69,1058.66,973.97,1170.66
COST_01922,WO_01922,APU_027,693.95,1706.12,6995.09,7689.04
COST_01923,WO_01923,APU_045,695.57,1239.63,1871.84,2567.41
COST_01924,WO_01924,APU_045,625.03,1054.06,3267.59,3892.62
COST_01925,WO_01925,APU_039,1275.26,1254.25,10673.67,11948.93
COST_01926,WO_01926,APU_037,742.86,1624.13,2663.57,3406.43
COST_01927,WO_01927,APU_030,868.31,1453.91,988.66,1856.97
COST_01928,WO_01928,APU_037,904.89,1099.8,2551.54,3456.43
COST_01929,WO_01929,APU_042,452.38,531.16,2645.18,3097.56
COST_01930,WO_01930,APU_048,691.44,1782.87,14227.3,14918.74
COST_01931,WO_01931,APU_002,740.4,1692.49,2335.64,3076.04
COST_01932,WO_01932,APU_008,833.71,1060.68,3786.63,4620.34
COST_01933,WO_01933,APU_001,415.0,956.53,2008.71,2423.71
COST_01934,WO_01934,APU_049,549.84,1413.84,3619.43,4169.27
COST_01935,WO_01935,APU_010,1192.61,1306.18,15203.94,16396.55
COST_01936,WO_01936,APU_047,135.7,641.7,763.62,899.32
COST_01937,WO_01937,APU_025,290.99,1437.78,4500.25,4791.24
COST_01938,WO_01938,APU_007,604.0,700.93,2467.27,3071.27
COST_01939,WO_01939,APU_044,766.94,626.66,3095.7,3862.64
COST_01940,WO_01940,APU_025,580.46,440.59,1264.49,1844.95
COST_01941,WO_01941,APU_011,767.81,745.41,2400.22,3168.03
COST_01942,WO_01942,APU_031,1016.98,688.52,1507.86,2524.84
COST_01943,WO_01943,APU_004,535.26,714.91,2251.97,2787.23
COST_01944,WO_01944,APU_029,923.54,1453.46,3270.28,4193.82
COST_01945,WO_01945,APU_006,181.62,1354.55,5187.93,5369.55
COST_01946,WO_01946,APU_039,193.39,786.22,1745.41,1938.8
COST_01947,WO_01947,APU_033,768.27,1650.11,5511.37,6279.64
COST_01948,WO_01948,APU_015,813.13,561.79,1499.98,2313.11
COST_01949,WO_01949,APU_011,619.27,596.88,3014.24,3633.51
COST_01950,WO_01950,APU_023,254.36,978.86,2584.19,2838.55
COST_01951,WO_01951,APU_036,201.14,415.06,427.51,628.65
COST_01952,WO_01952,APU_016,1028.85,503.65,2739.86,3768.71
COST_01953,WO_01953,APU_017,604.25,358.68,591.82,1196.07
COST_01954,WO_01954,APU_037,108.2,472.13,897.05,1005.25
COST_01955,WO_01955,APU_048,607.18,1711.4,3354.34,3961.52
COST_01956,WO_01956,APU_035,1114.87,1388.68,8040.46,9155.33
COST_01957,WO_01957,APU_004,284.74,849.85,713.87,998.61
COST_01958,WO_01958,APU_047,1295.06,441.48,6741.4,8036.46
COST_01959,WO_01959,APU_006,907.85,1598.34,7767.93,8675.78
COST_01960,WO_01960,APU_002,472.69,352.78,1083.03,1555.72
COST_01961,WO_01961,APU_027,164.96,1552.85,4099.52,4264.48
COST_01962,WO_01962,APU_038,673.61,1625.74,5169.85,5843.46
COST_01963,WO_01963,APU_004,750.96,1406.4,5091.17,5842.13
COST_01964,WO_01964,APU_045,727.17,1264.07,4904.59,5631.76
COST_01965,WO_01965,APU_010,426.27,1420.88,5243.05,5669.32
COST_01966,WO_01966,APU_017,520.47,760.89,2176.15,2696.62
COST_01967,WO_01967,APU_027,415.99,1101.7,2688.15,3104.14
COST_01968,WO_01968,APU_006,999.0,1295.73,3239.32,4238.32
COST_01969,WO_01969,APU_005,828.14,1315.73,3210.38,4038.52
COST_01970,WO_01970,APU_003,691.65,1079.71,5474.13,6165.78
COST_01971,WO_01971,APU_004,429.59,1232.28,4645.7,5075.29
COST_01972,WO_01972,APU_047,402.1,538.71,290.9,693.0
COST_01973,WO_01973,APU_023,728.96,694.71,2709.37,3438.33
COST_01974,WO_01974,APU_032,507.49,808.51,2449.79,2957.28
COST_01975,WO_01975,APU_025,829.66,1307.03,3515.91,4345.57
COST_01976,WO_01976,APU_015,845.94,1159.89,2551.76,3397.7
COST_01977,WO_01977,APU_016,1015.26,1504.06,7580.46,8595.72
COST_01978,WO_01978,APU_032,794.75,502.42,2301.08,3095.83
COST_01979,WO_01979,APU_032,502.62,1734.19,3086.86,3589.48
COST_01980,WO_01980,APU_043,459.73,762.14,2591.28,3051.01
COST_01981,WO_01981,APU_023,376.59,1303.49,2072.55,2449.14
COST_01982,WO_01982,APU_027,992.01,569.16,722.83,1714.84
COST_01983,WO_01983,APU_030,289.69,1678.47,3239.45,3529.14
COST_01984,WO_01984,APU_003,762.85,1135.8,4963.45,5726.3
COST_01985,WO_01985,APU_009,908.93,1512.94,6944.39,7853.32
COST_01986,WO_01986,APU_048,549.44,987.5,3555.0,4104.44
COST_01987,WO_01987,APU_017,483.07,868.54,3517.59,4000.66
COST_01988,WO_01988,APU_026,632.11,652.2,2354.44,2986.55
COST_01989,WO_01989,APU_043,431.61,670.83,1281.29,1712.9
COST_01990,WO_01990,APU_016,859.18,404.65,1396.04,2255.22
COST_01991,WO_01991,APU_047,783.89,936.19,3950.72,4734.61
COST_01992,WO_01992,APU_026,902.68,797.16,3284.3,4186.98
COST_01993,WO_01993,APU_006,889.05,898.4,4698.63,5587.68
COST_01994,WO_01994,APU_016,693.75,564.33,2262.96,2956.71
COST_01995,WO_01995,APU_016,432.4,892.2,2944.26,3376.66
COST_01996,WO_01996,APU_004,671.17,705.37,3456.31,4127.48
COST_01997,WO_01997,APU_006,609.27,840.62,2252.86,2862.13
COST_01998,WO_01998,APU_016,420.24,645.9,1078.65,1498.89
COST_01999,WO_01999,APU_050,740.85,1157.77,2882.85,3623.7
COST_02000,WO_02000,APU_047,505.1,391.77,705.19,1210.29
COST_02001,WO_02001,APU_024,381.65,1458.49,2741.96,3123.61
COST_02002,WO_02002,APU_034,443.63,710.1,1782.35,2225.98
COST_02003,WO_02003,APU_031,309.6,1623.07,2856.6,3166.2
COST_02004,WO_02004,APU_028,846.52,1697.89,3888.17,4734.69
COST_02005,WO_02005,APU_013,536.55,1196.88,1149.0,1685.55
COST_02006,WO_02006,APU_022,912.76,912.22,2791.39,3704.15
COST_02007,WO_02007,APU_012,267.21,1410.37,3836.21,4103.42
COST_02008,WO_02008,APU_030,423.84,496.57,859.07,1282.91
COST_02009,WO_02009,APU_050,930.45,1470.28,5748.79,6679.24
COST_02010,WO_02010,APU_038,537.6,1659.61,7551.23,8088.83
COST_02011,WO_02011,APU_043,668.1,1090.58,1221.45,1889.55
COST_02012,WO_02012,APU_028,489.71,430.03,769.75,1259.46
COST_02013,WO_02013,APU_006,924.69,1529.57,2722.63,3647.32
COST_02014,WO_02014,APU_005,808.36,1064.82,1725.01,2533.37
COST_02015,WO_02015,APU_019,563.32,1251.07,5367.09,5930.41
COST_02016,WO_02016,APU_035,305.26,1798.01,4387.14,4692.4
COST_02017,WO_02017,APU_048,306.81,752.82,1769.13,2075.94
COST_02018,WO_02018,APU_024,608.48,1508.45,1357.61,1966.09
COST_02019,WO_02019,APU_026,1030.52,341.47,1318.07,2348.59
COST_02020,WO_02020,APU_020,880.64,1782.23,2441.66,3322.3
COST_02021,WO_02021,APU_032,660.91,1561.34,4387.37,5048.28
COST_02022,WO_02022,APU_021,859.46,1463.24,4638.47,5497.93
COST_02023,WO_02023,APU_035,643.66,1583.54,9105.35,9749.01
COST_02024,WO_02024,APU_015,734.37,515.91,681.0,1415.37
COST_02025,WO_02025,APU_025,810.12,1557.37,809.83,1619.95
COST_02026,WO_02026,APU_019,257.42,1120.66,3373.19,3630.61
COST_02027,WO_02027,APU_028,353.34,1340.28,9810.85,10164.19
COST_02028,WO_02028,APU_002,1016.85,1479.5,7944.91,8961.76
COST_02029,WO_02029,APU_017,992.51,1527.31,4658.3,5650.81
COST_02030,WO_02030,APU_014,254.97,1127.77,2334.48,2589.45
COST_02031,WO_02031,APU_029,436.56,1535.97,6512.51,6949.07
COST_02032,WO_02032,APU_025,297.81,1019.16,1620.46,1918.27
COST_02033,WO_02033,APU_010,971.26,1151.85,4066.03,5037.29
COST_02034,WO_02034,APU_028,234.09,420.84,1510.82,1744.91
COST_02035,WO_02035,APU_031,501.34,1195.05,5819.89,6321.23
COST_02036,WO_02036,APU_027,959.49,1134.77,14071.15,15030.64
COST_02037,WO_02037,APU_039,937.82,1576.79,5313.78,6251.6
COST_02038,WO_02038,APU_012,580.53,720.44,1476.9,2057.43
COST_02039,WO_02039,APU_044,319.77,928.83,2489.26,2809.03
COST_02040,WO_02040,APU_039,315.63,523.83,539.54,855.17
COST_02041,WO_02041,APU_044,536.06,846.17,1573.88,2109.94
COST_02042,WO_02042,APU_046,373.88,1227.5,2663.67,3037.55
COST_02043,WO_02043,APU_034,178.84,686.74,1400.95,1579.79
COST_02044,WO_02044,APU_047,579.83,1481.35,4384.8,4964.63
COST_02045,WO_02045,APU_007,298.71,556.11,962.07,1260.78
COST_02046,WO_02046,APU_039,1017.02,611.87,3083.82,4100.84
COST_02047,WO_02047,APU_040,789.23,1049.65,2855.05,3644.28
COST_02048,WO_02048,APU_003,495.87,432.37,1167.4,1663.27
COST_02049,WO_02049,APU_038,371.38,1207.29,2740.55,3111.93
COST_02050,WO_02050,APU_007,398.15,972.48,2878.54,3276.69
COST_02051,WO_02051,APU_035,351.28,1177.02,5037.65,5388.93
COST_02052,WO_02052,APU_006,739.25,1380.51,2333.06,3072.31
COST_02053,WO_02053,APU_003,213.28,1303.82,2464.22,2677.5
COST_02054,WO_02054,APU_018,946.29,1421.25,3268.87,4215.16
COST_02055,WO_02055,APU_028,266.94,1017.34,1322.54,1589.48
COST_02056,WO_02056,APU_017,422.69,1493.52,2583.79,3006.48
COST_02057,WO_02057,APU_045,784.08,368.81,770.81,1554.89
COST_02058,WO_02058,APU_035,550.63,1069.09,4704.0,5254.63
COST_02059,WO_02059,APU_050,996.07,313.19,983.42,1979.49
COST_02060,WO_02060,APU_026,527.71,1309.19,3953.75,4481.46
COST_02061,WO_02061,APU_014,587.18,1096.01,4756.68,5343.86
COST_02062,WO_02062,APU_029,257.91,1187.36,2992.15,3250.06
COST_02063,WO_02063,APU_048,529.62,1180.4,3977.95,4507.57
COST_02064,WO_02064,APU_043,710.04,1538.66,3954.36,4664.4
COST_02065,WO_02065,APU_050,552.48,1704.55,5369.33,5921.81
COST_02066,WO_02066,APU_012,584.87,1517.34,2989.16,3574.03
COST_02067,WO_02067,APU_023,548.17,1340.2,951.54,1499.71
COST_02068,WO_02068,APU_004,552.83,889.43,2241.36,2794.19
COST_02069,WO_02069,APU_026,614.44,1180.38,7011.46,7625.9
COST_02070,WO_02070,APU_049,784.78,1074.23,4855.52,5640.3
COST_02071,WO_02071,APU_011,906.22,1113.86,5146.03,6052.25
COST_02072,WO_02072,APU_008,894.9,1133.59,6076.04,6970.94
COST_02073,WO_02073,APU_050,402.05,871.44,2483.6,2885.65
COST_02074,WO_02074,APU_008,764.21,1157.32,3506.68,4270.89
COST_02075,WO_02075,APU_038,567.89,939.15,1821.95,2389.84
COST_02076,WO_02076,APU_042,933.25,536.53,1223.29,2156.54
COST_02077,WO_02077,APU_012,466.4,1595.1,6077.33,6543.73
COST_02078,WO_02078,APU_047,468.53,1507.74,7945.79,8414.32
COST_02079,WO_02079,APU_043,697.64,1788.93,4508.1,5205.74
COST_02080,WO_02080,APU_040,703.55,1064.11,2255.91,2959.46
COST_02081,WO_02081,APU_043,568.88,900.82,2450.23,3019.11
COST_02082,WO_02082,APU_046,444.38,555.7,2100.55,2544.93
COST_02083,WO_02083,APU_021,477.05,1778.81,2187.94,2664.99
COST_02084,WO_02084,APU_016,707.13,919.72,708.18,1415.31
COST_02085,WO_02085,APU_017,241.16,1569.65,3155.0,3396.16
COST_02086,WO_02086,APU_006,304.9,1196.25,1662.79,1967.69
COST_02087,WO_02087,APU_048,160.77,466.85,961.71,1122.48
COST_02088,WO_02088,APU_014,450.41,1395.36,3502.35,3952.76
COST_02089,WO_02089,APU_023,963.5,1291.21,2737.37,3700.87
COST_02090,WO_02090,APU_018,786.25,1645.74,9940.27,10726.52
COST_02091,WO_02091,APU_048,515.98,1281.84,4165.98,4681.96
COST_02092,WO_02092,APU_026,446.8,382.99,1229.4,1676.2
COST_02093,WO_02093,APU_043,408.22,896.13,3432.18,3840.4
COST_02094,WO_02094,APU_006,944.9,1265.43,1834.87,2779.77
COST_02095,WO_02095,APU_049,598.55,1578.9,7594.51,8193.06
COST_02096,WO_02096,APU_049,362.58,509.01,1328.52,1691.1
COST_02097,WO_02097,APU_042,474.83,466.93,1835.03,2309.86
COST_02098,WO_02098,APU_019,468.99,1585.1,2393.5,2862.49
COST_02099,WO_02099,APU_011,80.42,1586.63,1840.49,1920.91
COST_02100,WO_02100,APU_004,848.1,1437.34,6123.07,6971.17
COST_02101,WO_02101,APU_002,722.56,337.91,1128.62,1851.18
COST_02102,WO_02102,APU_024,714.63,1213.33,2014.13,2728.76
COST_02103,WO_02103,APU_006,867.59,1092.19,1834.88,2702.47
COST_02104,WO_02104,APU_034,528.24,845.38,4269.17,4797.41
COST_02105,WO_02105,APU_008,825.62,985.83,1390.02,2215.64
COST_02106,WO_02106,APU_019,620.92,388.31,2605.56,3226.48
COST_02107,WO_02107,APU_012,381.37,737.69,1224.57,1605.94
COST_02108,WO_02108,APU_044,892.03,501.67,1936.45,2828.48
COST_02109,WO_02109,APU_046,961.5,825.55,1874.0,2835.5
COST_02110,WO_02110,APU_023,984.29,1051.38,3984.73,4969.02
COST_02111,WO_02111,APU_031,291.8,1510.64,3051.49,3343.29
COST_02112,WO_02112,APU_045,369.75,970.5,2416.55,2786.3
COST_02113,WO_02113,APU_005,791.63,1023.5,2845.33,3636.96
COST_02114,WO_02114,APU_032,685.35,494.85,776.91,1462.26
COST_02115,WO_02115,APU_036,243.08,743.66,3041.57,3284.65
COST_02116,WO_02116,APU_015,806.52,645.98,1324.26,2130.78
COST_02117,WO_02117,APU_029,157.17,326.93,784.63,941.8
COST_02118,WO_02118,APU_025,157.66,563.03,883.96,1041.62
COST_02119,WO_02119,APU_013,80.27,768.64,507.3,587.57
COST_02120,WO_02120,APU_015,987.23,872.16,2136.79,3124.02
COST_02121,WO_02121,APU_026,1155.47,897.41,9198.45,10353.92
COST_02122,WO_02122,APU_038,855.78,920.46,3856.73,4712.51
COST_02123,WO_02123,APU_020,421.24,1581.38,4253.91,4675.15
COST_02124,WO_02124,APU_014,815.16,1783.58,4191.41,5006.57
COST_02125,WO_02125,APU_027,650.98,1141.88,3140.17,3791.15
COST_02126,WO_02126,APU_036,351.47,876.99,3218.55,3570.02
COST_02127,WO_02127,APU_034,408.9,1155.58,1640.92,2049.82
COST_02128,WO_02128,APU_001,936.81,459.73,2307.84,3244.65
COST_02129,WO_02129,APU_019,797.1,676.46,2726.13,3523.23
COST_02130,WO_02130,APU_015,792.18,623.21,2511.54,3303.72
COST_02131,WO_02131,APU_002,1119.38,676.51,2340.72,3460.1
COST_02132,WO_02132,APU_045,958.96,1080.4,2971.1,3930.06
COST_02133,WO_02133,APU_037,574.71,883.4,3480.6,4055.31
COST_02134,WO_02134,APU_022,641.35,1410.39,5303.07,5944.42
COST_02135,WO_02135,APU_031,373.77,841.88,1885.81,2259.58
COST_02136,WO_02136,APU_026,506.78,1076.92,2132.3,2639.08
COST_02137,WO_02137,APU_009,652.05,392.49,1126.45,1778.5
COST_02138,WO_02138,APU_035,811.29,316.86,2018.4,2829.69
COST_02139,WO_02139,APU_026,437.69,857.93,1183.94,1621.63
COST_02140,WO_02140,APU_044,406.25,1288.49,1559.07,1965.32
COST_02141,WO_02141,APU_050,546.58,630.24,1878.12,2424.7
COST_02142,WO_02142,APU_020,414.91,675.22,1890.62,2305.53
COST_02143,WO_02143,APU_046,634.3,1295.43,3873.34,4507.64
COST_02144,WO_02144,APU_044,182.84,1545.2,4805.57,4988.41
COST_02145,WO_02145,APU_002,529.75,873.3,2095.92,2625.67
COST_02146,WO_02146,APU_001,949.11,463.3,2858.56,3807.67
COST_02147,WO_02147,APU_043,845.49,1408.07,1591.12,2436.61
COST_02148,WO_02148,APU_047,938.29,1563.81,2689.75,3628.04
COST_02149,WO_02149,APU_041,437.23,1118.0,2873.26,3310.49
COST_02150,WO_02150,APU_025,720.13,1754.61,1930.07,2650.2
COST_02151,WO_02151,APU_001,331.16,1641.29,4053.99,4385.15
COST_02152,WO_02152,APU_041,773.72,1319.72,8947.7,9721.42
COST_02153,WO_02153,APU_030,713.54,528.39,1453.07,2166.61
COST_02154,WO_02154,APU_042,276.24,1505.83,4653.01,4929.25
COST_02155,WO_02155,APU_030,319.06,1081.21,1470.45,1789.51
COST_02156,WO_02156,APU_041,274.89,675.85,1311.15,1586.04
COST_02157,WO_02157,APU_008,854.7,1570.92,3471.73,4326.43
COST_02158,WO_02158,APU_002,629.46,1127.81,2571.41,3200.87
COST_02159,WO_02159,APU_013,526.74,1302.32,7162.76,7689.5
COST_02160,WO_02160,APU_042,857.2,1176.91,4342.8,5200.0
COST_02161,WO_02161,APU_043,644.47,1449.01,2144.53,2789.0
COST_02162,WO_02162,APU_039,359.71,1151.97,3582.63,3942.34
COST_02163,WO_02163,APU_012,587.54,304.75,1091.01,1678.55
COST_02164,WO_02164,APU_040,485.18,919.2,4678.73,5163.91
COST_02165,WO_02165,APU_021,1019.0,975.89,6323.77,7342.77
COST_02166,WO_02166,APU_033,891.43,1298.49,2025.64,2917.07
COST_02167,WO_02167,APU_016,498.2,392.48,682.92,1181.12
COST_02168,WO_02168,APU_016,392.16,635.77,864.65,1256.81
COST_02169,WO_02169,APU_009,680.47,941.97,2251.31,2931.78
COST_02170,WO_02170,APU_038,805.56,1770.96,6216.07,7021.63
COST_02171,WO_02171,APU_009,995.06,321.84,1506.21,2501.27
COST_02172,WO_02172,APU_027,242.66,864.48,2256.29,2498.95
COST_02173,WO_02173,APU_012,418.41,492.95,1123.93,1542.34
COST_02174,WO_02174,APU_014,1068.34,833.94,2460.12,3528.46
COST_02175,WO_02175,APU_040,341.96,1537.52,2644.53,2986.49
COST_02176,WO_02176,APU_004,696.07,1419.04,12175.36,12871.43
COST_02177,WO_02177,APU_010,585.43,919.56,1029.91,1615.34
COST_02178,WO_02178,APU_004,172.85,1369.69,4122.77,4295.62
COST_02179,WO_02179,APU_048,1416.03,843.96,6979.55,8395.58
COST_02180,WO_02180,APU_020,651.68,1428.66,3900.24,4551.92
COST_02181,WO_02181,APU_041,510.51,1070.14,2621.84,3132.35
COST_02182,WO_02182,APU_043,505.44,744.84,1660.99,2166.43
COST_02183,WO_02183,APU_001,730.55,1658.73,4080.48,4811.03
COST_02184,WO_02184,APU_037,665.79,498.24,2879.83,3545.62
COST_02185,WO_02185,APU_009,282.8,358.61,290.47,573.27
COST_02186,WO_02186,APU_031,678.04,940.85,5946.17,6624.21
COST_02187,WO_02187,APU_007,846.9,1007.87,1249.76,2096.66
COST_02188,WO_02188,APU_020,192.9,1725.04,4053.84,4246.74
COST_02189,WO_02189,APU_005,751.39,1034.69,2224.58,2975.97
COST_02190,WO_02190,APU_001,537.37,1587.28,5968.17,6505.54
COST_02191,WO_02191,APU_023,781.63,1077.57,1217.65,1999.28
COST_02192,WO_02192,APU_010,975.79,1319.41,4631.13,5606.92
COST_02193,WO_02193,APU_030,1197.89,1690.53,13997.59,15195.48
COST_02194,WO_02194,APU_029,106.48,1595.74,2042.55,2149.03
COST_02195,WO_02195,APU_050,807.07,890.61,2689.64,3496.71
COST_02196,WO_02196,APU_021,227.74,1553.92,2936.91,3164.65
COST_02197,WO_02197,APU_031,966.63,356.08,1224.92,2191.55
COST_02198,WO_02198,APU_023,915.81,1767.0,4859.25,5775.06
COST_02199,WO_02199,APU_023,822.02,418.41,799.16,1621.18
COST_02200,WO_02200,APU_046,734.93,1379.43,4896.98,5631.91
COST_02201,WO_02201,APU_042,425.85,1203.47,8821.44,9247.29
COST_02202,WO_02202,APU_046,849.37,1003.61,2458.84,3308.21
COST_02203,WO_02203,APU_039,216.65,1414.22,5713.45,5930.1
COST_02204,WO_02204,APU_026,762.94,1680.69,2235.32,2998.26
COST_02205,WO_02205,APU_041,129.45,1217.67,1960.45,2089.9
COST_02206,WO_02206,APU_011,1136.54,640.47,2254.45,3390.99
COST_02207,WO_02207,APU_014,865.71,1774.98,10916.13,11781.84
COST_02208,WO_02208,APU_039,693.26,910.5,3013.76,3707.02
COST_02209,WO_02209,APU_032,576.39,1165.34,2668.63,3245.02
COST_02210,WO_02210,APU_044,712.39,818.67,2226.78,2939.17
COST_02211,WO_02211,APU_006,708.63,425.38,582.77,1291.4
COST_02212,WO_02212,APU_035,1040.1,466.3,1767.28,2807.38
COST_02213,WO_02213,APU_043,705.03,363.07,1604.77,2309.8
COST_02214,WO_02214,APU_002,358.66,1000.45,2120.95,2479.61
COST_02215,WO_02215,APU_046,494.4,1039.1,2182.11,2676.51
COST_02216,WO_02216,APU_041,409.96,1085.38,3418.95,3828.91
COST_02217,WO_02217,APU_047,719.53,1253.92,2683.39,3402.92
COST_02218,WO_02218,APU_009,835.03,1722.53,4513.03,5348.06
COST_02219,WO_02219,APU_024,686.72,1303.14,11246.1,11932.82
COST_02220,WO_02220,APU_009,234.41,761.28,1804.23,2038.64
COST_02221,WO_02221,APU_022,798.35,470.67,1049.59,1847.94
COST_02222,WO_02222,APU_001,374.1,1269.46,2411.97,2786.07
COST_02223,WO_02223,APU_018,729.44,706.36,2889.01,3618.45
COST_02224,WO_02224,APU_011,801.35,991.42,2438.89,3240.24
COST_02225,WO_02225,APU_011,515.76,787.26,1495.79,2011.55
COST_02226,WO_02226,APU_008,496.98,599.01,3366.44,3863.42
COST_02227,WO_02227,APU_009,988.95,739.13,4383.04,5371.99
COST_02228,WO_02228,APU_041,680.01,525.99,1025.68,1705.69
COST_02229,WO_02229,APU_022,345.43,333.13,323.14,668.57
COST_02230,WO_02230,APU_023,484.58,782.76,3702.45,4187.03
COST_02231,WO_02231,APU_026,430.15,1738.38,3250.77,3680.92
COST_02232,WO_02232,APU_032,525.68,996.0,4183.2,4708.88
COST_02233,WO_02233,APU_027,597.71,336.43,309.52,907.23
COST_02234,WO_02234,APU_019,554.77,1771.26,7864.39,8419.16
COST_02235,WO_02235,APU_023,916.75,1694.83,2372.76,3289.51
COST_02236,WO_02236,APU_044,1021.34,1580.52,6416.91,7438.25
COST_02237,WO_02237,APU_032,764.97,1551.65,4251.52,5016.49
COST_02238,WO_02238,APU_024,335.47,1264.45,2035.76,2371.23
COST_02239,WO_02239,APU_029,646.58,908.03,1970.43,2617.01
COST_02240,WO_02240,APU_007,683.23,732.04,2898.88,3582.11
COST_02241,WO_02241,APU_037,350.78,715.91,2061.82,2412.6
COST_02242,WO_02242,APU_038,946.91,956.27,3586.01,4532.92
COST_02243,WO_02243,APU_021,1417.94,1333.1,10744.79,12162.73
COST_02244,WO_02244,APU_024,269.71,774.66,890.86,1160.57
COST_02245,WO_02245,APU_047,830.67,513.65,3400.36,4231.03
COST_02246,WO_02246,APU_011,825.93,1024.54,2950.68,3776.61
COST_02247,WO_02247,APU_014,256.21,890.21,1477.75,1733.96
COST_02248,WO_02248,APU_003,642.23,1556.91,2039.55,2681.78
COST_02249,WO_02249,APU_025,477.72,1698.27,4160.76,4638.48
COST_02250,WO_02250,APU_015,730.39,541.1,2440.36,3170.75
COST_02251,WO_02251,APU_037,486.54,1534.72,3882.84,4369.38
COST_02252,WO_02252,APU_034,322.6,397.01,2477.34,2799.94
COST_02253,WO_02253,APU_039,513.41,1753.67,2139.48,2652.89
COST_02254,WO_02254,APU_045,682.93,875.24,2363.15,3046.08
COST_02255,WO_02255,APU_037,187.77,763.82,1046.43,1234.2
COST_02256,WO_02256,APU_046,403.9,1628.52,5406.69,5810.59
COST_02257,WO_02257,APU_050,412.49,807.78,3578.47,3990.96
COST_02258,WO_02258,APU_014,337.71,1609.57,3476.67,3814.38
COST_02259,WO_02259,APU_026,786.87,873.87,568.02,1354.89
COST_02260,WO_02260,APU_004,1010.69,1361.65,4125.8,5136.49
COST_02261,WO_02261,APU_041,413.34,1265.85,4379.84,4793.18
COST_02262,WO_02262,APU_009,623.55,327.38,1113.09,1736.64
COST_02263,WO_02263,APU_033,836.9,1445.93,7750.18,8587.08
COST_02264,WO_02264,APU_011,344.36,945.78,1428.13,1772.49
COST_02265,WO_02265,APU_017,353.62,1334.37,5270.76,5624.38
COST_02266,WO_02266,APU_007,971.67,1467.47,7689.54,8661.21
COST_02267,WO_02267,APU_039,839.49,798.73,814.7,1654.19
COST_02268,WO_02268,APU_038,864.96,943.59,3057.23,3922.19
COST_02269,WO_02269,APU_027,149.48,1513.83,3118.49,3267.97
COST_02270,WO_02270,APU_025,692.06,1515.31,3939.81,4631.87
COST_02271,WO_02271,APU_022,199.96,633.31,2083.59,2283.55
COST_02272,WO_02272,APU_044,142.18,1353.24,2814.74,2956.92
COST_02273,WO_02273,APU_020,474.35,1018.28,1904.18,2378.53
COST_02274,WO_02274,APU_033,900.0,1344.06,3723.05,4623.05
COST_02275,WO_02275,APU_004,245.16,682.8,1017.37,1262.53
COST_02276,WO_02276,APU_045,783.74,1220.15,1830.23,2613.97
COST_02277,WO_02277,APU_026,479.05,1458.38,5760.6,6239.65
COST_02278,WO_02278,APU_013,412.05,494.4,716.88,1128.93
COST_02279,WO_02279,APU_013,844.9,325.31,1275.22,2120.12
COST_02280,WO_02280,APU_006,377.04,1544.39,5420.81,5797.85
COST_02281,WO_02281,APU_047,436.54,465.5,488.78,925.32
COST_02282,WO_02282,APU_021,756.0,301.03,562.93,1318.93
COST_02283,WO_02283,APU_031,678.82,443.49,2323.89,3002.71
COST_02284,WO_02284,APU_034,659.58,435.42,687.96,1347.54
COST_02285,WO_02285,APU_005,954.67,1145.23,2416.44,3371.11
COST_02286,WO_02286,APU_020,998.78,866.26,3031.91,4030.69
COST_02287,WO_02287,APU_010,386.59,1095.89,4580.82,4967.41
COST_02288,WO_02288,APU_033,777.52,1314.97,3116.48,3894.0
COST_02289,WO_02289,APU_002,758.59,1350.06,2646.12,3404.71
COST_02290,WO_02290,APU_014,314.47,749.7,4453.22,4767.69
COST_02291,WO_02291,APU_035,1192.31,1583.03,11192.02,12384.33
COST_02292,WO_02292,APU_014,472.53,538.78,2510.71,2983.24
COST_02293,WO_02293,APU_037,298.89,808.11,2303.11,2602.0
COST_02294,WO_02294,APU_014,651.31,1660.02,2888.43,3539.74
COST_02295,WO_02295,APU_014,258.89,864.23,1486.48,1745.37
COST_02296,WO_02296,APU_032,678.1,584.02,2114.15,2792.25
COST_02297,WO_02297,APU_043,318.25,801.57,2741.37,3059.62
COST_02298,WO_02298,APU_015,886.68,361.3,2124.44,3011.12
COST_02299,WO_02299,APU_040,203.44,1257.65,4892.26,5095.7
COST_02300,WO_02300,APU_007,343.15,1694.79,2016.8,2359.95
COST_02301,WO_02301,APU_040,482.4,1438.25,6975.51,7457.91
COST_02302,WO_02302,APU_013,698.52,722.65,1134.56,1833.08
COST_02303,WO_02303,APU_007,970.4,1788.04,3933.69,4904.09
COST_02304,WO_02304,APU_002,490.0,501.67,1565.21,2055.21
COST_02305,WO_02305,APU_027,1405.71,700.1,5705.82,7111.53
COST_02306,WO_02306,APU_045,1440.06,367.95,5533.97,6974.03
COST_02307,WO_02307,APU_006,571.92,411.99,1565.56,2137.48
COST_02308,WO_02308,APU_025,810.09,1371.32,3373.45,4183.54
COST_02309,WO_02309,APU_010,288.56,659.24,2406.23,2694.79
COST_02310,WO_02310,APU_029,1049.42,670.0,2968.1,4017.52
COST_02311,WO_02311,APU_044,698.27,1583.97,3611.45,4309.72
COST_02312,WO_02312,APU_018,731.03,1591.62,11618.83,12349.86
COST_02313,WO_02313,APU_038,520.17,547.28,1685.62,2205.79
COST_02314,WO_02314,APU_021,651.32,591.34,2111.08,2762.4
COST_02315,WO_02315,APU_048,1043.39,1354.65,5310.23,6353.62
COST_02316,WO_02316,APU_039,371.61,1260.59,4323.82,4695.43
COST_02317,WO_02317,APU_026,487.83,1376.41,5932.33,6420.16
COST_02318,WO_02318,APU_034,193.17,475.42,922.31,1115.48
COST_02319,WO_02319,APU_038,679.94,1602.94,3205.88,3885.82
COST_02320,WO_02320,APU_048,416.98,616.87,912.97,1329.95
COST_02321,WO_02321,APU_033,698.11,1153.85,3992.32,4690.43
COST_02322,WO_02322,APU_046,393.93,1262.05,5262.75,5656.68
COST_02323,WO_02323,APU_050,370.49,1653.25,5786.38,6156.87
COST_02324,WO_02324,APU_046,1312.98,1125.48,7687.03,9000.01
COST_02325,WO_02325,APU_046,655.94,1275.11,3455.55,4111.49
COST_02326,WO_02326,APU_013,631.72,562.0,2208.66,2840.38
COST_02327,WO_02327,APU_050,683.08,1758.18,2619.69,3302.77
COST_02328,WO_02328,APU_029,439.58,778.04,1711.69,2151.27
COST_02329,WO_02329,APU_034,831.63,620.13,2474.32,3305.95
COST_02330,WO_02330,APU_005,531.92,1723.17,7478.56,8010.48
COST_02331,WO_02331,APU_015,665.77,1381.15,3190.46,3856.23
COST_02332,WO_02332,APU_021,732.99,1067.53,2786.25,3519.24
COST_02333,WO_02333,APU_040,592.71,1515.11,1787.83,2380.54
COST_02334,WO_02334,APU_028,468.62,1464.17,3265.1,3733.72
COST_02335,WO_02335,APU_049,654.74,790.41,3509.42,4164.16
COST_02336,WO_02336,APU_014,851.74,685.22,2555.87,3407.61
COST_02337,WO_02337,APU_023,518.94,1641.93,5878.11,6397.05
COST_02338,WO_02338,APU_015,401.4,1795.63,5009.81,5411.21
COST_02339,WO_02339,APU_009,896.4,1249.63,3411.49,4307.89
COST_02340,WO_02340,APU_015,290.44,1036.22,1958.46,2248.9
COST_02341,WO_02341,APU_036,888.03,1703.24,6795.93,7683.96
COST_02342,WO_02342,APU_014,429.34,664.67,2279.82,2709.16
COST_02343,WO_02343,APU_047,876.3,1339.06,4767.05,5643.35
COST_02344,WO_02344,APU_048,920.43,646.28,1318.41,2238.84
COST_02345,WO_02345,APU_011,623.54,1787.59,1483.7,2107.24
COST_02346,WO_02346,APU_015,387.17,498.42,2477.15,2864.32
COST_02347,WO_02347,APU_036,328.76,1521.3,3179.52,3508.28
COST_02348,WO_02348,APU_035,179.14,844.76,1427.64,1606.78
COST_02349,WO_02349,APU_028,908.48,1776.81,7071.7,7980.18
COST_02350,WO_02350,APU_008,398.12,1567.14,3432.04,3830.16
COST_02351,WO_02351,APU_027,306.5,1573.42,7662.56,7969.06
COST_02352,WO_02352,APU_018,779.83,374.55,1430.78,2210.61
COST_02353,WO_02353,APU_018,811.31,1092.16,4324.95,5136.26
COST_02354,WO_02354,APU_036,810.57,1056.02,1351.71,2162.28
COST_02355,WO_02355,APU_029,391.1,1266.92,6702.01,7093.11
COST_02356,WO_02356,APU_018,303.85,550.17,1727.53,2031.38
COST_02357,WO_02357,APU_030,670.5,436.43,968.87,1639.37
COST_02358,WO_02358,APU_008,299.11,724.68,2130.56,2429.67
COST_02359,WO_02359,APU_037,339.69,1708.33,1742.5,2082.19
COST_02360,WO_02360,APU_041,603.56,432.84,1471.66,2075.22
COST_02361,WO_02361,APU_039,155.4,1668.55,2569.57,2724.97
COST_02362,WO_02362,APU_012,798.51,1118.31,1442.62,2241.13
COST_02363,WO_02363,APU_050,563.32,1562.72,1844.01,2407.33
COST_02364,WO_02364,APU_020,789.24,491.85,2464.17,3253.41
COST_02365,WO_02365,APU_047,235.19,815.78,1566.3,1801.49
COST_02366,WO_02366,APU_023,984.53,396.09,2503.29,3487.82
COST_02367,WO_02367,APU_014,508.76,1359.09,2745.36,3254.12
COST_02368,WO_02368,APU_029,593.39,1115.7,1182.64,1776.03
COST_02369,WO_02369,APU_004,208.51,1703.21,2503.72,2712.23
COST_02370,WO_02370,APU_006,854.54,1219.72,6537.7,7392.24
COST_02371,WO_02371,APU_001,286.65,1135.15,2826.52,3113.17
COST_02372,WO_02372,APU_028,555.65,1412.7,2839.53,3395.18
COST_02373,WO_02373,APU_010,370.91,951.72,2826.61,3197.52
COST_02374,WO_02374,APU_012,1012.13,896.56,3209.68,4221.81
COST_02375,WO_02375,APU_012,709.32,538.48,2708.55,3417.87
COST_02376,WO_02376,APU_044,497.14,320.54,1932.86,2430.0
COST_02377,WO_02377,APU_002,137.22,1014.68,2262.74,2399.96
COST_02378,WO_02378,APU_048,460.92,447.69,586.47,1047.39
COST_02379,WO_02379,APU_014,256.32,1310.66,2844.13,3100.45
COST_02380,WO_02380,APU_003,736.15,352.81,1107.82,1843.97
COST_02381,WO_02381,APU_009,716.92,919.65,1471.44,2188.36
COST_02382,WO_02382,APU_008,706.22,1176.71,1894.5,2600.72
COST_02383,WO_02383,APU_015,433.14,781.03,2561.78,2994.92
COST_02384,WO_02384,APU_011,886.1,734.19,1945.6,2831.7
COST_02385,WO_02385,APU_009,510.91,1188.5,3292.14,3803.05
COST_02386,WO_02386,APU_028,245.43,1762.21,3154.36,3399.79
COST_02387,WO_02387,APU_018,691.85,1449.89,3465.24,4157.09
COST_02388,WO_02388,APU_041,848.88,947.83,1554.44,2403.32
COST_02389,WO_02389,APU_040,457.84,507.71,2254.23,2712.07
COST_02390,WO_02390,APU_025,957.78,786.8,3776.64,4734.42
COST_02391,WO_02391,APU_011,336.49,1314.11,1287.83,1624.32
COST_02392,WO_02392,APU_007,300.44,1238.53,2018.8,2319.24
COST_02393,WO_02393,APU_019,422.23,727.01,865.14,1287.37
COST_02394,WO_02394,APU_014,675.55,1166.33,2216.03,2891.58
COST_02395,WO_02395,APU_010,760.34,1583.9,4118.14,4878.48
COST_02396,WO_02396,APU_022,269.18,581.42,709.33,978.51
COST_02397,WO_02397,APU_048,508.46,1611.18,2642.34,3150.8
COST_02398,WO_02398,APU_036,456.43,1348.52,2103.69,2560.12
COST_02399,WO_02399,APU_026,657.75,468.04,1427.52,2085.27
COST_02400,WO_02400,APU_027,452.12,1407.47,3969.07,4421.19
COST_02401,WO_02401,APU_033,344.62,1692.46,3097.2,3441.82
COST_02402,WO_02402,APU_031,952.68,955.92,2867.76,3820.44
COST_02403,WO_02403,APU_018,661.9,1079.26,2169.31,2831.21
COST_02404,WO_02404,APU_025,450.43,513.22,1200.93,1651.36
COST_02405,WO_02405,APU_013,1052.2,1735.81,11838.22,12890.42
COST_02406,WO_02406,APU_048,653.8,865.89,4918.26,5572.06
COST_02407,WO_02407,APU_013,654.26,494.45,657.62,1311.88
COST_02408,WO_02408,APU_014,721.45,357.47,1533.55,2255.0
COST_02409,WO_02409,APU_042,749.13,1124.56,4779.38,5528.51
COST_02410,WO_02410,APU_044,752.11,705.16,1022.48,1774.59
COST_02411,WO_02411,APU_007,767.26,1328.63,5659.96,6427.22
COST_02412,WO_02412,APU_026,1150.67,1001.86,6341.77,7492.44
COST_02413,WO_02413,APU_015,750.35,318.89,468.77,1219.12
COST_02414,WO_02414,APU_043,655.01,1199.82,1967.7,2622.71
COST_02415,WO_02415,APU_006,1019.86,985.0,4688.6,5708.46
COST_02416,WO_02416,APU_005,898.39,1248.81,3946.24,4844.63
COST_02417,WO_02417,APU_004,373.61,1774.28,6529.35,6902.96
COST_02418,WO_02418,APU_008,496.65,1429.86,4689.94,5186.59
COST_02419,WO_02419,APU_010,1017.0,851.9,2870.9,3887.9
COST_02420,WO_02420,APU_036,640.23,1326.29,1737.44,2377.67
COST_02421,WO_02421,APU_045,915.66,616.77,2985.17,3900.83
COST_02422,WO_02422,APU_035,759.26,1260.31,6515.8,7275.06
COST_02423,WO_02423,APU_008,305.13,356.88,856.51,1161.64
COST_02424,WO_02424,APU_020,297.26,613.9,1626.83,1924.09
COST_02425,WO_02425,APU_006,648.48,1291.37,1510.9,2159.38
COST_02426,WO_02426,APU_032,482.86,423.66,1529.41,2012.27
COST_02427,WO_02427,APU_025,928.29,821.7,3056.72,3985.01
COST_02428,WO_02428,APU_041,258.91,520.86,1369.86,1628.77
COST_02429,WO_02429,APU_016,365.4,727.49,3666.55,4031.95
COST_02430,WO_02430,APU_006,690.05,754.55,1705.28,2395.33
COST_02431,WO_02431,APU_025,335.95,1335.43,4954.45,5290.4
COST_02432,WO_02432,APU_049,544.19,1791.95,2777.52,3321.71
COST_02433,WO_02433,APU_032,945.27,667.62,1789.22,2734.49
COST_02434,WO_02434,APU_028,501.5,1185.89,2929.15,3430.65
COST_02435,WO_02435,APU_002,718.06,1452.63,4474.1,5192.16
COST_02436,WO_02436,APU_024,342.5,358.86,796.67,1139.17
COST_02437,WO_02437,APU_041,274.64,1461.78,3698.3,3972.94
COST_02438,WO_02438,APU_024,597.01,1795.6,7685.17,8282.18
COST_02439,WO_02439,APU_019,796.72,1779.05,3807.17,4603.89
COST_02440,WO_02440,APU_012,302.28,1757.99,1968.95,2271.23
COST_02441,WO_02441,APU_041,729.57,1011.99,7205.37,7934.94
COST_02442,WO_02442,APU_032,805.14,1591.03,9243.88,10049.02
COST_02443,WO_02443,APU_023,418.91,636.9,853.45,1272.36
COST_02444,WO_02444,APU_036,283.29,1501.3,5960.16,6243.45
COST_02445,WO_02445,APU_023,508.96,338.75,697.83,1206.79
COST_02446,WO_02446,APU_039,1006.01,402.34,1263.35,2269.36
COST_02447,WO_02447,APU_023,628.7,1303.5,4171.2,4799.9
COST_02448,WO_02448,APU_011,771.71,1511.04,3611.39,4383.1
COST_02449,WO_02449,APU_008,299.76,1167.71,2066.85,2366.61
COST_02450,WO_02450,APU_002,552.93,1262.53,2348.31,2901.24
COST_02451,WO_02451,APU_016,1028.24,834.52,1368.61,2396.85
COST_02452,WO_02452,APU_019,951.43,556.07,956.44,1907.87
COST_02453,WO_02453,APU_012,321.26,1459.58,3824.1,4145.36
COST_02454,WO_02454,APU_036,265.75,857.1,1568.49,1834.24
COST_02455,WO_02455,APU_007,522.1,307.56,1217.94,1740.04
COST_02456,WO_02456,APU_021,1259.87,1469.95,9054.89,10314.76
COST_02457,WO_02457,APU_045,117.87,1625.22,3217.94,3335.81
COST_02458,WO_02458,APU_039,402.35,1152.78,3573.62,3975.97
COST_02459,WO_02459,APU_025,878.58,1585.41,5675.77,6554.35
COST_02460,WO_02460,APU_049,561.19,684.87,2410.74,2971.93
COST_02461,WO_02461,APU_029,339.7,1428.01,4041.27,4380.97
COST_02462,WO_02462,APU_009,845.19,869.78,3557.4,4402.59
COST_02463,WO_02463,APU_041,651.44,839.77,2972.79,3624.23
COST_02464,WO_02464,APU_021,170.8,962.45,1328.18,1498.98
COST_02465,WO_02465,APU_012,366.15,1254.98,5496.81,5862.96
COST_02466,WO_02466,APU_046,478.67,844.98,3743.26,4221.93
COST_02467,WO_02467,APU_021,278.69,469.79,840.92,1119.61
COST_02468,WO_02468,APU_012,833.42,780.36,2169.4,3002.82
COST_02469,WO_02469,APU_004,822.58,742.66,2940.93,3763.51
COST_02470,WO_02470,APU_023,890.22,1084.09,2623.5,3513.72
COST_02471,WO_02471,APU_015,655.03,1759.05,8619.35,9274.38
COST_02472,WO_02472,APU_012,530.18,1107.08,11048.66,11578.84
COST_02473,WO_02473,APU_009,135.37,1449.23,2550.64,2686.01
COST_02474,WO_02474,APU_023,799.23,914.81,1161.81,1961.04
COST_02475,WO_02475,APU_001,981.07,943.94,3030.05,4011.12
COST_02476,WO_02476,APU_015,559.06,936.18,3782.17,4341.23
COST_02477,WO_02477,APU_012,788.96,1019.57,2436.77,3225.73
COST_02478,WO_02478,APU_042,1004.14,591.27,3577.18,4581.32
COST_02479,WO_02479,APU_039,248.28,1493.57,1941.64,2189.92
COST_02480,WO_02480,APU_007,335.31,300.93,1197.7,1533.01
COST_02481,WO_02481,APU_005,443.51,1300.15,2535.29,2978.8
COST_02482,WO_02482,APU_015,537.36,1308.68,9160.76,9698.12
COST_02483,WO_02483,APU_006,930.39,1399.67,11379.32,12309.71
COST_02484,WO_02484,APU_022,339.43,1725.68,3071.71,3411.14
COST_02485,WO_02485,APU_048,170.41,1211.47,2435.05,2605.46
COST_02486,WO_02486,APU_043,676.43,1356.98,5916.43,6592.86
COST_02487,WO_02487,APU_023,235.12,547.25,1203.95,1439.07
COST_02488,WO_02488,APU_045,340.29,1085.29,2876.02,3216.31
COST_02489,WO_02489,APU_010,787.1,1711.28,4723.13,5510.23
COST_02490,WO_02490,APU_025,193.72,341.05,324.0,517.72
COST_02491,WO_02491,APU_044,741.01,395.79,1068.63,1809.64
COST_02492,WO_02492,APU_041,777.46,1531.55,2848.68,3626.14
COST_02493,WO_02493,APU_006,557.14,1216.52,2518.2,3075.34
COST_02494,WO_02494,APU_022,1210.11,1023.28,6149.91,7360.02
COST_02495,WO_02495,APU_010,639.63,1387.18,1886.56,2526.19
COST_02496,WO_02496,APU_040,337.69,1009.79,4291.61,4629.3
COST_02497,WO_02497,APU_032,736.5,1409.37,3283.83,4020.33
COST_02498,WO_02498,APU_034,587.59,1681.52,3917.94,4505.53
COST_02499,WO_02499,APU_023,951.35,720.83,3027.49,3978.84
COST_02500,WO_02500,APU_005,553.64,1128.26,3700.69,4254.33
COST_02501,WO_02501,APU_016,680.17,552.28,2054.48,2734.65
COST_02502,WO_02502,APU_017,262.03,698.23,3232.8,3494.83
COST_02503,WO_02503,APU_037,270.47,1278.54,2902.29,3172.76
COST_02504,WO_02504,APU_001,508.44,762.84,1479.91,1988.35
COST_02505,WO_02505,APU_010,963.17,1002.94,1504.41,2467.58
COST_02506,WO_02506,APU_012,858.5,1304.32,2256.47,3114.97
COST_02507,WO_02507,APU_044,1152.38,1646.34,22653.64,23806.02
COST_02508,WO_02508,APU_001,676.35,917.34,4944.46,5620.81
COST_02509,WO_02509,APU_023,114.66,579.08,747.01,861.67
COST_02510,WO_02510,APU_030,218.08,525.89,688.92,907.0
COST_02511,WO_02511,APU_029,738.73,322.61,1142.04,1880.77
COST_02512,WO_02512,APU_037,529.93,485.57,1782.04,2311.97
COST_02513,WO_02513,APU_050,233.59,1637.34,6025.41,6259.0
COST_02514,WO_02514,APU_034,376.09,428.24,1010.65,1386.74
COST_02515,WO_02515,APU_004,379.43,1106.05,2809.37,3188.8
COST_02516,WO_02516,APU_050,1090.4,1669.43,5442.34,6532.74
COST_02517,WO_02517,APU_002,616.1,1204.57,3433.02,4049.12
COST_02518,WO_02518,APU_047,209.6,1141.68,913.34,1122.94
COST_02519,WO_02519,APU_028,732.13,1549.35,3718.44,4450.57
COST_02520,WO_02520,APU_037,780.6,578.58,983.59,1764.19
COST_02521,WO_02521,APU_037,486.38,1239.99,3707.57,4193.95
COST_02522,WO_02522,APU_007,615.74,1098.6,15424.34,16040.08
COST_02523,WO_02523,APU_014,390.74,666.64,2219.91,2610.65
COST_02524,WO_02524,APU_004,886.6,717.94,1644.08,2530.68
COST_02525,WO_02525,APU_044,450.66,1715.32,7736.09,8186.75
COST_02526,WO_02526,APU_031,459.72,1075.72,3808.05,4267.77
COST_02527,WO_02527,APU_007,411.53,1096.45,3749.86,4161.39
COST_02528,WO_02528,APU_036,853.5,865.13,3287.49,4140.99
COST_02529,WO_02529,APU_043,671.31,709.39,5973.06,6644.37
COST_02530,WO_02530,APU_024,667.3,997.42,1456.23,2123.53
COST_02531,WO_02531,APU_006,513.5,1549.22,5468.75,5982.25
COST_02532,WO_02532,APU_011,960.41,1496.01,2438.5,3398.91
COST_02533,WO_02533,APU_035,833.94,1613.23,5952.82,6786.76
COST_02534,WO_02534,APU_028,332.71,755.89,1239.66,1572.37
COST_02535,WO_02535,APU_038,272.49,1618.47,3495.9,3768.39
COST_02536,WO_02536,APU_030,458.03,921.81,2129.38,2587.41
COST_02537,WO_02537,APU_028,389.28,1401.01,6514.7,6903.98
COST_02538,WO_02538,APU_010,430.11,1153.58,5191.11,5621.22
COST_02539,WO_02539,APU_031,568.4,497.48,681.55,1249.95
COST_02540,WO_02540,APU_021,309.6,1678.66,4700.25,5009.85
COST_02541,WO_02541,APU_028,904.89,1377.36,2534.34,3439.23
COST_02542,WO_02542,APU_035,258.61,556.61,756.99,1015.6
COST_02543,WO_02543,APU_036,468.52,504.59,1216.06,1684.58
COST_02544,WO_02544,APU_049,163.99,1476.35,3380.84,3544.83
COST_02545,WO_02545,APU_013,828.31,1212.86,12528.84,13357.15
COST_02546,WO_02546,APU_010,543.85,888.1,3063.95,3607.8
COST_02547,WO_02547,APU_044,589.91,554.97,704.81,1294.72
COST_02548,WO_02548,APU_007,822.62,1107.73,2204.38,3027.0
COST_02549,WO_02549,APU_025,846.22,1056.79,5040.89,5887.11
COST_02550,WO_02550,APU_019,919.08,1329.27,11391.84,12310.92
COST_02551,WO_02551,APU_002,553.44,1647.33,1877.96,2431.4
COST_02552,WO_02552,APU_044,726.53,1685.99,1635.41,2361.94
COST_02553,WO_02553,APU_006,540.62,1081.26,8228.39,8769.01
COST_02554,WO_02554,APU_002,395.25,1753.06,5907.81,6303.06
COST_02555,WO_02555,APU_032,432.35,1223.2,2067.21,2499.56
COST_02556,WO_02556,APU_005,328.55,1349.37,4925.2,5253.75
COST_02557,WO_02557,APU_023,321.91,895.9,573.38,895.29
COST_02558,WO_02558,APU_015,599.98,1559.89,4242.9,4842.88
COST_02559,WO_02559,APU_039,582.4,1186.48,3867.92,4450.32
COST_02560,WO_02560,APU_025,686.25,1786.4,8074.53,8760.78
COST_02561,WO_02561,APU_010,733.25,1351.14,2107.78,2841.03
COST_02562,WO_02562,APU_028,148.49,1269.08,3616.88,3765.37
COST_02563,WO_02563,APU_038,306.22,392.53,639.82,946.04
COST_02564,WO_02564,APU_002,602.93,1518.97,4754.38,5357.31
COST_02565,WO_02565,APU_021,142.78,427.88,710.28,853.06
COST_02566,WO_02566,APU_026,778.2,1132.2,2456.87,3235.07
COST_02567,WO_02567,APU_021,707.05,653.37,1025.79,1732.84
COST_02568,WO_02568,APU_006,944.71,1528.66,5946.49,6891.2
COST_02569,WO_02569,APU_036,988.26,1066.96,4651.95,5640.21
COST_02570,WO_02570,APU_012,764.51,836.62,1999.52,2764.03
COST_02571,WO_02571,APU_040,891.9,740.23,2057.84,2949.74
COST_02572,WO_02572,APU_027,256.77,1491.43,1834.46,2091.23
COST_02573,WO_02573,APU_009,616.32,1309.9,3025.87,3642.19
COST_02574,WO_02574,APU_045,1100.67,1358.61,3586.73,4687.4
COST_02575,WO_02575,APU_006,1047.97,1242.36,14274.72,15322.69
COST_02576,WO_02576,APU_032,104.81,1174.9,1727.1,1831.91
COST_02577,WO_02577,APU_009,1223.49,1729.47,10515.18,11738.67
COST_02578,WO_02578,APU_049,899.02,1329.09,6246.72,7145.74
COST_02579,WO_02579,APU_031,326.97,1406.78,4459.49,4786.46
COST_02580,WO_02580,APU_006,538.9,648.95,4639.99,5178.89
COST_02581,WO_02581,APU_028,257.94,1508.31,5037.76,5295.7
COST_02582,WO_02582,APU_029,1054.91,636.65,2145.51,3200.42
COST_02583,WO_02583,APU_012,206.77,1266.16,3342.66,3549.43
COST_02584,WO_02584,APU_009,489.54,1381.69,7364.41,7853.95
COST_02585,WO_02585,APU_025,559.8,633.31,3147.55,3707.35
COST_02586,WO_02586,APU_002,486.79,624.67,1205.61,1692.4
COST_02587,WO_02587,APU_031,486.47,1008.29,1330.94,1817.41
COST_02588,WO_02588,APU_023,251.86,826.14,2007.52,2259.38
COST_02589,WO_02589,APU_034,785.04,1198.24,2096.92,2881.96
COST_02590,WO_02590,APU_046,381.83,1539.35,4033.1,4414.93
COST_02591,WO_02591,APU_036,1101.9,1278.12,6863.5,7965.4
COST_02592,WO_02592,APU_050,216.55,881.78,1860.56,2077.11
COST_02593,WO_02593,APU_041,1044.53,1633.19,4344.29,5388.82
COST_02594,WO_02594,APU_011,221.4,659.47,1853.11,2074.51
COST_02595,WO_02595,APU_011,562.65,597.79,2588.43,3151.08
COST_02596,WO_02596,APU_011,636.94,1721.76,1360.19,1997.13
COST_02597,WO_02597,APU_012,960.04,1671.08,3258.61,4218.65
COST_02598,WO_02598,APU_016,557.72,1286.32,3923.28,4481.0
COST_02599,WO_02599,APU_020,551.05,1169.77,6152.99,6704.04
COST_02600,WO_02600,APU_047,260.67,743.08,1538.18,1798.85
COST_02601,WO_02601,APU_017,884.89,1060.69,1028.87,1913.76
COST_02602,WO_02602,APU_033,722.44,683.44,2610.74,3333.18
COST_02603,WO_02603,APU_042,685.92,301.08,578.07,1263.99
COST_02604,WO_02604,APU_026,749.6,1045.09,1473.58,2223.18
COST_02605,WO_02605,APU_024,899.01,1067.99,2061.22,2960.23
COST_02606,WO_02606,APU_011,664.24,1649.72,4058.31,4722.55
COST_02607,WO_02607,APU_016,1019.22,1182.39,2305.66,3324.88
COST_02608,WO_02608,APU_021,716.03,1558.08,1262.04,1978.07
COST_02609,WO_02609,APU_026,383.3,688.85,3065.38,3448.68
COST_02610,WO_02610,APU_037,527.54,1448.69,7938.82,8466.36
COST_02611,WO_02611,APU_018,840.79,722.01,2808.62,3649.41
COST_02612,WO_02612,APU_009,345.48,1552.1,2250.54,2596.02
COST_02613,WO_02613,APU_022,339.09,1024.49,2489.51,2828.6
COST_02614,WO_02614,APU_030,561.29,992.3,2689.13,3250.42
COST_02615,WO_02615,APU_006,757.67,663.69,2508.75,3266.42
COST_02616,WO_02616,APU_011,500.0,404.86,1591.1,2091.1
COST_02617,WO_02617,APU_044,774.33,772.54,1406.02,2180.35
COST_02618,WO_02618,APU_015,702.76,1762.88,5006.58,5709.34
COST_02619,WO_02619,APU_041,1128.66,722.26,2527.91,3656.57
COST_02620,WO_02620,APU_021,1245.55,1242.29,7515.85,8761.4
COST_02621,WO_02621,APU_021,708.6,1119.48,4477.92,5186.52
COST_02622,WO_02622,APU_031,785.86,892.88,3750.1,4535.96
COST_02623,WO_02623,APU_007,223.42,1361.62,3880.62,4104.04
COST_02624,WO_02624,APU_047,982.94,358.79,2116.86,3099.8
COST_02625,WO_02625,APU_033,433.1,1742.73,5942.71,6375.81
COST_02626,WO_02626,APU_011,345.56,1069.95,1808.22,2153.78
COST_02627,WO_02627,APU_002,733.39,819.86,4820.78,5554.17
COST_02628,WO_02628,APU_020,977.44,1222.97,4879.65,5857.09
COST_02629,WO_02629,APU_044,153.87,1695.39,3611.18,3765.05
COST_02630,WO_02630,APU_018,598.06,1567.52,3276.12,3874.18
COST_02631,WO_02631,APU_033,989.28,390.13,1248.42,2237.7
COST_02632,WO_02632,APU_026,765.17,510.39,1791.47,2556.64
COST_02633,WO_02633,APU_007,860.52,1020.65,3092.57,3953.09
COST_02634,WO_02634,APU_030,331.13,1569.21,5068.55,5399.68
COST_02635,WO_02635,APU_041,1237.05,363.87,2517.98,3755.03
COST_02636,WO_02636,APU_028,887.32,1172.39,5744.71,6632.03
COST_02637,WO_02637,APU_043,544.32,1528.29,4615.44,5159.76
COST_02638,WO_02638,APU_027,841.16,502.27,2290.35,3131.51
COST_02639,WO_02639,APU_029,475.36,1614.52,2486.36,2961.72
COST_02640,WO_02640,APU_047,407.66,471.59,1593.97,2001.63
COST_02641,WO_02641,APU_026,1252.4,1583.85,11641.3,12893.7
COST_02642,WO_02642,APU_008,260.03,1615.58,3893.55,4153.58
COST_02643,WO_02643,APU_001,296.67,368.15,629.54,926.21
COST_02644,WO_02644,APU_013,647.55,1366.7,2596.73,3244.28
COST_02645,WO_02645,APU_009,194.57,1697.02,2528.56,2723.13
COST_02646,WO_02646,APU_048,568.56,1740.09,3079.96,3648.52
COST_02647,WO_02647,APU_049,687.4,917.81,2037.54,2724.94
COST_02648,WO_02648,APU_018,335.82,1139.92,1424.9,1760.72
COST_02649,WO_02649,APU_028,268.42,1385.37,3795.91,4064.33
COST_02650,WO_02650,APU_012,716.14,1191.71,5315.03,6031.17
COST_02651,WO_02651,APU_007,150.41,1129.94,1864.4,2014.81
COST_02652,WO_02652,APU_016,782.85,673.23,4221.15,5004.0
COST_02653,WO_02653,APU_047,695.94,1692.49,6092.96,6788.9
COST_02654,WO_02654,APU_016,452.18,1347.32,6453.66,6905.84
COST_02655,WO_02655,APU_028,441.91,367.89,695.31,1137.22
COST_02656,WO_02656,APU_045,1205.01,1371.54,5966.2,7171.21
COST_02657,WO_02657,APU_028,749.13,894.96,1333.49,2082.62
COST_02658,WO_02658,APU_012,731.53,335.69,1490.46,2221.99
COST_02659,WO_02659,APU_040,190.76,1551.45,4638.84,4829.6
COST_02660,WO_02660,APU_040,855.74,1477.57,5452.23,6307.97
COST_02661,WO_02661,APU_028,247.23,888.6,1261.81,1509.04
COST_02662,WO_02662,APU_049,849.48,311.95,517.84,1367.32
COST_02663,WO_02663,APU_049,487.99,1744.39,6593.79,7081.78
COST_02664,WO_02664,APU_032,302.68,428.19,689.39,992.07
COST_02665,WO_02665,APU_003,824.15,618.69,2171.6,2995.75
COST_02666,WO_02666,APU_005,779.66,589.09,754.04,1533.7
COST_02667,WO_02667,APU_047,843.15,1780.01,7707.44,8550.59
COST_02668,WO_02668,APU_050,769.68,610.84,842.96,1612.64
COST_02669,WO_02669,APU_033,1153.56,982.47,3615.49,4769.05
COST_02670,WO_02670,APU_017,792.46,1117.64,4280.56,5073.02
COST_02671,WO_02671,APU_002,237.99,503.61,931.68,1169.67
COST_02672,WO_02672,APU_044,1004.42,1475.05,5516.69,6521.11
COST_02673,WO_02673,APU_037,622.55,976.99,3067.75,3690.3
COST_02674,WO_02674,APU_022,376.43,1693.82,3421.52,3797.95
COST_02675,WO_02675,APU_048,89.5,1349.67,2105.49,2194.99
COST_02676,WO_02676,APU_018,584.24,1313.39,1208.32,1792.56
COST_02677,WO_02677,APU_045,427.6,855.43,2814.36,3241.96
COST_02678,WO_02678,APU_037,287.96,1157.53,1331.16,1619.12
COST_02679,WO_02679,APU_007,683.2,785.75,2247.24,2930.44
COST_02680,WO_02680,APU_023,771.23,846.39,1989.02,2760.25
COST_02681,WO_02681,APU_005,490.99,875.24,3457.2,3948.19
COST_02682,WO_02682,APU_007,449.74,1429.56,3287.99,3737.73
COST_02683,WO_02683,APU_007,782.35,1626.28,3691.66,4474.01
COST_02684,WO_02684,APU_037,829.08,1517.27,6175.29,7004.37
COST_02685,WO_02685,APU_008,325.8,639.7,2091.82,2417.62
COST_02686,WO_02686,APU_013,484.75,1588.33,5130.31,5615.06
COST_02687,WO_02687,APU_008,505.18,866.36,3049.59,3554.77
COST_02688,WO_02688,APU_038,728.67,1282.72,1500.78,2229.45
COST_02689,WO_02689,APU_044,501.44,1600.8,6595.3,7096.74
COST_02690,WO_02690,APU_045,591.41,1529.64,5827.93,6419.34
COST_02691,WO_02691,APU_010,650.19,1022.22,1584.44,2234.63
COST_02692,WO_02692,APU_036,737.41,871.11,2073.24,2810.65
COST_02693,WO_02693,APU_046,589.12,739.02,1965.79,2554.91
COST_02694,WO_02694,APU_023,1021.88,1195.75,3013.29,4035.17
COST_02695,WO_02695,APU_007,1018.27,610.51,1996.37,3014.64
COST_02696,WO_02696,APU_039,609.93,1509.88,9013.98,9623.91
COST_02697,WO_02697,APU_024,373.17,1742.59,8590.97,8964.14
COST_02698,WO_02698,APU_045,287.31,1392.41,1837.98,2125.29
COST_02699,WO_02699,APU_027,823.94,853.05,3267.18,4091.12
COST_02700,WO_02700,APU_028,878.98,431.86,2440.01,3318.99
COST_02701,WO_02701,APU_001,356.05,881.99,2963.49,3319.54
COST_02702,WO_02702,APU_007,679.36,735.62,3641.32,4320.68
COST_02703,WO_02703,APU_047,469.59,1707.81,14038.2,14507.79
COST_02704,WO_02704,APU_019,564.57,384.75,1835.26,2399.83
COST_02705,WO_02705,APU_043,293.23,1688.61,5268.46,5561.69
COST_02706,WO_02706,APU_045,348.77,1558.1,7525.62,7874.39
COST_02707,WO_02707,APU_043,876.68,472.21,1388.3,2264.98
COST_02708,WO_02708,APU_001,350.54,954.45,2624.74,2975.28
COST_02709,WO_02709,APU_030,600.54,509.21,1140.63,1741.17
COST_02710,WO_02710,APU_044,1201.69,573.24,3680.2,4881.89
COST_02711,WO_02711,APU_042,837.45,1577.71,2729.44,3566.89
COST_02712,WO_02712,APU_041,938.77,1194.2,7535.4,8474.17
COST_02713,WO_02713,APU_050,821.51,380.05,1360.58,2182.09
COST_02714,WO_02714,APU_005,703.62,498.89,628.6,1332.22
COST_02715,WO_02715,APU_018,218.14,896.53,2985.44,3203.58
COST_02716,WO_02716,APU_018,669.9,540.73,465.03,1134.93
COST_02717,WO_02717,APU_017,1036.76,905.51,3468.1,4504.86
COST_02718,WO_02718,APU_040,488.92,1560.42,6897.06,7385.98
COST_02719,WO_02719,APU_019,376.83,872.51,1710.12,2086.95
COST_02720,WO_02720,APU_002,702.18,499.69,1454.1,2156.28
COST_02721,WO_02721,APU_049,1098.59,461.7,3675.13,4773.72
COST_02722,WO_02722,APU_016,388.89,1115.97,2298.9,2687.79
COST_02723,WO_02723,APU_026,625.71,1209.17,1837.94,2463.65
COST_02724,WO_02724,APU_003,1006.03,1705.93,10474.41,11480.44
COST_02725,WO_02725,APU_018,1263.49,1643.24,13145.92,14409.41
COST_02726,WO_02726,APU_030,1023.91,626.57,1704.27,2728.18
COST_02727,WO_02727,APU_038,415.2,1772.12,8399.85,8815.05
COST_02728,WO_02728,APU_049,651.5,1137.02,6458.27,7109.77
COST_02729,WO_02729,APU_022,413.8,817.26,1479.24,1893.04
COST_02730,WO_02730,APU_005,520.8,861.68,1792.29,2313.09
COST_02731,WO_02731,APU_043,557.72,1589.81,8505.48,9063.2
COST_02732,WO_02732,APU_037,1224.16,1722.78,11835.5,13059.66
COST_02733,WO_02733,APU_049,1047.55,1308.7,4842.19,5889.74
COST_02734,WO_02734,APU_022,665.8,439.32,738.06,1403.86
COST_02735,WO_02735,APU_036,802.47,1699.88,13786.03,14588.5
COST_02736,WO_02736,APU_029,501.4,1718.28,3488.11,3989.51
COST_02737,WO_02737,APU_046,701.15,1497.14,3383.54,4084.69
COST_02738,WO_02738,APU_041,906.41,1684.63,5525.59,6432.0
COST_02739,WO_02739,APU_043,516.95,1164.45,7440.84,7957.79
COST_02740,WO_02740,APU_050,470.89,1787.15,7774.1,8244.99
COST_02741,WO_02741,APU_040,855.65,1609.85,5489.59,6345.24
COST_02742,WO_02742,APU_046,413.97,1794.57,6298.94,6712.91
COST_02743,WO_02743,APU_025,655.74,1672.16,4648.6,5304.34
COST_02744,WO_02744,APU_017,681.91,1123.89,4147.15,4829.06
COST_02745,WO_02745,APU_015,862.94,797.49,542.29,1405.23
COST_02746,WO_02746,APU_031,1036.04,1170.82,2704.59,3740.63
COST_02747,WO_02747,APU_018,291.26,353.98,1097.34,1388.6
COST_02748,WO_02748,APU_025,569.01,531.6,765.5,1334.51
COST_02749,WO_02749,APU_017,962.89,1298.05,4361.45,5324.34
COST_02750,WO_02750,APU_033,412.61,345.62,839.86,1252.47
COST_02751,WO_02751,APU_017,579.08,1383.26,9876.48,10455.56
COST_02752,WO_02752,APU_002,1116.29,1615.79,10438.0,11554.29
COST_02753,WO_02753,APU_006,325.05,535.45,1124.45,1449.5
COST_02754,WO_02754,APU_050,719.11,1148.15,2870.38,3589.49
COST_02755,WO_02755,APU_037,585.0,1225.13,3197.59,3782.59
COST_02756,WO_02756,APU_016,148.53,731.93,1551.69,1700.22
COST_02757,WO_02757,APU_024,924.91,1156.06,3502.86,4427.77
COST_02758,WO_02758,APU_028,669.99,466.62,835.25,1505.24
COST_02759,WO_02759,APU_004,791.44,1237.46,1806.69,2598.13
COST_02760,WO_02760,APU_005,676.28,664.37,2544.54,3220.82
COST_02761,WO_02761,APU_044,955.33,1752.22,6728.52,7683.85
COST_02762,WO_02762,APU_028,780.58,1049.76,1837.08,2617.66
COST_02763,WO_02763,APU_033,900.12,856.23,3810.22,4710.34
COST_02764,WO_02764,APU_043,388.07,1455.08,2793.75,3181.82
COST_02765,WO_02765,APU_024,673.82,560.46,1748.64,2422.46
COST_02766,WO_02766,APU_046,916.76,830.97,3548.24,4465.0
COST_02767,WO_02767,APU_028,289.77,1734.57,4631.3,4921.07
COST_02768,WO_02768,APU_012,233.78,305.16,1065.01,1298.79
COST_02769,WO_02769,APU_025,781.44,1578.1,3235.1,4016.54
COST_02770,WO_02770,APU_017,783.0,1546.96,3774.58,4557.58
COST_02771,WO_02771,APU_001,681.32,508.51,1235.68,1917.0
COST_02772,WO_02772,APU_033,581.09,1126.3,2027.34,2608.43
COST_02773,WO_02773,APU_020,832.29,1058.86,2615.38,3447.67
COST_02774,WO_02774,APU_005,426.15,778.47,903.03,1329.18
COST_02775,WO_02775,APU_027,412.96,884.47,1830.85,2243.81
COST_02776,WO_02776,APU_045,541.77,1269.4,2945.01,3486.78
COST_02777,WO_02777,APU_046,970.44,1414.35,3337.87,4308.31
COST_02778,WO_02778,APU_024,478.0,1013.4,2411.89,2889.89
COST_02779,WO_02779,APU_035,719.51,1771.7,4659.57,5379.08
COST_02780,WO_02780,APU_047,265.08,661.91,2343.16,2608.24
COST_02781,WO_02781,APU_017,643.81,568.38,2500.87,3144.68
COST_02782,WO_02782,APU_048,883.55,903.56,1716.76,2600.31
COST_02783,WO_02783,APU_005,644.05,1195.85,1674.19,2318.24
COST_02784,WO_02784,APU_019,613.18,1749.45,2676.66,3289.84
COST_02785,WO_02785,APU_013,454.77,1085.38,2257.59,2712.36
COST_02786,WO_02786,APU_019,183.49,600.64,1345.43,1528.92
COST_02787,WO_02787,APU_040,404.54,695.69,1238.33,1642.87
COST_02788,WO_02788,APU_030,633.05,1329.87,1768.73,2401.78
COST_02789,WO_02789,APU_036,445.82,853.11,1808.59,2254.41
COST_02790,WO_02790,APU_010,744.34,1761.38,5284.14,6028.48
COST_02791,WO_02791,APU_027,386.26,406.75,1533.45,1919.71
COST_02792,WO_02792,APU_011,504.75,1229.39,2458.78,2963.53
COST_02793,WO_02793,APU_033,173.12,1328.18,2882.15,3055.27
COST_02794,WO_02794,APU_042,614.71,1254.93,2045.54,2660.25
COST_02795,WO_02795,APU_032,868.18,1732.89,4626.82,5495.0
COST_02796,WO_02796,APU_032,472.5,859.83,1461.71,1934.21
COST_02797,WO_02797,APU_003,419.85,1005.95,3752.19,4172.04
COST_02798,WO_02798,APU_013,88.49,1516.82,1547.16,1635.65
COST_02799,WO_02799,APU_012,502.13,884.22,1971.81,2473.94
COST_02800,WO_02800,APU_041,721.58,384.25,1233.44,1955.02
COST_02801,WO_02801,APU_012,299.12,1111.64,3346.04,3645.16
COST_02802,WO_02802,APU_029,1010.01,1157.64,13845.37,14855.38
COST_02803,WO_02803,APU_041,863.96,1375.76,4526.25,5390.21
COST_02804,WO_02804,APU_003,880.46,1514.65,2362.85,3243.31
COST_02805,WO_02805,APU_033,1039.0,1087.08,2804.67,3843.67
COST_02806,WO_02806,APU_028,475.1,1070.05,1091.45,1566.55
COST_02807,WO_02807,APU_042,234.52,1208.79,3142.85,3377.37
COST_02808,WO_02808,APU_001,851.47,899.26,1546.73,2398.2
COST_02809,WO_02809,APU_014,293.05,1348.53,6068.39,6361.44
COST_02810,WO_02810,APU_047,410.18,1536.22,3087.8,3497.98
COST_02811,WO_02811,APU_030,766.4,528.26,1347.06,2113.46
COST_02812,WO_02812,APU_006,624.52,1210.05,2323.3,2947.82
COST_02813,WO_02813,APU_009,1027.17,1112.01,7861.91,8889.08
COST_02814,WO_02814,APU_022,150.21,1726.71,3936.9,4087.11
COST_02815,WO_02815,APU_034,532.94,1643.6,12244.82,12777.76
COST_02816,WO_02816,APU_003,388.01,675.02,2868.84,3256.85
COST_02817,WO_02817,APU_032,861.21,1735.7,6144.38,7005.59
COST_02818,WO_02818,APU_036,538.77,1793.47,5972.26,6511.03
COST_02819,WO_02819,APU_010,654.7,356.76,1205.85,1860.55
COST_02820,WO_02820,APU_023,918.79,1483.97,1394.93,2313.72
COST_02821,WO_02821,APU_035,137.09,1282.06,2987.2,3124.29
COST_02822,WO_02822,APU_044,964.38,1666.22,7214.73,8179.11
COST_02823,WO_02823,APU_028,481.8,379.36,1005.3,1487.1
COST_02824,WO_02824,APU_050,595.14,814.36,1026.09,1621.23
COST_02825,WO_02825,APU_016,751.13,1379.65,3642.28,4393.41
COST_02826,WO_02826,APU_008,402.36,327.95,2275.97,2678.33
COST_02827,WO_02827,APU_012,431.79,1757.09,9488.29,9920.08
COST_02828,WO_02828,APU_050,358.4,872.46,2294.57,2652.97
COST_02829,WO_02829,APU_042,583.43,952.41,4371.56,4954.99
COST_02830,WO_02830,APU_001,993.18,1161.75,2579.09,3572.27
COST_02831,WO_02831,APU_015,508.1,639.03,677.37,1185.47
COST_02832,WO_02832,APU_007,432.77,496.9,809.95,1242.72
COST_02833,WO_02833,APU_038,1199.08,341.43,2191.98,3391.06
COST_02834,WO_02834,APU_041,126.33,752.72,1761.36,1887.69
COST_02835,WO_02835,APU_045,774.21,591.21,1407.08,2181.29
COST_02836,WO_02836,APU_029,151.45,1087.98,2513.23,2664.68
COST_02837,WO_02837,APU_021,982.2,1120.61,8684.73,9666.93
COST_02838,WO_02838,APU_021,945.54,952.34,6333.06,7278.6
COST_02839,WO_02839,APU_014,730.89,995.71,9170.49,9901.38
COST_02840,WO_02840,APU_001,774.55,929.78,2315.15,3089.7
COST_02841,WO_02841,APU_030,381.37,928.72,2971.9,3353.27
COST_02842,WO_02842,APU_007,273.11,743.35,877.15,1150.26
COST_02843,WO_02843,APU_040,662.73,385.67,2360.3,3023.03
COST_02844,WO_02844,APU_018,968.3,1778.47,2543.21,3511.51
COST_02845,WO_02845,APU_002,571.58,1683.25,5150.74,5722.32
COST_02846,WO_02846,APU_015,953.7,919.42,1369.94,2323.64
COST_02847,WO_02847,APU_037,179.22,1172.37,2309.57,2488.79
COST_02848,WO_02848,APU_026,871.81,448.47,771.37,1643.18
COST_02849,WO_02849,APU_030,616.66,395.19,770.62,1387.28
COST_02850,WO_02850,APU_030,259.09,1766.98,3569.3,3828.39
COST_02851,WO_02851,APU_009,398.11,410.84,825.79,1223.9
COST_02852,WO_02852,APU_007,546.04,635.55,2732.86,3278.9
COST_02853,WO_02853,APU_007,342.59,777.15,1150.18,1492.77
COST_02854,WO_02854,APU_016,815.83,1670.69,5129.02,5944.85
COST_02855,WO_02855,APU_048,446.1,654.32,3474.44,3920.54
COST_02856,WO_02856,APU_003,518.74,799.33,1638.63,2157.37
COST_02857,WO_02857,APU_011,377.16,1758.51,3218.07,3595.23
COST_02858,WO_02858,APU_017,572.73,742.09,1773.6,2346.33
COST_02859,WO_02859,APU_019,822.26,1547.45,8046.74,8869.0
COST_02860,WO_02860,APU_019,297.18,1324.44,3999.81,4296.99
COST_02861,WO_02861,APU_002,592.22,505.51,1026.19,1618.41
COST_02862,WO_02862,APU_029,1059.13,740.81,2629.88,3689.01
COST_02863,WO_02863,APU_032,409.27,357.09,528.49,937.76
COST_02864,WO_02864,APU_046,863.55,655.8,2590.41,3453.96
COST_02865,WO_02865,APU_026,1025.91,1119.16,3805.14,4831.05
COST_02866,WO_02866,APU_024,639.76,922.34,2112.16,2751.92
COST_02867,WO_02867,APU_009,680.32,1454.2,2486.68,3167.0
COST_02868,WO_02868,APU_007,442.01,1668.91,2787.08,3229.09
COST_02869,WO_02869,APU_011,418.44,1306.39,4768.32,5186.76
COST_02870,WO_02870,APU_031,928.79,1268.4,6773.26,7702.05
COST_02871,WO_02871,APU_013,215.61,534.91,1021.68,1237.29
COST_02872,WO_02872,APU_050,757.3,1105.5,3869.25,4626.55
COST_02873,WO_02873,APU_022,123.75,1700.62,1462.53,1586.28
COST_02874,WO_02874,APU_010,788.37,1352.09,2663.62,3451.99
COST_02875,WO_02875,APU_044,383.72,318.32,849.91,1233.63
COST_02876,WO_02876,APU_011,987.8,509.12,840.05,1827.85
COST_02877,WO_02877,APU_040,947.15,788.81,1277.87,2225.02
COST_02878,WO_02878,APU_024,373.51,1454.81,2735.04,3108.55
COST_02879,WO_02879,APU_005,544.27,1772.32,5653.7,6197.97
COST_02880,WO_02880,APU_014,607.04,940.97,2305.38,2912.42
COST_02881,WO_02881,APU_004,588.39,1414.35,1117.34,1705.73
COST_02882,WO_02882,APU_050,563.29,731.67,621.92,1185.21
COST_02883,WO_02883,APU_002,442.33,742.65,1448.17,1890.5
COST_02884,WO_02884,APU_008,675.97,1285.39,4498.87,5174.84
COST_02885,WO_02885,APU_001,931.68,1722.12,1033.27,1964.95
COST_02886,WO_02886,APU_047,202.36,1539.97,3187.74,3390.1
COST_02887,WO_02887,APU_050,923.88,445.38,908.58,1832.46
COST_02888,WO_02888,APU_042,360.21,1145.58,6678.73,7038.94
COST_02889,WO_02889,APU_019,347.02,990.91,2180.0,2527.02
COST_02890,WO_02890,APU_033,853.24,712.69,2394.64,3247.88
COST_02891,WO_02891,APU_020,821.06,1762.96,5183.1,6004.16
COST_02892,WO_02892,APU_038,218.33,483.67,406.28,624.61
COST_02893,WO_02893,APU_025,735.27,394.96,1639.08,2374.35
COST_02894,WO_02894,APU_015,430.87,474.33,1451.45,1882.32
COST_02895,WO_02895,APU_008,951.08,1609.17,5793.01,6744.09
COST_02896,WO_02896,APU_038,1568.4,1166.03,27471.67,29040.07
COST_02897,WO_02897,APU_005,490.23,930.44,800.18,1290.41
COST_02898,WO_02898,APU_026,382.76,1042.03,7315.05,7697.81
COST_02899,WO_02899,APU_024,398.2,1238.02,2872.21,3270.41
COST_02900,WO_02900,APU_050,671.68,1169.67,3719.55,4391.23
COST_02901,WO_02901,APU_027,395.13,1434.13,3800.44,4195.57
COST_02902,WO_02902,APU_020,452.74,1056.61,2271.71,2724.45
COST_02903,WO_02903,APU_002,261.71,1445.68,2876.9,3138.61
COST_02904,WO_02904,APU_035,487.41,1761.46,5742.36,6229.77
COST_02905,WO_02905,APU_015,255.44,1312.41,1548.64,1804.08
COST_02906,WO_02906,APU_013,751.01,899.4,3696.53,4447.54
COST_02907,WO_02907,APU_009,655.83,1468.42,3171.79,3827.62
COST_02908,WO_02908,APU_049,497.64,993.7,1450.8,1948.44
COST_02909,WO_02909,APU_049,581.37,604.57,1281.69,1863.06
COST_02910,WO_02910,APU_001,663.99,854.57,4640.32,5304.31
COST_02911,WO_02911,APU_006,958.29,786.95,1589.64,2547.93
COST_02912,WO_02912,APU_048,298.88,1367.59,4526.72,4825.6
COST_02913,WO_02913,APU_008,911.71,871.03,1585.27,2496.98
COST_02914,WO_02914,APU_045,1070.2,1422.53,5860.82,6931.02
COST_02915,WO_02915,APU_022,314.74,1484.81,5879.85,6194.59
COST_02916,WO_02916,APU_031,1145.76,390.27,2930.93,4076.69
COST_02917,WO_02917,APU_020,438.68,1467.04,3623.59,4062.27
COST_02918,WO_02918,APU_010,1063.44,766.5,3012.35,4075.79
COST_02919,WO_02919,APU_033,702.88,1092.74,3136.16,3839.04
COST_02920,WO_02920,APU_034,466.1,1751.47,9703.14,10169.24
COST_02921,WO_02921,APU_005,531.89,1772.63,3243.91,3775.8
COST_02922,WO_02922,APU_040,510.3,1077.88,4408.53,4918.83
COST_02923,WO_02923,APU_003,656.87,1607.61,3922.57,4579.44
COST_02924,WO_02924,APU_048,378.61,994.32,2605.12,2983.73
COST_02925,WO_02925,APU_023,244.28,1174.77,3359.84,3604.12
COST_02926,WO_02926,APU_035,841.2,1543.97,4817.19,5658.39
COST_02927,WO_02927,APU_010,722.27,858.37,2188.84,2911.11
COST_02928,WO_02928,APU_025,600.88,781.06,2390.04,2990.92
COST_02929,WO_02929,APU_013,530.62,1312.61,8505.71,9036.33
COST_02930,WO_02930,APU_009,451.09,1624.31,7585.53,8036.62
COST_02931,WO_02931,APU_017,598.82,968.62,4242.56,4841.38
COST_02932,WO_02932,APU_007,267.73,425.76,902.61,1170.34
COST_02933,WO_02933,APU_034,155.02,726.03,1212.47,1367.49
COST_02934,WO_02934,APU_024,365.04,894.45,4114.47,4479.51
COST_02935,WO_02935,APU_035,322.43,1028.01,4523.24,4845.67
COST_02936,WO_02936,APU_008,405.76,1458.19,8909.54,9315.3
COST_02937,WO_02937,APU_027,151.93,332.28,647.95,799.88
COST_02938,WO_02938,APU_013,346.52,772.18,1853.23,2199.75
COST_02939,WO_02939,APU_012,699.95,754.38,829.82,1529.77
COST_02940,WO_02940,APU_008,128.07,690.47,1512.13,1640.2
COST_02941,WO_02941,APU_001,682.88,437.55,2056.49,2739.37
COST_02942,WO_02942,APU_022,945.34,345.69,725.95,1671.29
COST_02943,WO_02943,APU_006,343.79,1048.62,4058.16,4401.95
COST_02944,WO_02944,APU_018,900.46,1073.88,2631.01,3531.47
COST_02945,WO_02945,APU_026,746.33,357.52,1161.94,1908.27
COST_02946,WO_02946,APU_011,301.32,1687.81,2447.32,2748.64
COST_02947,WO_02947,APU_004,884.9,429.32,1223.56,2108.46
COST_02948,WO_02948,APU_001,534.52,403.84,210.0,744.52
COST_02949,WO_02949,APU_026,577.37,751.03,1840.02,2417.39
COST_02950,WO_02950,APU_029,455.14,575.21,638.48,1093.62
COST_02951,WO_02951,APU_033,483.12,1242.73,6561.61,7044.73
COST_02952,WO_02952,APU_032,885.77,1384.66,5774.03,6659.8
COST_02953,WO_02953,APU_003,246.24,959.94,3369.39,3615.63
COST_02954,WO_02954,APU_001,771.6,1776.2,11136.77,11908.37
COST_02955,WO_02955,APU_022,380.01,1054.02,1696.97,2076.98
COST_02956,WO_02956,APU_006,941.96,486.22,3457.02,4398.98
COST_02957,WO_02957,APU_045,438.59,824.4,3742.78,4181.37
COST_02958,WO_02958,APU_011,184.01,462.73,1105.92,1289.93
COST_02959,WO_02959,APU_012,550.2,1341.28,6813.7,7363.9
COST_02960,WO_02960,APU_031,381.74,1182.61,1750.26,2132.0
COST_02961,WO_02961,APU_040,380.25,655.37,1133.79,1514.04
COST_02962,WO_02962,APU_031,984.11,1236.66,2411.49,3395.6
COST_02963,WO_02963,APU_011,792.41,383.57,778.65,1571.06
COST_02964,WO_02964,APU_009,351.77,951.67,1446.54,1798.31
COST_02965,WO_02965,APU_001,1146.08,1353.23,7212.72,8358.8
COST_02966,WO_02966,APU_009,828.2,685.08,1616.79,2444.99
COST_02967,WO_02967,APU_024,253.16,1465.48,4836.08,5089.24
COST_02968,WO_02968,APU_039,886.0,1708.48,3399.88,4285.88
COST_02969,WO_02969,APU_044,511.85,1236.07,1236.07,1747.92
COST_02970,WO_02970,APU_012,530.91,662.85,2087.98,2618.89
COST_02971,WO_02971,APU_027,861.98,625.45,594.18,1456.16
COST_02972,WO_02972,APU_014,316.84,1560.41,4088.27,4405.11
COST_02973,WO_02973,APU_049,517.69,754.32,965.53,1483.22
COST_02974,WO_02974,APU_006,1341.26,885.22,7179.13,8520.39
COST_02975,WO_02975,APU_030,996.53,1560.59,7007.05,8003.58
COST_02976,WO_02976,APU_039,277.96,1428.79,4114.92,4392.88
COST_02977,WO_02977,APU_030,1046.05,1269.9,6920.96,7967.01
COST_02978,WO_02978,APU_048,511.15,1238.34,2117.56,2628.71
COST_02979,WO_02979,APU_042,785.26,1618.77,5940.89,6726.15
COST_02980,WO_02980,APU_029,460.46,1457.83,4417.22,4877.68
COST_02981,WO_02981,APU_038,504.11,1290.08,4050.85,4554.96
COST_02982,WO_02982,APU_012,582.9,1615.76,8838.21,9421.11
COST_02983,WO_02983,APU_016,1081.95,874.4,3558.81,4640.76
COST_02984,WO_02984,APU_012,415.43,682.65,2177.65,2593.08
COST_02985,WO_02985,APU_017,357.79,716.74,781.25,1139.04
COST_02986,WO_02986,APU_015,623.85,561.18,897.89,1521.74
COST_02987,WO_02987,APU_009,749.3,1381.45,3508.88,4258.18
COST_02988,WO_02988,APU_035,539.38,452.52,1294.21,1833.59
COST_02989,WO_02989,APU_010,117.74,599.14,874.74,992.48
COST_02990,WO_02990,APU_024,1421.99,1763.35,18056.7,19478.69
COST_02991,WO_02991,APU_050,649.77,926.76,5801.52,6451.29
COST_02992,WO_02992,APU_023,845.81,865.28,3279.41,4125.22
COST_02993,WO_02993,APU_008,891.96,1579.36,4469.59,5361.55
COST_02994,WO_02994,APU_015,585.97,1033.22,2500.39,3086.36
COST_02995,WO_02995,APU_008,867.25,1575.34,2536.3,3403.55
COST_02996,WO_02996,APU_016,252.02,656.54,1864.57,2116.59
COST_02997,WO_02997,APU_021,165.43,304.5,953.08,1118.51
COST_02998,WO_02998,APU_043,616.17,1283.81,1758.82,2374.99
COST_02999,WO_02999,APU_045,606.94,455.43,1489.26,2096.2
COST_03000,WO_03000,APU_003,226.4,1033.52,2583.8,2810.2
COST_03001,WO_03001,APU_032,637.42,840.43,798.41,1435.83
COST_03002,WO_03002,APU_018,216.0,1050.76,1775.78,1991.78
COST_03003,WO_03003,APU_033,402.22,1717.8,3727.63,4129.85
COST_03004,WO_03004,APU_023,1091.01,1139.8,8753.66,9844.67
COST_03005,WO_03005,APU_031,513.98,394.96,1457.4,1971.38
COST_03006,WO_03006,APU_001,617.76,934.4,1214.72,1832.48
COST_03007,WO_03007,APU_023,643.71,586.86,2083.35,2727.06
COST_03008,WO_03008,APU_004,843.27,1152.4,1336.78,2180.05
COST_03009,WO_03009,APU_042,580.72,1556.81,7675.07,8255.79
COST_03010,WO_03010,APU_017,445.3,887.97,1864.74,2310.04
COST_03011,WO_03011,APU_029,290.78,1032.06,2662.71,2953.49
COST_03012,WO_03012,APU_020,1039.26,1215.71,6856.6,7895.86
COST_03013,WO_03013,APU_014,379.87,426.17,571.07,950.94
COST_03014,WO_03014,APU_038,538.21,1397.91,1761.37,2299.58
COST_03015,WO_03015,APU_022,417.33,1785.2,3516.84,3934.17
COST_03016,WO_03016,APU_002,864.53,862.9,4150.55,5015.08
COST_03017,WO_03017,APU_038,404.3,828.32,977.42,1381.72
COST_03018,WO_03018,APU_001,570.61,1727.39,984.61,1555.22
COST_03019,WO_03019,APU_022,209.96,1706.96,3618.76,3828.72
COST_03020,WO_03020,APU_043,332.34,694.06,2554.14,2886.48
COST_03021,WO_03021,APU_020,783.71,987.23,5192.83,5976.54
COST_03022,WO_03022,APU_034,571.59,1190.06,2511.03,3082.62
COST_03023,WO_03023,APU_011,527.55,584.38,1268.1,1795.65
COST_03024,WO_03024,APU_029,928.76,1741.92,8936.05,9864.81
COST_03025,WO_03025,APU_033,472.07,1745.4,1693.04,2165.11
COST_03026,WO_03026,APU_010,263.8,1455.64,3202.41,3466.21
COST_03027,WO_03027,APU_011,722.61,1235.83,3732.21,4454.82
COST_03028,WO_03028,APU_024,455.31,384.64,1338.55,1793.86
COST_03029,WO_03029,APU_024,784.28,695.1,1424.95,2209.23
COST_03030,WO_03030,APU_034,500.24,364.15,1008.7,1508.94
COST_03031,WO_03031,APU_046,575.28,992.62,684.91,1260.19
COST_03032,WO_03032,APU_032,789.12,869.51,1643.37,2432.49
COST_03033,WO_03033,APU_031,736.98,1595.36,5567.81,6304.79
COST_03034,WO_03034,APU_017,198.92,1040.74,1644.37,1843.29
COST_03035,WO_03035,APU_016,806.78,1202.55,3379.17,4185.95
COST_03036,WO_03036,APU_008,1041.2,782.38,2722.68,3763.88
COST_03037,WO_03037,APU_008,846.01,1174.98,2643.7,3489.71
COST_03038,WO_03038,APU_006,1063.97,1745.98,5220.48,6284.45
COST_03039,WO_03039,APU_025,522.92,763.02,1220.83,1743.75
COST_03040,WO_03040,APU_005,861.13,477.27,1159.77,2020.9
COST_03041,WO_03041,APU_008,510.16,1677.27,6373.63,6883.79
COST_03042,WO_03042,APU_011,831.42,892.77,2642.6,3474.02
COST_03043,WO_03043,APU_029,415.19,1047.19,2062.96,2478.15
COST_03044,WO_03044,APU_025,753.16,475.79,1465.43,2218.59
COST_03045,WO_03045,APU_002,679.45,1592.46,6417.61,7097.06
COST_03046,WO_03046,APU_021,631.6,1739.44,1530.71,2162.31
COST_03047,WO_03047,APU_004,730.71,906.41,4658.95,5389.66
COST_03048,WO_03048,APU_017,384.97,1607.1,3632.05,4017.02
COST_03049,WO_03049,APU_046,680.29,543.26,1868.81,2549.1
COST_03050,WO_03050,APU_005,809.09,888.82,4666.31,5475.4
COST_03051,WO_03051,APU_015,424.7,1453.41,1860.36,2285.06
COST_03052,WO_03052,APU_044,920.09,1378.22,2535.92,3456.01
COST_03053,WO_03053,APU_019,415.05,1609.49,3734.02,4149.07
COST_03054,WO_03054,APU_002,581.3,309.63,548.05,1129.35
COST_03055,WO_03055,APU_036,732.14,575.93,4066.07,4798.21
COST_03056,WO_03056,APU_042,185.9,861.2,1464.04,1649.94
COST_03057,WO_03057,APU_001,284.98,1387.8,2775.6,3060.58
COST_03058,WO_03058,APU_021,393.47,477.25,1450.84,1844.31
COST_03059,WO_03059,APU_034,917.5,556.38,778.93,1696.43
COST_03060,WO_03060,APU_003,239.06,1281.28,2806.0,3045.06
COST_03061,WO_03061,APU_023,653.83,861.67,2791.81,3445.64
COST_03062,WO_03062,APU_045,374.0,1340.15,3028.74,3402.74
COST_03063,WO_03063,APU_014,719.08,1112.05,2869.09,3588.17
COST_03064,WO_03064,APU_040,350.81,503.93,1022.98,1373.79
COST_03065,WO_03065,APU_046,789.23,1453.9,1715.6,2504.83
COST_03066,WO_03066,APU_049,776.12,1542.22,4996.79,5772.91
COST_03067,WO_03067,APU_048,875.73,660.17,4713.61,5589.34
COST_03068,WO_03068,APU_031,667.38,1077.71,2963.7,3631.08
COST_03069,WO_03069,APU_018,850.7,1580.35,4867.48,5718.18
COST_03070,WO_03070,APU_003,370.88,562.43,2238.47,2609.35
COST_03071,WO_03071,APU_021,165.51,1572.18,2122.44,2287.95
COST_03072,WO_03072,APU_002,879.81,977.57,6774.56,7654.37
COST_03073,WO_03073,APU_038,395.32,1274.71,3875.12,4270.44
COST_03074,WO_03074,APU_032,745.89,1501.1,10012.34,10758.23
COST_03075,WO_03075,APU_026,121.53,1411.91,2569.68,2691.21
COST_03076,WO_03076,APU_002,931.45,678.43,5013.6,5945.05
COST_03077,WO_03077,APU_043,1168.97,832.21,3461.99,4630.96
COST_03078,WO_03078,APU_038,880.62,441.89,1626.16,2506.78
COST_03079,WO_03079,APU_006,327.97,1503.57,4646.03,4974.0
COST_03080,WO_03080,APU_034,618.3,1098.63,2603.75,3222.05
COST_03081,WO_03081,APU_009,754.1,1124.94,5917.18,6671.28
COST_03082,WO_03082,APU_044,965.95,1480.53,4352.76,5318.71
COST_03083,WO_03083,APU_005,106.15,802.92,738.69,844.84
COST_03084,WO_03084,APU_002,370.31,735.07,1080.55,1450.86
COST_03085,WO_03085,APU_031,374.62,1499.8,3674.51,4049.13
COST_03086,WO_03086,APU_049,1047.37,802.45,2583.89,3631.26
COST_03087,WO_03087,APU_030,462.24,1548.05,4071.37,4533.61
COST_03088,WO_03088,APU_043,824.26,450.12,2390.14,3214.4
COST_03089,WO_03089,APU_007,226.95,1784.56,1659.64,1886.59
COST_03090,WO_03090,APU_012,430.6,369.22,1085.51,1516.11
COST_03091,WO_03091,APU_048,608.02,1293.09,1293.09,1901.11
COST_03092,WO_03092,APU_020,851.76,380.74,1572.46,2424.22
COST_03093,WO_03093,APU_036,498.78,603.34,1556.62,2055.4
COST_03094,WO_03094,APU_050,377.32,1462.47,5001.65,5378.97
COST_03095,WO_03095,APU_023,603.67,888.07,1500.84,2104.51
COST_03096,WO_03096,APU_030,839.66,1662.43,9126.74,9966.4
COST_03097,WO_03097,APU_047,487.03,1187.69,5724.67,6211.7
COST_03098,WO_03098,APU_012,1003.87,1731.72,6493.95,7497.82
COST_03099,WO_03099,APU_050,1057.85,1205.63,3050.24,4108.09
COST_03100,WO_03100,APU_049,1077.93,405.09,1515.04,2592.97
COST_03101,WO_03101,APU_005,759.88,787.02,1448.12,2208.0
COST_03102,WO_03102,APU_010,592.81,1720.24,7483.04,8075.85
COST_03103,WO_03103,APU_036,614.41,700.32,4713.15,5327.56
COST_03104,WO_03104,APU_026,691.47,341.55,1673.6,2365.07
COST_03105,WO_03105,APU_041,686.8,644.94,1173.79,1860.59
COST_03106,WO_03106,APU_003,807.17,1419.82,4713.8,5520.97
COST_03107,WO_03107,APU_023,734.65,433.46,576.5,1311.15
COST_03108,WO_03108,APU_005,417.65,1552.33,5774.67,6192.32
COST_03109,WO_03109,APU_044,1073.55,1107.57,3854.34,4927.89
COST_03110,WO_03110,APU_021,751.62,830.71,805.79,1557.41
COST_03111,WO_03111,APU_024,752.19,1677.23,2398.44,3150.63
COST_03112,WO_03112,APU_009,377.68,1213.15,2826.64,3204.32
COST_03113,WO_03113,APU_029,316.73,810.24,1863.55,2180.28
COST_03114,WO_03114,APU_046,500.13,1068.06,1495.28,1995.41
COST_03115,WO_03115,APU_022,837.04,867.87,2924.72,3761.76
COST_03116,WO_03116,APU_039,431.29,692.89,2161.82,2593.11
COST_03117,WO_03117,APU_036,793.91,1646.59,4017.68,4811.59
COST_03118,WO_03118,APU_018,996.88,819.16,1466.3,2463.18
COST_03119,WO_03119,APU_001,524.39,859.66,4160.75,4685.14
COST_03120,WO_03120,APU_022,749.56,1178.29,7965.24,8714.8
COST_03121,WO_03121,APU_034,183.99,1347.56,2802.92,2986.91
COST_03122,WO_03122,APU_042,365.08,927.81,1799.95,2165.03
COST_03123,WO_03123,APU_022,547.54,1117.17,3977.13,4524.67
COST_03124,WO_03124,APU_043,921.9,1222.15,2725.39,3647.29
COST_03125,WO_03125,APU_041,941.49,853.14,2149.91,3091.4
COST_03126,WO_03126,APU_026,617.86,427.53,1744.32,2362.18
COST_03127,WO_03127,APU_008,405.06,1410.06,1339.56,1744.62
COST_03128,WO_03128,APU_029,579.4,588.39,3300.87,3880.27
COST_03129,WO_03129,APU_035,131.96,1355.34,3835.61,3967.57
COST_03130,WO_03130,APU_046,317.5,1172.07,2543.39,2860.89
COST_03131,WO_03131,APU_012,427.2,1300.35,3367.91,3795.11
COST_03132,WO_03132,APU_039,539.66,343.43,913.52,1453.18
COST_03133,WO_03133,APU_021,784.63,1327.77,1394.16,2178.79
COST_03134,WO_03134,APU_002,798.14,1791.58,11089.88,11888.02
COST_03135,WO_03135,APU_021,1078.47,906.58,2520.29,3598.76
COST_03136,WO_03136,APU_003,1073.38,1297.3,4501.63,5575.01
COST_03137,WO_03137,APU_050,930.31,544.91,2501.14,3431.45
COST_03138,WO_03138,APU_001,219.45,1420.61,2201.95,2421.4
COST_03139,WO_03139,APU_043,702.49,1594.83,5629.75,6332.24
COST_03140,WO_03140,APU_025,1010.63,1329.94,3125.36,4135.99
COST_03141,WO_03141,APU_030,915.99,705.25,3053.73,3969.72
COST_03142,WO_03142,APU_034,949.52,903.85,759.23,1708.75
COST_03143,WO_03143,APU_047,505.67,1565.25,4022.69,4528.36
COST_03144,WO_03144,APU_037,850.19,616.33,1201.84,2052.03
COST_03145,WO_03145,APU_031,377.68,1638.19,5651.76,6029.44
COST_03146,WO_03146,APU_021,665.6,328.31,1155.65,1821.25
COST_03147,WO_03147,APU_026,448.58,787.47,1448.94,1897.52
COST_03148,WO_03148,APU_042,352.6,443.12,815.34,1167.94
COST_03149,WO_03149,APU_002,393.41,968.79,2480.1,2873.51
COST_03150,WO_03150,APU_041,474.14,1183.92,1965.31,2439.45
COST_03151,WO_03151,APU_033,1103.26,301.81,1303.82,2407.08
COST_03152,WO_03152,APU_027,1030.01,750.08,1665.18,2695.19
COST_03153,WO_03153,APU_044,246.34,683.52,375.94,622.28
COST_03154,WO_03154,APU_030,949.84,612.53,1353.69,2303.53
COST_03155,WO_03155,APU_033,652.72,648.72,999.03,1651.75
COST_03156,WO_03156,APU_019,490.43,1186.76,1317.3,1807.73
COST_03157,WO_03157,APU_036,851.51,1589.01,2192.83,3044.34
COST_03158,WO_03158,APU_021,836.06,1482.12,4283.33,5119.39
COST_03159,WO_03159,APU_019,730.09,1770.49,9985.56,10715.65
COST_03160,WO_03160,APU_009,546.49,1293.2,4177.04,4723.53
COST_03161,WO_03161,APU_038,608.48,1766.65,3444.97,4053.45
COST_03162,WO_03162,APU_003,259.29,846.61,2954.67,3213.96
COST_03163,WO_03163,APU_017,346.74,361.72,763.23,1109.97
COST_03164,WO_03164,APU_007,366.64,1321.01,2457.08,2823.72
COST_03165,WO_03165,APU_021,89.87,422.35,608.18,698.05
COST_03166,WO_03166,APU_042,542.1,1517.28,1577.97,2120.07
COST_03167,WO_03167,APU_043,800.19,442.56,969.21,1769.4
COST_03168,WO_03168,APU_004,745.42,794.3,2359.07,3104.49
COST_03169,WO_03169,APU_032,284.35,1092.3,2818.13,3102.48
COST_03170,WO_03170,APU_037,643.44,357.5,772.2,1415.64
COST_03171,WO_03171,APU_045,315.09,1032.51,1672.67,1987.76
COST_03172,WO_03172,APU_037,861.97,337.68,1283.18,2145.15
COST_03173,WO_03173,APU_044,930.3,1450.29,1914.38,2844.68
COST_03174,WO_03174,APU_002,453.71,1664.91,6942.67,7396.38
COST_03175,WO_03175,APU_038,684.37,1270.59,1994.83,2679.2
COST_03176,WO_03176,APU_011,301.49,1085.97,1954.75,2256.24
COST_03177,WO_03177,APU_049,515.6,1551.43,1877.23,2392.83
COST_03178,WO_03178,APU_037,173.57,749.4,1543.76,1717.33
COST_03179,WO_03179,APU_006,544.26,1571.57,7307.8,7852.06
COST_03180,WO_03180,APU_033,460.6,1709.75,6172.2,6632.8
COST_03181,WO_03181,APU_019,1176.9,688.13,3206.69,4383.59
COST_03182,WO_03182,APU_036,949.47,1169.74,4234.46,5183.93
COST_03183,WO_03183,APU_011,924.17,829.36,1227.45,2151.62
COST_03184,WO_03184,APU_009,676.66,917.67,2083.11,2759.77
COST_03185,WO_03185,APU_042,465.45,1353.38,2395.48,2860.93
COST_03186,WO_03186,APU_024,633.34,845.28,4775.83,5409.17
COST_03187,WO_03187,APU_036,396.27,1743.03,2457.67,2853.94
COST_03188,WO_03188,APU_021,359.58,644.38,2861.05,3220.63
COST_03189,WO_03189,APU_010,1044.23,679.54,3017.16,4061.39
COST_03190,WO_03190,APU_026,1238.85,397.75,2959.26,4198.11
COST_03191,WO_03191,APU_046,633.51,924.55,2006.27,2639.78
COST_03192,WO_03192,APU_032,313.79,1077.96,4333.4,4647.19
COST_03193,WO_03193,APU_013,603.42,716.6,6829.2,7432.62
COST_03194,WO_03194,APU_010,832.11,1208.11,2343.73,3175.84
COST_03195,WO_03195,APU_036,753.18,1675.86,1960.76,2713.94
COST_03196,WO_03196,APU_026,222.7,1010.97,980.64,1203.34
COST_03197,WO_03197,APU_034,296.89,719.27,2891.47,3188.36
COST_03198,WO_03198,APU_007,428.34,464.26,445.69,874.03
COST_03199,WO_03199,APU_019,266.32,930.21,2055.76,2322.08
COST_03200,WO_03200,APU_039,1126.41,1735.15,6003.62,7130.03
COST_03201,WO_03201,APU_021,969.29,1290.41,3884.13,4853.42
COST_03202,WO_03202,APU_044,899.11,471.69,1617.9,2517.01
COST_03203,WO_03203,APU_001,948.61,1097.19,3368.37,4316.98
COST_03204,WO_03204,APU_044,413.73,495.7,2721.39,3135.12
COST_03205,WO_03205,APU_024,850.81,1001.36,1612.19,2463.0
COST_03206,WO_03206,APU_039,575.61,1225.61,2291.89,2867.5
COST_03207,WO_03207,APU_049,285.0,823.38,1465.62,1750.62
COST_03208,WO_03208,APU_004,392.58,1036.43,4446.28,4838.86
COST_03209,WO_03209,APU_019,637.6,1222.41,5451.95,6089.55
COST_03210,WO_03210,APU_050,996.37,1241.61,4320.8,5317.17
COST_03211,WO_03211,APU_025,1219.73,1275.1,6643.27,7863.0
COST_03212,WO_03212,APU_032,970.45,1756.11,2493.68,3464.13
COST_03213,WO_03213,APU_040,977.61,652.21,4435.03,5412.64
COST_03214,WO_03214,APU_014,1094.9,790.71,4965.66,6060.56
COST_03215,WO_03215,APU_029,698.77,1704.57,6937.6,7636.37
COST_03216,WO_03216,APU_012,859.84,772.07,5589.79,6449.63
COST_03217,WO_03217,APU_008,935.02,1140.86,1243.54,2178.56
COST_03218,WO_03218,APU_044,514.85,459.2,936.77,1451.62
COST_03219,WO_03219,APU_023,659.88,513.44,929.33,1589.21
COST_03220,WO_03220,APU_042,805.74,1612.01,6512.52,7318.26
COST_03221,WO_03221,APU_010,279.74,543.88,832.14,1111.88
COST_03222,WO_03222,APU_037,712.86,491.67,2025.68,2738.54
COST_03223,WO_03223,APU_031,776.86,899.88,5201.31,5978.17
COST_03224,WO_03224,APU_012,1096.56,1206.54,4802.03,5898.59
COST_03225,WO_03225,APU_012,439.58,1595.41,5073.4,5512.98
COST_03226,WO_03226,APU_018,287.95,607.48,959.82,1247.77
COST_03227,WO_03227,APU_038,309.87,1194.12,2041.95,2351.82
COST_03228,WO_03228,APU_033,680.53,1297.99,7009.15,7689.68
COST_03229,WO_03229,APU_040,960.22,379.46,1582.35,2542.57
COST_03230,WO_03230,APU_012,213.37,956.98,2545.57,2758.94
COST_03231,WO_03231,APU_025,393.03,1004.56,2169.85,2562.88
COST_03232,WO_03232,APU_031,829.68,958.41,852.98,1682.66
COST_03233,WO_03233,APU_005,558.31,894.44,1350.6,1908.91
COST_03234,WO_03234,APU_030,798.47,834.03,6488.75,7287.22
COST_03235,WO_03235,APU_007,588.82,910.21,1219.68,1808.5
COST_03236,WO_03236,APU_016,855.83,1337.31,4038.68,4894.51
COST_03237,WO_03237,APU_035,592.73,1051.83,4975.16,5567.89
COST_03238,WO_03238,APU_013,701.23,1209.29,1644.63,2345.86
COST_03239,WO_03239,APU_035,558.28,893.01,2687.96,3246.24
COST_03240,WO_03240,APU_005,979.06,888.31,4041.81,5020.87
COST_03241,WO_03241,APU_015,935.84,618.13,1693.68,2629.52
COST_03242,WO_03242,APU_041,1261.61,779.31,10263.51,11525.12
COST_03243,WO_03243,APU_028,321.77,1683.47,1834.98,2156.75
COST_03244,WO_03244,APU_012,717.83,873.26,4252.78,4970.61
COST_03245,WO_03245,APU_003,267.57,374.62,925.31,1192.88
COST_03246,WO_03246,APU_006,672.44,325.16,1352.67,2025.11
COST_03247,WO_03247,APU_025,886.3,906.62,3145.97,4032.27
COST_03248,WO_03248,APU_009,787.0,1585.5,2885.61,3672.61
COST_03249,WO_03249,APU_047,384.87,1612.81,4967.45,5352.32
COST_03250,WO_03250,APU_018,886.7,530.07,519.47,1406.17
COST_03251,WO_03251,APU_018,715.23,1009.19,3824.83,4540.06
COST_03252,WO_03252,APU_013,293.17,704.13,2253.22,2546.39
COST_03253,WO_03253,APU_017,367.2,1155.31,4459.5,4826.7
COST_03254,WO_03254,APU_004,624.72,1223.34,5945.43,6570.15
COST_03255,WO_03255,APU_036,367.66,824.6,2745.92,3113.58
COST_03256,WO_03256,APU_049,352.89,1215.57,3585.93,3938.82
COST_03257,WO_03257,APU_038,386.13,839.03,1401.18,1787.31
COST_03258,WO_03258,APU_031,239.03,1678.74,3088.88,3327.91
COST_03259,WO_03259,APU_042,583.96,522.5,2727.45,3311.41
COST_03260,WO_03260,APU_039,1042.03,899.23,5386.39,6428.42
COST_03261,WO_03261,APU_032,404.82,553.88,1318.23,1723.05
COST_03262,WO_03262,APU_019,734.23,357.66,997.87,1732.1
COST_03263,WO_03263,APU_001,365.08,818.18,1350.0,1715.08
COST_03264,WO_03264,APU_011,801.37,1629.31,8439.83,9241.2
COST_03265,WO_03265,APU_004,240.18,1714.27,6719.94,6960.12
COST_03266,WO_03266,APU_016,990.04,980.15,7752.99,8743.03
COST_03267,WO_03267,APU_016,662.53,1005.11,1688.58,2351.11
COST_03268,WO_03268,APU_035,179.25,434.89,961.11,1140.36
COST_03269,WO_03269,APU_013,677.92,589.68,1822.11,2500.03
COST_03270,WO_03270,APU_011,1222.6,1612.49,6256.46,7479.06
COST_03271,WO_03271,APU_043,437.36,1243.75,2997.44,3434.8
COST_03272,WO_03272,APU_032,983.28,1284.69,2158.28,3141.56
COST_03273,WO_03273,APU_042,1132.4,1491.57,6577.82,7710.22
COST_03274,WO_03274,APU_020,581.12,1618.23,6537.65,7118.77
COST_03275,WO_03275,APU_045,170.38,683.6,1121.1,1291.48
COST_03276,WO_03276,APU_050,568.28,1040.19,5960.29,6528.57
COST_03277,WO_03277,APU_006,912.04,1407.22,7275.33,8187.37
COST_03278,WO_03278,APU_014,394.11,488.63,1431.69,1825.8
COST_03279,WO_03279,APU_013,311.62,1372.42,3897.67,4209.29
COST_03280,WO_03280,APU_012,1097.75,1218.5,4496.27,5594.02
COST_03281,WO_03281,APU_048,398.33,469.6,793.62,1191.95
COST_03282,WO_03282,APU_037,931.14,603.45,1665.52,2596.66
COST_03283,WO_03283,APU_046,357.77,1132.99,940.38,1298.15
COST_03284,WO_03284,APU_019,324.24,907.24,3991.86,4316.1
COST_03285,WO_03285,APU_021,100.29,620.41,713.47,813.76
COST_03286,WO_03286,APU_014,346.01,557.52,3462.2,3808.21
COST_03287,WO_03287,APU_005,711.84,484.07,1098.84,1810.68
COST_03288,WO_03288,APU_006,853.87,1199.71,2903.3,3757.17
COST_03289,WO_03289,APU_002,367.69,625.84,1201.61,1569.3
COST_03290,WO_03290,APU_003,617.61,1164.68,2702.06,3319.67
COST_03291,WO_03291,APU_036,605.64,852.45,5055.03,5660.67
COST_03292,WO_03292,APU_011,343.96,1109.33,765.44,1109.4
COST_03293,WO_03293,APU_005,560.43,1053.16,5781.85,6342.28
COST_03294,WO_03294,APU_029,956.13,866.12,2832.21,3788.34
COST_03295,WO_03295,APU_020,779.48,553.0,774.2,1553.68
COST_03296,WO_03296,APU_040,751.44,1547.58,2321.37,3072.81
COST_03297,WO_03297,APU_016,853.75,698.53,4770.96,5624.71
COST_03298,WO_03298,APU_017,247.51,955.84,1548.46,1795.97
COST_03299,WO_03299,APU_050,390.6,1717.22,2472.8,2863.4
COST_03300,WO_03300,APU_023,434.36,1332.39,6768.54,7202.9
COST_03301,WO_03301,APU_026,878.23,480.12,1569.99,2448.22
COST_03302,WO_03302,APU_042,972.34,1095.86,1775.29,2747.63
COST_03303,WO_03303,APU_013,240.59,1162.43,3557.04,3797.63
COST_03304,WO_03304,APU_001,514.81,1369.1,2122.11,2636.92
COST_03305,WO_03305,APU_044,719.24,1559.85,7768.05,8487.29
COST_03306,WO_03306,APU_002,841.41,862.47,4200.23,5041.64
COST_03307,WO_03307,APU_005,701.13,1710.64,6226.73,6927.86
COST_03308,WO_03308,APU_002,1040.82,629.35,2089.44,3130.26
COST_03309,WO_03309,APU_045,779.1,431.16,3087.11,3866.21
COST_03310,WO_03310,APU_022,279.74,393.75,1071.0,1350.74
COST_03311,WO_03311,APU_044,636.98,860.01,1221.21,1858.19
COST_03312,WO_03312,APU_040,886.43,1118.19,3891.3,4777.73
COST_03313,WO_03313,APU_034,1278.26,1499.59,12836.49,14114.75
COST_03314,WO_03314,APU_013,682.78,1456.1,2271.52,2954.3
COST_03315,WO_03315,APU_045,993.48,924.88,2062.48,3055.96
COST_03316,WO_03316,APU_018,1023.93,1478.88,5057.77,6081.7
COST_03317,WO_03317,APU_032,929.96,1758.73,4643.05,5573.01
COST_03318,WO_03318,APU_023,317.45,853.74,1348.91,1666.36
COST_03319,WO_03319,APU_001,1207.76,1558.98,7857.26,9065.02
COST_03320,WO_03320,APU_029,983.8,809.0,7879.66,8863.46
COST_03321,WO_03321,APU_027,666.09,956.86,2899.29,3565.38
COST_03322,WO_03322,APU_025,940.34,557.34,919.61,1859.95
COST_03323,WO_03323,APU_022,647.8,1649.66,1913.61,2561.41
COST_03324,WO_03324,APU_033,480.29,1461.19,4573.52,5053.81
COST_03325,WO_03325,APU_029,539.94,997.01,4975.08,5515.02
COST_03326,WO_03326,APU_018,920.25,694.28,2450.81,3371.06
COST_03327,WO_03327,APU_006,403.07,1028.75,2787.91,3190.98
COST_03328,WO_03328,APU_038,397.14,1295.32,2551.78,2948.92
COST_03329,WO_03329,APU_025,258.41,1080.77,1610.35,1868.76
COST_03330,WO_03330,APU_044,591.75,677.77,2914.41,3506.16
COST_03331,WO_03331,APU_050,1035.0,1120.25,5029.92,6064.92
COST_03332,WO_03332,APU_005,585.44,1240.84,1439.37,2024.81
COST_03333,WO_03333,APU_018,577.8,835.72,5448.89,6026.69
COST_03334,WO_03334,APU_003,967.22,843.43,3145.99,4113.21
COST_03335,WO_03335,APU_046,724.39,977.24,5736.4,6460.79
COST_03336,WO_03336,APU_028,734.9,1176.81,1529.85,2264.75
COST_03337,WO_03337,APU_028,355.59,325.37,416.47,772.06
COST_03338,WO_03338,APU_027,300.47,764.12,1910.3,2210.77
COST_03339,WO_03339,APU_038,674.86,1102.35,3946.41,4621.27
COST_03340,WO_03340,APU_011,1159.76,1524.96,11132.21,12291.97
COST_03341,WO_03341,APU_006,313.33,393.35,1577.33,1890.66
COST_03342,WO_03342,APU_041,387.69,850.87,2025.07,2412.76
COST_03343,WO_03343,APU_018,141.59,1071.95,1661.52,1803.11
COST_03344,WO_03344,APU_041,590.73,951.33,5089.62,5680.35
COST_03345,WO_03345,APU_031,1007.84,1383.07,2212.91,3220.75
COST_03346,WO_03346,APU_004,910.36,380.73,2535.66,3446.02
COST_03347,WO_03347,APU_006,860.84,866.6,2010.51,2871.35
COST_03348,WO_03348,APU_003,421.58,439.63,2866.39,3287.97
COST_03349,WO_03349,APU_047,1171.09,1211.61,4785.86,5956.95
COST_03350,WO_03350,APU_017,463.04,510.63,1286.79,1749.83
COST_03351,WO_03351,APU_049,338.09,1081.21,2205.67,2543.76
COST_03352,WO_03352,APU_014,357.47,419.96,944.91,1302.38
COST_03353,WO_03353,APU_019,863.47,673.4,2316.5,3179.97
COST_03354,WO_03354,APU_022,447.4,1558.47,4426.05,4873.45
COST_03355,WO_03355,APU_049,604.49,1480.37,2901.53,3506.02
COST_03356,WO_03356,APU_027,737.95,341.19,846.15,1584.1
COST_03357,WO_03357,APU_037,599.93,1042.95,2961.98,3561.91
COST_03358,WO_03358,APU_050,198.11,1178.11,989.61,1187.72
COST_03359,WO_03359,APU_049,192.12,865.38,3028.83,3220.95
COST_03360,WO_03360,APU_046,811.56,748.29,1189.78,2001.34
COST_03361,WO_03361,APU_018,744.59,1534.06,2209.05,2953.64
COST_03362,WO_03362,APU_047,980.6,1042.5,1115.48,2096.08
COST_03363,WO_03363,APU_004,369.35,1271.65,1284.37,1653.72
COST_03364,WO_03364,APU_021,104.03,493.18,636.2,740.23
COST_03365,WO_03365,APU_050,787.75,694.81,1278.45,2066.2
COST_03366,WO_03366,APU_031,901.22,1094.46,8711.9,9613.12
COST_03367,WO_03367,APU_022,658.28,1107.45,2259.2,2917.48
COST_03368,WO_03368,APU_040,361.91,370.28,1110.84,1472.75
COST_03369,WO_03369,APU_011,390.17,776.18,2631.25,3021.42
COST_03370,WO_03370,APU_049,524.93,1353.98,3953.62,4478.55
COST_03371,WO_03371,APU_033,154.84,532.23,1383.8,1538.64
COST_03372,WO_03372,APU_008,925.81,1065.36,1502.16,2427.97
COST_03373,WO_03373,APU_047,836.37,1643.65,9927.65,10764.02
COST_03374,WO_03374,APU_013,1224.59,1671.53,12269.03,13493.62
COST_03375,WO_03375,APU_035,559.42,1037.23,1120.21,1679.63
COST_03376,WO_03376,APU_009,843.71,1302.92,2019.53,2863.24
COST_03377,WO_03377,APU_003,875.25,1286.02,2996.43,3871.68
COST_03378,WO_03378,APU_035,188.78,1756.46,2810.34,2999.12
COST_03379,WO_03379,APU_048,646.72,1577.06,5661.65,6308.37
COST_03380,WO_03380,APU_041,789.39,725.63,1320.65,2110.04
COST_03381,WO_03381,APU_024,854.01,1517.4,13565.56,14419.57
COST_03382,WO_03382,APU_049,727.82,1394.6,7293.76,8021.58
COST_03383,WO_03383,APU_042,287.88,1529.02,4678.8,4966.68
COST_03384,WO_03384,APU_047,835.83,1787.69,8545.16,9380.99
COST_03385,WO_03385,APU_040,618.57,1196.61,5971.08,6589.65
COST_03386,WO_03386,APU_013,816.54,339.9,676.4,1492.94
COST_03387,WO_03387,APU_041,607.96,1133.0,1971.42,2579.38
COST_03388,WO_03388,APU_044,935.12,556.01,1579.07,2514.19
COST_03389,WO_03389,APU_023,570.77,1596.65,6977.36,7548.13
COST_03390,WO_03390,APU_001,767.69,1600.67,4689.96,5457.65
COST_03391,WO_03391,APU_026,281.43,717.32,817.74,1099.17
COST_03392,WO_03392,APU_020,568.88,1171.64,2050.37,2619.25
COST_03393,WO_03393,APU_015,881.12,1533.54,4002.54,4883.66
COST_03394,WO_03394,APU_010,727.21,1229.47,3208.92,3936.13
COST_03395,WO_03395,APU_014,1387.7,697.4,5607.1,6994.8
COST_03396,WO_03396,APU_001,283.04,876.9,1113.66,1396.7
COST_03397,WO_03397,APU_050,408.06,1698.19,6096.5,6504.56
COST_03398,WO_03398,APU_003,279.59,1492.92,9211.32,9490.91
COST_03399,WO_03399,APU_025,1432.44,368.43,3492.72,4925.16
COST_03400,WO_03400,APU_043,186.79,999.77,2179.5,2366.29
COST_03401,WO_03401,APU_019,498.51,1621.02,5770.83,6269.34
COST_03402,WO_03402,APU_043,822.18,938.13,3489.84,4312.02
COST_03403,WO_03403,APU_036,1081.61,902.49,2734.54,3816.15
COST_03404,WO_03404,APU_048,680.31,1570.67,4036.62,4716.93
COST_03405,WO_03405,APU_033,417.21,334.3,1153.34,1570.55
COST_03406,WO_03406,APU_039,205.79,555.01,377.41,583.2
COST_03407,WO_03407,APU_001,558.3,1741.49,6896.3,7454.6
COST_03408,WO_03408,APU_037,913.03,1570.33,4569.66,5482.69
COST_03409,WO_03409,APU_050,637.82,874.82,2108.32,2746.14
COST_03410,WO_03410,APU_025,1182.69,1694.4,14199.07,15381.76
COST_03411,WO_03411,APU_029,257.61,1577.93,2966.51,3224.12
COST_03412,WO_03412,APU_023,677.56,516.3,1125.53,1803.09
COST_03413,WO_03413,APU_011,1025.86,1405.83,11429.4,12455.26
COST_03414,WO_03414,APU_026,356.38,1604.99,2760.58,3116.96
COST_03415,WO_03415,APU_017,942.0,1323.93,2661.1,3603.1
COST_03416,WO_03416,APU_025,573.45,915.52,2297.96,2871.41
COST_03417,WO_03417,APU_022,784.93,682.03,2946.37,3731.3
COST_03418,WO_03418,APU_014,298.29,826.76,2521.62,2819.91
COST_03419,WO_03419,APU_028,411.3,1148.25,1538.66,1949.96
COST_03420,WO_03420,APU_045,412.17,371.44,754.02,1166.19
COST_03421,WO_03421,APU_003,179.23,476.43,929.04,1108.27
COST_03422,WO_03422,APU_024,642.79,1789.94,4671.74,5314.53
COST_03423,WO_03423,APU_048,1019.82,1106.85,3807.56,4827.38
COST_03424,WO_03424,APU_034,729.92,1739.4,5948.75,6678.67
COST_03425,WO_03425,APU_007,230.56,772.25,787.7,1018.26
COST_03426,WO_03426,APU_039,1236.2,1783.63,8704.11,9940.31
COST_03427,WO_03427,APU_023,757.64,880.3,2746.54,3504.18
COST_03428,WO_03428,APU_035,431.8,1065.07,6198.71,6630.51
COST_03429,WO_03429,APU_001,386.52,660.36,2291.45,2677.97
COST_03430,WO_03430,APU_049,951.14,532.9,2653.84,3604.98
COST_03431,WO_03431,APU_006,564.71,926.26,3251.17,3815.88
COST_03432,WO_03432,APU_037,427.67,890.41,5075.34,5503.01
COST_03433,WO_03433,APU_043,414.34,1161.55,4204.81,4619.15
COST_03434,WO_03434,APU_024,390.93,430.77,1111.39,1502.32
COST_03435,WO_03435,APU_026,863.7,973.5,9238.51,10102.21
COST_03436,WO_03436,APU_042,980.09,1000.72,4433.19,5413.28
COST_03437,WO_03437,APU_021,253.17,1313.31,4898.65,5151.82
COST_03438,WO_03438,APU_035,480.85,1452.66,1961.09,2441.94
COST_03439,WO_03439,APU_013,359.4,793.33,1063.06,1422.46
COST_03440,WO_03440,APU_004,231.22,1423.72,4541.67,4772.89
COST_03441,WO_03441,APU_036,609.85,1563.0,4595.22,5205.07
COST_03442,WO_03442,APU_037,706.28,604.85,1173.41,1879.69
COST_03443,WO_03443,APU_006,327.97,403.12,1185.17,1513.14
COST_03444,WO_03444,APU_026,1166.34,979.72,6377.98,7544.32
COST_03445,WO_03445,APU_017,1180.19,1096.33,4363.39,5543.58
COST_03446,WO_03446,APU_017,779.19,948.73,1375.66,2154.85
COST_03447,WO_03447,APU_002,1019.08,1752.79,4487.14,5506.22
COST_03448,WO_03448,APU_027,283.37,960.64,1681.12,1964.49
COST_03449,WO_03449,APU_037,453.98,941.84,2072.05,2526.03
COST_03450,WO_03450,APU_020,304.03,1243.98,2699.44,3003.47
COST_03451,WO_03451,APU_012,375.69,505.7,1056.91,1432.6
COST_03452,WO_03452,APU_039,309.06,1309.47,1780.88,2089.94
COST_03453,WO_03453,APU_009,320.89,1388.64,3513.26,3834.15
COST_03454,WO_03454,APU_038,491.77,695.91,1391.82,1883.59
COST_03455,WO_03455,APU_008,567.19,378.61,204.45,771.64
COST_03456,WO_03456,APU_001,817.77,1441.5,12123.01,12940.78
COST_03457,WO_03457,APU_031,509.38,1161.05,5747.2,6256.58
COST_03458,WO_03458,APU_044,622.01,453.22,1001.62,1623.63
COST_03459,WO_03459,APU_014,217.81,438.8,1206.7,1424.51
COST_03460,WO_03460,APU_010,903.98,689.37,985.8,1889.78
COST_03461,WO_03461,APU_005,1067.44,690.61,4772.12,5839.56
COST_03462,WO_03462,APU_001,1052.49,866.26,6687.53,7740.02
COST_03463,WO_03463,APU_033,364.48,1083.51,3207.19,3571.67
COST_03464,WO_03464,APU_043,963.75,1712.73,8169.72,9133.47
COST_03465,WO_03465,APU_039,440.82,1626.16,4862.22,5303.04
COST_03466,WO_03466,APU_018,288.92,831.36,1080.77,1369.69
COST_03467,WO_03467,APU_017,776.13,1128.72,2449.32,3225.45
COST_03468,WO_03468,APU_003,818.34,1054.87,3080.22,3898.56
COST_03469,WO_03469,APU_006,1049.02,1352.94,2868.23,3917.25
COST_03470,WO_03470,APU_042,955.73,511.3,1232.23,2187.96
COST_03471,WO_03471,APU_030,715.29,1677.93,4345.84,5061.13
COST_03472,WO_03472,APU_019,425.91,1615.43,4200.12,4626.03
COST_03473,WO_03473,APU_013,562.74,1671.24,4679.47,5242.21
COST_03474,WO_03474,APU_041,342.25,979.83,1489.34,1831.59
COST_03475,WO_03475,APU_022,692.16,959.91,1756.64,2448.8
COST_03476,WO_03476,APU_011,389.27,1737.86,2328.73,2718.0
COST_03477,WO_03477,APU_035,388.13,1342.63,6243.23,6631.36
COST_03478,WO_03478,APU_047,521.11,1362.16,1157.84,1678.95
COST_03479,WO_03479,APU_046,719.74,1157.4,5937.46,6657.2
COST_03480,WO_03480,APU_009,687.48,1599.21,9323.39,10010.87
COST_03481,WO_03481,APU_017,112.35,1133.41,2606.84,2719.19
COST_03482,WO_03482,APU_023,600.71,1048.54,681.55,1282.26
COST_03483,WO_03483,APU_014,1051.53,673.19,1501.21,2552.74
COST_03484,WO_03484,APU_015,623.4,1581.08,4142.43,4765.83
COST_03485,WO_03485,APU_040,640.61,1350.7,2107.09,2747.7
COST_03486,WO_03486,APU_015,320.9,1573.0,3224.65,3545.55
COST_03487,WO_03487,APU_041,763.29,1019.49,6432.98,7196.27
COST_03488,WO_03488,APU_004,237.52,1593.89,6248.05,6485.57
COST_03489,WO_03489,APU_014,965.5,1699.97,2770.95,3736.45
COST_03490,WO_03490,APU_014,592.64,980.83,1108.34,1700.98
COST_03491,WO_03491,APU_036,157.76,648.5,1472.1,1629.86
COST_03492,WO_03492,APU_047,486.65,1185.52,2868.96,3355.61
COST_03493,WO_03493,APU_031,868.35,883.87,3155.42,4023.77
COST_03494,WO_03494,APU_027,341.36,1282.04,2602.54,2943.9
COST_03495,WO_03495,APU_046,848.16,1374.72,4948.99,5797.15
COST_03496,WO_03496,APU_038,1223.56,1773.4,13974.39,15197.95
COST_03497,WO_03497,APU_049,785.44,1766.46,7525.12,8310.56
COST_03498,WO_03498,APU_001,716.58,567.42,1503.66,2220.24
COST_03499,WO_03499,APU_026,319.5,387.68,953.69,1273.19
COST_03500,WO_03500,APU_012,733.03,1340.9,2990.21,3723.24
COST_03501,WO_03501,APU_008,320.7,468.59,2436.67,2757.37
COST_03502,WO_03502,APU_008,592.54,548.05,1057.74,1650.28
COST_03503,WO_03503,APU_020,730.19,944.71,2635.74,3365.93
COST_03504,WO_03504,APU_045,402.6,996.19,2789.33,3191.93
COST_03505,WO_03505,APU_011,897.74,1249.77,2574.53,3472.27
COST_03506,WO_03506,APU_049,654.28,1230.8,1575.42,2229.7
COST_03507,WO_03507,APU_032,397.33,512.0,1664.0,2061.33
COST_03508,WO_03508,APU_024,670.75,1220.97,3211.15,3881.9
COST_03509,WO_03509,APU_017,331.04,1544.01,5527.56,5858.6
COST_03510,WO_03510,APU_012,316.07,1539.07,3124.31,3440.38
COST_03511,WO_03511,APU_026,475.72,1248.8,6643.62,7119.34
COST_03512,WO_03512,APU_022,761.81,1016.62,1707.92,2469.73
COST_03513,WO_03513,APU_017,1035.63,1089.0,7590.33,8625.96
COST_03514,WO_03514,APU_001,718.61,542.38,564.08,1282.69
COST_03515,WO_03515,APU_046,424.7,335.08,1156.03,1580.73
COST_03516,WO_03516,APU_031,540.73,1114.66,3934.75,4475.48
COST_03517,WO_03517,APU_043,250.09,1737.68,3040.94,3291.03
COST_03518,WO_03518,APU_003,555.25,1483.22,5087.44,5642.69
COST_03519,WO_03519,APU_004,925.66,1725.11,9470.85,10396.51
COST_03520,WO_03520,APU_024,280.11,482.68,386.14,666.25
COST_03521,WO_03521,APU_044,640.16,1773.51,6349.17,6989.33
COST_03522,WO_03522,APU_008,222.54,866.34,597.77,820.31
COST_03523,WO_03523,APU_014,428.09,1661.36,2658.18,3086.27
COST_03524,WO_03524,APU_027,781.4,1764.5,11751.57,12532.97
COST_03525,WO_03525,APU_013,335.69,1129.2,2224.52,2560.21
COST_03526,WO_03526,APU_045,620.74,929.45,1329.11,1949.85
COST_03527,WO_03527,APU_013,921.88,441.27,1076.7,1998.58
COST_03528,WO_03528,APU_017,1165.67,714.99,6063.12,7228.79
COST_03529,WO_03529,APU_038,565.14,644.72,638.27,1203.41
COST_03530,WO_03530,APU_029,363.87,916.1,1392.47,1756.34
COST_03531,WO_03531,APU_016,702.51,1081.59,6695.04,7397.55
COST_03532,WO_03532,APU_021,855.7,1557.48,11758.97,12614.67
COST_03533,WO_03533,APU_036,316.42,1750.37,4498.45,4814.87
COST_03534,WO_03534,APU_047,579.9,1007.1,1389.8,1969.7
COST_03535,WO_03535,APU_027,1498.48,986.17,8490.92,9989.4
COST_03536,WO_03536,APU_031,431.7,588.45,3842.58,4274.28
COST_03537,WO_03537,APU_023,717.73,1595.94,6303.96,7021.69
COST_03538,WO_03538,APU_021,790.29,629.42,1095.19,1885.48
COST_03539,WO_03539,APU_014,832.83,1507.13,3993.89,4826.72
COST_03540,WO_03540,APU_028,352.5,325.26,809.9,1162.4
COST_03541,WO_03541,APU_013,874.53,510.22,1663.32,2537.85
COST_03542,WO_03542,APU_005,1038.72,637.24,3848.93,4887.65
COST_03543,WO_03543,APU_035,594.24,1722.98,7598.34,8192.58
COST_03544,WO_03544,APU_031,833.64,1791.47,2687.2,3520.84
COST_03545,WO_03545,APU_006,721.12,1042.04,6043.83,6764.95
COST_03546,WO_03546,APU_046,556.58,1297.92,4192.28,4748.86
COST_03547,WO_03547,APU_027,360.45,373.78,1483.91,1844.36
COST_03548,WO_03548,APU_028,659.58,1509.31,9191.7,9851.28
COST_03549,WO_03549,APU_039,331.83,1774.61,2608.68,2940.51
COST_03550,WO_03550,APU_013,341.16,1772.29,4732.01,5073.17
COST_03551,WO_03551,APU_045,728.49,1094.24,2221.31,2949.8
COST_03552,WO_03552,APU_022,294.98,1427.44,1641.56,1936.54
COST_03553,WO_03553,APU_042,860.91,1659.57,5459.99,6320.9
COST_03554,WO_03554,APU_030,747.15,1051.28,11374.85,12122.0
COST_03555,WO_03555,APU_015,284.14,1130.47,1119.17,1403.31
COST_03556,WO_03556,APU_045,240.72,822.9,2197.14,2437.86
COST_03557,WO_03557,APU_033,234.12,414.45,1603.92,1838.04
COST_03558,WO_03558,APU_017,275.57,1001.33,2913.87,3189.44
COST_03559,WO_03559,APU_018,348.49,1507.14,3843.21,4191.7
COST_03560,WO_03560,APU_041,788.25,973.55,1294.82,2083.07
COST_03561,WO_03561,APU_040,461.14,933.2,2883.59,3344.73
COST_03562,WO_03562,APU_039,560.04,1390.09,2488.26,3048.3
COST_03563,WO_03563,APU_023,816.5,322.33,264.31,1080.81
COST_03564,WO_03564,APU_029,799.13,964.85,5055.81,5854.94
COST_03565,WO_03565,APU_044,447.1,794.6,3655.16,4102.26
COST_03566,WO_03566,APU_006,530.17,1504.79,4213.41,4743.58
COST_03567,WO_03567,APU_045,607.11,1658.66,5108.67,5715.78
COST_03568,WO_03568,APU_045,1092.78,1415.48,6950.01,8042.79
COST_03569,WO_03569,APU_014,505.0,420.9,1296.37,1801.37
COST_03570,WO_03570,APU_038,383.4,1462.06,6535.41,6918.81
COST_03571,WO_03571,APU_034,778.44,713.62,1648.46,2426.9
COST_03572,WO_03572,APU_044,895.38,811.27,4535.0,5430.38
COST_03573,WO_03573,APU_007,1096.94,1600.53,5185.72,6282.66
COST_03574,WO_03574,APU_050,539.13,1401.25,4231.77,4770.9
COST_03575,WO_03575,APU_004,674.31,1734.27,2341.26,3015.57
COST_03576,WO_03576,APU_017,478.39,441.46,1403.84,1882.23
COST_03577,WO_03577,APU_046,188.26,1214.73,2089.34,2277.6
COST_03578,WO_03578,APU_048,479.21,1756.37,3354.67,3833.88
COST_03579,WO_03579,APU_016,203.51,1531.57,2664.93,2868.44
COST_03580,WO_03580,APU_023,495.2,1648.47,2489.19,2984.39
COST_03581,WO_03581,APU_033,700.82,476.9,4172.88,4873.7
COST_03582,WO_03582,APU_050,1354.73,600.92,3395.2,4749.93
COST_03583,WO_03583,APU_019,654.96,1096.17,8572.05,9227.01
COST_03584,WO_03584,APU_031,932.91,1424.01,1979.37,2912.28
COST_03585,WO_03585,APU_024,524.22,1730.83,4898.25,5422.47
COST_03586,WO_03586,APU_047,917.44,1087.0,1445.71,2363.15
COST_03587,WO_03587,APU_043,813.04,1681.33,3110.46,3923.5
COST_03588,WO_03588,APU_002,324.61,366.32,600.76,925.37
COST_03589,WO_03589,APU_020,348.84,905.34,4870.73,5219.57
COST_03590,WO_03590,APU_013,1065.49,1161.98,2544.74,3610.23
COST_03591,WO_03591,APU_007,901.43,1245.63,6091.13,6992.56
COST_03592,WO_03592,APU_019,792.43,1723.16,6530.78,7323.21
COST_03593,WO_03593,APU_008,797.91,636.11,6138.46,6936.37
COST_03594,WO_03594,APU_027,325.68,1147.03,1376.44,1702.12
COST_03595,WO_03595,APU_033,938.53,1351.81,7340.33,8278.86
COST_03596,WO_03596,APU_044,1045.21,920.12,4701.81,5747.02
COST_03597,WO_03597,APU_015,894.49,1560.99,2481.97,3376.46
COST_03598,WO_03598,APU_043,784.54,1765.45,8350.58,9135.12
COST_03599,WO_03599,APU_006,747.96,473.83,1549.42,2297.38
COST_03600,WO_03600,APU_007,696.12,790.28,1896.67,2592.79
COST_03601,WO_03601,APU_040,251.43,665.08,1150.59,1402.02
COST_03602,WO_03602,APU_032,641.86,1026.86,1879.15,2521.01
COST_03603,WO_03603,APU_034,681.59,1753.12,14708.68,15390.27
COST_03604,WO_03604,APU_049,649.17,1461.92,3976.42,4625.59
COST_03605,WO_03605,APU_048,465.99,1050.69,4391.88,4857.87
COST_03606,WO_03606,APU_048,567.16,1116.82,1965.6,2532.76
COST_03607,WO_03607,APU_018,133.03,338.74,599.57,732.6
COST_03608,WO_03608,APU_039,917.14,702.6,3463.82,4380.96
COST_03609,WO_03609,APU_044,410.9,1736.39,2239.94,2650.84
COST_03610,WO_03610,APU_025,154.05,1183.69,2556.77,2710.82
COST_03611,WO_03611,APU_037,538.76,1304.96,3614.74,4153.5
COST_03612,WO_03612,APU_020,218.53,977.73,2825.64,3044.17
COST_03613,WO_03613,APU_038,703.15,421.49,1036.87,1740.02
COST_03614,WO_03614,APU_027,662.94,1094.77,3700.32,4363.26
COST_03615,WO_03615,APU_037,372.85,829.71,3302.25,3675.1
COST_03616,WO_03616,APU_025,405.78,1622.44,6603.33,7009.11
COST_03617,WO_03617,APU_015,815.88,464.14,733.34,1549.22
COST_03618,WO_03618,APU_033,1046.27,977.88,2268.68,3314.95
COST_03619,WO_03619,APU_033,927.36,1533.18,8033.86,8961.22
COST_03620,WO_03620,APU_044,531.34,719.71,3202.71,3734.05
COST_03621,WO_03621,APU_033,260.73,940.79,1204.21,1464.94
COST_03622,WO_03622,APU_041,892.63,1053.35,3476.05,4368.68
COST_03623,WO_03623,APU_027,322.45,1604.91,1476.52,1798.97
COST_03624,WO_03624,APU_023,382.6,540.74,1508.66,1891.26
COST_03625,WO_03625,APU_044,861.9,1140.01,8800.88,9662.78
COST_03626,WO_03626,APU_004,669.19,604.88,973.86,1643.05
COST_03627,WO_03627,APU_022,584.79,925.45,1591.77,2176.56
COST_03628,WO_03628,APU_035,723.51,908.6,3761.6,4485.11
COST_03629,WO_03629,APU_027,362.62,626.24,726.44,1089.06
COST_03630,WO_03630,APU_009,881.82,1077.9,2069.57,2951.39
COST_03631,WO_03631,APU_003,436.57,834.37,3145.57,3582.14
COST_03632,WO_03632,APU_030,446.57,890.77,1710.28,2156.85
COST_03633,WO_03633,APU_031,373.05,1174.72,2807.58,3180.63
COST_03634,WO_03634,APU_014,457.75,1791.41,7326.87,7784.62
COST_03635,WO_03635,APU_031,438.62,1726.76,5922.79,6361.41
COST_03636,WO_03636,APU_009,635.39,1086.48,3422.41,4057.8
COST_03637,WO_03637,APU_008,1081.5,1431.43,3235.03,4316.53
COST_03638,WO_03638,APU_006,222.3,1231.78,4101.83,4324.13
COST_03639,WO_03639,APU_028,466.64,1329.14,3376.02,3842.66
COST_03640,WO_03640,APU_006,480.82,1623.69,5682.91,6163.73
COST_03641,WO_03641,APU_030,344.14,623.53,1290.71,1634.85
COST_03642,WO_03642,APU_044,302.27,1298.92,3195.34,3497.61
COST_03643,WO_03643,APU_001,357.15,530.54,838.25,1195.4
COST_03644,WO_03644,APU_030,1003.93,1526.2,4074.95,5078.88
COST_03645,WO_03645,APU_045,699.31,908.49,1580.77,2280.08
COST_03646,WO_03646,APU_049,526.53,851.87,1252.25,1778.78
COST_03647,WO_03647,APU_006,1079.99,1234.64,3864.42,4944.41
COST_03648,WO_03648,APU_010,278.41,970.65,2970.19,3248.6
COST_03649,WO_03649,APU_027,583.02,963.24,4026.34,4609.36
COST_03650,WO_03650,APU_010,776.19,1292.38,2765.69,3541.88
COST_03651,WO_03651,APU_046,601.3,1092.83,3715.62,4316.92
COST_03652,WO_03652,APU_019,661.63,1487.27,5473.15,6134.78
COST_03653,WO_03653,APU_021,659.36,535.54,1858.32,2517.68
COST_03654,WO_03654,APU_037,176.02,736.76,1274.59,1450.61
COST_03655,WO_03655,APU_029,370.4,505.41,1490.96,1861.36
COST_03656,WO_03656,APU_004,604.74,310.11,1029.57,1634.31
COST_03657,WO_03657,APU_014,1039.93,584.33,1595.22,2635.15
COST_03658,WO_03658,APU_034,88.15,1367.0,1175.62,1263.77
COST_03659,WO_03659,APU_032,806.12,1797.75,5339.32,6145.44
COST_03660,WO_03660,APU_047,1499.09,849.27,7796.3,9295.39
COST_03661,WO_03661,APU_032,716.98,890.34,1985.46,2702.44
COST_03662,WO_03662,APU_003,336.71,438.92,798.83,1135.54
COST_03663,WO_03663,APU_037,778.11,1665.37,5562.34,6340.45
COST_03664,WO_03664,APU_001,692.97,623.53,2014.0,2706.97
COST_03665,WO_03665,APU_010,912.92,1146.81,6009.28,6922.2
COST_03666,WO_03666,APU_002,129.67,1104.61,1502.27,1631.94
COST_03667,WO_03667,APU_036,969.37,891.72,3620.38,4589.75
COST_03668,WO_03668,APU_001,392.4,915.71,3443.07,3835.47
COST_03669,WO_03669,APU_004,704.41,1547.76,3884.88,4589.29
COST_03670,WO_03670,APU_023,417.07,1206.68,3945.84,4362.91
COST_03671,WO_03671,APU_006,519.81,950.88,4554.72,5074.53
COST_03672,WO_03672,APU_037,715.98,1653.23,7257.68,7973.66
COST_03673,WO_03673,APU_013,432.56,301.27,436.84,869.4
COST_03674,WO_03674,APU_010,1011.47,1747.64,7462.42,8473.89
COST_03675,WO_03675,APU_019,307.36,1788.85,4686.79,4994.15
COST_03676,WO_03676,APU_028,821.52,1523.04,4310.2,5131.72
COST_03677,WO_03677,APU_047,556.84,1613.67,4566.69,5123.53
COST_03678,WO_03678,APU_029,932.62,1359.15,3397.88,4330.5
COST_03679,WO_03679,APU_014,1051.24,1284.14,6728.89,7780.13
COST_03680,WO_03680,APU_012,665.27,892.7,2321.02,2986.29
COST_03681,WO_03681,APU_017,690.58,1328.38,1952.72,2643.3
COST_03682,WO_03682,APU_038,389.6,502.46,1100.39,1489.99
COST_03683,WO_03683,APU_016,423.49,1062.05,3186.15,3609.64
COST_03684,WO_03684,APU_024,1149.22,454.12,2425.0,3574.22
COST_03685,WO_03685,APU_009,570.43,1209.6,4584.38,5154.81
COST_03686,WO_03686,APU_036,564.04,1063.82,1808.49,2372.53
COST_03687,WO_03687,APU_037,740.51,352.44,3757.01,4497.52
COST_03688,WO_03688,APU_022,516.77,919.48,2887.17,3403.94
COST_03689,WO_03689,APU_049,629.64,1212.41,6644.01,7273.65
COST_03690,WO_03690,APU_050,291.43,1517.26,3793.15,4084.58
COST_03691,WO_03691,APU_014,447.24,799.48,2910.11,3357.35
COST_03692,WO_03692,APU_045,470.22,631.93,2723.62,3193.84
COST_03693,WO_03693,APU_004,549.79,1448.79,7693.07,8242.86
COST_03694,WO_03694,APU_029,873.04,1457.65,7084.18,7957.22
COST_03695,WO_03695,APU_037,787.8,514.07,2256.77,3044.57
COST_03696,WO_03696,APU_034,831.31,535.56,1226.43,2057.74
COST_03697,WO_03697,APU_050,831.74,449.4,889.81,1721.55
COST_03698,WO_03698,APU_020,307.31,1037.48,3382.18,3689.49
COST_03699,WO_03699,APU_008,816.7,1099.68,4992.55,5809.25
COST_03700,WO_03700,APU_014,835.44,1044.2,2506.08,3341.52
COST_03701,WO_03701,APU_033,965.8,1432.36,6989.92,7955.72
COST_03702,WO_03702,APU_020,719.03,620.9,3750.24,4469.27
COST_03703,WO_03703,APU_044,648.65,626.91,1028.13,1676.78
COST_03704,WO_03704,APU_027,172.99,743.18,1278.27,1451.26
COST_03705,WO_03705,APU_025,387.99,1650.0,4158.0,4545.99
COST_03706,WO_03706,APU_006,1113.18,1559.0,5019.98,6133.16
COST_03707,WO_03707,APU_004,799.99,891.3,1818.25,2618.24
COST_03708,WO_03708,APU_004,743.44,1476.88,8447.75,9191.19
COST_03709,WO_03709,APU_007,520.29,1475.9,5062.34,5582.63
COST_03710,WO_03710,APU_001,401.04,732.85,2037.32,2438.36
COST_03711,WO_03711,APU_025,923.1,1664.03,2046.76,2969.86
COST_03712,WO_03712,APU_018,468.04,1395.66,1842.27,2310.31
COST_03713,WO_03713,APU_009,912.32,346.1,1097.14,2009.46
COST_03714,WO_03714,APU_029,435.26,1685.46,1415.79,1851.05
COST_03715,WO_03715,APU_012,550.86,955.46,4528.88,5079.74
COST_03716,WO_03716,APU_042,506.51,442.63,1102.15,1608.66
COST_03717,WO_03717,APU_049,1473.81,1251.09,20242.64,21716.45
COST_03718,WO_03718,APU_038,974.47,1252.73,12113.9,13088.37
COST_03719,WO_03719,APU_046,666.42,1185.42,2916.13,3582.55
COST_03720,WO_03720,APU_045,1021.81,900.79,2306.02,3327.83
COST_03721,WO_03721,APU_040,1172.76,796.88,3745.34,4918.1
COST_03722,WO_03722,APU_043,845.82,914.87,6349.2,7195.02
COST_03723,WO_03723,APU_018,891.57,1370.25,1507.28,2398.85
COST_03724,WO_03724,APU_007,191.76,1541.86,1572.7,1764.46
COST_03725,WO_03725,APU_023,452.16,1616.2,3119.27,3571.43
COST_03726,WO_03726,APU_010,518.64,748.19,2805.71,3324.35
COST_03727,WO_03727,APU_050,666.46,1756.64,6271.2,6937.66
COST_03728,WO_03728,APU_016,422.54,1137.09,5571.74,5994.28
COST_03729,WO_03729,APU_002,123.81,567.57,800.27,924.08
COST_03730,WO_03730,APU_046,762.61,913.83,694.51,1457.12
COST_03731,WO_03731,APU_009,832.07,1573.1,6858.72,7690.79
COST_03732,WO_03732,APU_002,265.76,1532.66,2636.18,2901.94
COST_03733,WO_03733,APU_045,195.02,478.63,430.77,625.79
COST_03734,WO_03734,APU_018,682.1,1195.86,3515.83,4197.93
COST_03735,WO_03735,APU_032,324.08,1763.49,7406.66,7730.74
COST_03736,WO_03736,APU_036,708.89,1258.08,3195.52,3904.41
COST_03737,WO_03737,APU_042,832.33,681.24,1437.42,2269.75
COST_03738,WO_03738,APU_048,483.95,345.08,859.25,1343.2
COST_03739,WO_03739,APU_006,595.37,586.79,1302.67,1898.04
COST_03740,WO_03740,APU_044,341.89,1132.83,1472.68,1814.57
COST_03741,WO_03741,APU_001,409.4,508.3,930.19,1339.59
COST_03742,WO_03742,APU_043,834.79,1144.97,4144.79,4979.58
COST_03743,WO_03743,APU_009,304.06,1179.56,3821.77,4125.83
COST_03744,WO_03744,APU_005,765.4,1683.31,5016.26,5781.66
COST_03745,WO_03745,APU_024,624.86,415.29,652.01,1276.87
COST_03746,WO_03746,APU_048,846.8,1313.69,3231.68,4078.48
COST_03747,WO_03747,APU_008,349.64,1342.72,1101.03,1450.67
COST_03748,WO_03748,APU_044,660.47,544.32,1632.96,2293.43
COST_03749,WO_03749,APU_047,905.85,1008.77,6012.27,6918.12
COST_03750,WO_03750,APU_016,195.97,846.44,1024.19,1220.16
COST_03751,WO_03751,APU_046,386.12,587.81,1157.99,1544.11
COST_03752,WO_03752,APU_029,848.84,743.76,2424.66,3273.5
COST_03753,WO_03753,APU_009,730.13,572.56,3097.55,3827.68
COST_03754,WO_03754,APU_016,815.7,1169.31,2478.94,3294.64
COST_03755,WO_03755,APU_007,246.56,1103.67,2052.83,2299.39
COST_03756,WO_03756,APU_038,841.61,874.87,804.88,1646.49
COST_03757,WO_03757,APU_016,467.19,1383.04,3983.16,4450.35
COST_03758,WO_03758,APU_003,1081.1,1377.15,11512.97,12594.07
COST_03759,WO_03759,APU_035,317.37,631.47,2001.76,2319.13
COST_03760,WO_03760,APU_028,492.99,1698.21,4568.18,5061.17
COST_03761,WO_03761,APU_019,460.36,975.56,3170.57,3630.93
COST_03762,WO_03762,APU_013,340.84,1075.31,2903.34,3244.18
COST_03763,WO_03763,APU_009,739.73,1092.67,1901.25,2640.98
COST_03764,WO_03764,APU_026,1057.66,1377.16,5894.24,6951.9
COST_03765,WO_03765,APU_022,624.86,1393.84,4293.03,4917.89
COST_03766,WO_03766,APU_044,278.88,1404.5,3848.33,4127.21
COST_03767,WO_03767,APU_043,539.55,320.9,510.23,1049.78
COST_03768,WO_03768,APU_032,1192.82,718.0,3999.26,5192.08
COST_03769,WO_03769,APU_030,458.36,778.15,3050.35,3508.71
COST_03770,WO_03770,APU_040,386.83,442.86,890.15,1276.98
COST_03771,WO_03771,APU_024,739.44,1092.27,5155.51,5894.95
COST_03772,WO_03772,APU_047,443.98,679.67,1406.92,1850.9
COST_03773,WO_03773,APU_038,299.33,1072.5,1898.33,2197.66
COST_03774,WO_03774,APU_032,934.78,1117.02,1999.47,2934.25
COST_03775,WO_03775,APU_016,891.63,1617.61,1666.14,2557.77
COST_03776,WO_03776,APU_050,426.05,662.89,2333.37,2759.42
COST_03777,WO_03777,APU_027,303.2,1638.42,1622.04,1925.24
COST_03778,WO_03778,APU_004,300.4,488.6,674.27,974.67
COST_03779,WO_03779,APU_004,714.87,972.53,846.1,1560.97
COST_03780,WO_03780,APU_044,895.05,823.69,2133.36,3028.41
COST_03781,WO_03781,APU_030,537.37,621.24,1553.1,2090.47
COST_03782,WO_03782,APU_007,918.89,1449.16,3289.59,4208.48
COST_03783,WO_03783,APU_002,323.49,749.88,1147.32,1470.81
COST_03784,WO_03784,APU_019,619.47,1452.59,2077.2,2696.67
COST_03785,WO_03785,APU_007,406.41,1415.5,4968.4,5374.81
COST_03786,WO_03786,APU_018,1014.17,1682.9,3382.63,4396.8
COST_03787,WO_03787,APU_045,413.92,1595.64,5153.92,5567.84
COST_03788,WO_03788,APU_030,237.85,1328.91,2219.28,2457.13
COST_03789,WO_03789,APU_043,941.08,1156.19,3468.57,4409.65
COST_03790,WO_03790,APU_050,1096.29,1154.13,6428.5,7524.79
COST_03791,WO_03791,APU_041,775.47,570.34,2138.78,2914.25
COST_03792,WO_03792,APU_029,273.87,1374.62,2982.93,3256.8
COST_03793,WO_03793,APU_030,340.33,1353.55,4236.61,4576.94
COST_03794,WO_03794,APU_006,400.06,888.01,2113.46,2513.52
COST_03795,WO_03795,APU_045,822.81,692.34,1890.09,2712.9
COST_03796,WO_03796,APU_039,381.9,981.41,2227.8,2609.7
COST_03797,WO_03797,APU_013,777.61,1209.59,2999.78,3777.39
COST_03798,WO_03798,APU_002,420.88,982.94,2997.97,3418.85
COST_03799,WO_03799,APU_008,492.61,1424.06,2235.77,2728.38
COST_03800,WO_03800,APU_002,138.09,1164.47,1804.93,1943.02
COST_03801,WO_03801,APU_003,248.41,1167.47,1482.69,1731.1
COST_03802,WO_03802,APU_042,280.96,1536.51,1736.26,2017.22
COST_03803,WO_03803,APU_043,313.17,1377.67,1914.96,2228.13
COST_03804,WO_03804,APU_043,557.66,834.51,2478.49,3036.15
COST_03805,WO_03805,APU_022,935.91,1691.71,2808.24,3744.15
COST_03806,WO_03806,APU_026,238.4,1585.71,5724.41,5962.81
COST_03807,WO_03807,APU_012,253.61,1731.76,4796.98,5050.59
COST_03808,WO_03808,APU_033,449.84,1193.71,1098.21,1548.05
COST_03809,WO_03809,APU_002,445.39,1568.01,6115.24,6560.63
COST_03810,WO_03810,APU_014,658.35,1033.5,4392.38,5050.73
COST_03811,WO_03811,APU_032,819.6,1753.87,2753.58,3573.18
COST_03812,WO_03812,APU_038,840.7,811.21,2782.45,3623.15
COST_03813,WO_03813,APU_001,475.27,724.42,1231.51,1706.78
COST_03814,WO_03814,APU_024,452.45,1790.65,5139.17,5591.62
COST_03815,WO_03815,APU_042,653.73,970.39,1319.73,1973.46
COST_03816,WO_03816,APU_002,264.31,804.03,812.07,1076.38
COST_03817,WO_03817,APU_003,882.94,1211.2,2664.64,3547.58
COST_03818,WO_03818,APU_041,447.59,1029.56,2615.08,3062.67
COST_03819,WO_03819,APU_024,651.81,1730.36,3772.18,4423.99
COST_03820,WO_03820,APU_014,600.13,1200.8,1705.14,2305.27
COST_03821,WO_03821,APU_044,270.89,333.91,727.92,998.81
COST_03822,WO_03822,APU_036,498.94,551.42,1736.97,2235.91
COST_03823,WO_03823,APU_038,822.81,1246.0,3301.9,4124.71
COST_03824,WO_03824,APU_030,481.29,1122.43,3378.51,3859.8
COST_03825,WO_03825,APU_046,285.53,1291.59,2428.19,2713.72
COST_03826,WO_03826,APU_044,312.44,1459.17,7558.5,7870.94
COST_03827,WO_03827,APU_031,621.89,1403.11,1992.42,2614.31
COST_03828,WO_03828,APU_003,808.57,358.41,1272.36,2080.93
COST_03829,WO_03829,APU_015,535.76,998.38,5201.56,5737.32
COST_03830,WO_03830,APU_035,424.04,1041.57,3687.16,4111.2
COST_03831,WO_03831,APU_011,488.66,1539.94,3742.05,4230.71
COST_03832,WO_03832,APU_031,407.78,614.02,1246.46,1654.24
COST_03833,WO_03833,APU_049,617.72,1311.93,6310.38,6928.1
COST_03834,WO_03834,APU_039,383.11,663.08,822.22,1205.33
COST_03835,WO_03835,APU_009,152.17,1403.63,2231.77,2383.94
COST_03836,WO_03836,APU_041,801.36,393.21,857.2,1658.56
COST_03837,WO_03837,APU_014,1329.67,969.87,5208.2,6537.87
COST_03838,WO_03838,APU_023,189.68,687.02,2301.52,2491.2
COST_03839,WO_03839,APU_004,470.72,1300.95,2081.52,2552.24
COST_03840,WO_03840,APU_009,494.5,1368.55,3133.98,3628.48
COST_03841,WO_03841,APU_034,781.68,1698.67,3295.42,4077.1
COST_03842,WO_03842,APU_034,352.02,540.06,993.71,1345.73
COST_03843,WO_03843,APU_002,786.84,1122.03,5228.66,6015.5
COST_03844,WO_03844,APU_023,847.84,460.31,589.2,1437.04
COST_03845,WO_03845,APU_014,897.5,1303.89,8592.64,9490.14
COST_03846,WO_03846,APU_024,345.23,439.3,1884.6,2229.83
COST_03847,WO_03847,APU_001,966.47,789.54,3908.22,4874.69
COST_03848,WO_03848,APU_015,981.23,1540.12,3249.65,4230.88
COST_03849,WO_03849,APU_034,430.08,318.59,796.47,1226.55
COST_03850,WO_03850,APU_037,360.67,519.8,644.55,1005.22
COST_03851,WO_03851,APU_016,195.55,998.54,2037.02,2232.57
COST_03852,WO_03852,APU_022,872.98,982.63,3507.99,4380.97
COST_03853,WO_03853,APU_042,1129.95,906.31,5020.96,6150.91
COST_03854,WO_03854,APU_010,805.14,1523.09,2254.17,3059.31
COST_03855,WO_03855,APU_037,763.23,1676.04,3720.81,4484.04
COST_03856,WO_03856,APU_017,1051.14,848.59,2121.47,3172.61
COST_03857,WO_03857,APU_029,946.91,1272.91,1603.87,2550.78
COST_03858,WO_03858,APU_042,995.65,1422.43,5348.34,6343.99
COST_03859,WO_03859,APU_035,459.15,434.89,795.85,1255.0
COST_03860,WO_03860,APU_037,1018.29,1596.89,3896.41,4914.7
COST_03861,WO_03861,APU_016,150.98,1025.36,2173.76,2324.74
COST_03862,WO_03862,APU_025,967.81,771.86,1358.47,2326.28
COST_03863,WO_03863,APU_045,236.32,1495.09,4051.69,4288.01
COST_03864,WO_03864,APU_031,660.55,396.78,956.24,1616.79
COST_03865,WO_03865,APU_005,293.26,1310.3,2908.87,3202.13
COST_03866,WO_03866,APU_038,734.24,399.87,727.76,1462.0
COST_03867,WO_03867,APU_025,839.27,1153.22,3736.43,4575.7
COST_03868,WO_03868,APU_027,741.23,609.66,4115.2,4856.43
COST_03869,WO_03869,APU_016,743.66,1138.29,3346.57,4090.23
COST_03870,WO_03870,APU_047,628.13,1359.28,6388.62,7016.75
COST_03871,WO_03871,APU_003,613.83,1559.98,1981.17,2595.0
COST_03872,WO_03872,APU_016,295.95,547.44,1620.42,1916.37
COST_03873,WO_03873,APU_020,647.72,1614.81,2406.07,3053.79
COST_03874,WO_03874,APU_033,327.1,505.2,611.29,938.39
COST_03875,WO_03875,APU_046,294.34,1059.42,1917.55,2211.89
COST_03876,WO_03876,APU_028,642.11,1774.47,9298.22,9940.33
COST_03877,WO_03877,APU_005,492.32,1633.24,7480.24,7972.56
COST_03878,WO_03878,APU_007,487.4,591.0,1838.01,2325.41
COST_03879,WO_03879,APU_006,268.68,1211.15,1417.05,1685.73
COST_03880,WO_03880,APU_021,302.43,1643.32,4009.7,4312.13
COST_03881,WO_03881,APU_043,303.55,971.84,3119.61,3423.16
COST_03882,WO_03882,APU_027,458.98,808.25,2416.67,2875.65
COST_03883,WO_03883,APU_047,579.59,1255.86,1243.3,1822.89
COST_03884,WO_03884,APU_007,142.51,1531.04,2556.84,2699.35
COST_03885,WO_03885,APU_024,876.16,1651.23,4326.22,5202.38
COST_03886,WO_03886,APU_003,398.33,1391.87,5080.33,5478.66
COST_03887,WO_03887,APU_038,101.94,422.09,341.89,443.83
COST_03888,WO_03888,APU_024,312.9,1237.97,3082.55,3395.45
COST_03889,WO_03889,APU_030,161.67,926.11,2722.76,2884.43
COST_03890,WO_03890,APU_045,817.67,1549.75,6725.91,7543.58
COST_03891,WO_03891,APU_044,453.06,653.38,2600.45,3053.51
COST_03892,WO_03892,APU_028,399.4,1795.71,6715.96,7115.36
COST_03893,WO_03893,APU_004,954.65,551.05,964.34,1918.99
COST_03894,WO_03894,APU_002,669.79,910.48,864.96,1534.75
COST_03895,WO_03895,APU_023,494.67,533.39,1168.12,1662.79
COST_03896,WO_03896,APU_009,546.05,805.84,3803.56,4349.61
COST_03897,WO_03897,APU_018,973.83,673.17,3938.04,4911.87
COST_03898,WO_03898,APU_005,609.76,1191.97,4791.72,5401.48
COST_03899,WO_03899,APU_023,824.49,754.02,2593.83,3418.32
COST_03900,WO_03900,APU_046,665.36,1036.57,3472.51,4137.87
COST_03901,WO_03901,APU_044,478.61,570.17,1140.34,1618.95
COST_03902,WO_03902,APU_009,911.58,1184.49,2996.76,3908.34
COST_03903,WO_03903,APU_026,822.04,583.1,3970.91,4792.95
COST_03904,WO_03904,APU_038,649.55,622.01,1007.66,1657.21
COST_03905,WO_03905,APU_001,744.42,1763.54,11657.0,12401.42
COST_03906,WO_03906,APU_001,290.43,902.61,2057.95,2348.38
COST_03907,WO_03907,APU_037,1034.89,382.16,2151.56,3186.45
COST_03908,WO_03908,APU_027,262.15,658.62,823.27,1085.42
COST_03909,WO_03909,APU_014,615.23,1587.92,5954.7,6569.93
COST_03910,WO_03910,APU_013,655.61,1728.29,3128.2,3783.81
COST_03911,WO_03911,APU_001,710.77,343.93,429.91,1140.68
COST_03912,WO_03912,APU_044,485.76,1077.47,3307.83,3793.59
COST_03913,WO_03913,APU_049,726.84,486.99,2308.33,3035.17
COST_03914,WO_03914,APU_012,609.12,972.57,1663.09,2272.21
COST_03915,WO_03915,APU_009,449.37,929.79,1106.45,1555.82
COST_03916,WO_03916,APU_040,287.78,748.62,1931.44,2219.22
COST_03917,WO_03917,APU_045,617.51,1549.37,4012.87,4630.38
COST_03918,WO_03918,APU_028,563.42,1785.31,6569.94,7133.36
COST_03919,WO_03919,APU_023,970.9,1200.5,5498.29,6469.19
COST_03920,WO_03920,APU_030,361.65,564.15,1483.71,1845.36
COST_03921,WO_03921,APU_050,390.27,587.85,4432.39,4822.66
COST_03922,WO_03922,APU_023,619.36,904.12,2784.69,3404.05
COST_03923,WO_03923,APU_037,683.18,1789.12,4025.52,4708.7
COST_03924,WO_03924,APU_019,248.91,1647.94,1845.69,2094.6
COST_03925,WO_03925,APU_039,922.86,1534.37,3605.77,4528.63
COST_03926,WO_03926,APU_029,327.28,985.6,2227.46,2554.74
COST_03927,WO_03927,APU_012,1151.37,878.89,4051.68,5203.05
COST_03928,WO_03928,APU_046,880.16,1260.48,4424.28,5304.44
COST_03929,WO_03929,APU_026,673.8,1623.54,2305.43,2979.23
COST_03930,WO_03930,APU_038,388.2,1715.48,5129.29,5517.49
COST_03931,WO_03931,APU_030,517.47,1668.63,6557.72,7075.19
COST_03932,WO_03932,APU_021,508.76,1741.43,10971.01,11479.77
COST_03933,WO_03933,APU_043,584.78,778.2,3447.43,4032.21
COST_03934,WO_03934,APU_003,648.09,858.73,3546.55,4194.64
COST_03935,WO_03935,APU_041,630.13,330.03,927.38,1557.51
COST_03936,WO_03936,APU_022,383.84,1233.39,4156.52,4540.36
COST_03937,WO_03937,APU_030,297.21,1032.12,5573.45,5870.66
COST_03938,WO_03938,APU_012,505.75,392.08,513.62,1019.37
COST_03939,WO_03939,APU_050,418.43,436.45,977.65,1396.08
COST_03940,WO_03940,APU_030,402.76,759.17,1351.32,1754.08
COST_03941,WO_03941,APU_007,512.54,1329.44,4453.62,4966.16
COST_03942,WO_03942,APU_021,941.27,1021.25,5463.69,6404.96
COST_03943,WO_03943,APU_029,515.56,1080.07,2116.94,2632.5
COST_03944,WO_03944,APU_041,819.38,684.67,499.81,1319.19
COST_03945,WO_03945,APU_006,665.12,1003.64,2177.9,2843.02
COST_03946,WO_03946,APU_030,324.76,662.92,2976.51,3301.27
COST_03947,WO_03947,APU_019,661.99,426.81,1557.86,2219.85
COST_03948,WO_03948,APU_035,744.43,792.65,2726.72,3471.15
COST_03949,WO_03949,APU_002,762.79,966.7,2252.41,3015.2
COST_03950,WO_03950,APU_011,707.85,1118.26,1509.65,2217.5
COST_03951,WO_03951,APU_009,469.72,1685.5,6084.65,6554.37
COST_03952,WO_03952,APU_039,413.98,1489.88,2562.59,2976.57
COST_03953,WO_03953,APU_026,905.38,731.21,6610.14,7515.52
COST_03954,WO_03954,APU_020,1066.86,950.86,3537.2,4604.06
COST_03955,WO_03955,APU_044,674.18,462.21,915.18,1589.36
COST_03956,WO_03956,APU_047,450.29,657.03,1274.64,1724.93
COST_03957,WO_03957,APU_037,355.1,414.66,1069.82,1424.92
COST_03958,WO_03958,APU_050,599.78,722.52,1719.6,2319.38
COST_03959,WO_03959,APU_046,1248.01,1568.83,7875.53,9123.54
COST_03960,WO_03960,APU_004,447.75,1707.84,5140.6,5588.35
COST_03961,WO_03961,APU_041,966.38,749.04,1363.25,2329.63
COST_03962,WO_03962,APU_039,1045.91,1167.58,8978.69,10024.6
COST_03963,WO_03963,APU_033,709.01,750.16,2092.95,2801.96
COST_03964,WO_03964,APU_017,795.32,658.24,2731.7,3527.02
COST_03965,WO_03965,APU_034,321.25,1187.44,2315.51,2636.76
COST_03966,WO_03966,APU_004,1026.97,1042.86,3462.3,4489.27
COST_03967,WO_03967,APU_026,795.65,1592.59,5144.07,5939.72
COST_03968,WO_03968,APU_032,501.14,816.61,783.95,1285.09
COST_03969,WO_03969,APU_002,807.73,1146.54,9447.49,10255.22
COST_03970,WO_03970,APU_001,553.07,1357.66,7507.86,8060.93
COST_03971,WO_03971,APU_013,694.89,652.88,1423.28,2118.17
COST_03972,WO_03972,APU_006,486.09,1750.45,2590.67,3076.76
COST_03973,WO_03973,APU_012,1055.08,1278.03,4204.72,5259.8
COST_03974,WO_03974,APU_043,648.99,1651.18,4705.86,5354.85
COST_03975,WO_03975,APU_045,816.91,591.78,1958.79,2775.7
COST_03976,WO_03976,APU_049,622.4,450.3,1359.91,1982.31
COST_03977,WO_03977,APU_008,343.1,726.32,2607.49,2950.59
COST_03978,WO_03978,APU_008,1067.53,377.14,2274.15,3341.68
COST_03979,WO_03979,APU_017,946.29,1517.01,5643.28,6589.57
COST_03980,WO_03980,APU_019,716.1,356.08,544.8,1260.9
COST_03981,WO_03981,APU_002,407.19,1282.79,7376.04,7783.23
COST_03982,WO_03982,APU_044,1127.55,1555.49,10421.78,11549.33
COST_03983,WO_03983,APU_042,923.87,1738.15,26750.13,27674.0
COST_03984,WO_03984,APU_047,430.48,1716.58,2523.37,2953.85
COST_03985,WO_03985,APU_032,809.42,1406.38,4373.84,5183.26
COST_03986,WO_03986,APU_008,559.45,1010.0,868.6,1428.05
COST_03987,WO_03987,APU_039,362.18,903.1,3323.41,3685.59
COST_03988,WO_03988,APU_049,960.33,1080.04,2170.88,3131.21
COST_03989,WO_03989,APU_040,543.65,1645.87,12887.16,13430.81
COST_03990,WO_03990,APU_042,632.06,951.85,1694.29,2326.35
COST_03991,WO_03991,APU_039,672.75,478.93,512.46,1185.21
COST_03992,WO_03992,APU_021,476.05,719.53,1511.01,1987.06
COST_03993,WO_03993,APU_032,306.32,629.28,578.94,885.26
COST_03994,WO_03994,APU_040,796.46,1639.73,6739.29,7535.75
COST_03995,WO_03995,APU_026,209.34,1161.93,1010.88,1220.22
COST_03996,WO_03996,APU_046,1120.55,482.95,1332.94,2453.49
COST_03997,WO_03997,APU_016,206.18,1218.32,1059.94,1266.12
COST_03998,WO_03998,APU_001,708.64,1636.3,3730.76,4439.4
COST_03999,WO_03999,APU_002,1228.53,775.29,5202.2,6430.73
COST_04000,WO_04000,APU_002,526.88,1466.32,4853.52,5380.4
COST_04001,WO_04001,APU_031,871.35,1020.79,1725.14,2596.49
COST_04002,WO_04002,APU_029,704.37,737.59,1969.37,2673.74
COST_04003,WO_04003,APU_017,985.5,814.75,2240.56,3226.06
COST_04004,WO_04004,APU_035,992.54,832.94,2940.28,3932.82
COST_04005,WO_04005,APU_008,479.25,1011.11,1294.22,1773.47
COST_04006,WO_04006,APU_029,322.66,954.45,3598.28,3920.94
COST_04007,WO_04007,APU_031,499.83,745.07,454.49,954.32
COST_04008,WO_04008,APU_030,689.8,1297.61,2491.41,3181.21
COST_04009,WO_04009,APU_046,886.36,1574.75,3275.48,4161.84
COST_04010,WO_04010,APU_043,628.5,780.21,3003.81,3632.31
COST_04011,WO_04011,APU_035,781.73,1163.73,3200.26,3981.99
COST_04012,WO_04012,APU_030,363.22,545.7,682.12,1045.34
COST_04013,WO_04013,APU_011,515.68,1635.67,2584.36,3100.04
COST_04014,WO_04014,APU_013,604.68,1195.57,3622.58,4227.26
COST_04015,WO_04015,APU_009,212.53,1594.6,4145.96,4358.49
COST_04016,WO_04016,APU_009,552.94,721.7,1428.97,1981.91
COST_04017,WO_04017,APU_011,127.67,659.36,1378.06,1505.73
COST_04018,WO_04018,APU_020,927.88,1596.67,6370.71,7298.59
COST_04019,WO_04019,APU_016,592.68,1414.82,2886.23,3478.91
COST_04020,WO_04020,APU_026,582.25,891.63,2309.32,2891.57
COST_04021,WO_04021,APU_014,1264.12,924.08,8289.0,9553.12
COST_04022,WO_04022,APU_024,555.09,1305.15,1618.39,2173.48
COST_04023,WO_04023,APU_014,250.23,386.66,378.93,629.16
COST_04024,WO_04024,APU_037,458.02,871.71,3643.75,4101.77
COST_04025,WO_04025,APU_012,299.48,682.25,1275.81,1575.29
COST_04026,WO_04026,APU_011,566.69,1192.95,2719.93,3286.62
COST_04027,WO_04027,APU_017,557.57,693.48,1227.46,1785.03
COST_04028,WO_04028,APU_017,388.08,1258.05,2969.0,3357.08
COST_04029,WO_04029,APU_049,604.29,506.28,3316.13,3920.42
COST_04030,WO_04030,APU_008,974.23,1129.35,4777.15,5751.38
COST_04031,WO_04031,APU_037,964.36,1536.39,6714.02,7678.38
COST_04032,WO_04032,APU_021,859.83,322.8,403.5,1263.33
COST_04033,WO_04033,APU_026,855.47,722.59,1040.53,1896.0
COST_04034,WO_04034,APU_020,833.94,1002.78,571.58,1405.52
COST_04035,WO_04035,APU_027,376.9,541.55,942.3,1319.2
COST_04036,WO_04036,APU_048,800.35,1013.35,4661.41,5461.76
COST_04037,WO_04037,APU_039,725.1,531.34,1918.14,2643.24
COST_04038,WO_04038,APU_006,256.48,1650.6,3977.95,4234.43
COST_04039,WO_04039,APU_047,281.55,1507.73,4055.79,4337.34
COST_04040,WO_04040,APU_031,209.64,1523.52,2833.75,3043.39
COST_04041,WO_04041,APU_004,626.43,857.45,2606.65,3233.08
COST_04042,WO_04042,APU_024,501.94,1634.79,6768.03,7269.97
COST_04043,WO_04043,APU_011,702.61,1339.38,1500.11,2202.72
COST_04044,WO_04044,APU_017,224.02,1405.48,4511.59,4735.61
COST_04045,WO_04045,APU_005,466.45,1254.49,5695.38,6161.83
COST_04046,WO_04046,APU_030,324.17,630.65,1362.2,1686.37
COST_04047,WO_04047,APU_038,278.78,1774.61,7098.44,7377.22
COST_04048,WO_04048,APU_025,1298.29,1242.78,15882.73,17181.02
COST_04049,WO_04049,APU_024,313.39,1041.84,2677.53,2990.92
COST_04050,WO_04050,APU_050,879.61,1119.32,3772.11,4651.72
COST_04051,WO_04051,APU_009,623.71,1574.79,2850.37,3474.08
COST_04052,WO_04052,APU_040,280.76,618.58,1855.74,2136.5
COST_04053,WO_04053,APU_032,862.26,959.23,3357.31,4219.57
COST_04054,WO_04054,APU_025,254.36,354.72,1074.8,1329.16
COST_04055,WO_04055,APU_009,489.12,1208.53,1873.22,2362.34
COST_04056,WO_04056,APU_021,649.09,304.33,925.16,1574.25
COST_04057,WO_04057,APU_050,816.49,651.63,3961.91,4778.4
COST_04058,WO_04058,APU_050,1120.18,1028.6,3579.53,4699.71
COST_04059,WO_04059,APU_047,587.7,530.02,2443.39,3031.09
COST_04060,WO_04060,APU_027,809.88,1181.09,2822.81,3632.69
COST_04061,WO_04061,APU_031,475.21,980.43,4029.57,4504.78
COST_04062,WO_04062,APU_011,1005.22,771.99,2447.21,3452.43
COST_04063,WO_04063,APU_004,296.25,1479.77,2382.43,2678.68
COST_04064,WO_04064,APU_036,930.32,1725.07,5589.23,6519.55
COST_04065,WO_04065,APU_010,381.72,662.67,1047.02,1428.74
COST_04066,WO_04066,APU_046,447.47,1021.82,1961.89,2409.36
COST_04067,WO_04067,APU_005,247.13,1692.03,5109.93,5357.06
COST_04068,WO_04068,APU_010,998.6,1739.54,5566.53,6565.13
COST_04069,WO_04069,APU_034,375.21,962.06,1356.5,1731.71
COST_04070,WO_04070,APU_023,609.93,1216.8,5901.48,6511.41
COST_04071,WO_04071,APU_031,859.37,300.68,1118.53,1977.9
COST_04072,WO_04072,APU_033,594.63,555.14,1021.46,1616.09
COST_04073,WO_04073,APU_027,631.12,1220.06,1427.47,2058.59
COST_04074,WO_04074,APU_015,1026.94,535.37,1343.78,2370.72
COST_04075,WO_04075,APU_032,917.46,667.03,1420.77,2338.23
COST_04076,WO_04076,APU_027,419.58,803.61,2322.43,2742.01
COST_04077,WO_04077,APU_014,373.04,766.93,1710.25,2083.29
COST_04078,WO_04078,APU_023,670.57,1672.68,1505.41,2175.98
COST_04079,WO_04079,APU_024,565.0,1099.73,2419.41,2984.41
COST_04080,WO_04080,APU_045,709.3,1573.81,3619.76,4329.06
COST_04081,WO_04081,APU_042,534.68,396.65,1527.1,2061.78
COST_04082,WO_04082,APU_025,153.47,843.88,1561.18,1714.65
COST_04083,WO_04083,APU_029,1066.72,1752.78,11989.02,13055.74
COST_04084,WO_04084,APU_033,904.83,480.77,456.73,1361.56
COST_04085,WO_04085,APU_036,815.94,812.06,4539.42,5355.36
COST_04086,WO_04086,APU_004,573.14,1410.82,3385.97,3959.11
COST_04087,WO_04087,APU_023,990.24,771.44,3363.48,4353.72
COST_04088,WO_04088,APU_030,751.03,840.22,2386.22,3137.25
COST_04089,WO_04089,APU_038,467.67,931.3,4740.32,5207.99
COST_04090,WO_04090,APU_048,801.04,1030.04,2266.09,3067.13
COST_04091,WO_04091,APU_028,326.09,1620.1,2413.95,2740.04
COST_04092,WO_04092,APU_005,683.36,566.37,3364.24,4047.6
COST_04093,WO_04093,APU_035,505.71,1603.03,4087.73,4593.44
COST_04094,WO_04094,APU_049,407.33,1564.52,4803.08,5210.41
COST_04095,WO_04095,APU_003,1056.15,660.29,3539.15,4595.3
COST_04096,WO_04096,APU_048,284.91,1007.14,1551.0,1835.91
COST_04097,WO_04097,APU_031,715.15,1609.14,6066.46,6781.61
COST_04098,WO_04098,APU_044,622.21,959.86,1890.92,2513.13
COST_04099,WO_04099,APU_038,288.47,1432.74,3624.83,3913.3
COST_04100,WO_04100,APU_012,848.31,1198.06,3390.51,4238.82
COST_04101,WO_04101,APU_049,562.4,378.66,450.61,1013.01
COST_04102,WO_04102,APU_044,644.73,1067.24,1889.01,2533.74
COST_04103,WO_04103,APU_048,600.48,1212.72,6924.63,7525.11
COST_04104,WO_04104,APU_027,327.66,1765.26,7820.1,8147.76
COST_04105,WO_04105,APU_017,750.88,304.31,800.34,1551.22
COST_04106,WO_04106,APU_008,499.35,800.52,2489.62,2988.97
COST_04107,WO_04107,APU_009,794.57,799.1,1845.92,2640.49
COST_04108,WO_04108,APU_038,571.64,499.75,2863.57,3435.21
COST_04109,WO_04109,APU_036,718.79,1428.44,3471.11,4189.9
COST_04110,WO_04110,APU_006,668.45,1533.83,4739.53,5407.98
COST_04111,WO_04111,APU_046,791.45,1158.24,5918.61,6710.06
COST_04112,WO_04112,APU_017,444.47,836.77,1481.08,1925.55
COST_04113,WO_04113,APU_038,964.76,1580.47,10130.81,11095.57
COST_04114,WO_04114,APU_037,732.36,455.73,533.2,1265.56
COST_04115,WO_04115,APU_043,663.47,1371.24,9132.46,9795.93
COST_04116,WO_04116,APU_001,728.59,1071.86,2368.81,3097.4
COST_04117,WO_04117,APU_030,276.04,897.61,2136.31,2412.35
COST_04118,WO_04118,APU_001,121.14,612.34,587.85,708.99
COST_04119,WO_04119,APU_031,229.85,461.51,978.4,1208.25
COST_04120,WO_04120,APU_020,283.74,1621.1,2480.28,2764.02
COST_04121,WO_04121,APU_027,432.05,728.02,1419.64,1851.69
COST_04122,WO_04122,APU_044,439.5,787.7,1985.0,2424.5
COST_04123,WO_04123,APU_036,931.21,709.72,3264.71,4195.92
COST_04124,WO_04124,APU_030,364.76,1509.25,4603.21,4967.97
COST_04125,WO_04125,APU_026,577.64,403.13,1298.08,1875.72
COST_04126,WO_04126,APU_027,635.0,1172.16,1746.52,2381.52
COST_04127,WO_04127,APU_040,512.66,1353.7,2260.68,2773.34
COST_04128,WO_04128,APU_024,780.08,1395.26,10199.35,10979.43
COST_04129,WO_04129,APU_046,701.86,1326.89,2401.67,3103.53
COST_04130,WO_04130,APU_029,863.72,1732.0,11708.32,12572.04
COST_04131,WO_04131,APU_024,376.0,1250.36,2975.86,3351.86
COST_04132,WO_04132,APU_045,595.7,647.26,1760.55,2356.25
COST_04133,WO_04133,APU_033,652.52,1597.39,7827.21,8479.73
COST_04134,WO_04134,APU_021,944.32,868.5,4750.69,5695.01
COST_04135,WO_04135,APU_026,1031.78,1647.55,4217.73,5249.51
COST_04136,WO_04136,APU_033,190.16,828.93,1823.65,2013.81
COST_04137,WO_04137,APU_046,196.78,851.58,2248.17,2444.95
COST_04138,WO_04138,APU_013,682.97,846.41,2767.76,3450.73
COST_04139,WO_04139,APU_005,530.82,1226.08,5443.8,5974.62
COST_04140,WO_04140,APU_045,454.9,1109.86,3018.82,3473.72
COST_04141,WO_04141,APU_037,769.77,822.0,3140.04,3909.81
COST_04142,WO_04142,APU_038,333.05,1239.44,8291.85,8624.9
COST_04143,WO_04143,APU_007,866.31,1451.67,4863.09,5729.4
COST_04144,WO_04144,APU_029,179.2,348.91,1126.98,1306.18
COST_04145,WO_04145,APU_036,649.11,453.33,534.93,1184.04
COST_04146,WO_04146,APU_031,326.86,856.44,548.12,874.98
COST_04147,WO_04147,APU_019,838.72,477.37,1608.74,2447.46
COST_04148,WO_04148,APU_031,197.06,364.25,939.76,1136.82
COST_04149,WO_04149,APU_043,834.74,723.19,1482.54,2317.28
COST_04150,WO_04150,APU_032,387.54,857.55,2666.98,3054.52
COST_04151,WO_04151,APU_005,775.85,1605.8,4223.25,4999.1
COST_04152,WO_04152,APU_028,583.75,1607.0,8115.35,8699.1
COST_04153,WO_04153,APU_035,385.01,1738.21,4953.9,5338.91
COST_04154,WO_04154,APU_028,146.54,537.69,967.84,1114.38
COST_04155,WO_04155,APU_037,462.47,806.89,3784.31,4246.78
COST_04156,WO_04156,APU_008,857.38,1712.57,4127.29,4984.67
COST_04157,WO_04157,APU_038,1062.09,336.96,1223.16,2285.25
COST_04158,WO_04158,APU_026,915.81,1497.04,3128.81,4044.62
COST_04159,WO_04159,APU_037,618.5,1790.54,3402.03,4020.53
COST_04160,WO_04160,APU_037,474.37,364.46,1038.71,1513.08
COST_04161,WO_04161,APU_023,384.77,1454.8,3986.15,4370.92
COST_04162,WO_04162,APU_007,1110.89,497.32,1760.51,2871.4
COST_04163,WO_04163,APU_011,390.32,1777.47,4159.28,4549.6
COST_04164,WO_04164,APU_047,644.2,1072.52,1061.79,1705.99
COST_04165,WO_04165,APU_030,924.08,1561.12,3340.8,4264.88
COST_04166,WO_04166,APU_005,628.31,726.36,3057.98,3686.29
COST_04167,WO_04167,APU_035,594.86,1025.87,2369.76,2964.62
COST_04168,WO_04168,APU_033,597.22,1447.39,3430.31,4027.53
COST_04169,WO_04169,APU_046,711.51,1656.97,7754.62,8466.13
COST_04170,WO_04170,APU_031,620.19,1249.45,2298.99,2919.18
COST_04171,WO_04171,APU_015,686.23,1728.31,2004.84,2691.07
COST_04172,WO_04172,APU_029,422.59,1096.57,2730.46,3153.05
COST_04173,WO_04173,APU_049,381.25,1699.04,3534.0,3915.25
COST_04174,WO_04174,APU_029,444.89,336.88,539.01,983.9
COST_04175,WO_04175,APU_044,623.65,852.51,2105.7,2729.35
COST_04176,WO_04176,APU_008,631.53,1099.28,3913.44,4544.97
COST_04177,WO_04177,APU_021,152.09,657.74,1775.9,1927.99
COST_04178,WO_04178,APU_017,505.2,555.44,1788.52,2293.72
COST_04179,WO_04179,APU_023,793.06,407.7,3004.75,3797.81
COST_04180,WO_04180,APU_021,213.39,1047.52,2356.92,2570.31
COST_04181,WO_04181,APU_049,602.9,1241.73,3936.28,4539.18
COST_04182,WO_04182,APU_035,951.36,409.56,839.6,1790.96
COST_04183,WO_04183,APU_003,397.07,1203.02,2057.16,2454.23
COST_04184,WO_04184,APU_033,758.75,1764.04,3475.16,4233.91
COST_04185,WO_04185,APU_045,415.46,676.23,1413.32,1828.78
COST_04186,WO_04186,APU_041,640.97,1124.73,3722.86,4363.83
COST_04187,WO_04187,APU_016,1138.79,1107.96,10957.72,12096.51
COST_04188,WO_04188,APU_005,984.59,1778.92,3255.42,4240.01
COST_04189,WO_04189,APU_013,746.49,364.5,787.32,1533.81
COST_04190,WO_04190,APU_006,1031.23,1344.98,3537.3,4568.53
COST_04191,WO_04191,APU_048,982.8,319.15,1078.73,2061.53
COST_04192,WO_04192,APU_002,464.32,676.27,2123.49,2587.81
COST_04193,WO_04193,APU_034,684.77,677.04,3730.49,4415.26
COST_04194,WO_04194,APU_050,386.86,1278.14,920.26,1307.12
COST_04195,WO_04195,APU_012,356.44,1700.62,1241.45,1597.89
COST_04196,WO_04196,APU_022,653.36,1197.23,2478.27,3131.63
COST_04197,WO_04197,APU_006,880.87,410.25,2038.94,2919.81
COST_04198,WO_04198,APU_013,291.64,1221.51,1404.74,1696.38
COST_04199,WO_04199,APU_020,153.96,1600.71,832.37,986.33
COST_04200,WO_04200,APU_006,242.52,1077.89,4009.75,4252.27
COST_04201,WO_04201,APU_025,554.35,733.24,2280.38,2834.73
COST_04202,WO_04202,APU_002,381.28,1026.44,1529.4,1910.68
COST_04203,WO_04203,APU_030,344.32,830.08,1311.53,1655.85
COST_04204,WO_04204,APU_036,188.09,639.87,1017.39,1205.48
COST_04205,WO_04205,APU_033,313.56,1453.79,4201.45,4515.01
COST_04206,WO_04206,APU_039,448.55,596.91,1152.04,1600.59
COST_04207,WO_04207,APU_041,665.49,1206.04,4305.56,4971.05
COST_04208,WO_04208,APU_015,724.94,1058.36,603.27,1328.21
COST_04209,WO_04209,APU_012,111.31,989.52,1682.18,1793.49
COST_04210,WO_04210,APU_019,245.0,1190.0,1737.4,1982.4
COST_04211,WO_04211,APU_011,827.46,1759.52,4152.47,4979.93
COST_04212,WO_04212,APU_034,882.6,1257.01,2539.16,3421.76
COST_04213,WO_04213,APU_048,1024.42,323.81,1366.48,2390.9
COST_04214,WO_04214,APU_038,658.22,985.36,965.65,1623.87
COST_04215,WO_04215,APU_047,601.12,1379.14,3847.8,4448.92
COST_04216,WO_04216,APU_041,990.22,1638.14,6061.12,7051.34
COST_04217,WO_04217,APU_005,1249.24,636.72,4807.24,6056.48
COST_04218,WO_04218,APU_014,687.06,1353.58,2828.98,3516.04
COST_04219,WO_04219,APU_005,391.74,1476.2,4797.65,5189.39
COST_04220,WO_04220,APU_011,129.06,1620.1,1636.3,1765.36
COST_04221,WO_04221,APU_029,294.27,930.92,679.57,973.84
COST_04222,WO_04222,APU_032,437.46,471.52,2041.68,2479.14
COST_04223,WO_04223,APU_048,944.37,1363.62,3695.41,4639.78
COST_04224,WO_04224,APU_049,399.67,1544.92,8033.58,8433.25
COST_04225,WO_04225,APU_042,430.95,1587.07,2031.45,2462.4
COST_04226,WO_04226,APU_008,424.94,1584.56,5736.11,6161.05
COST_04227,WO_04227,APU_039,1333.18,1675.32,12732.43,14065.61
COST_04228,WO_04228,APU_048,399.09,946.77,3237.95,3637.04
COST_04229,WO_04229,APU_016,934.87,1773.13,5603.09,6537.96
COST_04230,WO_04230,APU_017,376.12,440.61,1202.87,1578.99
COST_04231,WO_04231,APU_019,843.73,1665.63,1915.47,2759.2
COST_04232,WO_04232,APU_010,394.6,447.47,2564.0,2958.6
COST_04233,WO_04233,APU_041,732.98,1605.66,3114.98,3847.96
COST_04234,WO_04234,APU_033,362.05,1274.82,4576.6,4938.65
COST_04235,WO_04235,APU_043,441.85,1320.2,1518.23,1960.08
COST_04236,WO_04236,APU_030,342.48,822.99,1168.65,1511.13
COST_04237,WO_04237,APU_017,1183.39,1353.74,8108.9,9292.29
COST_04238,WO_04238,APU_046,188.73,1467.02,3300.8,3489.53
COST_04239,WO_04239,APU_022,1090.65,1261.29,7630.8,8721.45
COST_04240,WO_04240,APU_025,151.52,1511.72,3930.47,4081.99
COST_04241,WO_04241,APU_031,877.52,744.89,737.44,1614.96
COST_04242,WO_04242,APU_028,902.49,834.35,3704.51,4607.0
COST_04243,WO_04243,APU_001,959.63,901.7,1776.35,2735.98
COST_04244,WO_04244,APU_026,896.02,586.98,2342.05,3238.07
COST_04245,WO_04245,APU_036,426.73,1210.4,3340.7,3767.43
COST_04246,WO_04246,APU_031,160.95,441.7,512.37,673.32
COST_04247,WO_04247,APU_022,1119.45,382.75,1140.6,2260.05
COST_04248,WO_04248,APU_001,1082.79,1195.82,10881.96,11964.75
COST_04249,WO_04249,APU_034,661.13,332.28,1182.92,1844.05
COST_04250,WO_04250,APU_019,588.73,554.65,1458.73,2047.46
COST_04251,WO_04251,APU_030,715.0,802.65,3941.01,4656.01
COST_04252,WO_04252,APU_003,714.43,489.96,1494.38,2208.81
COST_04253,WO_04253,APU_025,442.28,544.22,1659.87,2102.15
COST_04254,WO_04254,APU_050,760.77,1266.89,1887.67,2648.44
COST_04255,WO_04255,APU_004,394.13,1163.29,3594.57,3988.7
COST_04256,WO_04256,APU_028,726.47,1725.1,8280.48,9006.95
COST_04257,WO_04257,APU_044,794.26,1454.58,2501.88,3296.14
COST_04258,WO_04258,APU_025,939.26,1627.74,9685.05,10624.31
COST_04259,WO_04259,APU_008,779.08,1301.69,3358.36,4137.44
COST_04260,WO_04260,APU_008,298.98,428.46,715.53,1014.51
COST_04261,WO_04261,APU_050,908.09,1171.97,5519.98,6428.07
COST_04262,WO_04262,APU_017,265.67,442.34,1026.23,1291.9
COST_04263,WO_04263,APU_044,1026.94,1361.79,5624.19,6651.13
COST_04264,WO_04264,APU_014,962.06,455.93,1057.76,2019.82
COST_04265,WO_04265,APU_002,1028.4,305.57,803.65,1832.05
COST_04266,WO_04266,APU_018,173.11,1528.01,5455.0,5628.11
COST_04267,WO_04267,APU_029,423.02,903.2,2881.21,3304.23
COST_04268,WO_04268,APU_047,132.46,343.27,312.38,444.84
COST_04269,WO_04269,APU_038,642.12,479.32,704.6,1346.72
COST_04270,WO_04270,APU_010,1031.6,575.83,2608.51,3640.11
COST_04271,WO_04271,APU_024,612.02,1381.62,3495.5,4107.52
COST_04272,WO_04272,APU_029,351.9,1643.04,3351.8,3703.7
COST_04273,WO_04273,APU_005,461.48,370.28,477.66,939.14
COST_04274,WO_04274,APU_042,453.1,1150.86,1726.29,2179.39
COST_04275,WO_04275,APU_013,919.2,1208.06,1075.17,1994.37
COST_04276,WO_04276,APU_045,896.76,412.76,1060.79,1957.55
COST_04277,WO_04277,APU_003,700.47,961.62,1884.78,2585.25
COST_04278,WO_04278,APU_030,269.28,1076.91,1723.06,1992.34
COST_04279,WO_04279,APU_029,348.35,598.54,1568.17,1916.52
COST_04280,WO_04280,APU_027,362.51,352.05,1168.81,1531.32
COST_04281,WO_04281,APU_014,1534.17,1507.06,12960.72,14494.89
COST_04282,WO_04282,APU_011,248.92,1517.67,1790.85,2039.77
COST_04283,WO_04283,APU_026,959.41,1338.51,6879.94,7839.35
COST_04284,WO_04284,APU_031,431.16,499.4,2317.22,2748.38
COST_04285,WO_04285,APU_042,397.03,1616.41,2861.05,3258.08
COST_04286,WO_04286,APU_046,864.82,1093.02,3322.78,4187.6
COST_04287,WO_04287,APU_017,966.8,1388.1,2928.89,3895.69
COST_04288,WO_04288,APU_025,994.21,311.05,936.26,1930.47
COST_04289,WO_04289,APU_015,575.75,1174.67,7318.19,7893.94
COST_04290,WO_04290,APU_037,474.25,828.86,3141.38,3615.63
COST_04291,WO_04291,APU_030,386.5,492.74,1773.86,2160.36
COST_04292,WO_04292,APU_029,408.15,398.09,855.89,1264.04
COST_04293,WO_04293,APU_019,730.42,1458.13,1749.76,2480.18
COST_04294,WO_04294,APU_029,707.84,1520.64,3679.95,4387.79
COST_04295,WO_04295,APU_003,1168.76,566.63,2991.81,4160.57
COST_04296,WO_04296,APU_009,702.13,1587.75,1857.67,2559.8
COST_04297,WO_04297,APU_021,599.5,1669.87,2538.2,3137.7
COST_04298,WO_04298,APU_003,453.47,1530.73,4454.42,4907.89
COST_04299,WO_04299,APU_049,954.46,651.61,1029.54,1984.0
COST_04300,WO_04300,APU_038,949.56,596.09,1049.12,1998.68
COST_04301,WO_04301,APU_049,400.92,386.14,830.2,1231.12
COST_04302,WO_04302,APU_045,715.92,1628.93,2085.03,2800.95
COST_04303,WO_04303,APU_018,333.97,1622.84,2580.32,2914.29
COST_04304,WO_04304,APU_016,718.19,1287.45,5149.8,5867.99
COST_04305,WO_04305,APU_048,337.49,822.64,1085.88,1423.37
COST_04306,WO_04306,APU_011,532.99,1126.7,1273.17,1806.16
COST_04307,WO_04307,APU_016,356.72,704.68,1352.99,1709.71
COST_04308,WO_04308,APU_049,1027.77,706.25,2874.44,3902.21
COST_04309,WO_04309,APU_033,988.05,1122.32,2738.46,3726.51
COST_04310,WO_04310,APU_018,710.54,416.27,878.33,1588.87
COST_04311,WO_04311,APU_036,688.58,1426.17,3979.01,4667.59
COST_04312,WO_04312,APU_042,606.08,768.88,799.64,1405.72
COST_04313,WO_04313,APU_007,694.75,1734.96,6193.81,6888.56
COST_04314,WO_04314,APU_019,447.06,1330.81,4471.52,4918.58
COST_04315,WO_04315,APU_046,773.7,696.83,1512.12,2285.82
COST_04316,WO_04316,APU_040,800.8,1450.24,6859.64,7660.44
COST_04317,WO_04317,APU_038,128.92,760.46,1110.27,1239.19
COST_04318,WO_04318,APU_024,626.44,745.36,3764.07,4390.51
COST_04319,WO_04319,APU_023,517.45,1586.22,4695.21,5212.66
COST_04320,WO_04320,APU_020,338.55,722.73,1633.37,1971.92
COST_04321,WO_04321,APU_003,1065.8,652.48,1755.17,2820.97
COST_04322,WO_04322,APU_009,151.34,1551.82,3972.66,4124.0
COST_04323,WO_04323,APU_025,1133.66,1574.08,8374.11,9507.77
COST_04324,WO_04324,APU_032,903.86,887.21,1330.82,2234.68
COST_04325,WO_04325,APU_037,545.75,1675.24,2998.68,3544.43
COST_04326,WO_04326,APU_044,716.61,1707.06,8210.96,8927.57
COST_04327,WO_04327,APU_001,585.79,1524.25,2987.53,3573.32
COST_04328,WO_04328,APU_010,929.91,1459.74,6510.44,7440.35
COST_04329,WO_04329,APU_012,730.6,562.35,3891.46,4622.06
COST_04330,WO_04330,APU_022,393.85,1447.1,3154.68,3548.53
COST_04331,WO_04331,APU_006,422.9,1183.44,4674.59,5097.49
COST_04332,WO_04332,APU_024,678.62,1150.97,1657.4,2336.02
COST_04333,WO_04333,APU_015,482.08,1595.57,6573.75,7055.83
COST_04334,WO_04334,APU_040,619.89,1408.35,4267.3,4887.19
COST_04335,WO_04335,APU_043,1017.62,1362.2,4808.57,5826.19
COST_04336,WO_04336,APU_041,373.07,1680.91,3210.54,3583.61
COST_04337,WO_04337,APU_006,891.46,465.93,507.86,1399.32
COST_04338,WO_04338,APU_048,417.42,336.14,1206.74,1624.16
COST_04339,WO_04339,APU_046,319.34,1174.11,1021.48,1340.82
COST_04340,WO_04340,APU_009,467.27,1692.91,3859.83,4327.1
COST_04341,WO_04341,APU_024,683.13,1657.68,7559.02,8242.15
COST_04342,WO_04342,APU_024,386.78,937.33,2830.74,3217.52
COST_04343,WO_04343,APU_006,487.32,1128.19,8957.83,9445.15
COST_04344,WO_04344,APU_034,1061.17,1760.63,8415.81,9476.98
COST_04345,WO_04345,APU_002,135.9,910.13,1729.25,1865.15
COST_04346,WO_04346,APU_043,545.12,451.95,1247.38,1792.5
COST_04347,WO_04347,APU_044,426.41,1332.65,3531.52,3957.93
COST_04348,WO_04348,APU_021,143.55,1498.66,1708.47,1852.02
COST_04349,WO_04349,APU_027,144.66,1335.37,2163.3,2307.96
COST_04350,WO_04350,APU_046,989.44,1538.32,3076.64,4066.08
COST_04351,WO_04351,APU_038,962.22,407.56,362.73,1324.95
COST_04352,WO_04352,APU_015,671.84,1512.82,4220.77,4892.61
COST_04353,WO_04353,APU_032,815.99,898.61,2129.71,2945.7
COST_04354,WO_04354,APU_019,368.59,1631.34,1761.85,2130.44
COST_04355,WO_04355,APU_002,796.31,1554.29,5284.59,6080.9
COST_04356,WO_04356,APU_033,316.25,1533.95,6181.82,6498.07
COST_04357,WO_04357,APU_021,299.38,1444.97,4450.51,4749.89
COST_04358,WO_04358,APU_029,664.4,394.67,895.9,1560.3
COST_04359,WO_04359,APU_012,594.27,1569.78,5902.37,6496.64
COST_04360,WO_04360,APU_028,327.94,1020.1,4029.4,4357.34
COST_04361,WO_04361,APU_008,434.18,1263.38,4068.08,4502.26
COST_04362,WO_04362,APU_017,509.42,447.15,773.57,1282.99
COST_04363,WO_04363,APU_044,886.46,1765.1,5577.72,6464.18
COST_04364,WO_04364,APU_050,930.41,819.81,4304.0,5234.41
COST_04365,WO_04365,APU_046,139.17,560.25,1098.09,1237.26
COST_04366,WO_04366,APU_041,1070.19,1045.78,9014.62,10084.81
COST_04367,WO_04367,APU_017,305.99,1329.99,2713.18,3019.17
COST_04368,WO_04368,APU_010,279.88,1689.79,4680.72,4960.6
COST_04369,WO_04369,APU_024,678.77,1123.06,2111.35,2790.12
COST_04370,WO_04370,APU_010,855.38,839.09,2576.01,3431.39
COST_04371,WO_04371,APU_024,260.99,1383.46,1438.8,1699.79
COST_04372,WO_04372,APU_036,303.15,1706.06,3429.18,3732.33
COST_04373,WO_04373,APU_030,689.22,615.71,917.41,1606.63
COST_04374,WO_04374,APU_044,373.3,924.56,2708.96,3082.26
COST_04375,WO_04375,APU_043,816.96,1627.17,7647.7,8464.66
COST_04376,WO_04376,APU_026,523.69,542.56,2105.13,2628.82
COST_04377,WO_04377,APU_005,901.25,417.89,309.24,1210.49
COST_04378,WO_04378,APU_042,482.92,1063.42,8890.19,9373.11
COST_04379,WO_04379,APU_044,974.92,1578.59,5051.49,6026.41
COST_04380,WO_04380,APU_033,900.77,1302.6,2305.6,3206.37
COST_04381,WO_04381,APU_048,894.81,549.3,1625.93,2520.74
COST_04382,WO_04382,APU_038,1027.42,1035.68,3096.68,4124.1
COST_04383,WO_04383,APU_020,422.79,876.57,1647.95,2070.74
COST_04384,WO_04384,APU_021,464.12,1316.21,3988.12,4452.24
COST_04385,WO_04385,APU_050,762.35,1326.32,2586.32,3348.67
COST_04386,WO_04386,APU_017,242.49,807.98,1761.4,2003.89
COST_04387,WO_04387,APU_024,442.12,1661.39,3090.19,3532.31
COST_04388,WO_04388,APU_012,276.75,604.32,749.36,1026.11
COST_04389,WO_04389,APU_031,443.96,772.35,2278.43,2722.39
COST_04390,WO_04390,APU_024,1099.0,1090.99,4091.21,5190.21
COST_04391,WO_04391,APU_001,283.87,1544.89,5577.05,5860.92
COST_04392,WO_04392,APU_016,390.55,854.8,3650.0,4040.55
COST_04393,WO_04393,APU_024,851.08,1345.71,4373.56,5224.64
COST_04394,WO_04394,APU_032,1004.95,462.78,939.44,1944.39
COST_04395,WO_04395,APU_027,346.7,712.86,3072.43,3419.13
COST_04396,WO_04396,APU_049,467.3,961.17,1239.91,1707.21
COST_04397,WO_04397,APU_021,284.47,824.2,1368.17,1652.64
COST_04398,WO_04398,APU_042,239.71,1468.8,2350.08,2589.79
COST_04399,WO_04399,APU_039,610.88,437.79,2153.93,2764.81
COST_04400,WO_04400,APU_035,889.77,307.56,1405.55,2295.32
COST_04401,WO_04401,APU_049,465.0,305.59,1084.84,1549.84
COST_04402,WO_04402,APU_048,1086.65,400.42,1962.06,3048.71
COST_04403,WO_04403,APU_045,284.15,688.17,1156.13,1440.28
COST_04404,WO_04404,APU_012,299.92,359.25,1181.93,1481.85
COST_04405,WO_04405,APU_019,705.86,957.14,2431.14,3137.0
COST_04406,WO_04406,APU_021,315.47,1601.48,6934.41,7249.88
COST_04407,WO_04407,APU_042,850.65,911.24,2323.66,3174.31
COST_04408,WO_04408,APU_016,312.9,1610.15,3542.33,3855.23
COST_04409,WO_04409,APU_039,452.98,736.99,2697.38,3150.36
COST_04410,WO_04410,APU_028,568.5,862.59,3795.4,4363.9
COST_04411,WO_04411,APU_033,296.91,561.62,1055.85,1352.76
COST_04412,WO_04412,APU_017,779.37,1393.8,3665.69,4445.06
COST_04413,WO_04413,APU_022,444.17,1299.22,1974.81,2418.98
COST_04414,WO_04414,APU_006,246.19,1460.43,1007.7,1253.89
COST_04415,WO_04415,APU_005,279.77,1699.53,5166.57,5446.34
COST_04416,WO_04416,APU_047,1095.19,1366.0,5190.8,6285.99
COST_04417,WO_04417,APU_019,442.51,890.67,2796.7,3239.21
COST_04418,WO_04418,APU_003,818.69,1048.27,974.89,1793.58
COST_04419,WO_04419,APU_009,922.28,945.18,2117.2,3039.48
COST_04420,WO_04420,APU_004,588.74,478.85,383.08,971.82
COST_04421,WO_04421,APU_040,1208.96,543.5,3135.99,4344.95
COST_04422,WO_04422,APU_047,664.4,1628.85,2443.27,3107.67
COST_04423,WO_04423,APU_041,750.47,1629.84,8833.73,9584.2
COST_04424,WO_04424,APU_028,801.78,670.22,3062.91,3864.69
COST_04425,WO_04425,APU_025,696.71,435.4,722.76,1419.47
COST_04426,WO_04426,APU_001,419.96,511.62,746.97,1166.93
COST_04427,WO_04427,APU_046,444.41,1570.59,5182.95,5627.36
COST_04428,WO_04428,APU_002,816.46,335.77,574.17,1390.63
COST_04429,WO_04429,APU_029,358.25,1543.04,4443.96,4802.21
COST_04430,WO_04430,APU_043,313.35,1615.08,3359.37,3672.72
COST_04431,WO_04431,APU_014,280.46,1247.39,1272.34,1552.8
COST_04432,WO_04432,APU_043,209.76,632.45,505.96,715.72
COST_04433,WO_04433,APU_045,623.57,1295.5,3990.14,4613.71
COST_04434,WO_04434,APU_028,353.5,542.22,1084.44,1437.94
COST_04435,WO_04435,APU_006,488.78,433.64,871.62,1360.4
COST_04436,WO_04436,APU_050,592.4,1542.54,6154.73,6747.13
COST_04437,WO_04437,APU_012,466.02,1743.57,9031.69,9497.71
COST_04438,WO_04438,APU_019,448.42,391.8,916.81,1365.23
COST_04439,WO_04439,APU_001,687.87,1229.74,2766.91,3454.78
COST_04440,WO_04440,APU_003,844.91,1394.41,4991.99,5836.9
COST_04441,WO_04441,APU_029,345.08,1475.99,1904.03,2249.11
COST_04442,WO_04442,APU_031,463.08,657.26,2017.79,2480.87
COST_04443,WO_04443,APU_019,1101.0,1388.07,5108.1,6209.1
COST_04444,WO_04444,APU_043,476.95,1276.67,5042.85,5519.8
COST_04445,WO_04445,APU_041,807.0,872.46,820.11,1627.11
COST_04446,WO_04446,APU_033,399.67,821.49,1470.47,1870.14
COST_04447,WO_04447,APU_019,141.89,1257.48,2112.57,2254.46
COST_04448,WO_04448,APU_038,997.37,1362.92,3911.58,4908.95
COST_04449,WO_04449,APU_050,795.75,1208.31,4277.42,5073.17
COST_04450,WO_04450,APU_006,1112.9,1418.61,8781.2,9894.1
COST_04451,WO_04451,APU_003,209.96,973.76,2015.68,2225.64
COST_04452,WO_04452,APU_041,238.82,467.5,967.72,1206.54
COST_04453,WO_04453,APU_020,942.37,351.47,1799.53,2741.9
COST_04454,WO_04454,APU_042,751.95,813.02,2601.66,3353.61
COST_04455,WO_04455,APU_020,1003.25,1570.62,8575.59,9578.84
COST_04456,WO_04456,APU_016,1083.07,778.37,2483.0,3566.07
COST_04457,WO_04457,APU_042,967.45,581.59,837.49,1804.94
COST_04458,WO_04458,APU_047,449.45,411.24,538.72,988.17
COST_04459,WO_04459,APU_045,943.73,1073.19,1244.9,2188.63
COST_04460,WO_04460,APU_001,847.77,470.77,1840.71,2688.48
COST_04461,WO_04461,APU_005,799.7,758.6,3967.48,4767.18
COST_04462,WO_04462,APU_035,1210.18,711.33,5349.2,6559.38
COST_04463,WO_04463,APU_039,930.53,300.94,1300.06,2230.59
COST_04464,WO_04464,APU_017,1129.33,1382.43,7119.51,8248.84
COST_04465,WO_04465,APU_015,409.48,1603.79,3175.5,3584.98
COST_04466,WO_04466,APU_012,817.74,341.25,491.4,1309.14
COST_04467,WO_04467,APU_018,826.51,304.89,1323.22,2149.73
COST_04468,WO_04468,APU_030,947.03,1733.53,5928.67,6875.7
COST_04469,WO_04469,APU_003,936.38,300.26,864.75,1801.13
COST_04470,WO_04470,APU_029,990.28,1256.25,4221.0,5211.28
COST_04471,WO_04471,APU_012,822.0,305.12,991.64,1813.64
COST_04472,WO_04472,APU_048,941.81,1492.46,8223.45,9165.26
COST_04473,WO_04473,APU_047,479.71,1527.83,8464.18,8943.89
COST_04474,WO_04474,APU_009,482.45,1168.58,4288.69,4771.14
COST_04475,WO_04475,APU_020,572.78,1795.45,7774.3,8347.08
COST_04476,WO_04476,APU_020,759.02,1029.12,3715.12,4474.14
COST_04477,WO_04477,APU_023,544.93,392.76,828.72,1373.65
COST_04478,WO_04478,APU_010,866.68,1212.9,4997.15,5863.83
COST_04479,WO_04479,APU_045,355.59,629.53,793.21,1148.8
COST_04480,WO_04480,APU_009,568.38,813.7,3946.44,4514.82
COST_04481,WO_04481,APU_035,351.29,1739.15,2452.2,2803.49
COST_04482,WO_04482,APU_029,286.12,620.59,1973.48,2259.6
COST_04483,WO_04483,APU_045,356.42,1787.86,3057.24,3413.66
COST_04484,WO_04484,APU_027,390.55,1792.1,6612.85,7003.4
COST_04485,WO_04485,APU_029,187.43,417.08,1113.6,1301.03
COST_04486,WO_04486,APU_038,117.22,1309.87,1480.15,1597.37
COST_04487,WO_04487,APU_038,746.76,545.26,1870.24,2617.0
COST_04488,WO_04488,APU_027,576.4,1490.9,2951.98,3528.38
COST_04489,WO_04489,APU_033,789.1,1274.72,5621.52,6410.62
COST_04490,WO_04490,APU_049,600.07,1473.47,4007.84,4607.91
COST_04491,WO_04491,APU_031,320.2,307.25,1038.5,1358.7
COST_04492,WO_04492,APU_013,718.88,313.58,504.86,1223.74
COST_04493,WO_04493,APU_007,246.43,742.95,1463.61,1710.04
COST_04494,WO_04494,APU_009,403.93,1590.14,3355.2,3759.13
COST_04495,WO_04495,APU_005,812.35,546.97,2379.32,3191.67
COST_04496,WO_04496,APU_035,604.26,1495.45,10228.88,10833.14
COST_04497,WO_04497,APU_002,606.92,515.99,902.98,1509.9
COST_04498,WO_04498,APU_046,734.53,838.83,4118.66,4853.19
COST_04499,WO_04499,APU_042,92.59,1088.45,892.53,985.12
COST_04500,WO_04500,APU_022,218.37,1372.82,1935.68,2154.05
COST_04501,WO_04501,APU_003,469.65,1469.76,2351.62,2821.27
COST_04502,WO_04502,APU_031,370.61,1294.48,1669.88,2040.49
COST_04503,WO_04503,APU_037,201.14,1413.04,1610.87,1812.01
COST_04504,WO_04504,APU_024,486.0,692.47,2361.32,2847.32
COST_04505,WO_04505,APU_019,600.37,458.49,1109.55,1709.92
COST_04506,WO_04506,APU_018,756.78,1314.08,4402.17,5158.95
COST_04507,WO_04507,APU_004,342.15,730.93,2901.79,3243.94
COST_04508,WO_04508,APU_042,611.85,1335.15,4205.72,4817.57
COST_04509,WO_04509,APU_005,396.78,720.33,2809.29,3206.07
COST_04510,WO_04510,APU_010,389.59,1389.37,3640.15,4029.74
COST_04511,WO_04511,APU_017,388.26,1471.88,2090.07,2478.33
COST_04512,WO_04512,APU_032,415.7,1422.38,6912.77,7328.47
COST_04513,WO_04513,APU_024,616.37,895.21,1763.56,2379.93
COST_04514,WO_04514,APU_049,904.47,1605.34,2600.65,3505.12
COST_04515,WO_04515,APU_023,401.26,1608.25,3956.3,4357.56
COST_04516,WO_04516,APU_024,278.61,486.29,802.38,1080.99
COST_04517,WO_04517,APU_008,202.46,415.33,897.11,1099.57
COST_04518,WO_04518,APU_038,511.03,377.7,1238.86,1749.89
COST_04519,WO_04519,APU_044,654.84,1445.47,4755.6,5410.44
COST_04520,WO_04520,APU_002,357.71,1434.45,2381.19,2738.9
COST_04521,WO_04521,APU_012,624.06,966.24,2009.78,2633.84
COST_04522,WO_04522,APU_009,944.05,495.4,2432.41,3376.46
COST_04523,WO_04523,APU_007,397.08,535.68,1912.38,2309.46
COST_04524,WO_04524,APU_045,807.81,881.62,7502.59,8310.4
COST_04525,WO_04525,APU_022,733.13,687.03,3572.56,4305.69
COST_04526,WO_04526,APU_049,1124.46,870.17,4437.87,5562.33
COST_04527,WO_04527,APU_011,604.28,1440.79,1829.8,2434.08
COST_04528,WO_04528,APU_016,868.08,1779.67,7367.83,8235.91
COST_04529,WO_04529,APU_046,733.32,1273.12,3361.04,4094.36
COST_04530,WO_04530,APU_021,830.14,507.63,1020.34,1850.48
COST_04531,WO_04531,APU_029,346.97,400.5,1193.49,1540.46
COST_04532,WO_04532,APU_031,503.74,452.72,2068.93,2572.67
COST_04533,WO_04533,APU_045,476.48,1502.94,5380.53,5857.01
COST_04534,WO_04534,APU_026,796.54,938.11,1576.02,2372.56
COST_04535,WO_04535,APU_005,523.51,816.64,3340.06,3863.57
COST_04536,WO_04536,APU_020,304.53,726.14,1386.93,1691.46
COST_04537,WO_04537,APU_005,863.5,505.31,1546.25,2409.75
COST_04538,WO_04538,APU_026,864.96,1080.88,2486.02,3350.98
COST_04539,WO_04539,APU_031,913.59,859.33,2070.99,2984.58
COST_04540,WO_04540,APU_026,1118.19,1595.42,6605.04,7723.23
COST_04541,WO_04541,APU_007,534.62,959.21,1467.59,2002.21
COST_04542,WO_04542,APU_030,820.04,579.82,4592.17,5412.21
COST_04543,WO_04543,APU_028,836.79,1515.99,1515.99,2352.78
COST_04544,WO_04544,APU_009,704.64,587.53,1151.56,1856.2
COST_04545,WO_04545,APU_005,1017.29,866.16,2884.31,3901.6
COST_04546,WO_04546,APU_043,952.03,1192.71,4472.66,5424.69
COST_04547,WO_04547,APU_043,991.74,1594.11,4096.86,5088.6
COST_04548,WO_04548,APU_015,997.42,887.92,2335.23,3332.65
COST_04549,WO_04549,APU_006,864.76,942.66,3214.47,4079.23
COST_04550,WO_04550,APU_041,287.1,312.43,746.71,1033.81
COST_04551,WO_04551,APU_021,390.66,402.85,2356.67,2747.33
COST_04552,WO_04552,APU_007,1004.7,1714.02,7387.43,8392.13
COST_04553,WO_04553,APU_042,519.38,682.06,2994.24,3513.62
COST_04554,WO_04554,APU_015,162.74,1156.27,1850.03,2012.77
COST_04555,WO_04555,APU_032,854.55,1765.07,4589.18,5443.73
COST_04556,WO_04556,APU_048,682.31,1405.42,3232.47,3914.78
COST_04557,WO_04557,APU_018,853.68,594.53,927.47,1781.15
COST_04558,WO_04558,APU_016,707.79,1271.39,4208.3,4916.09
COST_04559,WO_04559,APU_028,963.25,1260.89,2547.0,3510.25
COST_04560,WO_04560,APU_024,478.9,1598.64,6234.7,6713.6
COST_04561,WO_04561,APU_004,887.23,752.89,1136.86,2024.09
COST_04562,WO_04562,APU_040,701.07,1248.62,8740.34,9441.41
COST_04563,WO_04563,APU_037,622.8,669.27,1110.99,1733.79
COST_04564,WO_04564,APU_034,626.07,1321.35,4056.54,4682.61
COST_04565,WO_04565,APU_048,451.73,1707.44,7171.25,7622.98
COST_04566,WO_04566,APU_039,782.55,1441.13,2867.85,3650.4
COST_04567,WO_04567,APU_048,840.38,1244.19,5399.78,6240.16
COST_04568,WO_04568,APU_033,373.37,755.97,1043.24,1416.61
COST_04569,WO_04569,APU_038,597.68,423.91,2560.42,3158.1
COST_04570,WO_04570,APU_006,591.58,1707.83,4679.45,5271.03
COST_04571,WO_04571,APU_034,572.24,433.16,848.99,1421.23
COST_04572,WO_04572,APU_017,779.1,705.26,1629.15,2408.25
COST_04573,WO_04573,APU_010,626.78,1104.33,4682.36,5309.14
COST_04574,WO_04574,APU_007,108.05,1482.55,2920.62,3028.67
COST_04575,WO_04575,APU_039,815.33,390.57,703.03,1518.36
COST_04576,WO_04576,APU_040,172.92,1543.32,3719.4,3892.32
COST_04577,WO_04577,APU_043,679.31,559.03,793.82,1473.13
COST_04578,WO_04578,APU_023,783.88,631.07,4669.92,5453.8
COST_04579,WO_04579,APU_019,791.16,1563.95,3112.26,3903.42
COST_04580,WO_04580,APU_015,899.44,931.29,3995.23,4894.67
COST_04581,WO_04581,APU_038,337.11,309.34,943.49,1280.6
COST_04582,WO_04582,APU_042,552.2,1133.72,1791.28,2343.48
COST_04583,WO_04583,APU_012,348.45,1121.74,3039.92,3388.37
COST_04584,WO_04584,APU_011,648.96,1375.4,5749.17,6398.13
COST_04585,WO_04585,APU_016,446.52,1077.16,2639.04,3085.56
COST_04586,WO_04586,APU_038,907.66,964.55,5054.24,5961.9
COST_04587,WO_04587,APU_034,938.76,1608.76,7673.79,8612.55
COST_04588,WO_04588,APU_048,943.12,1250.92,5641.65,6584.77
COST_04589,WO_04589,APU_029,631.3,610.93,1289.06,1920.36
COST_04590,WO_04590,APU_018,819.27,605.4,908.1,1727.37
COST_04591,WO_04591,APU_048,814.39,303.2,588.21,1402.6
COST_04592,WO_04592,APU_043,521.39,990.41,3000.94,3522.33
COST_04593,WO_04593,APU_002,356.83,1345.51,4938.02,5294.85
COST_04594,WO_04594,APU_042,413.58,1105.58,906.58,1320.16
COST_04595,WO_04595,APU_050,332.14,1238.63,3356.69,3688.83
COST_04596,WO_04596,APU_009,565.14,1728.84,5134.65,5699.79
COST_04597,WO_04597,APU_033,793.29,1692.21,3942.85,4736.14
COST_04598,WO_04598,APU_007,1165.67,1305.33,7218.47,8384.14
COST_04599,WO_04599,APU_027,964.64,509.48,1747.52,2712.16
COST_04600,WO_04600,APU_049,1188.29,1094.19,6116.52,7304.81
COST_04601,WO_04601,APU_007,348.95,386.18,930.69,1279.64
COST_04602,WO_04602,APU_014,1054.95,774.03,3521.84,4576.79
COST_04603,WO_04603,APU_040,1385.49,961.13,6420.35,7805.84
COST_04604,WO_04604,APU_027,645.3,587.25,3282.73,3928.03
COST_04605,WO_04605,APU_003,182.51,1051.01,1566.0,1748.51
COST_04606,WO_04606,APU_009,1059.02,1175.62,2774.46,3833.48
COST_04607,WO_04607,APU_004,709.3,1490.39,3353.38,4062.68
COST_04608,WO_04608,APU_046,1089.6,1428.98,5087.17,6176.77
COST_04609,WO_04609,APU_011,770.69,748.64,2964.61,3735.3
COST_04610,WO_04610,APU_021,567.63,1578.2,2698.72,3266.35
COST_04611,WO_04611,APU_018,1099.34,481.06,1356.59,2455.93
COST_04612,WO_04612,APU_017,446.02,1018.32,906.3,1352.32
COST_04613,WO_04613,APU_024,530.9,1329.64,7991.14,8522.04
COST_04614,WO_04614,APU_004,633.5,1219.91,2500.82,3134.32
COST_04615,WO_04615,APU_002,816.3,971.09,2719.05,3535.35
COST_04616,WO_04616,APU_048,500.9,891.89,2042.43,2543.33
COST_04617,WO_04617,APU_018,500.05,326.5,1668.42,2168.47
COST_04618,WO_04618,APU_003,722.23,402.92,229.66,951.89
COST_04619,WO_04619,APU_040,767.17,346.76,932.78,1699.95
COST_04620,WO_04620,APU_011,662.37,472.12,1208.63,1871.0
COST_04621,WO_04621,APU_026,701.87,392.2,831.46,1533.33
COST_04622,WO_04622,APU_045,1026.26,1623.37,11396.06,12422.32
COST_04623,WO_04623,APU_025,420.09,1460.02,2438.23,2858.32
COST_04624,WO_04624,APU_039,512.87,309.18,1286.19,1799.06
COST_04625,WO_04625,APU_050,852.5,1429.23,4730.75,5583.25
COST_04626,WO_04626,APU_050,586.01,447.78,2435.92,3021.93
COST_04627,WO_04627,APU_045,332.02,386.15,725.96,1057.98
COST_04628,WO_04628,APU_011,153.15,695.6,1265.99,1419.14
COST_04629,WO_04629,APU_025,1131.25,474.66,2359.06,3490.31
COST_04630,WO_04630,APU_044,932.39,1720.57,5901.56,6833.95
COST_04631,WO_04631,APU_016,559.98,1454.84,1687.61,2247.59
COST_04632,WO_04632,APU_046,517.98,1249.37,2523.73,3041.71
COST_04633,WO_04633,APU_020,478.77,1359.44,4567.72,5046.49
COST_04634,WO_04634,APU_022,461.59,704.5,3036.39,3497.98
COST_04635,WO_04635,APU_036,423.27,1012.21,1892.83,2316.1
COST_04636,WO_04636,APU_031,924.41,589.8,324.39,1248.8
COST_04637,WO_04637,APU_029,666.21,1545.25,5593.81,6260.02
COST_04638,WO_04638,APU_037,536.75,1465.07,2036.45,2573.2
COST_04639,WO_04639,APU_029,96.04,1741.33,1567.2,1663.24
COST_04640,WO_04640,APU_038,631.48,508.82,290.03,921.51
COST_04641,WO_04641,APU_037,621.37,1664.49,7074.08,7695.45
COST_04642,WO_04642,APU_034,716.34,491.07,1433.92,2150.26
COST_04643,WO_04643,APU_041,467.18,1721.28,4131.07,4598.25
COST_04644,WO_04644,APU_003,597.76,1306.48,7629.84,8227.6
COST_04645,WO_04645,APU_018,556.76,1680.05,6484.99,7041.75
COST_04646,WO_04646,APU_024,426.22,1005.87,6648.8,7075.02
COST_04647,WO_04647,APU_003,351.46,457.46,576.4,927.86
COST_04648,WO_04648,APU_032,812.43,1733.23,4627.72,5440.15
COST_04649,WO_04649,APU_025,738.27,847.56,949.27,1687.54
COST_04650,WO_04650,APU_001,765.96,1493.47,3584.33,4350.29
COST_04651,WO_04651,APU_044,447.77,1764.0,4180.68,4628.45
COST_04652,WO_04652,APU_025,657.01,656.47,2520.84,3177.85
COST_04653,WO_04653,APU_048,155.92,928.01,2589.15,2745.07
COST_04654,WO_04654,APU_041,449.6,1018.2,3899.71,4349.31
COST_04655,WO_04655,APU_013,339.89,422.91,1691.64,2031.53
COST_04656,WO_04656,APU_028,1229.14,727.64,6468.72,7697.86
COST_04657,WO_04657,APU_018,737.11,494.37,1132.11,1869.22
COST_04658,WO_04658,APU_025,553.64,580.28,940.05,1493.69
COST_04659,WO_04659,APU_022,330.2,1678.49,5220.1,5550.3
COST_04660,WO_04660,APU_028,366.67,307.58,538.26,904.93
COST_04661,WO_04661,APU_004,870.31,523.04,3211.47,4081.78
COST_04662,WO_04662,APU_010,259.3,1512.56,3524.26,3783.56
COST_04663,WO_04663,APU_049,434.11,619.39,1232.59,1666.7
COST_04664,WO_04664,APU_040,437.69,679.13,1426.17,1863.86
COST_04665,WO_04665,APU_017,640.79,303.93,1227.88,1868.67
COST_04666,WO_04666,APU_017,357.5,1439.24,3583.71,3941.21
COST_04667,WO_04667,APU_013,758.99,794.52,1517.53,2276.52
COST_04668,WO_04668,APU_044,571.45,372.13,2526.76,3098.21
COST_04669,WO_04669,APU_036,695.01,396.67,674.34,1369.35
COST_04670,WO_04670,APU_034,168.44,1105.07,3061.04,3229.48
COST_04671,WO_04671,APU_041,535.32,602.25,2342.75,2878.07
COST_04672,WO_04672,APU_031,245.27,681.03,755.94,1001.21
COST_04673,WO_04673,APU_011,424.45,838.55,2968.47,3392.92
COST_04674,WO_04674,APU_018,109.83,583.07,886.27,996.1
COST_04675,WO_04675,APU_049,1048.38,520.23,2221.38,3269.76
COST_04676,WO_04676,APU_011,768.55,645.66,1033.06,1801.61
COST_04677,WO_04677,APU_032,716.15,948.23,3773.96,4490.11
COST_04678,WO_04678,APU_039,700.08,547.14,2730.23,3430.31
COST_04679,WO_04679,APU_032,1063.29,1097.32,4795.29,5858.58
COST_04680,WO_04680,APU_005,264.99,325.76,1016.37,1281.36
COST_04681,WO_04681,APU_016,856.91,1074.17,2567.27,3424.18
COST_04682,WO_04682,APU_029,427.19,1690.91,3348.0,3775.19
COST_04683,WO_04683,APU_002,654.6,550.94,3360.73,4015.33
COST_04684,WO_04684,APU_008,841.96,747.59,1383.04,2225.0
COST_04685,WO_04685,APU_015,962.87,987.67,1521.01,2483.88
COST_04686,WO_04686,APU_037,980.9,696.11,2728.75,3709.65
COST_04687,WO_04687,APU_001,678.39,665.47,1164.57,1842.96
COST_04688,WO_04688,APU_006,170.98,555.44,894.26,1065.24
COST_04689,WO_04689,APU_011,801.96,1025.75,1261.67,2063.63
COST_04690,WO_04690,APU_001,851.84,975.94,2029.96,2881.8
COST_04691,WO_04691,APU_004,898.28,492.32,1280.03,2178.31
COST_04692,WO_04692,APU_018,269.58,820.01,2550.23,2819.81
COST_04693,WO_04693,APU_020,1059.8,723.92,3322.79,4382.59
COST_04694,WO_04694,APU_037,772.97,1507.17,5471.03,6244.0
COST_04695,WO_04695,APU_045,1043.18,1013.7,2483.57,3526.75
COST_04696,WO_04696,APU_033,359.85,1005.21,2452.71,2812.56
COST_04697,WO_04697,APU_011,493.49,688.93,2480.15,2973.64
COST_04698,WO_04698,APU_043,703.9,973.3,5323.95,6027.85
COST_04699,WO_04699,APU_017,524.26,1477.75,4300.25,4824.51
COST_04700,WO_04700,APU_036,921.87,1413.94,2969.27,3891.14
COST_04701,WO_04701,APU_037,301.42,1638.31,2572.15,2873.57
COST_04702,WO_04702,APU_032,350.53,944.26,1161.44,1511.97
COST_04703,WO_04703,APU_020,752.05,514.26,2015.9,2767.95
COST_04704,WO_04704,APU_034,983.42,931.11,3482.35,4465.77
COST_04705,WO_04705,APU_029,479.62,613.19,2287.2,2766.82
COST_04706,WO_04706,APU_040,754.04,1227.25,3104.94,3858.98
COST_04707,WO_04707,APU_010,445.77,684.69,4032.82,4478.59
COST_04708,WO_04708,APU_028,820.2,1270.87,2643.41,3463.61
COST_04709,WO_04709,APU_043,454.69,1528.6,7031.56,7486.25
COST_04710,WO_04710,APU_017,366.57,810.38,2155.61,2522.18
COST_04711,WO_04711,APU_001,174.16,898.27,1751.63,1925.79
COST_04712,WO_04712,APU_029,617.23,1052.25,3966.98,4584.21
COST_04713,WO_04713,APU_028,445.97,594.83,2028.37,2474.34
COST_04714,WO_04714,APU_028,244.34,558.08,1847.24,2091.58
COST_04715,WO_04715,APU_020,727.04,408.85,1161.13,1888.17
COST_04716,WO_04716,APU_024,650.9,772.88,2055.86,2706.76
COST_04717,WO_04717,APU_028,1024.21,844.96,8542.55,9566.76
COST_04718,WO_04718,APU_044,1124.57,1724.8,8986.21,10110.78
COST_04719,WO_04719,APU_041,333.06,855.88,3466.31,3799.37
COST_04720,WO_04720,APU_049,586.86,1346.17,3890.43,4477.29
COST_04721,WO_04721,APU_010,503.65,348.28,1647.36,2151.01
COST_04722,WO_04722,APU_048,333.2,371.95,1342.74,1675.94
COST_04723,WO_04723,APU_040,410.09,881.47,2432.86,2842.95
COST_04724,WO_04724,APU_028,688.67,1682.14,3868.92,4557.59
COST_04725,WO_04725,APU_048,361.15,861.4,2239.64,2600.79
COST_04726,WO_04726,APU_013,559.65,334.76,167.38,727.03
COST_04727,WO_04727,APU_036,233.79,417.94,1274.72,1508.51
COST_04728,WO_04728,APU_042,1040.87,472.67,983.15,2024.02
COST_04729,WO_04729,APU_008,1084.82,1255.97,8201.48,9286.3
COST_04730,WO_04730,APU_033,994.06,1132.51,3114.4,4108.46
COST_04731,WO_04731,APU_004,729.86,336.95,475.1,1204.96
COST_04732,WO_04732,APU_025,738.96,1607.72,4244.38,4983.34
COST_04733,WO_04733,APU_030,758.14,620.99,950.11,1708.25
COST_04734,WO_04734,APU_031,819.79,1316.12,4645.9,5465.69
COST_04735,WO_04735,APU_028,551.5,1192.69,3804.68,4356.18
COST_04736,WO_04736,APU_041,715.47,1170.05,5382.23,6097.7
COST_04737,WO_04737,APU_022,883.32,998.41,1757.2,2640.52
COST_04738,WO_04738,APU_012,361.78,1782.11,4936.44,5298.22
COST_04739,WO_04739,APU_029,563.46,1779.51,2277.77,2841.23
COST_04740,WO_04740,APU_005,821.04,1316.52,5266.08,6087.12
COST_04741,WO_04741,APU_006,1105.68,553.87,2005.01,3110.69
COST_04742,WO_04742,APU_047,844.11,397.91,1420.54,2264.65
COST_04743,WO_04743,APU_006,227.12,1634.75,4446.52,4673.64
COST_04744,WO_04744,APU_002,239.29,1703.73,5809.72,6049.01
COST_04745,WO_04745,APU_005,837.66,1799.57,11823.17,12660.83
COST_04746,WO_04746,APU_045,174.87,1727.21,4007.13,4182.0
COST_04747,WO_04747,APU_015,1001.9,1676.96,4913.49,5915.39
COST_04748,WO_04748,APU_014,913.65,438.84,658.26,1571.91
COST_04749,WO_04749,APU_003,186.71,1189.74,2010.66,2197.37
COST_04750,WO_04750,APU_031,556.83,724.44,2079.14,2635.97
COST_04751,WO_04751,APU_028,718.83,738.1,3683.12,4401.95
COST_04752,WO_04752,APU_044,537.57,1744.14,4116.17,4653.74
COST_04753,WO_04753,APU_024,929.98,1649.83,3943.09,4873.07
COST_04754,WO_04754,APU_019,831.54,1559.87,3384.92,4216.46
COST_04755,WO_04755,APU_050,383.34,1397.85,2837.64,3220.98
COST_04756,WO_04756,APU_016,624.82,572.79,1832.93,2457.75
COST_04757,WO_04757,APU_001,71.77,390.21,464.35,536.12
COST_04758,WO_04758,APU_002,565.69,1549.21,8520.66,9086.35
COST_04759,WO_04759,APU_028,748.11,517.68,978.42,1726.53
COST_04760,WO_04760,APU_003,905.45,1497.14,6048.45,6953.9
COST_04761,WO_04761,APU_013,453.95,353.51,477.24,931.19
COST_04762,WO_04762,APU_034,343.5,891.62,3504.07,3847.57
COST_04763,WO_04763,APU_002,600.47,824.29,3239.46,3839.93
COST_04764,WO_04764,APU_007,989.0,797.65,2680.1,3669.1
COST_04765,WO_04765,APU_026,261.03,1082.74,1699.9,1960.93
COST_04766,WO_04766,APU_001,495.24,1304.81,4071.01,4566.25
COST_04767,WO_04767,APU_032,889.05,311.86,442.84,1331.89
COST_04768,WO_04768,APU_025,438.44,1139.92,2701.61,3140.05
COST_04769,WO_04769,APU_011,365.05,604.61,2896.08,3261.13
COST_04770,WO_04770,APU_001,1102.27,430.06,1810.55,2912.82
COST_04771,WO_04771,APU_040,635.51,1062.94,2912.46,3547.97
COST_04772,WO_04772,APU_018,673.25,1794.07,2852.57,3525.82
COST_04773,WO_04773,APU_045,175.93,680.41,2639.99,2815.92
COST_04774,WO_04774,APU_028,424.78,1412.19,3883.52,4308.3
COST_04775,WO_04775,APU_015,75.65,1710.55,1300.02,1375.67
COST_04776,WO_04776,APU_034,591.52,1247.21,5213.34,5804.86
COST_04777,WO_04777,APU_019,908.27,1228.46,3292.27,4200.54
COST_04778,WO_04778,APU_041,646.17,1446.58,7623.48,8269.65
COST_04779,WO_04779,APU_031,300.32,1509.85,2249.68,2550.0
COST_04780,WO_04780,APU_016,884.44,907.84,453.92,1338.36
COST_04781,WO_04781,APU_023,330.61,1757.35,5570.8,5901.41
COST_04782,WO_04782,APU_029,541.74,427.0,1362.13,1903.87
COST_04783,WO_04783,APU_029,434.0,1796.41,1922.16,2356.16
COST_04784,WO_04784,APU_028,536.26,680.15,1081.44,1617.7
COST_04785,WO_04785,APU_017,769.09,983.35,12164.04,12933.13
COST_04786,WO_04786,APU_011,836.85,1548.79,3562.22,4399.07
COST_04787,WO_04787,APU_021,820.38,442.26,1795.58,2615.96
COST_04788,WO_04788,APU_043,543.07,1726.73,3280.79,3823.86
COST_04789,WO_04789,APU_009,317.34,736.42,633.32,950.66
COST_04790,WO_04790,APU_037,149.37,567.8,1408.14,1557.51
COST_04791,WO_04791,APU_018,643.55,695.2,1633.72,2277.27
COST_04792,WO_04792,APU_050,308.35,511.89,1115.92,1424.27
COST_04793,WO_04793,APU_042,876.22,1632.0,4161.6,5037.82
COST_04794,WO_04794,APU_019,454.71,431.7,1355.54,1810.25
COST_04795,WO_04795,APU_037,817.89,431.96,1079.9,1897.79
COST_04796,WO_04796,APU_043,913.18,522.34,710.38,1623.56
COST_04797,WO_04797,APU_004,429.31,464.53,1649.08,2078.39
COST_04798,WO_04798,APU_047,446.65,1454.14,1352.35,1799.0
COST_04799,WO_04799,APU_043,410.87,1476.24,1299.09,1709.96
COST_04800,WO_04800,APU_050,598.5,841.94,3435.12,4033.62
COST_04801,WO_04801,APU_003,696.9,1103.1,3960.13,4657.03
COST_04802,WO_04802,APU_008,432.66,1289.21,3390.62,3823.28
COST_04803,WO_04803,APU_023,136.99,846.91,1067.11,1204.1
COST_04804,WO_04804,APU_017,812.75,335.14,616.66,1429.41
COST_04805,WO_04805,APU_044,450.86,1031.07,2423.01,2873.87
COST_04806,WO_04806,APU_032,359.96,615.65,695.68,1055.64
COST_04807,WO_04807,APU_045,785.87,1609.69,2913.54,3699.41
COST_04808,WO_04808,APU_023,545.81,477.36,1856.93,2402.74
COST_04809,WO_04809,APU_047,445.93,1118.48,6666.14,7112.07
COST_04810,WO_04810,APU_004,773.84,716.02,1546.6,2320.44
COST_04811,WO_04811,APU_043,437.71,1339.22,5517.59,5955.3
COST_04812,WO_04812,APU_015,125.41,789.29,749.83,875.24
COST_04813,WO_04813,APU_032,872.68,695.88,2720.89,3593.57
COST_04814,WO_04814,APU_009,314.14,824.84,1443.47,1757.61
COST_04815,WO_04815,APU_007,215.36,437.32,1408.17,1623.53
COST_04816,WO_04816,APU_003,302.57,731.42,1733.47,2036.04
COST_04817,WO_04817,APU_005,913.79,527.11,2962.36,3876.15
COST_04818,WO_04818,APU_033,440.07,1760.72,2958.01,3398.08
COST_04819,WO_04819,APU_034,973.39,1694.09,6505.31,7478.7
COST_04820,WO_04820,APU_050,458.04,1358.41,3165.1,3623.14
COST_04821,WO_04821,APU_023,151.37,338.39,842.59,993.96
COST_04822,WO_04822,APU_046,242.54,461.46,1135.19,1377.73
COST_04823,WO_04823,APU_047,255.25,1338.35,2288.58,2543.83
COST_04824,WO_04824,APU_040,529.07,1144.64,3090.53,3619.6
COST_04825,WO_04825,APU_034,377.95,1042.77,2742.49,3120.44
COST_04826,WO_04826,APU_007,735.7,684.58,2122.2,2857.9
COST_04827,WO_04827,APU_050,442.7,594.2,1693.47,2136.17
COST_04828,WO_04828,APU_002,563.12,352.6,1487.97,2051.09
COST_04829,WO_04829,APU_012,1145.71,1161.22,5248.71,6394.42
COST_04830,WO_04830,APU_028,252.93,843.03,1289.84,1542.77
COST_04831,WO_04831,APU_048,913.14,1248.75,5469.52,6382.66
COST_04832,WO_04832,APU_039,839.07,1655.5,2350.81,3189.88
COST_04833,WO_04833,APU_013,799.19,1126.39,4235.23,5034.42
COST_04834,WO_04834,APU_033,436.51,673.4,2572.39,3008.9
COST_04835,WO_04835,APU_007,552.58,1201.19,1141.13,1693.71
COST_04836,WO_04836,APU_031,436.19,720.77,2061.4,2497.59
COST_04837,WO_04837,APU_013,966.25,756.04,1587.68,2553.93
COST_04838,WO_04838,APU_042,1025.99,990.85,1773.62,2799.61
COST_04839,WO_04839,APU_030,498.94,891.6,5091.04,5589.98
COST_04840,WO_04840,APU_011,322.33,1195.38,2271.22,2593.55
COST_04841,WO_04841,APU_004,230.57,749.98,1304.97,1535.54
COST_04842,WO_04842,APU_033,620.98,583.7,1651.87,2272.85
COST_04843,WO_04843,APU_014,1026.26,657.49,2603.66,3629.92
COST_04844,WO_04844,APU_019,283.27,1423.74,3573.59,3856.86
COST_04845,WO_04845,APU_013,1122.16,796.47,4109.79,5231.95
COST_04846,WO_04846,APU_009,345.76,633.83,2307.14,2652.9
COST_04847,WO_04847,APU_042,555.51,914.79,750.13,1305.64
COST_04848,WO_04848,APU_021,701.8,1598.35,3244.65,3946.45
COST_04849,WO_04849,APU_037,313.85,1676.26,3352.52,3666.37
COST_04850,WO_04850,APU_015,810.4,871.56,3085.32,3895.72
COST_04851,WO_04851,APU_035,301.49,762.09,487.74,789.23
COST_04852,WO_04852,APU_006,1009.75,1403.02,15489.34,16499.09
COST_04853,WO_04853,APU_018,464.0,1726.85,6285.73,6749.73
COST_04854,WO_04854,APU_047,499.01,1714.05,5056.45,5555.46
COST_04855,WO_04855,APU_016,212.71,1648.65,8589.47,8802.18
COST_04856,WO_04856,APU_030,872.75,980.39,9676.45,10549.2
COST_04857,WO_04857,APU_048,660.05,747.93,3283.41,3943.46
COST_04858,WO_04858,APU_049,434.51,408.56,1871.2,2305.71
COST_04859,WO_04859,APU_016,1020.06,685.55,2001.81,3021.87
COST_04860,WO_04860,APU_020,508.81,1286.11,3228.14,3736.95
COST_04861,WO_04861,APU_015,391.13,1069.12,2234.46,2625.59
COST_04862,WO_04862,APU_050,400.71,1159.91,2006.64,2407.35
COST_04863,WO_04863,APU_010,424.49,512.15,952.6,1377.09
COST_04864,WO_04864,APU_023,413.08,305.99,394.73,807.81
COST_04865,WO_04865,APU_026,1001.15,500.43,1306.12,2307.27
COST_04866,WO_04866,APU_037,595.12,1287.06,1390.02,1985.14
COST_04867,WO_04867,APU_039,749.32,1275.48,3851.95,4601.27
COST_04868,WO_04868,APU_003,339.14,1186.97,3157.34,3496.48
COST_04869,WO_04869,APU_010,783.11,795.64,2347.14,3130.25
COST_04870,WO_04870,APU_046,168.67,845.84,1725.51,1894.18
COST_04871,WO_04871,APU_030,1840.99,564.52,8337.96,10178.95
COST_04872,WO_04872,APU_029,1048.04,723.61,4153.52,5201.56
COST_04873,WO_04873,APU_005,419.52,1710.55,2343.45,2762.97
COST_04874,WO_04874,APU_008,297.25,1106.07,3417.76,3715.01
COST_04875,WO_04875,APU_021,553.93,1554.96,3032.17,3586.1
COST_04876,WO_04876,APU_049,694.28,951.31,1484.04,2178.32
COST_04877,WO_04877,APU_029,600.41,1103.13,1434.07,2034.48
COST_04878,WO_04878,APU_043,682.74,406.33,1401.84,2084.58
COST_04879,WO_04879,APU_008,907.85,929.47,1738.11,2645.96
COST_04880,WO_04880,APU_038,809.94,657.02,3042.0,3851.94
COST_04881,WO_04881,APU_028,516.94,1257.84,5911.85,6428.79
COST_04882,WO_04882,APU_022,1163.09,1555.5,9006.34,10169.43
COST_04883,WO_04883,APU_040,483.26,996.62,1694.25,2177.51
COST_04884,WO_04884,APU_040,524.2,1487.67,5251.48,5775.68
COST_04885,WO_04885,APU_020,1168.91,607.96,2340.65,3509.56
COST_04886,WO_04886,APU_049,241.37,1513.41,3163.03,3404.4
COST_04887,WO_04887,APU_036,877.78,747.15,1329.93,2207.71
COST_04888,WO_04888,APU_044,883.93,634.23,4179.58,5063.51
COST_04889,WO_04889,APU_012,302.47,1484.28,4571.58,4874.05
COST_04890,WO_04890,APU_048,830.08,968.54,3738.56,4568.64
COST_04891,WO_04891,APU_050,153.29,1511.02,2614.06,2767.35
COST_04892,WO_04892,APU_040,319.65,1671.01,2322.7,2642.35
COST_04893,WO_04893,APU_001,635.36,951.41,1893.31,2528.67
COST_04894,WO_04894,APU_029,516.57,541.98,1376.63,1893.2
COST_04895,WO_04895,APU_028,315.17,521.26,787.1,1102.27
COST_04896,WO_04896,APU_013,660.79,1303.43,3519.26,4180.05
COST_04897,WO_04897,APU_008,812.24,627.91,671.86,1484.1
COST_04898,WO_04898,APU_007,768.32,683.48,1004.72,1773.04
COST_04899,WO_04899,APU_024,426.96,471.14,1851.58,2278.54
COST_04900,WO_04900,APU_011,1104.25,1572.0,5957.88,7062.13
COST_04901,WO_04901,APU_016,738.2,830.01,1817.72,2555.92
COST_04902,WO_04902,APU_021,792.82,1637.56,2538.22,3331.04
COST_04903,WO_04903,APU_001,503.02,699.27,1076.88,1579.9
COST_04904,WO_04904,APU_034,341.74,596.36,1317.96,1659.7
COST_04905,WO_04905,APU_012,489.76,453.22,1753.96,2243.72
COST_04906,WO_04906,APU_002,986.77,1248.99,5657.92,6644.69
COST_04907,WO_04907,APU_025,276.85,1491.67,3087.76,3364.61
COST_04908,WO_04908,APU_010,392.86,833.6,1200.38,1593.24
COST_04909,WO_04909,APU_005,748.48,1108.15,3490.67,4239.15
COST_04910,WO_04910,APU_050,212.68,850.92,1472.09,1684.77
COST_04911,WO_04911,APU_022,315.41,1151.8,2349.67,2665.08
COST_04912,WO_04912,APU_016,657.39,1637.93,9221.55,9878.94
COST_04913,WO_04913,APU_033,1133.02,1384.0,5923.52,7056.54
COST_04914,WO_04914,APU_022,485.77,810.18,2406.23,2892.0
COST_04915,WO_04915,APU_019,932.06,1288.57,1739.57,2671.63
COST_04916,WO_04916,APU_010,504.6,1101.93,3360.89,3865.49
COST_04917,WO_04917,APU_038,701.83,1399.53,6829.71,7531.54
COST_04918,WO_04918,APU_003,887.08,1094.74,2419.38,3306.46
COST_04919,WO_04919,APU_025,575.15,1058.31,6053.53,6628.68
COST_04920,WO_04920,APU_025,874.77,1098.46,6074.48,6949.25
COST_04921,WO_04921,APU_045,617.47,1508.69,10244.01,10861.48
COST_04922,WO_04922,APU_025,1102.15,1339.63,4313.61,5415.76
COST_04923,WO_04923,APU_040,273.49,1531.04,5741.4,6014.89
COST_04924,WO_04924,APU_049,616.97,681.92,4036.97,4653.94
COST_04925,WO_04925,APU_019,600.93,1465.28,5099.17,5700.1
COST_04926,WO_04926,APU_033,850.84,1356.4,2794.18,3645.02
COST_04927,WO_04927,APU_032,691.11,308.57,654.17,1345.28
COST_04928,WO_04928,APU_027,956.55,753.07,2334.52,3291.07
COST_04929,WO_04929,APU_015,261.84,1552.67,2080.58,2342.42
COST_04930,WO_04930,APU_022,350.66,1657.65,4160.7,4511.36
COST_04931,WO_04931,APU_036,1228.65,973.89,4840.23,6068.88
COST_04932,WO_04932,APU_030,805.84,629.66,510.02,1315.86
COST_04933,WO_04933,APU_040,574.28,1340.53,8472.15,9046.43
COST_04934,WO_04934,APU_007,1141.88,699.21,3524.02,4665.9
COST_04935,WO_04935,APU_012,892.5,1005.35,2121.29,3013.79
COST_04936,WO_04936,APU_035,561.15,411.86,1511.53,2072.68
COST_04937,WO_04937,APU_025,582.74,1337.12,3636.97,4219.71
COST_04938,WO_04938,APU_037,1034.47,634.79,3396.13,4430.6
COST_04939,WO_04939,APU_039,550.22,343.58,1604.52,2154.74
COST_04940,WO_04940,APU_013,133.57,652.44,822.07,955.64
COST_04941,WO_04941,APU_002,313.64,670.09,2512.84,2826.48
COST_04942,WO_04942,APU_040,286.26,1009.1,2452.11,2738.37
COST_04943,WO_04943,APU_010,560.97,1756.19,4987.58,5548.55
COST_04944,WO_04944,APU_028,214.18,1486.28,2705.03,2919.21
COST_04945,WO_04945,APU_008,550.58,1134.11,8063.52,8614.1
COST_04946,WO_04946,APU_037,852.17,1682.04,8107.43,8959.6
COST_04947,WO_04947,APU_047,458.7,923.65,1671.81,2130.51
COST_04948,WO_04948,APU_013,260.08,1705.71,2217.42,2477.5
COST_04949,WO_04949,APU_022,665.39,1272.98,2800.56,3465.95
COST_04950,WO_04950,APU_025,370.04,1047.26,3613.05,3983.09
COST_04951,WO_04951,APU_033,1030.4,402.31,1247.16,2277.56
COST_04952,WO_04952,APU_044,622.27,1466.39,7947.83,8570.1
COST_04953,WO_04953,APU_042,906.23,484.47,2034.77,2941.0
COST_04954,WO_04954,APU_037,771.88,892.04,4130.15,4902.03
COST_04955,WO_04955,APU_048,830.15,1292.08,4199.26,5029.41
COST_04956,WO_04956,APU_014,144.18,581.34,738.3,882.48
COST_04957,WO_04957,APU_048,789.9,982.4,2397.06,3186.96
COST_04958,WO_04958,APU_048,725.48,342.87,1669.78,2395.26
COST_04959,WO_04959,APU_018,721.5,449.35,1186.28,1907.78
COST_04960,WO_04960,APU_047,752.64,697.85,2498.3,3250.94
COST_04961,WO_04961,APU_001,252.07,1268.74,2892.73,3144.8
COST_04962,WO_04962,APU_002,811.83,1130.23,1740.55,2552.38
COST_04963,WO_04963,APU_025,285.08,351.84,893.67,1178.75
COST_04964,WO_04964,APU_044,625.65,454.54,1463.62,2089.27
COST_04965,WO_04965,APU_038,815.06,784.01,1489.62,2304.68
COST_04966,WO_04966,APU_041,245.46,1129.16,2698.69,2944.15
COST_04967,WO_04967,APU_021,805.49,595.66,964.97,1770.46
COST_04968,WO_04968,APU_027,1248.43,1126.93,5668.46,6916.89
COST_04969,WO_04969,APU_021,416.81,1657.9,3829.75,4246.56
COST_04970,WO_04970,APU_003,767.08,1046.56,6321.22,7088.3
COST_04971,WO_04971,APU_028,589.64,466.91,2941.53,3531.17
COST_04972,WO_04972,APU_013,333.14,580.31,1508.81,1841.95
COST_04973,WO_04973,APU_020,375.34,1285.19,2004.9,2380.24
COST_04974,WO_04974,APU_029,557.85,1760.81,1514.3,2072.15
COST_04975,WO_04975,APU_029,694.91,506.52,612.89,1307.8
COST_04976,WO_04976,APU_002,443.15,1405.76,1799.37,2242.52
COST_04977,WO_04977,APU_009,1138.85,472.82,2742.36,3881.21
COST_04978,WO_04978,APU_025,1050.14,1262.11,3660.12,4710.26
COST_04979,WO_04979,APU_023,932.96,749.73,2526.59,3459.55
COST_04980,WO_04980,APU_030,354.15,1363.99,1091.19,1445.34
COST_04981,WO_04981,APU_049,362.64,740.05,1043.47,1406.11
COST_04982,WO_04982,APU_044,618.38,819.19,3629.01,4247.39
COST_04983,WO_04983,APU_037,413.4,1414.59,4498.4,4911.8
COST_04984,WO_04984,APU_022,210.68,542.95,1362.8,1573.48
COST_04985,WO_04985,APU_015,359.89,409.72,1520.06,1879.95
COST_04986,WO_04986,APU_026,579.25,1333.23,8905.98,9485.23
COST_04987,WO_04987,APU_001,454.08,1491.13,3593.62,4047.7
COST_04988,WO_04988,APU_019,394.82,861.76,2430.16,2824.98
COST_04989,WO_04989,APU_020,903.42,574.52,1735.05,2638.47
COST_04990,WO_04990,APU_008,992.9,324.08,3282.93,4275.83
COST_04991,WO_04991,APU_040,234.75,1717.93,1477.42,1712.17
COST_04992,WO_04992,APU_011,717.1,464.3,1838.63,2555.73
COST_04993,WO_04993,APU_021,300.6,549.59,1401.45,1702.05
COST_04994,WO_04994,APU_044,181.07,1141.73,4235.82,4416.89
COST_04995,WO_04995,APU_037,680.2,474.4,896.62,1576.82
COST_04996,WO_04996,APU_003,257.2,1411.67,3740.93,3998.13
COST_04997,WO_04997,APU_016,403.6,1449.22,5825.86,6229.46
COST_04998,WO_04998,APU_035,2089.97,774.08,11657.64,13747.61
COST_04999,WO_04999,APU_019,935.75,745.48,3160.84,4096.59
COST_05000,WO_05000,APU_048,98.58,1091.21,1855.06,1953.64
COST_05001,WO_05001,APU_025,256.46,1539.54,3310.01,3566.47
COST_05002,WO_05002,APU_047,540.67,1341.39,2843.75,3384.42
COST_05003,WO_05003,APU_020,340.75,958.86,968.45,1309.2
COST_05004,WO_05004,APU_026,364.34,876.09,1988.72,2353.06
COST_05005,WO_05005,APU_036,697.72,1481.42,6029.38,6727.1
COST_05006,WO_05006,APU_026,577.47,608.9,822.01,1399.48
COST_05007,WO_05007,APU_033,1090.71,1215.17,5881.42,6972.13
COST_05008,WO_05008,APU_028,369.94,1582.65,5618.41,5988.35
COST_05009,WO_05009,APU_049,622.09,1627.49,2962.03,3584.12
COST_05010,WO_05010,APU_013,626.59,1355.03,3401.13,4027.72
COST_05011,WO_05011,APU_022,1250.01,636.37,4168.22,5418.23
COST_05012,WO_05012,APU_037,973.95,717.32,2919.49,3893.44
COST_05013,WO_05013,APU_013,808.84,1141.36,3115.91,3924.75
COST_05014,WO_05014,APU_045,571.06,1012.71,2420.38,2991.44
COST_05015,WO_05015,APU_024,681.95,695.98,1976.58,2658.53
COST_05016,WO_05016,APU_032,881.4,809.02,1658.49,2539.89
COST_05017,WO_05017,APU_047,724.06,488.39,415.13,1139.19
COST_05018,WO_05018,APU_039,691.03,1102.11,9213.64,9904.67
COST_05019,WO_05019,APU_001,351.35,1108.21,3280.3,3631.65
COST_05020,WO_05020,APU_034,433.9,405.96,1372.14,1806.04
COST_05021,WO_05021,APU_049,254.36,1361.7,3581.27,3835.63
COST_05022,WO_05022,APU_028,305.63,507.37,918.34,1223.97
COST_05023,WO_05023,APU_016,355.23,839.38,2056.48,2411.71
COST_05024,WO_05024,APU_044,259.74,1639.92,1853.11,2112.85
COST_05025,WO_05025,APU_004,1372.53,597.1,5678.42,7050.95
COST_05026,WO_05026,APU_032,198.93,1103.86,1523.33,1722.26
COST_05027,WO_05027,APU_017,315.35,1270.08,1955.92,2271.27
COST_05028,WO_05028,APU_036,392.5,1619.31,3449.13,3841.63
COST_05029,WO_05029,APU_012,419.16,1258.08,6944.6,7363.76
COST_05030,WO_05030,APU_029,247.36,831.93,2279.49,2526.85
COST_05031,WO_05031,APU_041,515.65,619.74,855.24,1370.89
COST_05032,WO_05032,APU_024,943.92,1498.57,8122.25,9066.17
COST_05033,WO_05033,APU_027,667.45,1028.45,4175.51,4842.96
COST_05034,WO_05034,APU_050,575.41,1430.17,5234.42,5809.83
COST_05035,WO_05035,APU_046,424.06,681.22,2745.32,3169.38
COST_05036,WO_05036,APU_033,1163.18,1520.49,15417.77,16580.95
COST_05037,WO_05037,APU_019,1031.0,869.95,7864.35,8895.35
COST_05038,WO_05038,APU_019,485.0,1712.47,3185.19,3670.19
COST_05039,WO_05039,APU_041,710.95,415.72,2760.38,3471.33
COST_05040,WO_05040,APU_038,1144.49,1173.09,3941.58,5086.07
COST_05041,WO_05041,APU_047,784.61,1773.0,6347.34,7131.95
COST_05042,WO_05042,APU_014,564.52,482.45,516.22,1080.74
COST_05043,WO_05043,APU_021,762.87,1483.65,3679.45,4442.32
COST_05044,WO_05044,APU_001,284.83,431.51,750.83,1035.66
COST_05045,WO_05045,APU_009,622.59,418.76,1796.48,2419.07
COST_05046,WO_05046,APU_012,1036.3,1188.55,5823.9,6860.2
COST_05047,WO_05047,APU_024,353.13,1290.54,1122.77,1475.9
COST_05048,WO_05048,APU_001,512.18,360.6,970.01,1482.19
COST_05049,WO_05049,APU_031,555.44,956.37,4820.1,5375.54
COST_05050,WO_05050,APU_048,259.97,424.17,1039.22,1299.19
COST_05051,WO_05051,APU_013,455.07,1794.85,7287.09,7742.16
COST_05052,WO_05052,APU_019,403.2,975.91,3220.5,3623.7
COST_05053,WO_05053,APU_019,954.6,349.11,1145.08,2099.68
COST_05054,WO_05054,APU_022,408.6,1351.98,3163.63,3572.23
COST_05055,WO_05055,APU_050,941.03,1595.81,2218.18,3159.21
COST_05056,WO_05056,APU_039,945.65,1607.16,2362.53,3308.18
COST_05057,WO_05057,APU_049,368.27,1495.77,6013.0,6381.27
COST_05058,WO_05058,APU_027,594.16,762.71,2097.45,2691.61
COST_05059,WO_05059,APU_008,464.59,1749.12,4407.78,4872.37
COST_05060,WO_05060,APU_002,535.14,1071.47,2303.66,2838.8
COST_05061,WO_05061,APU_013,351.11,1621.36,3729.13,4080.24
COST_05062,WO_05062,APU_031,1011.86,836.29,4039.28,5051.14
COST_05063,WO_05063,APU_016,665.31,337.26,762.21,1427.52
COST_05064,WO_05064,APU_045,388.92,620.08,806.1,1195.02
COST_05065,WO_05065,APU_026,611.79,947.82,3876.58,4488.37
COST_05066,WO_05066,APU_048,249.59,764.09,1856.74,2106.33
COST_05067,WO_05067,APU_006,825.9,1213.93,3362.59,4188.49
COST_05068,WO_05068,APU_002,355.08,1297.5,8537.55,8892.63
COST_05069,WO_05069,APU_020,450.32,530.09,1425.94,1876.26
COST_05070,WO_05070,APU_008,755.81,958.63,3058.03,3813.84
COST_05071,WO_05071,APU_039,469.1,1202.78,1707.95,2177.05
COST_05072,WO_05072,APU_008,921.27,514.98,1241.1,2162.37
COST_05073,WO_05073,APU_044,302.01,1276.18,4849.48,5151.49
COST_05074,WO_05074,APU_009,224.64,621.84,721.33,945.97
COST_05075,WO_05075,APU_004,351.33,1380.74,4197.45,4548.78
COST_05076,WO_05076,APU_004,481.78,759.46,2179.65,2661.43
COST_05077,WO_05077,APU_025,189.79,1219.71,3390.79,3580.58
COST_05078,WO_05078,APU_021,481.29,1650.66,7939.67,8420.96
COST_05079,WO_05079,APU_035,414.52,1280.28,4186.52,4601.04
COST_05080,WO_05080,APU_007,646.16,1195.28,7327.07,7973.23
COST_05081,WO_05081,APU_045,283.0,1017.24,1597.07,1880.07
COST_05082,WO_05082,APU_005,335.04,1450.05,4248.65,4583.69
COST_05083,WO_05083,APU_026,826.98,1590.74,4533.61,5360.59
COST_05084,WO_05084,APU_013,363.33,1382.46,2087.51,2450.84
COST_05085,WO_05085,APU_002,745.83,1738.59,7997.51,8743.34
COST_05086,WO_05086,APU_029,887.45,1386.83,13535.46,14422.91
COST_05087,WO_05087,APU_037,364.22,1758.82,4731.23,5095.45
COST_05088,WO_05088,APU_011,489.57,1003.58,3602.85,4092.42
COST_05089,WO_05089,APU_033,242.4,510.46,1454.81,1697.21
COST_05090,WO_05090,APU_016,933.44,725.6,1335.1,2268.54
COST_05091,WO_05091,APU_039,303.22,1313.98,1313.98,1617.2
COST_05092,WO_05092,APU_021,199.07,1798.61,3309.44,3508.51
COST_05093,WO_05093,APU_041,930.01,1291.03,1626.7,2556.71
COST_05094,WO_05094,APU_028,1154.54,1276.97,8862.17,10016.71
COST_05095,WO_05095,APU_016,573.63,482.36,1230.02,1803.65
COST_05096,WO_05096,APU_002,523.1,1566.56,3524.76,4047.86
COST_05097,WO_05097,APU_027,523.44,541.91,2400.66,2924.1
COST_05098,WO_05098,APU_014,178.6,1007.42,1480.91,1659.51
COST_05099,WO_05099,APU_043,687.12,1716.81,3055.92,3743.04
COST_05100,WO_05100,APU_045,548.77,1759.13,4960.75,5509.52
COST_05101,WO_05101,APU_049,959.67,969.68,4644.77,5604.44
COST_05102,WO_05102,APU_044,1009.11,417.0,1492.86,2501.97
COST_05103,WO_05103,APU_044,418.38,1467.32,4578.04,4996.42
COST_05104,WO_05104,APU_022,272.25,570.53,1620.31,1892.56
COST_05105,WO_05105,APU_032,486.9,1717.86,5823.55,6310.45
COST_05106,WO_05106,APU_022,385.07,882.33,2682.28,3067.35
COST_05107,WO_05107,APU_044,287.2,1130.31,1740.68,2027.88
COST_05108,WO_05108,APU_043,979.08,1140.12,3180.93,4160.01
COST_05109,WO_05109,APU_046,159.41,1701.36,2569.05,2728.46
COST_05110,WO_05110,APU_007,388.84,1457.89,4140.41,4529.25
COST_05111,WO_05111,APU_001,727.56,686.88,1435.58,2163.14
COST_05112,WO_05112,APU_018,1343.34,323.23,3552.3,4895.64
COST_05113,WO_05113,APU_038,299.24,761.9,2026.65,2325.89
COST_05114,WO_05114,APU_036,836.78,578.76,729.24,1566.02
COST_05115,WO_05115,APU_003,597.07,1254.85,3162.22,3759.29
COST_05116,WO_05116,APU_010,946.3,1572.86,5693.75,6640.05
COST_05117,WO_05117,APU_010,1043.54,1172.12,7993.86,9037.4
COST_05118,WO_05118,APU_015,554.92,805.4,1586.64,2141.56
COST_05119,WO_05119,APU_038,599.59,687.58,783.84,1383.43
COST_05120,WO_05120,APU_036,485.94,1149.2,4895.59,5381.53
COST_05121,WO_05121,APU_031,432.66,1132.37,1438.11,1870.77
COST_05122,WO_05122,APU_036,637.61,1128.06,2414.05,3051.66
COST_05123,WO_05123,APU_049,755.58,879.62,2075.9,2831.48
COST_05124,WO_05124,APU_043,572.02,340.71,892.66,1464.68
COST_05125,WO_05125,APU_007,379.34,1723.89,6843.84,7223.18
COST_05126,WO_05126,APU_038,762.61,1429.89,2673.89,3436.5
COST_05127,WO_05127,APU_017,890.59,695.82,1628.22,2518.81
COST_05128,WO_05128,APU_017,489.09,1495.08,4036.72,4525.81
COST_05129,WO_05129,APU_010,494.9,861.19,2540.51,3035.41
COST_05130,WO_05130,APU_006,269.33,1508.93,4330.63,4599.96
COST_05131,WO_05131,APU_032,329.49,903.1,3115.7,3445.19
COST_05132,WO_05132,APU_006,547.14,510.61,2205.84,2752.98
COST_05133,WO_05133,APU_032,746.11,1050.13,3538.94,4285.05
COST_05134,WO_05134,APU_045,216.62,1014.99,3542.32,3758.94
COST_05135,WO_05135,APU_042,768.98,630.65,718.94,1487.92
COST_05136,WO_05136,APU_006,321.68,616.61,1720.34,2042.02
COST_05137,WO_05137,APU_048,705.8,997.01,3529.42,4235.22
COST_05138,WO_05138,APU_019,820.19,1043.68,4237.34,5057.53
COST_05139,WO_05139,APU_025,602.83,446.54,830.56,1433.39
COST_05140,WO_05140,APU_004,144.62,744.12,1406.39,1551.01
COST_05141,WO_05141,APU_017,450.56,460.44,911.67,1362.23
COST_05142,WO_05142,APU_031,894.74,823.68,3006.43,3901.17
COST_05143,WO_05143,APU_018,1040.29,1261.0,6052.8,7093.09
COST_05144,WO_05144,APU_038,856.39,699.53,1517.98,2374.37
COST_05145,WO_05145,APU_050,1113.36,1717.23,7693.19,8806.55
COST_05146,WO_05146,APU_034,298.42,1525.8,4440.08,4738.5
COST_05147,WO_05147,APU_021,936.97,940.59,2389.1,3326.07
COST_05148,WO_05148,APU_002,284.09,865.16,2093.69,2377.78
COST_05149,WO_05149,APU_022,415.56,1314.77,5390.56,5806.12
COST_05150,WO_05150,APU_046,1066.19,518.14,1683.95,2750.14
COST_05151,WO_05151,APU_010,977.78,1009.89,9593.95,10571.73
COST_05152,WO_05152,APU_031,497.46,1089.76,1852.59,2350.05
COST_05153,WO_05153,APU_048,316.59,853.25,3080.23,3396.82
COST_05154,WO_05154,APU_011,360.17,956.76,1942.22,2302.39
COST_05155,WO_05155,APU_026,254.94,1255.29,2121.44,2376.38
COST_05156,WO_05156,APU_045,771.76,1349.6,3643.92,4415.68
COST_05157,WO_05157,APU_027,858.61,331.82,972.23,1830.84
COST_05158,WO_05158,APU_013,1415.92,564.07,7631.87,9047.79
COST_05159,WO_05159,APU_035,502.42,451.95,1111.8,1614.22
COST_05160,WO_05160,APU_019,812.61,1171.16,1709.89,2522.5
COST_05161,WO_05161,APU_013,495.55,1112.91,3516.8,4012.35
COST_05162,WO_05162,APU_029,808.0,1520.74,1323.04,2131.04
COST_05163,WO_05163,APU_025,663.86,1797.18,4636.72,5300.58
COST_05164,WO_05164,APU_048,291.39,1296.32,3551.92,3843.31
COST_05165,WO_05165,APU_044,1007.46,1236.52,5205.75,6213.21
COST_05166,WO_05166,APU_010,770.12,1122.95,5210.49,5980.61
COST_05167,WO_05167,APU_005,239.95,457.21,941.85,1181.8
COST_05168,WO_05168,APU_015,265.35,1229.89,3074.73,3340.08
COST_05169,WO_05169,APU_012,473.47,1256.28,2236.18,2709.65
COST_05170,WO_05170,APU_004,394.42,961.28,1403.47,1797.89
COST_05171,WO_05171,APU_006,504.91,754.3,2428.85,2933.76
COST_05172,WO_05172,APU_016,794.23,1043.01,1408.06,2202.29
COST_05173,WO_05173,APU_040,865.43,1220.51,2636.3,3501.73
COST_05174,WO_05174,APU_046,524.94,336.29,527.98,1052.92
COST_05175,WO_05175,APU_016,1087.24,1017.61,3744.8,4832.04
COST_05176,WO_05176,APU_026,660.01,649.12,4751.56,5411.57
COST_05177,WO_05177,APU_007,392.43,467.81,622.19,1014.62
COST_05178,WO_05178,APU_009,779.28,1019.88,999.48,1778.76
COST_05179,WO_05179,APU_034,547.68,327.17,831.01,1378.69
COST_05180,WO_05180,APU_017,773.07,1444.54,3958.04,4731.11
COST_05181,WO_05181,APU_028,525.73,1536.96,4718.47,5244.2
COST_05182,WO_05182,APU_049,618.31,364.71,776.83,1395.14
COST_05183,WO_05183,APU_016,589.63,391.33,950.93,1540.56
COST_05184,WO_05184,APU_001,1049.29,1589.3,5292.37,6341.66
COST_05185,WO_05185,APU_032,585.16,1673.99,8068.63,8653.79
COST_05186,WO_05186,APU_035,469.66,1372.89,1276.79,1746.45
COST_05187,WO_05187,APU_013,534.02,1392.12,3090.51,3624.53
COST_05188,WO_05188,APU_024,401.03,1091.82,3340.97,3742.0
COST_05189,WO_05189,APU_024,495.05,1133.89,1859.58,2354.63
COST_05190,WO_05190,APU_027,776.36,757.08,5329.84,6106.2
COST_05191,WO_05191,APU_042,230.56,1549.53,2975.1,3205.66
COST_05192,WO_05192,APU_037,374.81,1151.47,3062.91,3437.72
COST_05193,WO_05193,APU_009,466.69,663.85,2449.61,2916.3
COST_05194,WO_05194,APU_021,764.82,1123.3,2201.67,2966.49
COST_05195,WO_05195,APU_044,105.5,685.2,671.5,777.0
COST_05196,WO_05196,APU_034,290.2,1467.33,3154.76,3444.96
COST_05197,WO_05197,APU_037,1018.0,984.69,4716.67,5734.67
COST_05198,WO_05198,APU_036,441.19,1129.04,2551.63,2992.82
COST_05199,WO_05199,APU_017,143.08,1775.8,3036.62,3179.7
COST_05200,WO_05200,APU_011,377.31,375.85,1698.84,2076.15
COST_05201,WO_05201,APU_036,659.74,1357.63,3081.82,3741.56
COST_05202,WO_05202,APU_045,167.26,1306.63,2678.59,2845.85
COST_05203,WO_05203,APU_034,953.22,477.38,1408.27,2361.49
COST_05204,WO_05204,APU_049,221.34,1421.85,5900.68,6122.02
COST_05205,WO_05205,APU_037,1156.23,324.03,3262.98,4419.21
COST_05206,WO_05206,APU_042,928.71,1536.02,6574.17,7502.88
COST_05207,WO_05207,APU_029,567.67,922.47,4741.5,5309.17
COST_05208,WO_05208,APU_010,972.79,732.64,1509.24,2482.03
COST_05209,WO_05209,APU_038,664.11,1537.49,2383.11,3047.22
COST_05210,WO_05210,APU_040,294.36,793.84,2230.69,2525.05
COST_05211,WO_05211,APU_024,317.38,413.51,1190.91,1508.29
COST_05212,WO_05212,APU_017,718.84,646.34,969.51,1688.35
COST_05213,WO_05213,APU_043,286.9,639.66,1579.96,1866.86
COST_05214,WO_05214,APU_014,542.1,1464.36,4964.18,5506.28
COST_05215,WO_05215,APU_005,265.06,583.39,1931.02,2196.08
COST_05216,WO_05216,APU_030,752.68,1648.87,5919.44,6672.12
COST_05217,WO_05217,APU_036,586.87,1074.09,3426.35,4013.22
COST_05218,WO_05218,APU_035,358.08,1686.25,3473.68,3831.76
COST_05219,WO_05219,APU_027,684.98,1554.18,3186.07,3871.05
COST_05220,WO_05220,APU_043,247.83,710.07,1001.2,1249.03
COST_05221,WO_05221,APU_002,1309.23,932.7,6762.08,8071.31
COST_05222,WO_05222,APU_021,292.3,1531.2,4195.49,4487.79
COST_05223,WO_05223,APU_033,442.33,1366.03,3278.47,3720.8
COST_05224,WO_05224,APU_022,495.97,323.56,527.4,1023.37
COST_05225,WO_05225,APU_046,1225.88,1316.54,17983.94,19209.82
COST_05226,WO_05226,APU_023,908.26,1314.1,1984.29,2892.55
COST_05227,WO_05227,APU_045,1008.54,758.11,1629.94,2638.48
COST_05228,WO_05228,APU_011,366.64,860.04,2941.34,3307.98
COST_05229,WO_05229,APU_044,345.03,1168.32,4416.25,4761.28
COST_05230,WO_05230,APU_044,1071.69,522.36,2402.86,3474.55
COST_05231,WO_05231,APU_033,906.05,320.28,2354.06,3260.11
COST_05232,WO_05232,APU_021,358.39,639.27,2294.98,2653.37
COST_05233,WO_05233,APU_033,500.06,363.3,552.22,1052.28
COST_05234,WO_05234,APU_009,498.24,1241.17,2929.16,3427.4
COST_05235,WO_05235,APU_047,395.65,557.67,1795.7,2191.35
COST_05236,WO_05236,APU_020,1125.89,1654.92,14033.72,15159.61
COST_05237,WO_05237,APU_023,919.44,1687.71,2126.51,3045.95
COST_05238,WO_05238,APU_040,619.29,307.58,1620.95,2240.24
COST_05239,WO_05239,APU_030,420.23,1550.39,4651.17,5071.4
COST_05240,WO_05240,APU_043,1169.62,1270.06,5473.96,6643.58
COST_05241,WO_05241,APU_042,1002.74,940.37,2416.75,3419.49
COST_05242,WO_05242,APU_035,389.32,1772.93,3031.71,3421.03
COST_05243,WO_05243,APU_012,858.24,752.98,3094.75,3952.99
COST_05244,WO_05244,APU_005,322.08,905.22,3530.36,3852.44
COST_05245,WO_05245,APU_046,868.73,1501.71,6967.93,7836.66
COST_05246,WO_05246,APU_004,471.6,1130.15,3051.41,3523.01
COST_05247,WO_05247,APU_007,861.37,1008.62,1966.81,2828.18
COST_05248,WO_05248,APU_041,963.42,1050.42,1207.98,2171.4
COST_05249,WO_05249,APU_006,393.56,1224.91,5230.37,5623.93
COST_05250,WO_05250,APU_047,518.05,1016.4,3486.25,4004.3
COST_05251,WO_05251,APU_011,1022.35,1634.54,2615.26,3637.61
COST_05252,WO_05252,APU_013,1070.35,1356.14,2739.4,3809.75
COST_05253,WO_05253,APU_020,321.95,891.51,1872.17,2194.12
COST_05254,WO_05254,APU_037,349.46,1365.76,1638.91,1988.37
COST_05255,WO_05255,APU_003,265.96,885.82,1532.47,1798.43
COST_05256,WO_05256,APU_038,401.35,1384.21,2020.95,2422.3
COST_05257,WO_05257,APU_038,403.96,858.88,1863.77,2267.73
COST_05258,WO_05258,APU_019,632.37,1060.41,1919.34,2551.71
COST_05259,WO_05259,APU_045,412.07,1605.57,1782.18,2194.25
COST_05260,WO_05260,APU_033,399.86,1219.76,10087.42,10487.28
COST_05261,WO_05261,APU_007,907.5,1530.82,8281.74,9189.24
COST_05262,WO_05262,APU_001,816.56,689.35,1220.15,2036.71
COST_05263,WO_05263,APU_018,690.54,653.87,2066.23,2756.77
COST_05264,WO_05264,APU_016,658.75,1236.78,4229.79,4888.54
COST_05265,WO_05265,APU_003,594.19,784.72,4104.09,4698.28
COST_05266,WO_05266,APU_044,901.0,348.81,603.44,1504.44
COST_05267,WO_05267,APU_043,350.8,962.77,4775.34,5126.14
COST_05268,WO_05268,APU_011,501.57,355.36,714.27,1215.84
COST_05269,WO_05269,APU_042,642.83,1425.34,1852.94,2495.77
COST_05270,WO_05270,APU_003,1113.34,358.1,1450.31,2563.65
COST_05271,WO_05271,APU_018,551.01,1515.53,8380.88,8931.89
COST_05272,WO_05272,APU_018,581.37,1640.54,18505.29,19086.66
COST_05273,WO_05273,APU_022,557.82,1064.93,1501.55,2059.37
COST_05274,WO_05274,APU_036,479.1,1567.62,6254.8,6733.9
COST_05275,WO_05275,APU_023,657.48,1327.69,2881.09,3538.57
COST_05276,WO_05276,APU_030,477.07,1432.78,5989.02,6466.09
COST_05277,WO_05277,APU_020,229.01,1010.43,1222.62,1451.63
COST_05278,WO_05278,APU_022,225.0,1367.22,1859.42,2084.42
COST_05279,WO_05279,APU_021,391.42,552.04,977.11,1368.53
COST_05280,WO_05280,APU_013,143.31,486.69,1382.2,1525.51
COST_05281,WO_05281,APU_016,251.76,1361.85,2601.13,2852.89
COST_05282,WO_05282,APU_048,982.84,688.94,2693.76,3676.6
COST_05283,WO_05283,APU_020,865.3,1721.86,8230.49,9095.79
COST_05284,WO_05284,APU_009,626.87,1344.9,5083.72,5710.59
COST_05285,WO_05285,APU_001,1120.15,458.1,3032.62,4152.77
COST_05286,WO_05286,APU_048,749.48,1718.27,5876.48,6625.96
COST_05287,WO_05287,APU_050,838.28,1000.32,1390.44,2228.72
COST_05288,WO_05288,APU_035,607.4,950.25,5463.94,6071.34
COST_05289,WO_05289,APU_046,317.25,437.63,853.38,1170.63
COST_05290,WO_05290,APU_041,783.78,1243.31,5570.03,6353.81
COST_05291,WO_05291,APU_048,497.08,1615.65,10437.1,10934.18
COST_05292,WO_05292,APU_038,688.07,756.55,2640.36,3328.43
COST_05293,WO_05293,APU_042,758.91,661.75,787.48,1546.39
COST_05294,WO_05294,APU_004,866.05,1315.98,2158.21,3024.26
COST_05295,WO_05295,APU_031,916.96,964.53,5430.3,6347.26
COST_05296,WO_05296,APU_012,155.15,662.92,1644.04,1799.19
COST_05297,WO_05297,APU_030,498.7,685.19,1945.94,2444.64
COST_05298,WO_05298,APU_028,399.14,561.02,2317.01,2716.15
COST_05299,WO_05299,APU_034,1071.89,1450.21,5786.34,6858.23
COST_05300,WO_05300,APU_014,209.76,1295.27,4106.01,4315.77
COST_05301,WO_05301,APU_047,664.54,1425.39,3449.44,4113.98
COST_05302,WO_05302,APU_012,274.23,864.27,1979.18,2253.41
COST_05303,WO_05303,APU_037,588.94,1009.08,4399.59,4988.53
COST_05304,WO_05304,APU_013,423.46,1054.72,3891.92,4315.38
COST_05305,WO_05305,APU_014,309.0,1476.6,3484.78,3793.78
COST_05306,WO_05306,APU_047,393.06,1709.16,8426.16,8819.22
COST_05307,WO_05307,APU_036,753.67,752.25,1903.19,2656.86
COST_05308,WO_05308,APU_031,551.38,397.43,675.63,1227.01
COST_05309,WO_05309,APU_031,400.15,964.37,1726.22,2126.37
COST_05310,WO_05310,APU_026,138.14,1443.5,2295.16,2433.3
COST_05311,WO_05311,APU_048,689.16,1495.6,3499.7,4188.86
COST_05312,WO_05312,APU_003,1219.59,937.21,5023.45,6243.04
COST_05313,WO_05313,APU_022,232.72,1273.38,2228.41,2461.13
COST_05314,WO_05314,APU_008,1012.55,1161.1,3506.52,4519.07
COST_05315,WO_05315,APU_010,601.1,746.76,1411.38,2012.48
COST_05316,WO_05316,APU_004,374.45,1608.61,3796.32,4170.77
COST_05317,WO_05317,APU_018,764.29,1016.53,1199.51,1963.8
COST_05318,WO_05318,APU_028,490.98,443.31,1068.38,1559.36
COST_05319,WO_05319,APU_015,791.17,1052.3,2567.61,3358.78
COST_05320,WO_05320,APU_008,1084.25,595.87,2180.88,3265.13
COST_05321,WO_05321,APU_040,723.32,606.27,1861.25,2584.57
COST_05322,WO_05322,APU_024,570.56,618.77,872.47,1443.03
COST_05323,WO_05323,APU_028,366.26,328.02,1617.14,1983.4
COST_05324,WO_05324,APU_030,248.15,922.51,2813.66,3061.81
COST_05325,WO_05325,APU_007,265.77,1329.39,4028.05,4293.82
COST_05326,WO_05326,APU_009,1002.16,1300.12,3510.32,4512.48
COST_05327,WO_05327,APU_018,863.03,730.6,1490.42,2353.45
COST_05328,WO_05328,APU_011,772.95,1390.65,4255.39,5028.34
COST_05329,WO_05329,APU_019,379.05,747.83,2639.84,3018.89
COST_05330,WO_05330,APU_006,833.49,1406.08,1462.32,2295.81
COST_05331,WO_05331,APU_005,641.63,1167.47,2358.29,2999.92
COST_05332,WO_05332,APU_036,669.31,1105.11,2608.06,3277.37
COST_05333,WO_05333,APU_042,701.86,640.25,2003.98,2705.84
COST_05334,WO_05334,APU_026,910.68,1780.37,9329.14,10239.82
COST_05335,WO_05335,APU_004,243.98,568.13,1011.27,1255.25
COST_05336,WO_05336,APU_007,455.97,312.72,647.33,1103.3
COST_05337,WO_05337,APU_007,688.78,1275.75,2615.29,3304.07
COST_05338,WO_05338,APU_007,805.01,1424.95,2493.66,3298.67
COST_05339,WO_05339,APU_021,454.48,774.4,1742.4,2196.88
COST_05340,WO_05340,APU_005,387.45,1351.24,5607.65,5995.1
COST_05341,WO_05341,APU_021,339.78,574.92,873.88,1213.66
COST_05342,WO_05342,APU_048,462.63,1744.16,5999.91,6462.54
COST_05343,WO_05343,APU_003,663.34,1196.09,1279.82,1943.16
COST_05344,WO_05344,APU_050,111.53,1795.85,3591.7,3703.23
COST_05345,WO_05345,APU_038,533.43,1613.99,3663.76,4197.19
COST_05346,WO_05346,APU_046,1063.29,1655.52,11307.2,12370.49
COST_05347,WO_05347,APU_046,776.71,365.31,854.83,1631.54
COST_05348,WO_05348,APU_016,747.88,962.56,779.67,1527.55
COST_05349,WO_05349,APU_003,244.96,1538.6,1400.13,1645.09
COST_05350,WO_05350,APU_018,241.09,1412.19,3911.77,4152.86
COST_05351,WO_05351,APU_030,518.16,595.65,2269.43,2787.59
COST_05352,WO_05352,APU_004,897.34,1692.7,5653.62,6550.96
COST_05353,WO_05353,APU_048,770.5,353.55,1053.58,1824.08
COST_05354,WO_05354,APU_028,1178.27,1428.74,7358.01,8536.28
COST_05355,WO_05355,APU_038,701.3,360.0,727.2,1428.5
COST_05356,WO_05356,APU_044,615.98,387.88,1726.07,2342.05
COST_05357,WO_05357,APU_001,846.59,1140.18,1265.6,2112.19
COST_05358,WO_05358,APU_031,864.5,389.18,642.15,1506.65
COST_05359,WO_05359,APU_038,546.66,849.47,857.96,1404.62
COST_05360,WO_05360,APU_001,764.64,474.37,1110.03,1874.67
COST_05361,WO_05361,APU_004,447.06,556.94,1475.89,1922.95
COST_05362,WO_05362,APU_004,501.8,1722.43,4977.82,5479.62
COST_05363,WO_05363,APU_019,309.28,1537.5,4320.38,4629.66
COST_05364,WO_05364,APU_027,864.3,738.68,1204.05,2068.35
COST_05365,WO_05365,APU_026,936.71,1028.04,2518.7,3455.41
COST_05366,WO_05366,APU_027,244.34,965.16,1148.54,1392.88
COST_05367,WO_05367,APU_029,588.06,999.61,5747.76,6335.82
COST_05368,WO_05368,APU_002,450.76,1390.36,3197.83,3648.59
COST_05369,WO_05369,APU_022,598.51,1311.76,2728.46,3326.97
COST_05370,WO_05370,APU_040,1283.56,1108.88,7218.81,8502.37
COST_05371,WO_05371,APU_014,236.74,1498.07,2052.36,2289.1
COST_05372,WO_05372,APU_031,392.38,318.06,464.37,856.75
COST_05373,WO_05373,APU_043,292.72,1560.33,2324.89,2617.61
COST_05374,WO_05374,APU_034,406.51,916.38,2400.92,2807.43
COST_05375,WO_05375,APU_032,973.17,1303.88,4498.39,5471.56
COST_05376,WO_05376,APU_033,925.08,1743.08,7111.77,8036.85
COST_05377,WO_05377,APU_039,647.53,627.17,7018.03,7665.56
COST_05378,WO_05378,APU_026,234.73,445.65,352.06,586.79
COST_05379,WO_05379,APU_039,775.6,1776.06,6749.03,7524.63
COST_05380,WO_05380,APU_028,603.71,1626.87,3253.74,3857.45
COST_05381,WO_05381,APU_028,171.3,1453.21,2862.82,3034.12
COST_05382,WO_05382,APU_047,193.94,1286.93,2483.77,2677.71
COST_05383,WO_05383,APU_047,524.92,921.56,1520.57,2045.49
COST_05384,WO_05384,APU_017,742.62,1109.84,7624.6,8367.22
COST_05385,WO_05385,APU_013,1059.78,636.54,2749.85,3809.63
COST_05386,WO_05386,APU_027,295.42,489.58,1346.35,1641.77
COST_05387,WO_05387,APU_015,883.76,1397.01,7976.93,8860.69
COST_05388,WO_05388,APU_039,978.96,526.59,621.38,1600.34
COST_05389,WO_05389,APU_012,86.33,633.23,829.53,915.86
COST_05390,WO_05390,APU_035,416.93,1588.61,1302.66,1719.59
COST_05391,WO_05391,APU_005,443.5,1714.2,3171.27,3614.77
COST_05392,WO_05392,APU_034,404.71,1572.27,4669.64,5074.35
COST_05393,WO_05393,APU_033,428.96,1176.22,3387.51,3816.47
COST_05394,WO_05394,APU_027,594.2,463.09,1366.12,1960.32
COST_05395,WO_05395,APU_047,343.03,1490.34,1862.92,2205.95
COST_05396,WO_05396,APU_034,1038.4,1605.41,6790.88,7829.28
COST_05397,WO_05397,APU_017,940.1,1122.47,3479.66,4419.76
COST_05398,WO_05398,APU_015,641.46,812.85,3308.3,3949.76
COST_05399,WO_05399,APU_002,909.34,300.08,288.08,1197.42
COST_05400,WO_05400,APU_002,465.36,1332.13,4302.78,4768.14
COST_05401,WO_05401,APU_018,491.08,1467.42,2069.06,2560.14
COST_05402,WO_05402,APU_018,998.42,1553.53,3386.7,4385.12
COST_05403,WO_05403,APU_042,500.81,972.95,3551.27,4052.08
COST_05404,WO_05404,APU_034,276.27,301.47,862.2,1138.47
COST_05405,WO_05405,APU_029,385.05,739.87,1257.78,1642.83
COST_05406,WO_05406,APU_050,291.31,1223.11,3339.09,3630.4
COST_05407,WO_05407,APU_042,177.42,399.45,467.36,644.78
COST_05408,WO_05408,APU_012,426.37,489.97,2508.65,2935.02
COST_05409,WO_05409,APU_048,166.62,909.7,2210.57,2377.19
COST_05410,WO_05410,APU_045,464.52,1631.78,8207.85,8672.37
COST_05411,WO_05411,APU_045,773.9,1438.25,2919.65,3693.55
COST_05412,WO_05412,APU_017,282.43,915.1,1866.8,2149.23
COST_05413,WO_05413,APU_020,374.67,1612.71,2886.75,3261.42
COST_05414,WO_05414,APU_044,630.47,430.11,1892.48,2522.95
COST_05415,WO_05415,APU_029,320.92,1689.69,3109.03,3429.95
COST_05416,WO_05416,APU_009,363.26,1227.99,4752.32,5115.58
COST_05417,WO_05417,APU_029,621.11,1412.09,3106.6,3727.71
COST_05418,WO_05418,APU_042,577.19,1604.89,1476.5,2053.69
COST_05419,WO_05419,APU_024,478.17,1575.71,3135.66,3613.83
COST_05420,WO_05420,APU_015,183.76,1616.44,2295.34,2479.1
COST_05421,WO_05421,APU_024,410.46,1047.88,2902.63,3313.09
COST_05422,WO_05422,APU_044,406.46,1321.26,1862.98,2269.44
COST_05423,WO_05423,APU_026,465.73,1633.39,7382.92,7848.65
COST_05424,WO_05424,APU_036,649.36,1761.97,4563.5,5212.86
COST_05425,WO_05425,APU_004,890.37,352.89,871.64,1762.01
COST_05426,WO_05426,APU_005,462.7,817.67,3188.91,3651.61
COST_05427,WO_05427,APU_002,562.02,1410.84,6518.08,7080.1
COST_05428,WO_05428,APU_004,690.63,402.24,1082.03,1772.66
COST_05429,WO_05429,APU_045,336.11,1278.67,2276.03,2612.14
COST_05430,WO_05430,APU_032,114.7,1012.85,1033.11,1147.81
COST_05431,WO_05431,APU_036,691.69,501.64,933.05,1624.74
COST_05432,WO_05432,APU_008,327.09,1479.37,2869.98,3197.07
COST_05433,WO_05433,APU_006,298.83,1341.24,3862.77,4161.6
COST_05434,WO_05434,APU_037,501.9,1009.82,2272.1,2774.0
COST_05435,WO_05435,APU_011,535.35,1156.22,4590.19,5125.54
COST_05436,WO_05436,APU_026,247.7,756.41,1467.44,1715.14
COST_05437,WO_05437,APU_017,629.76,1476.21,3882.43,4512.19
COST_05438,WO_05438,APU_026,807.18,309.52,1612.6,2419.78
COST_05439,WO_05439,APU_040,556.34,875.31,2871.02,3427.36
COST_05440,WO_05440,APU_010,570.92,819.48,2155.23,2726.15
COST_05441,WO_05441,APU_049,858.11,1008.01,1965.62,2823.73
COST_05442,WO_05442,APU_031,942.94,1602.62,3077.03,4019.97
COST_05443,WO_05443,APU_005,609.84,1605.72,2729.72,3339.56
COST_05444,WO_05444,APU_002,1029.86,1327.17,2680.88,3710.74
COST_05445,WO_05445,APU_014,753.21,1578.0,6501.36,7254.57
COST_05446,WO_05446,APU_019,472.41,563.68,1358.47,1830.88
COST_05447,WO_05447,APU_016,335.85,862.06,1112.06,1447.91
COST_05448,WO_05448,APU_029,561.99,1254.28,9018.27,9580.26
COST_05449,WO_05449,APU_031,964.48,1591.08,5155.1,6119.58
COST_05450,WO_05450,APU_035,106.75,1727.26,2159.07,2265.82
COST_05451,WO_05451,APU_014,327.72,1388.93,2958.42,3286.14
COST_05452,WO_05452,APU_031,582.95,774.04,2236.98,2819.93
COST_05453,WO_05453,APU_033,761.67,1272.12,8828.51,9590.18
COST_05454,WO_05454,APU_038,943.31,945.87,1399.89,2343.2
COST_05455,WO_05455,APU_027,590.28,558.65,2597.72,3188.0
COST_05456,WO_05456,APU_009,598.05,1221.68,7171.26,7769.31
COST_05457,WO_05457,APU_040,466.74,330.29,634.16,1100.9
COST_05458,WO_05458,APU_028,239.27,548.45,1277.89,1517.16
COST_05459,WO_05459,APU_009,963.13,1615.09,2487.24,3450.37
COST_05460,WO_05460,APU_038,624.47,1620.99,3939.01,4563.48
COST_05461,WO_05461,APU_020,687.57,1782.68,4741.93,5429.5
COST_05462,WO_05462,APU_033,496.75,1037.18,4055.37,4552.12
COST_05463,WO_05463,APU_021,691.88,1760.61,8715.02,9406.9
COST_05464,WO_05464,APU_018,760.73,897.26,1615.07,2375.8
COST_05465,WO_05465,APU_012,672.55,339.28,312.14,984.69
COST_05466,WO_05466,APU_037,595.05,830.37,2233.7,2828.75
COST_05467,WO_05467,APU_016,237.13,541.87,1728.57,1965.7
COST_05468,WO_05468,APU_024,312.22,687.3,2144.38,2456.6
COST_05469,WO_05469,APU_027,768.79,1402.79,3184.33,3953.12
COST_05470,WO_05470,APU_002,385.33,1049.72,3054.69,3440.02
COST_05471,WO_05471,APU_039,1051.98,556.13,3481.37,4533.35
COST_05472,WO_05472,APU_008,280.66,527.78,1768.06,2048.72
COST_05473,WO_05473,APU_015,817.3,858.8,1897.95,2715.25
COST_05474,WO_05474,APU_039,761.92,1016.47,2093.93,2855.85
COST_05475,WO_05475,APU_023,960.89,1086.85,2695.39,3656.28
COST_05476,WO_05476,APU_049,425.2,465.01,3110.92,3536.12
COST_05477,WO_05477,APU_013,411.42,1122.95,2762.46,3173.88
COST_05478,WO_05478,APU_050,920.62,1602.53,4310.81,5231.43
COST_05479,WO_05479,APU_005,723.25,1404.9,2922.19,3645.44
COST_05480,WO_05480,APU_045,814.82,1081.25,5384.63,6199.45
COST_05481,WO_05481,APU_050,1327.43,1332.87,10649.63,11977.06
COST_05482,WO_05482,APU_031,808.98,417.91,1454.33,2263.31
COST_05483,WO_05483,APU_024,460.75,788.78,2240.14,2700.89
COST_05484,WO_05484,APU_017,1101.46,453.81,1257.05,2358.51
COST_05485,WO_05485,APU_045,322.55,1523.51,1112.16,1434.71
COST_05486,WO_05486,APU_016,789.41,937.49,3843.71,4633.12
COST_05487,WO_05487,APU_033,397.78,586.39,1718.12,2115.9
COST_05488,WO_05488,APU_043,288.24,813.3,2797.75,3085.99
COST_05489,WO_05489,APU_011,971.24,1360.15,2502.68,3473.92
COST_05490,WO_05490,APU_028,638.98,594.78,1308.52,1947.5
COST_05491,WO_05491,APU_005,841.64,466.62,1012.57,1854.21
COST_05492,WO_05492,APU_007,1059.83,433.8,2069.23,3129.06
COST_05493,WO_05493,APU_011,616.82,354.87,784.26,1401.08
COST_05494,WO_05494,APU_005,1259.95,971.14,8303.25,9563.2
COST_05495,WO_05495,APU_045,987.27,1630.84,5626.4,6613.67
COST_05496,WO_05496,APU_045,676.44,605.84,817.88,1494.32
COST_05497,WO_05497,APU_041,342.76,859.86,2175.45,2518.21
COST_05498,WO_05498,APU_033,700.47,1556.31,2956.99,3657.46
COST_05499,WO_05499,APU_033,475.88,768.38,622.39,1098.27
COST_05500,WO_05500,APU_033,953.98,423.33,2772.81,3726.79
COST_05501,WO_05501,APU_034,430.15,1387.64,5550.56,5980.71
COST_05502,WO_05502,APU_032,421.18,1244.32,4529.32,4950.5
COST_05503,WO_05503,APU_008,429.4,1470.75,4382.84,4812.24
COST_05504,WO_05504,APU_024,254.49,1442.26,1831.67,2086.16
COST_05505,WO_05505,APU_040,492.74,959.19,1995.12,2487.86
COST_05506,WO_05506,APU_013,372.44,873.52,3773.61,4146.05
COST_05507,WO_05507,APU_043,161.57,1121.57,1704.79,1866.36
COST_05508,WO_05508,APU_025,591.43,1297.27,882.14,1473.57
COST_05509,WO_05509,APU_032,393.28,1010.92,2426.21,2819.49
COST_05510,WO_05510,APU_047,327.87,643.99,1616.41,1944.28
COST_05511,WO_05511,APU_015,279.9,620.94,1819.35,2099.25
COST_05512,WO_05512,APU_020,965.76,987.32,4008.52,4974.28
COST_05513,WO_05513,APU_022,715.99,783.8,3025.47,3741.46
COST_05514,WO_05514,APU_028,210.0,1580.72,4947.65,5157.65
COST_05515,WO_05515,APU_045,640.81,1294.94,6798.44,7439.25
COST_05516,WO_05516,APU_005,350.1,1642.79,1938.49,2288.59
COST_05517,WO_05517,APU_029,191.79,1329.01,4771.15,4962.94
COST_05518,WO_05518,APU_029,773.86,1719.92,6604.49,7378.35
COST_05519,WO_05519,APU_009,601.0,1122.15,1537.35,2138.35
COST_05520,WO_05520,APU_047,297.72,1648.17,1961.32,2259.04
COST_05521,WO_05521,APU_042,190.56,1746.44,3143.59,3334.15
COST_05522,WO_05522,APU_014,658.19,1548.91,2927.44,3585.63
COST_05523,WO_05523,APU_044,1018.48,1608.75,6611.96,7630.44
COST_05524,WO_05524,APU_008,379.19,448.83,870.73,1249.92
COST_05525,WO_05525,APU_013,658.14,1678.41,2853.3,3511.44
COST_05526,WO_05526,APU_012,168.67,1015.36,1969.8,2138.47
COST_05527,WO_05527,APU_033,706.98,535.39,2693.01,3399.99
COST_05528,WO_05528,APU_018,526.86,1061.42,2908.29,3435.15
COST_05529,WO_05529,APU_042,324.98,1246.72,3066.93,3391.91
COST_05530,WO_05530,APU_041,590.97,1233.13,3156.81,3747.78
COST_05531,WO_05531,APU_011,527.45,959.23,5304.54,5831.99
COST_05532,WO_05532,APU_028,789.66,786.86,1416.35,2206.01
COST_05533,WO_05533,APU_008,987.14,1692.65,9478.84,10465.98
COST_05534,WO_05534,APU_042,341.57,745.62,2274.14,2615.71
COST_05535,WO_05535,APU_024,779.36,825.22,2054.8,2834.16
COST_05536,WO_05536,APU_041,1224.64,584.55,6289.76,7514.4
COST_05537,WO_05537,APU_014,275.92,648.54,985.78,1261.7
COST_05538,WO_05538,APU_043,390.05,759.04,1700.25,2090.3
COST_05539,WO_05539,APU_029,629.54,1421.52,1961.7,2591.24
COST_05540,WO_05540,APU_002,335.25,957.94,4396.94,4732.19
COST_05541,WO_05541,APU_031,932.83,1693.22,11649.35,12582.18
COST_05542,WO_05542,APU_029,284.66,1676.87,11419.48,11704.14
COST_05543,WO_05543,APU_007,655.69,1096.28,5843.17,6498.86
COST_05544,WO_05544,APU_042,215.96,1285.94,3137.69,3353.65
COST_05545,WO_05545,APU_020,334.1,1470.83,3265.24,3599.34
COST_05546,WO_05546,APU_018,115.06,1350.4,1458.43,1573.49
COST_05547,WO_05547,APU_011,942.47,310.69,2588.05,3530.52
COST_05548,WO_05548,APU_033,1099.31,978.43,3444.07,4543.38
COST_05549,WO_05549,APU_011,669.53,1222.43,2530.43,3199.96
COST_05550,WO_05550,APU_025,591.45,1743.05,9830.8,10422.25
COST_05551,WO_05551,APU_003,963.04,1623.66,2581.62,3544.66
COST_05552,WO_05552,APU_018,344.52,453.19,1540.85,1885.37
COST_05553,WO_05553,APU_007,345.38,1588.75,3924.21,4269.59
COST_05554,WO_05554,APU_032,384.55,365.41,1410.48,1795.03
COST_05555,WO_05555,APU_012,674.5,1676.85,4393.35,5067.85
COST_05556,WO_05556,APU_039,409.58,575.78,702.45,1112.03
COST_05557,WO_05557,APU_023,297.16,1734.45,4908.49,5205.65
COST_05558,WO_05558,APU_003,1009.65,717.42,3472.31,4481.96
COST_05559,WO_05559,APU_030,540.11,1651.95,4410.71,4950.82
COST_05560,WO_05560,APU_047,1062.87,511.48,2127.76,3190.63
COST_05561,WO_05561,APU_032,649.22,1356.49,2075.43,2724.65
COST_05562,WO_05562,APU_008,822.75,1231.11,3299.37,4122.12
COST_05563,WO_05563,APU_034,573.39,1709.75,3299.82,3873.21
COST_05564,WO_05564,APU_018,451.59,1287.34,5278.09,5729.68
COST_05565,WO_05565,APU_018,720.2,840.8,2329.02,3049.22
COST_05566,WO_05566,APU_027,683.3,1172.34,4654.19,5337.49
COST_05567,WO_05567,APU_013,1088.65,822.05,4060.93,5149.58
COST_05568,WO_05568,APU_005,454.25,419.88,1671.12,2125.37
COST_05569,WO_05569,APU_010,439.84,1562.91,4938.8,5378.64
COST_05570,WO_05570,APU_013,113.47,1619.32,2542.33,2655.8
COST_05571,WO_05571,APU_022,280.56,1328.8,3601.05,3881.61
COST_05572,WO_05572,APU_029,399.91,977.96,1985.26,2385.17
COST_05573,WO_05573,APU_001,357.36,889.76,2001.96,2359.32
COST_05574,WO_05574,APU_049,601.43,1091.74,2412.75,3014.18
COST_05575,WO_05575,APU_049,283.47,860.62,1368.39,1651.86
COST_05576,WO_05576,APU_044,267.14,1075.73,1000.43,1267.57
COST_05577,WO_05577,APU_009,190.22,1119.02,2103.76,2293.98
COST_05578,WO_05578,APU_031,1066.26,1197.12,3615.3,4681.56
COST_05579,WO_05579,APU_043,728.0,812.26,1047.82,1775.82
COST_05580,WO_05580,APU_043,618.02,489.18,1340.35,1958.37
COST_05581,WO_05581,APU_033,579.44,1385.43,10709.37,11288.81
COST_05582,WO_05582,APU_027,573.54,1760.29,8396.58,8970.12
COST_05583,WO_05583,APU_038,1000.41,1520.52,10202.69,11203.1
COST_05584,WO_05584,APU_032,310.44,1580.78,5327.23,5637.67
COST_05585,WO_05585,APU_031,822.32,404.31,2090.28,2912.6
COST_05586,WO_05586,APU_010,980.2,1568.88,2871.05,3851.25
COST_05587,WO_05587,APU_037,504.01,949.72,1813.97,2317.98
COST_05588,WO_05588,APU_017,343.24,1661.37,996.82,1340.06
COST_05589,WO_05589,APU_026,385.98,1067.12,5570.37,5956.35
COST_05590,WO_05590,APU_033,909.86,1261.68,7999.05,8908.91
COST_05591,WO_05591,APU_043,291.41,885.35,1779.55,2070.96
COST_05592,WO_05592,APU_002,943.57,502.32,1185.48,2129.05
COST_05593,WO_05593,APU_050,335.9,1316.75,2370.15,2706.05
COST_05594,WO_05594,APU_025,446.02,1447.91,4864.98,5311.0
COST_05595,WO_05595,APU_012,971.59,1794.89,9064.19,10035.78
COST_05596,WO_05596,APU_050,201.06,974.18,1013.15,1214.21
COST_05597,WO_05597,APU_024,949.75,1212.99,4124.17,5073.92
COST_05598,WO_05598,APU_001,424.72,1542.05,3592.98,4017.7
COST_05599,WO_05599,APU_015,713.86,699.4,2021.27,2735.13
COST_05600,WO_05600,APU_021,342.82,1212.91,4245.19,4588.01
COST_05601,WO_05601,APU_044,788.89,337.22,826.19,1615.08
COST_05602,WO_05602,APU_010,996.54,417.47,1072.9,2069.44
COST_05603,WO_05603,APU_004,673.72,636.92,1541.35,2215.07
COST_05604,WO_05604,APU_025,739.99,1688.82,7836.12,8576.11
COST_05605,WO_05605,APU_027,162.24,1332.06,4555.65,4717.89
COST_05606,WO_05606,APU_018,506.59,869.13,2668.23,3174.82
COST_05607,WO_05607,APU_013,560.91,1728.22,2333.1,2894.01
COST_05608,WO_05608,APU_028,672.23,637.75,1409.43,2081.66
COST_05609,WO_05609,APU_012,850.86,1726.11,7698.45,8549.31
COST_05610,WO_05610,APU_013,391.08,1045.29,2905.91,3296.99
COST_05611,WO_05611,APU_030,641.52,1515.76,5926.62,6568.14
COST_05612,WO_05612,APU_047,862.09,362.13,2600.09,3462.18
COST_05613,WO_05613,APU_007,382.31,1513.83,7281.52,7663.83
COST_05614,WO_05614,APU_021,792.18,1584.21,4530.84,5323.02
COST_05615,WO_05615,APU_045,350.75,1132.42,2321.46,2672.21
COST_05616,WO_05616,APU_017,952.02,712.95,477.68,1429.7
COST_05617,WO_05617,APU_041,293.33,590.76,1465.08,1758.41
COST_05618,WO_05618,APU_045,225.85,998.65,2266.94,2492.79
COST_05619,WO_05619,APU_050,623.14,603.43,2033.56,2656.7
COST_05620,WO_05620,APU_008,867.59,1709.46,4273.65,5141.24
COST_05621,WO_05621,APU_048,416.89,1542.32,3516.49,3933.38
COST_05622,WO_05622,APU_016,577.46,1085.64,1107.35,1684.81
COST_05623,WO_05623,APU_015,584.11,1412.58,2288.38,2872.49
COST_05624,WO_05624,APU_001,423.71,1551.05,5475.21,5898.92
COST_05625,WO_05625,APU_025,1250.63,641.53,4477.88,5728.51
COST_05626,WO_05626,APU_039,463.13,747.62,1928.86,2391.99
COST_05627,WO_05627,APU_001,703.49,1238.12,4036.27,4739.76
COST_05628,WO_05628,APU_004,381.07,1074.69,4932.83,5313.9
COST_05629,WO_05629,APU_029,157.6,1197.56,2083.75,2241.35
COST_05630,WO_05630,APU_032,247.8,465.0,1548.45,1796.25
COST_05631,WO_05631,APU_016,323.45,468.3,847.62,1171.07
COST_05632,WO_05632,APU_028,318.58,693.82,3031.99,3350.57
COST_05633,WO_05633,APU_015,413.02,1521.17,4487.45,4900.47
COST_05634,WO_05634,APU_029,474.85,1213.25,3882.4,4357.25
COST_05635,WO_05635,APU_026,617.92,1504.02,2662.12,3280.04
COST_05636,WO_05636,APU_033,756.11,534.3,2142.54,2898.65
COST_05637,WO_05637,APU_032,658.82,1375.11,11770.94,12429.76
COST_05638,WO_05638,APU_039,532.55,1120.23,1747.56,2280.11
COST_05639,WO_05639,APU_010,488.36,1725.48,3882.33,4370.69
COST_05640,WO_05640,APU_012,854.06,1493.31,4614.33,5468.39
COST_05641,WO_05641,APU_014,1061.84,1330.76,5575.88,6637.72
COST_05642,WO_05642,APU_004,470.12,327.09,654.18,1124.3
COST_05643,WO_05643,APU_016,278.17,329.88,188.03,466.2
COST_05644,WO_05644,APU_008,1277.22,1248.59,7166.91,8444.13
COST_05645,WO_05645,APU_011,397.13,822.55,3397.13,3794.26
COST_05646,WO_05646,APU_030,305.48,1101.69,1145.76,1451.24
COST_05647,WO_05647,APU_017,324.84,1682.16,3280.21,3605.05
COST_05648,WO_05648,APU_002,802.63,1529.74,9851.53,10654.16
COST_05649,WO_05649,APU_029,492.74,950.65,5732.42,6225.16
COST_05650,WO_05650,APU_026,805.63,924.75,4216.86,5022.49
COST_05651,WO_05651,APU_015,186.31,1574.93,3890.08,4076.39
COST_05652,WO_05652,APU_032,857.21,723.98,2063.34,2920.55
COST_05653,WO_05653,APU_006,466.45,1665.81,4214.5,4680.95
COST_05654,WO_05654,APU_005,1013.24,1078.36,5456.5,6469.74
COST_05655,WO_05655,APU_040,930.47,1278.24,2147.44,3077.91
COST_05656,WO_05656,APU_033,274.08,1577.64,2760.87,3034.95
COST_05657,WO_05657,APU_045,419.3,1246.02,5906.13,6325.43
COST_05658,WO_05658,APU_025,482.02,358.52,950.08,1432.1
COST_05659,WO_05659,APU_022,647.91,422.91,2452.88,3100.79
COST_05660,WO_05660,APU_019,357.03,1304.05,2451.61,2808.64
COST_05661,WO_05661,APU_043,612.61,1007.39,2659.51,3272.12
COST_05662,WO_05662,APU_008,299.65,550.39,902.64,1202.29
COST_05663,WO_05663,APU_049,355.29,764.49,2087.06,2442.35
COST_05664,WO_05664,APU_006,575.73,1333.19,1613.16,2188.89
COST_05665,WO_05665,APU_005,952.86,1226.1,2550.29,3503.15
COST_05666,WO_05666,APU_043,213.32,480.67,591.22,804.54
COST_05667,WO_05667,APU_037,1026.64,954.99,3800.86,4827.5
COST_05668,WO_05668,APU_039,963.51,1061.35,4277.24,5240.75
COST_05669,WO_05669,APU_039,658.95,493.73,518.42,1177.37
COST_05670,WO_05670,APU_016,537.63,1215.61,6880.35,7417.98
COST_05671,WO_05671,APU_033,1089.88,643.65,6912.8,8002.68
COST_05672,WO_05672,APU_017,342.34,1305.03,3641.03,3983.37
COST_05673,WO_05673,APU_050,561.14,1790.48,3419.82,3980.96
COST_05674,WO_05674,APU_037,1528.26,1082.53,13910.51,15438.77
COST_05675,WO_05675,APU_014,360.11,401.18,529.56,889.67
COST_05676,WO_05676,APU_035,838.83,883.1,2428.53,3267.36
COST_05677,WO_05677,APU_016,868.41,1662.79,4988.37,5856.78
COST_05678,WO_05678,APU_001,768.21,1535.21,8750.7,9518.91
COST_05679,WO_05679,APU_032,770.42,1549.79,5129.8,5900.22
COST_05680,WO_05680,APU_001,234.25,327.11,677.12,911.37
COST_05681,WO_05681,APU_040,432.68,1299.68,2092.48,2525.16
COST_05682,WO_05682,APU_002,513.14,666.79,1500.28,2013.42
COST_05683,WO_05683,APU_041,172.83,721.0,1124.76,1297.59
COST_05684,WO_05684,APU_012,496.74,903.91,2521.91,3018.65
COST_05685,WO_05685,APU_028,332.82,1523.05,3030.87,3363.69
COST_05686,WO_05686,APU_014,537.12,378.46,454.15,991.27
COST_05687,WO_05687,APU_028,1135.78,1524.1,8260.62,9396.4
COST_05688,WO_05688,APU_007,383.98,1698.08,3515.03,3899.01
COST_05689,WO_05689,APU_041,765.21,580.72,783.97,1549.18
COST_05690,WO_05690,APU_039,721.15,1696.19,4206.55,4927.7
COST_05691,WO_05691,APU_005,361.9,438.27,1235.92,1597.82
COST_05692,WO_05692,APU_013,86.57,358.52,372.86,459.43
COST_05693,WO_05693,APU_035,529.96,683.86,2229.38,2759.34
COST_05694,WO_05694,APU_032,221.73,696.16,1065.12,1286.85
COST_05695,WO_05695,APU_026,832.76,1705.93,11890.33,12723.09
COST_05696,WO_05696,APU_021,401.15,1648.25,5983.15,6384.3
COST_05697,WO_05697,APU_028,623.45,585.34,1276.04,1899.49
COST_05698,WO_05698,APU_045,991.82,1353.17,2435.71,3427.53
COST_05699,WO_05699,APU_033,890.82,361.08,927.98,1818.8
COST_05700,WO_05700,APU_001,564.03,1086.02,4137.74,4701.77
COST_05701,WO_05701,APU_008,329.77,1511.37,4050.47,4380.24
COST_05702,WO_05702,APU_045,759.06,1780.58,4291.2,5050.26
COST_05703,WO_05703,APU_019,639.93,522.55,1468.37,2108.3
COST_05704,WO_05704,APU_043,503.96,1157.6,2257.32,2761.28
COST_05705,WO_05705,APU_015,563.92,1019.49,2293.85,2857.77
COST_05706,WO_05706,APU_038,368.98,325.72,280.12,649.1
COST_05707,WO_05707,APU_009,601.47,1539.42,7142.91,7744.38
COST_05708,WO_05708,APU_036,545.2,1220.83,3906.66,4451.86
COST_05709,WO_05709,APU_006,576.17,373.0,663.94,1240.11
COST_05710,WO_05710,APU_021,591.27,1278.43,9869.48,10460.75
COST_05711,WO_05711,APU_040,567.2,634.41,1808.07,2375.27
COST_05712,WO_05712,APU_024,243.64,498.88,768.28,1011.92
COST_05713,WO_05713,APU_039,722.47,1337.67,5818.86,6541.33
COST_05714,WO_05714,APU_044,346.79,1622.43,5483.81,5830.6
COST_05715,WO_05715,APU_018,559.39,622.28,2103.31,2662.7
COST_05716,WO_05716,APU_046,191.6,1594.47,3428.11,3619.71
COST_05717,WO_05717,APU_030,566.03,1152.25,4009.83,4575.86
COST_05718,WO_05718,APU_043,441.85,1661.03,3903.42,4345.27
COST_05719,WO_05719,APU_014,419.26,1760.53,6496.36,6915.62
COST_05720,WO_05720,APU_039,327.85,849.34,806.87,1134.72
COST_05721,WO_05721,APU_045,318.57,940.88,2013.48,2332.05
COST_05722,WO_05722,APU_025,948.66,1161.87,8144.71,9093.37
COST_05723,WO_05723,APU_028,236.58,463.08,824.28,1060.86
COST_05724,WO_05724,APU_002,519.78,1160.21,2262.41,2782.19
COST_05725,WO_05725,APU_022,461.36,477.8,1012.94,1474.3
COST_05726,WO_05726,APU_041,599.53,315.11,438.0,1037.53
COST_05727,WO_05727,APU_016,376.16,1568.64,1270.6,1646.76
COST_05728,WO_05728,APU_008,876.46,929.42,2221.31,3097.77
COST_05729,WO_05729,APU_013,809.99,844.93,2475.64,3285.63
COST_05730,WO_05730,APU_043,700.67,445.72,1176.7,1877.37
COST_05731,WO_05731,APU_016,349.56,1749.43,4391.07,4740.63
COST_05732,WO_05732,APU_013,556.29,1488.18,4137.14,4693.43
COST_05733,WO_05733,APU_004,274.94,1720.98,8209.07,8484.01
COST_05734,WO_05734,APU_008,480.85,1788.74,4382.41,4863.26
COST_05735,WO_05735,APU_017,349.37,363.37,719.47,1068.84
COST_05736,WO_05736,APU_043,239.38,376.1,876.31,1115.69
COST_05737,WO_05737,APU_011,717.76,672.29,2514.36,3232.12
COST_05738,WO_05738,APU_016,581.34,1361.76,8048.0,8629.34
COST_05739,WO_05739,APU_048,399.08,387.72,744.42,1143.5
COST_05740,WO_05740,APU_015,912.36,475.06,1363.42,2275.78
COST_05741,WO_05741,APU_004,776.71,338.32,1106.31,1883.02
COST_05742,WO_05742,APU_036,746.91,1122.64,1762.54,2509.45
COST_05743,WO_05743,APU_041,389.84,728.91,2004.5,2394.34
COST_05744,WO_05744,APU_018,267.66,1425.13,1724.41,1992.07
COST_05745,WO_05745,APU_025,133.8,1675.84,1726.12,1859.92
COST_05746,WO_05746,APU_041,700.11,1482.18,4935.66,5635.77
COST_05747,WO_05747,APU_002,578.42,1047.09,2303.6,2882.02
COST_05748,WO_05748,APU_018,678.66,1258.77,3826.66,4505.32
COST_05749,WO_05749,APU_019,617.25,1733.63,4663.46,5280.71
COST_05750,WO_05750,APU_027,681.34,1344.79,2138.22,2819.56
COST_05751,WO_05751,APU_019,780.55,1695.57,4493.26,5273.81
COST_05752,WO_05752,APU_034,271.15,773.34,1067.21,1338.36
COST_05753,WO_05753,APU_025,495.86,966.56,5644.71,6140.57
COST_05754,WO_05754,APU_036,211.64,412.28,531.84,743.48
COST_05755,WO_05755,APU_045,851.24,345.49,843.0,1694.24
COST_05756,WO_05756,APU_032,261.16,1456.2,2227.99,2489.15
COST_05757,WO_05757,APU_011,858.55,1323.64,4923.94,5782.49
COST_05758,WO_05758,APU_034,770.54,686.63,1558.65,2329.19
COST_05759,WO_05759,APU_012,274.97,1048.25,2138.43,2413.4
COST_05760,WO_05760,APU_023,1099.61,1719.72,7480.78,8580.39
COST_05761,WO_05761,APU_011,1008.62,714.82,1972.9,2981.52
COST_05762,WO_05762,APU_001,476.01,534.65,1930.09,2406.1
COST_05763,WO_05763,APU_027,312.71,1175.85,1857.84,2170.55
COST_05764,WO_05764,APU_047,769.46,541.37,682.13,1451.59
COST_05765,WO_05765,APU_007,813.7,875.06,2520.17,3333.87
COST_05766,WO_05766,APU_009,138.99,485.2,1106.26,1245.25
COST_05767,WO_05767,APU_013,515.05,451.51,1733.8,2248.85
COST_05768,WO_05768,APU_050,630.98,1535.1,3991.26,4622.24
COST_05769,WO_05769,APU_019,586.99,585.78,1780.77,2367.76
COST_05770,WO_05770,APU_040,775.86,1363.13,1513.07,2288.93
COST_05771,WO_05771,APU_019,733.92,1160.79,8914.87,9648.79
COST_05772,WO_05772,APU_020,537.15,1476.7,3662.22,4199.37
COST_05773,WO_05773,APU_008,378.98,1777.45,7092.03,7471.01
COST_05774,WO_05774,APU_004,156.44,416.58,716.52,872.96
COST_05775,WO_05775,APU_049,533.37,402.57,1296.28,1829.65
COST_05776,WO_05776,APU_025,222.43,1088.71,1447.98,1670.41
COST_05777,WO_05777,APU_006,669.24,1793.62,6259.73,6928.97
COST_05778,WO_05778,APU_023,414.24,661.86,1475.95,1890.19
COST_05779,WO_05779,APU_019,737.65,536.98,1482.06,2219.71
COST_05780,WO_05780,APU_007,366.75,581.57,2320.46,2687.21
COST_05781,WO_05781,APU_002,224.32,1423.17,1963.97,2188.29
COST_05782,WO_05782,APU_038,999.83,1597.78,2987.85,3987.68
COST_05783,WO_05783,APU_048,842.57,945.74,3310.09,4152.66
COST_05784,WO_05784,APU_012,787.49,1203.11,10370.81,11158.3
COST_05785,WO_05785,APU_009,943.3,1663.79,4192.75,5136.05
COST_05786,WO_05786,APU_049,993.07,1146.94,4312.49,5305.56
COST_05787,WO_05787,APU_024,300.03,1785.72,4571.44,4871.47
COST_05788,WO_05788,APU_011,696.99,1128.01,8922.56,9619.55
COST_05789,WO_05789,APU_049,606.82,909.33,945.7,1552.52
COST_05790,WO_05790,APU_020,388.01,1408.26,4027.62,4415.63
COST_05791,WO_05791,APU_011,862.16,885.59,983.0,1845.16
COST_05792,WO_05792,APU_029,66.23,559.09,380.18,446.41
COST_05793,WO_05793,APU_032,615.07,1017.34,3255.49,3870.56
COST_05794,WO_05794,APU_049,242.57,573.77,1686.88,1929.45
COST_05795,WO_05795,APU_010,354.77,460.92,1069.33,1424.1
COST_05796,WO_05796,APU_006,351.47,1332.98,3412.43,3763.9
COST_05797,WO_05797,APU_005,1165.95,1207.18,18035.27,19201.22
COST_05798,WO_05798,APU_037,683.54,708.59,1672.27,2355.81
COST_05799,WO_05799,APU_012,218.61,346.36,1246.9,1465.51
COST_05800,WO_05800,APU_041,600.59,323.8,615.22,1215.81
COST_05801,WO_05801,APU_034,927.4,535.57,1713.82,2641.22
COST_05802,WO_05802,APU_017,387.87,556.53,1324.54,1712.41
COST_05803,WO_05803,APU_009,356.34,525.59,1140.53,1496.87
COST_05804,WO_05804,APU_014,858.69,1249.95,9237.13,10095.82
COST_05805,WO_05805,APU_044,744.52,739.17,3836.29,4580.81
COST_05806,WO_05806,APU_031,791.28,951.81,2788.8,3580.08
COST_05807,WO_05807,APU_035,237.99,1078.0,830.06,1068.05
COST_05808,WO_05808,APU_007,596.53,952.12,2123.23,2719.76
COST_05809,WO_05809,APU_030,900.34,1613.93,19399.44,20299.78
COST_05810,WO_05810,APU_047,761.15,1762.69,4212.83,4973.98
COST_05811,WO_05811,APU_029,1035.53,449.83,2244.65,3280.18
COST_05812,WO_05812,APU_005,881.1,1612.49,9691.06,10572.16
COST_05813,WO_05813,APU_040,474.99,1759.8,5402.59,5877.58
COST_05814,WO_05814,APU_021,267.62,859.1,1469.06,1736.68
COST_05815,WO_05815,APU_003,800.86,501.55,356.1,1156.96
COST_05816,WO_05816,APU_046,644.29,704.29,2788.99,3433.28
COST_05817,WO_05817,APU_036,253.05,863.25,1502.06,1755.11
COST_05818,WO_05818,APU_037,184.74,477.67,1428.23,1612.97
COST_05819,WO_05819,APU_004,352.52,1098.01,1504.27,1856.79
COST_05820,WO_05820,APU_019,247.9,396.09,930.81,1178.71
COST_05821,WO_05821,APU_041,1053.83,713.23,1975.65,3029.48
COST_05822,WO_05822,APU_007,616.72,967.58,3047.88,3664.6
COST_05823,WO_05823,APU_032,113.36,1167.3,1715.93,1829.29
COST_05824,WO_05824,APU_047,546.39,1795.04,9423.96,9970.35
COST_05825,WO_05825,APU_007,507.63,575.09,1127.18,1634.81
COST_05826,WO_05826,APU_037,298.26,1641.37,1772.68,2070.94
COST_05827,WO_05827,APU_040,828.72,1630.33,4173.64,5002.36
COST_05828,WO_05828,APU_006,1079.21,1504.3,4166.91,5246.12
COST_05829,WO_05829,APU_008,1072.62,1487.89,4419.03,5491.65
COST_05830,WO_05830,APU_008,264.49,848.34,4877.95,5142.44
COST_05831,WO_05831,APU_010,934.94,553.52,1322.91,2257.85
COST_05832,WO_05832,APU_021,515.87,1021.39,2604.54,3120.41
COST_05833,WO_05833,APU_021,431.06,367.78,544.31,975.37
COST_05834,WO_05834,APU_001,700.83,1018.48,4348.91,5049.74
COST_05835,WO_05835,APU_014,408.58,687.65,2069.83,2478.41
COST_05836,WO_05836,APU_033,392.27,1270.44,2744.15,3136.42
COST_05837,WO_05837,APU_010,190.27,857.85,814.96,1005.23
COST_05838,WO_05838,APU_016,572.63,828.94,4990.22,5562.85
COST_05839,WO_05839,APU_020,299.68,1543.56,2130.11,2429.79
COST_05840,WO_05840,APU_013,696.59,1123.33,2201.73,2898.32
COST_05841,WO_05841,APU_003,957.58,669.07,2214.62,3172.2
COST_05842,WO_05842,APU_037,903.88,1273.44,1795.55,2699.43
COST_05843,WO_05843,APU_040,830.67,784.02,940.82,1771.49
COST_05844,WO_05844,APU_020,752.14,1087.67,924.52,1676.66
COST_05845,WO_05845,APU_027,331.64,456.34,1843.61,2175.25
COST_05846,WO_05846,APU_023,749.2,1593.75,3203.44,3952.64
COST_05847,WO_05847,APU_034,774.42,1627.16,22129.38,22903.8
COST_05848,WO_05848,APU_050,760.65,1190.44,1868.99,2629.64
COST_05849,WO_05849,APU_032,151.79,1463.99,2400.94,2552.73
COST_05850,WO_05850,APU_013,146.56,532.72,1060.11,1206.67
COST_05851,WO_05851,APU_025,583.64,311.98,970.26,1553.9
COST_05852,WO_05852,APU_014,368.97,1534.09,3221.59,3590.56
COST_05853,WO_05853,APU_023,838.75,1055.3,4020.69,4859.44
COST_05854,WO_05854,APU_050,761.36,1406.96,2237.07,2998.43
COST_05855,WO_05855,APU_045,542.89,1397.9,1775.33,2318.22
COST_05856,WO_05856,APU_005,171.36,702.79,709.82,881.18
COST_05857,WO_05857,APU_020,417.57,885.45,708.36,1125.93
COST_05858,WO_05858,APU_010,198.29,1023.87,2088.69,2286.98
COST_05859,WO_05859,APU_023,578.03,585.27,1346.12,1924.15
COST_05860,WO_05860,APU_013,101.41,1603.08,3077.91,3179.32
COST_05861,WO_05861,APU_024,1058.62,745.96,4020.72,5079.34
COST_05862,WO_05862,APU_015,956.97,846.05,4517.91,5474.88
COST_05863,WO_05863,APU_022,807.72,1299.75,2937.43,3745.15
COST_05864,WO_05864,APU_041,333.75,755.32,762.87,1096.62
COST_05865,WO_05865,APU_027,815.59,613.97,1221.8,2037.39
COST_05866,WO_05866,APU_022,334.61,851.92,1661.24,1995.85
COST_05867,WO_05867,APU_028,160.02,1543.23,2916.7,3076.72
COST_05868,WO_05868,APU_047,994.29,1727.25,3195.41,4189.7
COST_05869,WO_05869,APU_027,179.41,1626.37,3090.1,3269.51
COST_05870,WO_05870,APU_004,317.36,885.99,1949.18,2266.54
COST_05871,WO_05871,APU_022,313.7,1799.12,3454.31,3768.01
COST_05872,WO_05872,APU_039,556.8,1464.53,4466.82,5023.62
COST_05873,WO_05873,APU_002,629.69,812.67,2689.94,3319.63
COST_05874,WO_05874,APU_008,835.25,900.21,1485.35,2320.6
COST_05875,WO_05875,APU_037,806.42,1327.61,7262.03,8068.45
COST_05876,WO_05876,APU_009,866.04,905.73,1440.11,2306.15
COST_05877,WO_05877,APU_047,566.6,603.81,676.27,1242.87
COST_05878,WO_05878,APU_048,638.76,1071.89,3590.83,4229.59
COST_05879,WO_05879,APU_045,150.38,839.8,1452.85,1603.23
COST_05880,WO_05880,APU_011,887.57,510.46,1653.89,2541.46
COST_05881,WO_05881,APU_015,416.54,885.07,637.25,1053.79
COST_05882,WO_05882,APU_024,851.45,461.41,2699.25,3550.7
COST_05883,WO_05883,APU_022,426.35,1606.8,6314.72,6741.07
COST_05884,WO_05884,APU_005,227.26,382.18,454.79,682.05
COST_05885,WO_05885,APU_045,447.45,853.71,1032.99,1480.44
COST_05886,WO_05886,APU_022,527.05,427.76,2917.32,3444.37
COST_05887,WO_05887,APU_044,707.45,1246.44,2256.06,2963.51
COST_05888,WO_05888,APU_036,494.07,473.96,815.21,1309.28
COST_05889,WO_05889,APU_007,481.83,1492.76,1164.35,1646.18
COST_05890,WO_05890,APU_048,658.17,1067.63,2391.49,3049.66
COST_05891,WO_05891,APU_048,501.7,857.63,2058.31,2560.01
COST_05892,WO_05892,APU_019,460.29,1713.43,6905.12,7365.41
COST_05893,WO_05893,APU_025,947.32,615.85,775.97,1723.29
COST_05894,WO_05894,APU_034,628.12,662.83,782.14,1410.26
COST_05895,WO_05895,APU_011,709.04,1367.08,4757.44,5466.48
COST_05896,WO_05896,APU_028,446.02,1525.38,7215.05,7661.07
COST_05897,WO_05897,APU_048,832.36,1023.07,1176.53,2008.89
COST_05898,WO_05898,APU_044,893.88,1187.05,5852.16,6746.04
COST_05899,WO_05899,APU_042,552.69,1702.64,4716.31,5269.0
COST_05900,WO_05900,APU_042,884.0,934.9,4637.1,5521.1
COST_05901,WO_05901,APU_016,821.27,555.24,1454.73,2276.0
COST_05902,WO_05902,APU_013,729.2,1419.16,965.03,1694.23
COST_05903,WO_05903,APU_004,429.07,977.07,2442.68,2871.75
COST_05904,WO_05904,APU_047,866.83,901.04,4388.06,5254.89
COST_05905,WO_05905,APU_033,264.07,938.53,1557.96,1822.03
COST_05906,WO_05906,APU_023,496.75,511.36,1124.99,1621.74
COST_05907,WO_05907,APU_007,602.39,1290.43,3187.36,3789.75
COST_05908,WO_05908,APU_037,199.81,372.89,205.09,404.9
COST_05909,WO_05909,APU_001,965.86,1789.12,12201.8,13167.66
COST_05910,WO_05910,APU_041,489.88,728.22,1208.85,1698.73
COST_05911,WO_05911,APU_006,1069.53,633.74,2275.13,3344.66
COST_05912,WO_05912,APU_039,971.25,1515.26,3924.52,4895.77
COST_05913,WO_05913,APU_048,1285.36,774.11,4203.42,5488.78
COST_05914,WO_05914,APU_046,820.86,1116.98,3797.73,4618.59
COST_05915,WO_05915,APU_009,453.59,1396.26,3337.06,3790.65
COST_05916,WO_05916,APU_022,238.86,578.77,960.76,1199.62
COST_05917,WO_05917,APU_040,726.5,1146.12,4836.63,5563.13
COST_05918,WO_05918,APU_046,493.46,1229.29,1192.41,1685.87
COST_05919,WO_05919,APU_040,563.69,1138.12,4415.91,4979.6
COST_05920,WO_05920,APU_028,597.03,742.26,1105.97,1703.0
COST_05921,WO_05921,APU_011,1095.01,1793.35,9702.02,10797.03
COST_05922,WO_05922,APU_035,402.17,670.29,1990.76,2392.93
COST_05923,WO_05923,APU_013,1050.48,1580.72,6117.39,7167.87
COST_05924,WO_05924,APU_021,324.27,470.22,1335.42,1659.69
COST_05925,WO_05925,APU_008,489.07,1271.39,1322.25,1811.32
COST_05926,WO_05926,APU_049,277.25,487.34,823.6,1100.85
COST_05927,WO_05927,APU_003,368.94,1040.2,4087.99,4456.93
COST_05928,WO_05928,APU_020,889.28,1095.0,3263.1,4152.38
COST_05929,WO_05929,APU_045,860.5,324.31,1686.41,2546.91
COST_05930,WO_05930,APU_032,870.57,908.41,3079.51,3950.08
COST_05931,WO_05931,APU_017,922.38,725.79,1161.26,2083.64
COST_05932,WO_05932,APU_027,271.12,1540.04,2695.07,2966.19
COST_05933,WO_05933,APU_032,467.4,1436.32,4136.6,4604.0
COST_05934,WO_05934,APU_044,931.62,1188.61,903.34,1834.96
COST_05935,WO_05935,APU_038,1014.43,802.66,5474.14,6488.57
COST_05936,WO_05936,APU_014,619.14,1166.97,4049.39,4668.53
COST_05937,WO_05937,APU_048,1077.33,1528.05,8159.79,9237.12
COST_05938,WO_05938,APU_014,124.01,673.28,767.54,891.55
COST_05939,WO_05939,APU_007,666.49,678.53,3657.28,4323.77
COST_05940,WO_05940,APU_034,656.63,1011.6,9387.65,10044.28
COST_05941,WO_05941,APU_030,352.33,1518.22,1988.87,2341.2
COST_05942,WO_05942,APU_039,323.27,787.14,3266.63,3589.9
COST_05943,WO_05943,APU_038,882.58,1510.62,4108.89,4991.47
COST_05944,WO_05944,APU_002,691.66,370.29,429.54,1121.2
COST_05945,WO_05945,APU_034,921.15,1701.61,6057.73,6978.88
COST_05946,WO_05946,APU_025,850.42,1505.02,6471.59,7322.01
COST_05947,WO_05947,APU_017,685.03,1685.7,3287.12,3972.15
COST_05948,WO_05948,APU_024,847.42,1743.65,8997.23,9844.65
COST_05949,WO_05949,APU_031,425.56,1375.98,1499.82,1925.38
COST_05950,WO_05950,APU_002,718.64,307.58,366.02,1084.66
COST_05951,WO_05951,APU_050,1057.21,578.37,1694.62,2751.83
COST_05952,WO_05952,APU_010,623.02,1799.08,4965.46,5588.48
COST_05953,WO_05953,APU_020,975.2,492.99,902.17,1877.37
COST_05954,WO_05954,APU_023,900.27,330.02,1399.28,2299.55
COST_05955,WO_05955,APU_005,716.58,1648.37,6000.07,6716.65
COST_05956,WO_05956,APU_004,243.67,517.03,2254.25,2497.92
COST_05957,WO_05957,APU_014,590.96,1249.87,3174.67,3765.63
COST_05958,WO_05958,APU_005,628.38,553.3,2097.01,2725.39
COST_05959,WO_05959,APU_033,404.4,662.68,1411.51,1815.91
COST_05960,WO_05960,APU_039,862.91,941.81,7920.62,8783.53
COST_05961,WO_05961,APU_003,448.03,1095.87,1906.81,2354.84
COST_05962,WO_05962,APU_046,821.7,1347.5,11655.88,12477.58
COST_05963,WO_05963,APU_016,434.1,1157.35,3205.86,3639.96
COST_05964,WO_05964,APU_006,793.54,1780.95,2279.62,3073.16
COST_05965,WO_05965,APU_006,497.51,1645.07,9492.05,9989.56
COST_05966,WO_05966,APU_011,448.76,1261.27,3670.3,4119.06
COST_05967,WO_05967,APU_007,1083.7,549.39,2384.35,3468.05
COST_05968,WO_05968,APU_032,676.55,1660.85,8852.33,9528.88
COST_05969,WO_05969,APU_001,463.65,1638.41,5357.6,5821.25
COST_05970,WO_05970,APU_020,334.34,496.46,973.06,1307.4
COST_05971,WO_05971,APU_045,876.5,326.98,1520.46,2396.96
COST_05972,WO_05972,APU_028,396.59,1178.1,3204.43,3601.02
COST_05973,WO_05973,APU_039,582.05,1168.16,4625.91,5207.96
COST_05974,WO_05974,APU_001,145.96,1173.07,973.65,1119.61
COST_05975,WO_05975,APU_002,739.53,769.44,2677.65,3417.18
COST_05976,WO_05976,APU_019,451.54,1195.0,2282.45,2733.99
COST_05977,WO_05977,APU_048,454.16,1298.1,8762.17,9216.33
COST_05978,WO_05978,APU_010,859.76,829.81,3178.17,4037.93
COST_05979,WO_05979,APU_027,253.72,332.37,1030.35,1284.07
COST_05980,WO_05980,APU_021,187.06,463.99,1647.16,1834.22
COST_05981,WO_05981,APU_028,122.03,1282.44,2013.43,2135.46
COST_05982,WO_05982,APU_044,1339.46,1463.98,9720.83,11060.29
COST_05983,WO_05983,APU_021,700.91,1708.89,13893.28,14594.19
COST_05984,WO_05984,APU_040,544.53,857.46,2889.64,3434.17
COST_05985,WO_05985,APU_033,978.77,1792.53,11687.3,12666.07
COST_05986,WO_05986,APU_034,486.64,731.16,1455.01,1941.65
COST_05987,WO_05987,APU_036,621.49,1038.8,1817.9,2439.39
COST_05988,WO_05988,APU_048,315.04,1351.74,3757.84,4072.88
COST_05989,WO_05989,APU_035,880.91,1120.04,3864.14,4745.05
COST_05990,WO_05990,APU_034,402.56,1703.74,3731.19,4133.75
COST_05991,WO_05991,APU_039,881.25,926.47,3381.62,4262.87
COST_05992,WO_05992,APU_043,941.62,425.89,1371.37,2312.99
COST_05993,WO_05993,APU_029,162.48,936.97,1471.04,1633.52
COST_05994,WO_05994,APU_005,358.01,1369.38,4957.16,5315.17
COST_05995,WO_05995,APU_033,459.38,1748.11,7639.24,8098.62
COST_05996,WO_05996,APU_003,1116.83,1785.19,5337.72,6454.55
COST_05997,WO_05997,APU_046,848.12,616.55,3156.74,4004.86
COST_05998,WO_05998,APU_013,366.06,1714.0,2382.46,2748.52
COST_05999,WO_05999,APU_049,250.13,419.98,1478.33,1728.46
COST_06000,WO_06000,APU_024,372.02,1653.73,2364.83,2736.85
COST_06001,WO_06001,APU_049,226.95,702.94,1033.32,1260.27
COST_06002,WO_06002,APU_033,633.14,521.67,1001.61,1634.75
COST_06003,WO_06003,APU_028,809.46,1490.62,2414.8,3224.26
COST_06004,WO_06004,APU_021,491.28,661.4,1329.41,1820.69
COST_06005,WO_06005,APU_047,417.76,1280.28,3098.28,3516.04
COST_06006,WO_06006,APU_025,672.0,1166.28,5026.67,5698.67
COST_06007,WO_06007,APU_047,989.23,1670.88,3809.61,4798.84
COST_06008,WO_06008,APU_025,866.41,654.58,746.22,1612.63
COST_06009,WO_06009,APU_010,356.73,999.36,5086.74,5443.47
COST_06010,WO_06010,APU_027,862.13,443.12,762.17,1624.3
COST_06011,WO_06011,APU_007,864.2,1455.83,3828.83,4693.03
COST_06012,WO_06012,APU_028,441.71,1256.64,4373.11,4814.82
COST_06013,WO_06013,APU_001,997.36,1318.68,3995.6,4992.96
COST_06014,WO_06014,APU_024,1046.15,1112.34,5517.21,6563.36
COST_06015,WO_06015,APU_017,852.96,1642.04,5812.82,6665.78
COST_06016,WO_06016,APU_009,120.71,1438.09,2430.37,2551.08
COST_06017,WO_06017,APU_029,1344.68,602.92,5432.31,6776.99
COST_06018,WO_06018,APU_028,1020.9,1441.73,4354.02,5374.92
COST_06019,WO_06019,APU_046,989.65,1616.21,4056.69,5046.34
COST_06020,WO_06020,APU_009,483.73,496.26,2292.72,2776.45
COST_06021,WO_06021,APU_030,823.22,1045.56,3262.15,4085.37
COST_06022,WO_06022,APU_005,773.07,681.91,2311.67,3084.74
COST_06023,WO_06023,APU_033,1004.82,572.52,6125.96,7130.78
COST_06024,WO_06024,APU_024,848.44,1257.55,2942.67,3791.11
COST_06025,WO_06025,APU_048,752.69,461.49,1052.2,1804.89
COST_06026,WO_06026,APU_021,243.06,1643.77,4766.93,5009.99
COST_06027,WO_06027,APU_023,355.97,1318.53,6460.8,6816.77
COST_06028,WO_06028,APU_044,458.59,1499.41,1784.3,2242.89
COST_06029,WO_06029,APU_026,442.28,797.71,733.89,1176.17
COST_06030,WO_06030,APU_026,475.26,1718.3,3385.05,3860.31
COST_06031,WO_06031,APU_007,639.1,1517.14,1684.03,2323.13
COST_06032,WO_06032,APU_028,316.54,1767.9,3800.99,4117.53
COST_06033,WO_06033,APU_042,414.92,1476.43,5285.62,5700.54
COST_06034,WO_06034,APU_037,873.04,661.01,1103.89,1976.93
COST_06035,WO_06035,APU_030,558.17,1239.0,1536.36,2094.53
COST_06036,WO_06036,APU_038,224.4,370.79,1045.63,1270.03
COST_06037,WO_06037,APU_005,371.94,1160.49,5071.34,5443.28
COST_06038,WO_06038,APU_007,914.05,1416.25,1515.39,2429.44
COST_06039,WO_06039,APU_032,777.88,1176.73,5024.64,5802.52
COST_06040,WO_06040,APU_040,958.73,384.84,1639.42,2598.15
COST_06041,WO_06041,APU_032,717.11,754.1,3461.32,4178.43
COST_06042,WO_06042,APU_033,753.82,614.38,3262.36,4016.18
COST_06043,WO_06043,APU_027,977.76,318.67,2909.46,3887.22
COST_06044,WO_06044,APU_036,796.39,1740.38,3881.05,4677.44
COST_06045,WO_06045,APU_006,882.33,980.07,2832.4,3714.73
COST_06046,WO_06046,APU_035,662.35,1222.98,2641.64,3303.99
COST_06047,WO_06047,APU_019,819.62,956.65,2602.09,3421.71
COST_06048,WO_06048,APU_018,1368.48,1670.02,10554.53,11923.01
COST_06049,WO_06049,APU_008,818.99,694.22,902.49,1721.48
COST_06050,WO_06050,APU_010,357.36,1398.22,2362.99,2720.35
COST_06051,WO_06051,APU_016,1201.19,1710.46,9920.67,11121.86
COST_06052,WO_06052,APU_024,475.79,1659.39,7898.7,8374.49
COST_06053,WO_06053,APU_015,641.41,974.24,2172.56,2813.97
COST_06054,WO_06054,APU_040,1135.76,603.62,2625.75,3761.51
COST_06055,WO_06055,APU_036,363.12,752.19,2467.18,2830.3
COST_06056,WO_06056,APU_049,798.41,1429.78,8864.64,9663.05
COST_06057,WO_06057,APU_044,373.55,1656.83,4688.83,5062.38
COST_06058,WO_06058,APU_011,507.38,419.84,2006.84,2514.22
COST_06059,WO_06059,APU_029,1142.53,1354.83,15743.12,16885.65
COST_06060,WO_06060,APU_049,404.03,1010.42,3819.39,4223.42
COST_06061,WO_06061,APU_043,665.27,818.45,2283.48,2948.75
COST_06062,WO_06062,APU_020,373.09,1711.89,6916.04,7289.13
COST_06063,WO_06063,APU_040,206.26,671.68,1491.13,1697.39
COST_06064,WO_06064,APU_027,882.56,337.82,3415.36,4297.92
COST_06065,WO_06065,APU_008,443.6,1205.35,3616.05,4059.65
COST_06066,WO_06066,APU_039,508.28,1080.44,2528.23,3036.51
COST_06067,WO_06067,APU_007,723.26,360.58,620.2,1343.46
COST_06068,WO_06068,APU_005,910.39,317.7,1578.97,2489.36
COST_06069,WO_06069,APU_039,436.38,507.11,2221.14,2657.52
COST_06070,WO_06070,APU_012,408.38,1142.32,2364.6,2772.98
COST_06071,WO_06071,APU_025,243.27,1706.8,6366.36,6609.63
COST_06072,WO_06072,APU_028,400.51,1472.14,1751.85,2152.36
COST_06073,WO_06073,APU_041,784.85,568.59,1711.46,2496.31
COST_06074,WO_06074,APU_031,576.31,1226.52,4280.55,4856.86
COST_06075,WO_06075,APU_018,686.61,1324.66,9206.39,9893.0
COST_06076,WO_06076,APU_025,572.44,916.23,1630.89,2203.33
COST_06077,WO_06077,APU_035,679.58,363.53,490.77,1170.35
COST_06078,WO_06078,APU_030,327.97,1217.09,2020.37,2348.34
COST_06079,WO_06079,APU_002,227.52,964.29,1253.58,1481.1
COST_06080,WO_06080,APU_043,396.89,1205.14,6833.14,7230.03
COST_06081,WO_06081,APU_033,523.05,1015.28,6467.33,6990.38
COST_06082,WO_06082,APU_041,402.11,802.21,2599.16,3001.27
COST_06083,WO_06083,APU_011,828.41,915.18,4868.76,5697.17
COST_06084,WO_06084,APU_017,366.53,1546.55,4531.39,4897.92
COST_06085,WO_06085,APU_038,671.32,873.79,2254.38,2925.7
COST_06086,WO_06086,APU_027,800.47,1121.38,2534.32,3334.79
COST_06087,WO_06087,APU_037,781.87,335.26,767.75,1549.62
COST_06088,WO_06088,APU_019,820.19,334.76,388.32,1208.51
COST_06089,WO_06089,APU_011,535.69,520.57,1634.59,2170.28
COST_06090,WO_06090,APU_025,361.35,1203.83,3202.19,3563.54
COST_06091,WO_06091,APU_024,1021.23,345.59,1416.92,2438.15
COST_06092,WO_06092,APU_019,414.79,1111.91,3180.06,3594.85
COST_06093,WO_06093,APU_013,486.71,1014.14,2525.21,3011.92
COST_06094,WO_06094,APU_037,729.5,892.47,1499.35,2228.85
COST_06095,WO_06095,APU_032,403.33,1480.66,4190.27,4593.6
COST_06096,WO_06096,APU_021,624.25,526.0,2146.08,2770.33
COST_06097,WO_06097,APU_013,358.79,986.9,1431.0,1789.79
COST_06098,WO_06098,APU_014,185.1,1097.35,3127.45,3312.55
COST_06099,WO_06099,APU_042,329.62,1371.37,4237.53,4567.15
COST_06100,WO_06100,APU_005,121.61,586.03,1072.43,1194.04
COST_06101,WO_06101,APU_049,355.07,528.57,1041.28,1396.35
COST_06102,WO_06102,APU_034,159.94,1397.65,4318.74,4478.68
COST_06103,WO_06103,APU_040,231.09,1647.25,2404.99,2636.08
COST_06104,WO_06104,APU_005,329.26,421.72,1391.68,1720.94
COST_06105,WO_06105,APU_002,861.02,1084.97,1801.05,2662.07
COST_06106,WO_06106,APU_031,549.56,824.47,4023.41,4572.97
COST_06107,WO_06107,APU_035,1462.17,805.64,7919.44,9381.61
COST_06108,WO_06108,APU_007,209.56,781.61,1320.92,1530.48
COST_06109,WO_06109,APU_007,223.79,912.7,3331.36,3555.15
COST_06110,WO_06110,APU_007,681.6,1410.01,2566.22,3247.82
COST_06111,WO_06111,APU_048,268.3,1781.99,8589.19,8857.49
COST_06112,WO_06112,APU_022,922.72,538.35,732.16,1654.88
COST_06113,WO_06113,APU_035,1009.49,766.71,2714.15,3723.64
COST_06114,WO_06114,APU_041,449.12,1249.51,2099.18,2548.3
COST_06115,WO_06115,APU_012,903.03,1546.85,3758.85,4661.88
COST_06116,WO_06116,APU_014,184.8,1612.31,2482.96,2667.76
COST_06117,WO_06117,APU_006,1080.21,1794.44,7662.26,8742.47
COST_06118,WO_06118,APU_019,941.72,744.29,1280.18,2221.9
COST_06119,WO_06119,APU_041,830.54,987.85,3635.29,4465.83
COST_06120,WO_06120,APU_028,879.0,907.41,2041.67,2920.67
COST_06121,WO_06121,APU_039,409.08,1547.18,3945.31,4354.39
COST_06122,WO_06122,APU_037,515.96,1579.7,4660.12,5176.08
COST_06123,WO_06123,APU_036,142.86,1628.8,2915.55,3058.41
COST_06124,WO_06124,APU_003,242.38,1614.76,4925.02,5167.4
COST_06125,WO_06125,APU_014,557.81,1022.47,6451.79,7009.6
COST_06126,WO_06126,APU_009,271.4,1731.66,3065.04,3336.44
COST_06127,WO_06127,APU_014,996.4,888.41,4601.96,5598.36
COST_06128,WO_06128,APU_049,822.77,1661.29,10300.0,11122.77
COST_06129,WO_06129,APU_044,412.33,1444.08,2512.7,2925.03
COST_06130,WO_06130,APU_005,621.91,355.66,433.91,1055.82
COST_06131,WO_06131,APU_022,887.3,1098.77,3527.05,4414.35
COST_06132,WO_06132,APU_040,430.03,1034.03,2078.4,2508.43
COST_06133,WO_06133,APU_013,913.01,1774.33,13484.91,14397.92
COST_06134,WO_06134,APU_023,210.79,640.99,1775.54,1986.33
COST_06135,WO_06135,APU_036,750.47,1493.19,2613.08,3363.55
COST_06136,WO_06136,APU_008,416.54,343.06,497.44,913.98
COST_06137,WO_06137,APU_001,1239.56,784.89,3885.21,5124.77
COST_06138,WO_06138,APU_039,627.48,1481.42,2948.03,3575.51
COST_06139,WO_06139,APU_027,340.95,1648.61,4583.14,4924.09
COST_06140,WO_06140,APU_019,444.2,1559.01,7171.45,7615.65
COST_06141,WO_06141,APU_035,331.49,1239.91,2579.01,2910.5
COST_06142,WO_06142,APU_037,956.0,1695.06,4491.91,5447.91
COST_06143,WO_06143,APU_028,542.32,449.57,1209.34,1751.66
COST_06144,WO_06144,APU_010,642.8,432.57,1712.98,2355.78
COST_06145,WO_06145,APU_039,312.7,974.69,3664.83,3977.53
COST_06146,WO_06146,APU_039,786.13,1081.23,2605.76,3391.89
COST_06147,WO_06147,APU_005,306.94,1088.83,3070.5,3377.44
COST_06148,WO_06148,APU_014,377.89,521.0,1156.62,1534.51
COST_06149,WO_06149,APU_030,958.73,1580.55,1912.47,2871.2
COST_06150,WO_06150,APU_030,998.18,1329.26,4160.58,5158.76
COST_06151,WO_06151,APU_015,1111.23,1145.83,8822.89,9934.12
COST_06152,WO_06152,APU_018,334.57,481.87,804.72,1139.29
COST_06153,WO_06153,APU_023,611.79,402.8,716.98,1328.77
COST_06154,WO_06154,APU_010,121.18,1060.17,1781.09,1902.27
COST_06155,WO_06155,APU_038,333.22,753.17,3050.34,3383.56
COST_06156,WO_06156,APU_016,491.67,636.3,2214.32,2705.99
COST_06157,WO_06157,APU_032,397.74,1384.13,3446.48,3844.22
COST_06158,WO_06158,APU_006,415.87,1798.15,2948.97,3364.84
COST_06159,WO_06159,APU_009,778.39,1492.69,4269.09,5047.48
COST_06160,WO_06160,APU_049,628.39,1355.24,1558.53,2186.92
COST_06161,WO_06161,APU_021,891.05,470.47,1383.18,2274.23
COST_06162,WO_06162,APU_044,443.56,1658.63,7281.39,7724.95
COST_06163,WO_06163,APU_045,899.66,409.94,561.62,1461.28
COST_06164,WO_06164,APU_033,252.19,310.26,363.0,615.19
COST_06165,WO_06165,APU_010,923.26,1125.71,7294.6,8217.86
COST_06166,WO_06166,APU_002,363.21,1007.57,1954.69,2317.9
COST_06167,WO_06167,APU_027,703.24,1447.37,7352.64,8055.88
COST_06168,WO_06168,APU_017,793.26,705.75,1764.38,2557.64
COST_06169,WO_06169,APU_031,825.0,1228.23,3058.29,3883.29
COST_06170,WO_06170,APU_039,864.77,568.0,1965.28,2830.05
COST_06171,WO_06171,APU_015,1003.04,982.4,1640.61,2643.65
COST_06172,WO_06172,APU_029,556.12,1070.58,3126.09,3682.21
COST_06173,WO_06173,APU_019,218.59,1586.68,3490.7,3709.29
COST_06174,WO_06174,APU_023,931.8,353.66,463.29,1395.09
COST_06175,WO_06175,APU_045,1102.26,593.1,1939.44,3041.7
COST_06176,WO_06176,APU_033,652.67,1431.71,3364.52,4017.19
COST_06177,WO_06177,APU_025,433.46,697.03,1735.6,2169.06
COST_06178,WO_06178,APU_034,610.16,1120.13,1568.18,2178.34
COST_06179,WO_06179,APU_013,1065.44,794.04,5177.14,6242.58
COST_06180,WO_06180,APU_012,665.53,968.61,4261.88,4927.41
COST_06181,WO_06181,APU_034,845.54,1066.59,4927.65,5773.19
COST_06182,WO_06182,APU_038,235.16,935.74,2152.2,2387.36
COST_06183,WO_06183,APU_016,107.33,1468.94,1542.39,1649.72
COST_06184,WO_06184,APU_007,903.26,1121.43,8926.58,9829.84
COST_06185,WO_06185,APU_016,1042.97,596.87,1569.77,2612.74
COST_06186,WO_06186,APU_035,469.96,322.74,580.93,1050.89
COST_06187,WO_06187,APU_009,655.82,653.56,2235.18,2891.0
COST_06188,WO_06188,APU_022,447.24,1506.53,7788.76,8236.0
COST_06189,WO_06189,APU_034,880.44,1328.7,3560.92,4441.36
COST_06190,WO_06190,APU_010,585.59,419.13,2301.02,2886.61
COST_06191,WO_06191,APU_016,1233.44,473.36,2333.66,3567.1
COST_06192,WO_06192,APU_045,529.86,666.04,999.06,1528.92
COST_06193,WO_06193,APU_030,460.49,725.61,1364.15,1824.64
COST_06194,WO_06194,APU_029,409.42,1009.31,4642.83,5052.25
COST_06195,WO_06195,APU_027,595.8,1215.53,741.47,1337.27
COST_06196,WO_06196,APU_004,515.67,897.45,2243.62,2759.29
COST_06197,WO_06197,APU_009,221.94,479.39,594.44,816.38
COST_06198,WO_06198,APU_046,241.2,1544.87,3228.78,3469.98
COST_06199,WO_06199,APU_027,656.96,1072.55,2477.59,3134.55
COST_06200,WO_06200,APU_034,936.64,1175.33,2620.99,3557.63
COST_06201,WO_06201,APU_027,743.67,965.08,1939.81,2683.48
COST_06202,WO_06202,APU_013,963.2,334.25,498.03,1461.23
COST_06203,WO_06203,APU_034,1580.45,577.85,5541.58,7122.03
COST_06204,WO_06204,APU_004,330.28,1288.97,9783.28,10113.56
COST_06205,WO_06205,APU_022,838.66,618.03,883.78,1722.44
COST_06206,WO_06206,APU_004,1294.65,413.64,2684.52,3979.17
COST_06207,WO_06207,APU_026,626.24,1420.34,3096.34,3722.58
COST_06208,WO_06208,APU_030,531.78,714.67,2086.84,2618.62
COST_06209,WO_06209,APU_035,739.31,348.19,915.74,1655.05
COST_06210,WO_06210,APU_023,172.43,1112.23,2102.11,2274.54
COST_06211,WO_06211,APU_034,733.19,891.15,4161.67,4894.86
COST_06212,WO_06212,APU_020,390.69,1603.7,4666.77,5057.46
COST_06213,WO_06213,APU_025,184.06,581.73,1215.82,1399.88
COST_06214,WO_06214,APU_015,692.43,1647.45,2191.11,2883.54
COST_06215,WO_06215,APU_016,554.74,1125.18,1867.8,2422.54
COST_06216,WO_06216,APU_043,657.17,1507.11,1657.82,2314.99
COST_06217,WO_06217,APU_005,776.24,1211.8,3320.33,4096.57
COST_06218,WO_06218,APU_027,695.65,1027.84,1449.25,2144.9
COST_06219,WO_06219,APU_050,867.91,323.77,760.86,1628.77
COST_06220,WO_06220,APU_015,816.21,1189.91,6877.68,7693.89
COST_06221,WO_06221,APU_010,547.05,1230.54,6472.64,7019.69
COST_06222,WO_06222,APU_013,349.76,734.91,1962.21,2311.97
COST_06223,WO_06223,APU_001,474.13,694.84,1799.64,2273.77
COST_06224,WO_06224,APU_005,920.67,831.41,6351.97,7272.64
COST_06225,WO_06225,APU_034,450.21,438.3,1586.65,2036.86
COST_06226,WO_06226,APU_023,854.07,1032.07,2342.8,3196.87
COST_06227,WO_06227,APU_045,994.34,957.53,1187.34,2181.68
COST_06228,WO_06228,APU_045,782.71,670.83,2267.41,3050.12
COST_06229,WO_06229,APU_022,701.83,852.12,3655.59,4357.42
COST_06230,WO_06230,APU_007,188.76,1150.23,2208.44,2397.2
COST_06231,WO_06231,APU_037,539.89,1309.97,4178.8,4718.69
COST_06232,WO_06232,APU_047,538.21,1234.67,2753.31,3291.52
COST_06233,WO_06233,APU_013,318.37,1003.58,2468.81,2787.18
COST_06234,WO_06234,APU_033,727.24,844.64,582.8,1310.04
COST_06235,WO_06235,APU_010,354.9,381.53,919.49,1274.39
COST_06236,WO_06236,APU_005,967.97,506.25,2343.94,3311.91
COST_06237,WO_06237,APU_037,461.48,695.2,1334.78,1796.26
COST_06238,WO_06238,APU_036,1021.45,878.93,2461.0,3482.45
COST_06239,WO_06239,APU_022,721.35,1661.23,2973.6,3694.95
COST_06240,WO_06240,APU_044,910.83,1568.84,5192.86,6103.69
COST_06241,WO_06241,APU_018,286.88,871.64,2100.65,2387.53
COST_06242,WO_06242,APU_050,650.95,1408.45,2281.69,2932.64
COST_06243,WO_06243,APU_027,370.06,1316.34,7450.48,7820.54
COST_06244,WO_06244,APU_005,1093.69,334.24,1514.11,2607.8
COST_06245,WO_06245,APU_045,694.75,846.61,1650.89,2345.64
COST_06246,WO_06246,APU_043,880.2,847.3,3024.86,3905.06
COST_06247,WO_06247,APU_049,936.0,1467.35,5355.83,6291.83
COST_06248,WO_06248,APU_022,1009.47,1180.85,4569.89,5579.36
COST_06249,WO_06249,APU_029,311.92,1024.78,1096.51,1408.43
COST_06250,WO_06250,APU_034,877.94,819.19,3874.77,4752.71
COST_06251,WO_06251,APU_011,939.7,838.08,1667.78,2607.48
COST_06252,WO_06252,APU_036,440.63,911.15,2031.86,2472.49
COST_06253,WO_06253,APU_019,936.15,533.33,6186.63,7122.78
COST_06254,WO_06254,APU_029,487.11,1743.21,5595.7,6082.81
COST_06255,WO_06255,APU_004,596.26,1061.34,2334.95,2931.21
COST_06256,WO_06256,APU_042,745.57,1257.84,1018.85,1764.42
COST_06257,WO_06257,APU_039,448.92,508.96,2972.33,3421.25
COST_06258,WO_06258,APU_004,989.16,1447.85,1882.2,2871.36
COST_06259,WO_06259,APU_026,957.96,467.61,734.15,1692.11
COST_06260,WO_06260,APU_006,1013.8,1418.28,3219.5,4233.3
COST_06261,WO_06261,APU_031,1081.49,590.96,3498.48,4579.97
COST_06262,WO_06262,APU_034,958.02,1148.79,4778.97,5736.99
COST_06263,WO_06263,APU_002,472.84,878.74,2188.06,2660.9
COST_06264,WO_06264,APU_044,467.92,1283.65,4133.35,4601.27
COST_06265,WO_06265,APU_028,393.09,1484.38,2894.54,3287.63
COST_06266,WO_06266,APU_037,617.02,403.29,1185.67,1802.69
COST_06267,WO_06267,APU_046,284.37,329.88,933.56,1217.93
COST_06268,WO_06268,APU_047,932.1,1310.34,6066.87,6998.97
COST_06269,WO_06269,APU_024,1045.83,1259.1,5829.63,6875.46
COST_06270,WO_06270,APU_035,446.93,1341.98,4790.87,5237.8
COST_06271,WO_06271,APU_010,482.46,1172.97,2615.72,3098.18
COST_06272,WO_06272,APU_028,400.99,485.01,1983.69,2384.68
COST_06273,WO_06273,APU_020,228.11,1609.5,4152.51,4380.62
COST_06274,WO_06274,APU_025,640.0,1785.54,2678.31,3318.31
COST_06275,WO_06275,APU_014,973.87,516.81,1126.65,2100.52
COST_06276,WO_06276,APU_017,972.78,893.2,2545.62,3518.4
COST_06277,WO_06277,APU_020,973.18,920.39,4123.35,5096.53
COST_06278,WO_06278,APU_013,417.57,1608.06,3955.83,4373.4
COST_06279,WO_06279,APU_032,795.76,972.0,1360.8,2156.56
COST_06280,WO_06280,APU_043,395.34,1355.64,3795.79,4191.13
COST_06281,WO_06281,APU_031,471.13,1158.17,3347.11,3818.24
COST_06282,WO_06282,APU_017,670.56,1510.87,4547.72,5218.28
COST_06283,WO_06283,APU_023,359.59,835.94,3770.09,4129.68
COST_06284,WO_06284,APU_041,892.7,738.47,3515.12,4407.82
COST_06285,WO_06285,APU_021,722.49,1519.72,2978.65,3701.14
COST_06286,WO_06286,APU_032,385.88,1097.34,2128.84,2514.72
COST_06287,WO_06287,APU_024,392.08,1223.2,1871.5,2263.58
COST_06288,WO_06288,APU_025,533.15,1616.46,6449.68,6982.83
COST_06289,WO_06289,APU_036,799.51,1786.36,10771.75,11571.26
COST_06290,WO_06290,APU_012,274.67,555.28,1271.59,1546.26
COST_06291,WO_06291,APU_010,479.16,1046.65,2491.03,2970.19
COST_06292,WO_06292,APU_044,702.66,1546.09,9415.69,10118.35
COST_06293,WO_06293,APU_010,572.8,1541.26,5533.12,6105.92
COST_06294,WO_06294,APU_036,886.25,1627.02,5629.49,6515.74
COST_06295,WO_06295,APU_023,252.72,726.58,1024.48,1277.2
COST_06296,WO_06296,APU_009,512.54,1326.55,5239.87,5752.41
COST_06297,WO_06297,APU_031,341.58,508.51,828.87,1170.45
COST_06298,WO_06298,APU_040,352.45,1406.05,2052.83,2405.28
COST_06299,WO_06299,APU_025,192.79,819.8,1844.55,2037.34
COST_06300,WO_06300,APU_010,851.74,568.2,1119.35,1971.09
COST_06301,WO_06301,APU_018,231.68,827.7,1994.76,2226.44
COST_06302,WO_06302,APU_047,440.06,477.61,587.46,1027.52
COST_06303,WO_06303,APU_020,1034.3,727.26,3352.67,4386.97
COST_06304,WO_06304,APU_009,478.65,626.49,3163.77,3642.42
COST_06305,WO_06305,APU_006,899.4,343.28,319.25,1218.65
COST_06306,WO_06306,APU_043,977.46,400.97,1868.52,2845.98
COST_06307,WO_06307,APU_031,292.58,1360.33,2366.97,2659.55
COST_06308,WO_06308,APU_002,617.53,1222.75,5331.19,5948.72
COST_06309,WO_06309,APU_011,480.54,543.92,1425.07,1905.61
COST_06310,WO_06310,APU_005,610.55,310.53,857.06,1467.61
COST_06311,WO_06311,APU_016,981.62,654.95,1611.18,2592.8
COST_06312,WO_06312,APU_005,441.79,1076.78,5696.17,6137.96
COST_06313,WO_06313,APU_009,390.57,1617.01,2215.3,2605.87
COST_06314,WO_06314,APU_023,827.25,821.42,3121.4,3948.65
COST_06315,WO_06315,APU_002,800.45,1766.95,8799.41,9599.86
COST_06316,WO_06316,APU_002,1008.52,597.55,2408.13,3416.65
COST_06317,WO_06317,APU_017,957.02,1158.08,11302.86,12259.88
COST_06318,WO_06318,APU_005,846.21,1008.27,2046.79,2893.0
COST_06319,WO_06319,APU_014,767.36,1003.05,4614.03,5381.39
COST_06320,WO_06320,APU_039,699.47,359.19,919.53,1619.0
COST_06321,WO_06321,APU_024,1218.47,1774.93,9513.62,10732.09
COST_06322,WO_06322,APU_023,682.89,591.62,1603.29,2286.18
COST_06323,WO_06323,APU_045,501.49,433.13,952.89,1454.38
COST_06324,WO_06324,APU_025,619.15,424.39,2368.1,2987.25
COST_06325,WO_06325,APU_034,174.16,437.4,905.42,1079.58
COST_06326,WO_06326,APU_003,442.77,1661.35,2076.69,2519.46
COST_06327,WO_06327,APU_043,408.3,1493.25,3061.16,3469.46
COST_06328,WO_06328,APU_027,661.6,1231.01,4702.46,5364.06
COST_06329,WO_06329,APU_033,646.49,1465.31,8572.06,9218.55
COST_06330,WO_06330,APU_009,774.85,1698.65,4909.1,5683.95
COST_06331,WO_06331,APU_025,705.19,1673.24,9386.88,10092.07
COST_06332,WO_06332,APU_005,131.09,1125.78,1452.26,1583.35
COST_06333,WO_06333,APU_031,376.86,463.93,988.17,1365.03
COST_06334,WO_06334,APU_032,983.0,992.77,2303.23,3286.23
COST_06335,WO_06335,APU_030,649.23,1599.09,4077.68,4726.91
COST_06336,WO_06336,APU_028,804.97,423.67,1207.46,2012.43
COST_06337,WO_06337,APU_026,415.91,388.26,1541.39,1957.3
COST_06338,WO_06338,APU_010,695.81,1323.14,2818.29,3514.1
COST_06339,WO_06339,APU_028,1011.94,1169.89,3427.78,4439.72
COST_06340,WO_06340,APU_040,725.81,808.81,2143.35,2869.16
COST_06341,WO_06341,APU_001,135.77,1097.8,1789.41,1925.18
COST_06342,WO_06342,APU_013,457.06,846.64,2158.93,2615.99
COST_06343,WO_06343,APU_033,496.75,784.99,1970.32,2467.07
COST_06344,WO_06344,APU_031,483.36,1376.23,3413.05,3896.41
COST_06345,WO_06345,APU_022,977.71,1721.92,4769.72,5747.43
COST_06346,WO_06346,APU_030,646.83,1537.83,4352.06,4998.89
COST_06347,WO_06347,APU_002,856.09,744.39,1592.99,2449.08
COST_06348,WO_06348,APU_039,1099.73,636.24,3480.23,4579.96
COST_06349,WO_06349,APU_019,584.2,959.88,1372.63,1956.83
COST_06350,WO_06350,APU_006,617.47,1004.27,1837.81,2455.28
COST_06351,WO_06351,APU_024,998.38,1395.3,17497.06,18495.44
COST_06352,WO_06352,APU_033,823.74,1575.33,2426.01,3249.75
COST_06353,WO_06353,APU_017,308.14,631.16,814.2,1122.34
COST_06354,WO_06354,APU_033,690.93,1577.64,6420.99,7111.92
COST_06355,WO_06355,APU_026,404.92,1022.1,889.23,1294.15
COST_06356,WO_06356,APU_015,974.71,684.27,1635.41,2610.12
COST_06357,WO_06357,APU_003,1024.61,451.81,3998.52,5023.13
COST_06358,WO_06358,APU_041,514.93,1211.07,1404.84,1919.77
COST_06359,WO_06359,APU_027,862.09,691.66,629.41,1491.5
COST_06360,WO_06360,APU_001,334.66,1736.09,2065.95,2400.61
COST_06361,WO_06361,APU_036,414.79,1319.75,5886.09,6300.88
COST_06362,WO_06362,APU_020,451.44,763.93,3857.85,4309.29
COST_06363,WO_06363,APU_045,775.06,1660.32,3403.66,4178.72
COST_06364,WO_06364,APU_038,544.99,541.63,2144.85,2689.84
COST_06365,WO_06365,APU_014,1118.01,1687.45,9854.71,10972.72
COST_06366,WO_06366,APU_012,431.99,886.8,6438.17,6870.16
COST_06367,WO_06367,APU_001,594.29,1296.45,3072.59,3666.88
COST_06368,WO_06368,APU_026,484.5,1723.53,1327.12,1811.62
COST_06369,WO_06369,APU_015,566.74,807.57,1397.1,1963.84
COST_06370,WO_06370,APU_047,1022.84,1792.42,3853.7,4876.54
COST_06371,WO_06371,APU_038,747.35,365.76,863.19,1610.54
COST_06372,WO_06372,APU_043,243.18,1570.36,3847.38,4090.56
COST_06373,WO_06373,APU_019,707.13,934.84,4702.25,5409.38
COST_06374,WO_06374,APU_005,994.64,317.42,1739.46,2734.1
COST_06375,WO_06375,APU_041,286.39,1542.06,3808.89,4095.28
COST_06376,WO_06376,APU_002,291.98,1799.89,8945.45,9237.43
COST_06377,WO_06377,APU_018,428.18,1092.88,3617.43,4045.61
COST_06378,WO_06378,APU_007,345.89,1491.69,4206.57,4552.46
COST_06379,WO_06379,APU_019,415.14,753.48,3375.59,3790.73
COST_06380,WO_06380,APU_028,1069.48,1276.93,3613.71,4683.19
COST_06381,WO_06381,APU_026,773.95,1308.55,11031.08,11805.03
COST_06382,WO_06382,APU_033,928.48,1013.56,1246.68,2175.16
COST_06383,WO_06383,APU_015,166.17,340.54,698.11,864.28
COST_06384,WO_06384,APU_035,168.61,1195.31,3036.09,3204.7
COST_06385,WO_06385,APU_047,972.02,629.29,2177.34,3149.36
COST_06386,WO_06386,APU_023,970.6,1417.14,7737.58,8708.18
COST_06387,WO_06387,APU_039,458.44,1378.69,3694.89,4153.33
COST_06388,WO_06388,APU_030,769.85,978.8,1213.71,1983.56
COST_06389,WO_06389,APU_016,948.68,932.26,4027.36,4976.04
COST_06390,WO_06390,APU_028,889.98,759.73,3130.09,4020.07
COST_06391,WO_06391,APU_042,563.18,1252.18,1164.53,1727.71
COST_06392,WO_06392,APU_006,384.07,316.14,856.74,1240.81
COST_06393,WO_06393,APU_044,440.95,893.47,1009.62,1450.57
COST_06394,WO_06394,APU_038,794.33,1079.74,2040.71,2835.04
COST_06395,WO_06395,APU_040,372.48,1113.16,1836.71,2209.19
COST_06396,WO_06396,APU_029,961.42,728.93,3090.66,4052.08
COST_06397,WO_06397,APU_048,572.96,1238.57,3591.85,4164.81
COST_06398,WO_06398,APU_030,308.46,852.37,1142.18,1450.64
COST_06399,WO_06399,APU_049,660.5,319.92,1410.85,2071.35
COST_06400,WO_06400,APU_017,646.15,986.85,1223.69,1869.84
COST_06401,WO_06401,APU_007,851.88,1134.16,3697.36,4549.24
COST_06402,WO_06402,APU_011,802.19,1487.3,2587.9,3390.09
COST_06403,WO_06403,APU_024,672.11,1588.49,3526.45,4198.56
COST_06404,WO_06404,APU_008,1011.25,1308.73,4698.34,5709.59
COST_06405,WO_06405,APU_031,1008.04,593.3,2147.75,3155.79
COST_06406,WO_06406,APU_012,692.37,831.69,4715.68,5408.05
COST_06407,WO_06407,APU_021,270.69,773.72,2011.67,2282.36
COST_06408,WO_06408,APU_016,423.81,482.14,1552.49,1976.3
COST_06409,WO_06409,APU_027,295.56,1653.81,3539.15,3834.71
COST_06410,WO_06410,APU_014,607.81,393.94,1181.82,1789.63
COST_06411,WO_06411,APU_023,649.74,1272.03,4401.22,5050.96
COST_06412,WO_06412,APU_015,707.23,475.08,1225.71,1932.94
COST_06413,WO_06413,APU_019,598.27,981.86,991.68,1589.95
COST_06414,WO_06414,APU_037,646.93,1439.62,4693.16,5340.09
COST_06415,WO_06415,APU_042,939.63,1062.05,3526.01,4465.64
COST_06416,WO_06416,APU_005,347.26,766.01,1432.44,1779.7
COST_06417,WO_06417,APU_050,834.63,889.88,1192.44,2027.07
COST_06418,WO_06418,APU_013,1072.3,1321.45,8087.27,9159.57
COST_06419,WO_06419,APU_039,872.45,741.0,2637.96,3510.41
COST_06420,WO_06420,APU_030,907.65,491.09,1178.62,2086.27
COST_06421,WO_06421,APU_028,475.52,889.97,1290.46,1765.98
COST_06422,WO_06422,APU_047,660.16,780.76,1350.71,2010.87
COST_06423,WO_06423,APU_014,450.58,631.1,3508.92,3959.5
COST_06424,WO_06424,APU_038,564.3,1072.69,3142.98,3707.28
COST_06425,WO_06425,APU_045,525.34,1707.79,3432.66,3958.0
COST_06426,WO_06426,APU_001,834.04,1382.95,4978.62,5812.66
COST_06427,WO_06427,APU_042,381.14,808.95,1407.57,1788.71
COST_06428,WO_06428,APU_029,1057.33,1487.65,9238.31,10295.64
COST_06429,WO_06429,APU_031,730.28,444.1,2540.25,3270.53
COST_06430,WO_06430,APU_016,702.03,361.54,759.23,1461.26
COST_06431,WO_06431,APU_028,366.74,386.26,741.62,1108.36
COST_06432,WO_06432,APU_046,55.81,425.14,272.09,327.9
COST_06433,WO_06433,APU_049,569.09,369.8,443.76,1012.85
COST_06434,WO_06434,APU_035,528.81,960.75,1248.98,1777.79
COST_06435,WO_06435,APU_013,131.63,1422.56,4168.1,4299.73
COST_06436,WO_06436,APU_015,554.03,1724.94,3915.61,4469.64
COST_06437,WO_06437,APU_028,270.16,714.58,928.95,1199.11
COST_06438,WO_06438,APU_017,542.59,1467.38,3419.0,3961.59
COST_06439,WO_06439,APU_031,202.09,1114.21,4000.01,4202.1
COST_06440,WO_06440,APU_028,729.71,879.39,3192.19,3921.9
COST_06441,WO_06441,APU_043,714.19,1420.06,1363.26,2077.45
COST_06442,WO_06442,APU_012,551.26,1043.23,2639.37,3190.63
COST_06443,WO_06443,APU_047,907.26,1730.12,2197.25,3104.51
COST_06444,WO_06444,APU_021,502.28,1437.59,6411.65,6913.93
COST_06445,WO_06445,APU_043,1033.43,384.49,1607.17,2640.6
COST_06446,WO_06446,APU_046,416.92,870.8,1445.53,1862.45
COST_06447,WO_06447,APU_008,241.1,510.77,909.17,1150.27
COST_06448,WO_06448,APU_008,866.32,786.91,1660.38,2526.7
COST_06449,WO_06449,APU_021,344.01,1586.17,1253.07,1597.08
COST_06450,WO_06450,APU_002,674.73,751.52,2457.47,3132.2
COST_06451,WO_06451,APU_003,203.82,1198.59,2804.7,3008.52
COST_06452,WO_06452,APU_013,930.47,301.46,1395.76,2326.23
COST_06453,WO_06453,APU_032,165.85,809.98,1206.87,1372.72
COST_06454,WO_06454,APU_011,249.59,621.76,1200.0,1449.59
COST_06455,WO_06455,APU_040,602.56,1276.51,1519.05,2121.61
COST_06456,WO_06456,APU_011,909.08,986.49,1538.92,2448.0
COST_06457,WO_06457,APU_015,600.84,1604.38,2278.22,2879.06
COST_06458,WO_06458,APU_010,1137.35,741.37,3484.44,4621.79
COST_06459,WO_06459,APU_044,714.26,861.56,1593.89,2308.15
COST_06460,WO_06460,APU_042,296.95,958.05,2787.93,3084.88
COST_06461,WO_06461,APU_037,1005.26,448.33,986.33,1991.59
COST_06462,WO_06462,APU_026,230.4,679.83,917.77,1148.17
COST_06463,WO_06463,APU_049,360.64,1401.64,3476.07,3836.71
COST_06464,WO_06464,APU_018,747.42,436.31,1649.25,2396.67
COST_06465,WO_06465,APU_041,172.93,1629.02,2280.63,2453.56
COST_06466,WO_06466,APU_044,1008.19,1698.12,7200.03,8208.22
COST_06467,WO_06467,APU_004,1003.71,1260.05,2142.09,3145.8
COST_06468,WO_06468,APU_024,586.34,1440.55,2996.34,3582.68
COST_06469,WO_06469,APU_041,532.4,1247.54,4541.05,5073.45
COST_06470,WO_06470,APU_021,626.22,606.58,1146.44,1772.66
COST_06471,WO_06471,APU_035,607.16,645.02,1793.16,2400.32
COST_06472,WO_06472,APU_008,827.35,790.38,1809.97,2637.32
COST_06473,WO_06473,APU_047,680.09,350.36,1023.05,1703.14
COST_06474,WO_06474,APU_015,813.65,1168.58,853.06,1666.71
COST_06475,WO_06475,APU_014,494.47,1216.39,1204.23,1698.7
COST_06476,WO_06476,APU_037,1143.89,460.31,1753.78,2897.67
COST_06477,WO_06477,APU_036,658.4,743.23,3574.94,4233.34
COST_06478,WO_06478,APU_050,955.17,1162.72,1918.49,2873.66
COST_06479,WO_06479,APU_033,444.55,1366.78,3252.94,3697.49
COST_06480,WO_06480,APU_019,1108.68,577.4,1847.68,2956.36
COST_06481,WO_06481,APU_039,880.29,1720.07,6845.88,7726.17
COST_06482,WO_06482,APU_004,680.04,1365.41,1215.21,1895.25
COST_06483,WO_06483,APU_040,176.24,1690.36,2822.9,2999.14
COST_06484,WO_06484,APU_026,526.05,913.03,2063.45,2589.5
COST_06485,WO_06485,APU_029,314.25,1727.11,6908.44,7222.69
COST_06486,WO_06486,APU_018,790.83,589.12,6327.15,7117.98
COST_06487,WO_06487,APU_029,640.34,1537.35,3689.64,4329.98
COST_06488,WO_06488,APU_002,537.06,1134.42,1418.03,1955.09
COST_06489,WO_06489,APU_045,510.42,1522.87,5162.53,5672.95
COST_06490,WO_06490,APU_047,1125.63,378.32,2126.16,3251.79
COST_06491,WO_06491,APU_033,326.45,1711.89,4930.24,5256.69
COST_06492,WO_06492,APU_031,196.5,961.71,1586.82,1783.32
COST_06493,WO_06493,APU_041,403.49,459.8,2115.08,2518.57
COST_06494,WO_06494,APU_048,477.47,1751.97,6867.72,7345.19
COST_06495,WO_06495,APU_006,486.74,1371.18,2125.33,2612.07
COST_06496,WO_06496,APU_007,1082.94,1365.12,4573.15,5656.09
COST_06497,WO_06497,APU_017,547.68,868.64,4082.61,4630.29
COST_06498,WO_06498,APU_017,539.97,1797.75,9366.28,9906.25
COST_06499,WO_06499,APU_006,484.28,1249.76,3274.37,3758.65
COST_06500,WO_06500,APU_037,425.1,1065.31,2375.64,2800.74
COST_06501,WO_06501,APU_043,1003.91,1561.74,8339.69,9343.6
COST_06502,WO_06502,APU_020,453.55,749.67,1049.54,1503.09
COST_06503,WO_06503,APU_008,871.27,1555.57,5382.27,6253.54
COST_06504,WO_06504,APU_038,597.02,1416.91,1813.64,2410.66
COST_06505,WO_06505,APU_023,479.17,370.96,1810.28,2289.45
COST_06506,WO_06506,APU_050,396.22,1276.87,3013.41,3409.63
COST_06507,WO_06507,APU_007,1029.85,1178.54,6434.83,7464.68
COST_06508,WO_06508,APU_028,673.95,1315.96,4684.82,5358.77
COST_06509,WO_06509,APU_037,521.73,886.48,1232.21,1753.94
COST_06510,WO_06510,APU_014,474.44,641.47,3816.75,4291.19
COST_06511,WO_06511,APU_041,704.54,543.75,3469.12,4173.66
COST_06512,WO_06512,APU_028,579.79,1348.38,5959.84,6539.63
COST_06513,WO_06513,APU_001,231.92,621.74,1112.91,1344.83
COST_06514,WO_06514,APU_004,834.72,1040.74,2393.7,3228.42
COST_06515,WO_06515,APU_047,275.88,1130.57,3323.88,3599.76
COST_06516,WO_06516,APU_015,934.55,869.42,1608.43,2542.98
COST_06517,WO_06517,APU_027,538.33,1009.21,6953.46,7491.79
COST_06518,WO_06518,APU_016,561.78,1451.44,4267.23,4829.01
COST_06519,WO_06519,APU_024,78.3,1638.23,999.32,1077.62
COST_06520,WO_06520,APU_014,440.77,657.41,2156.3,2597.07
COST_06521,WO_06521,APU_001,345.36,1136.04,2544.73,2890.09
COST_06522,WO_06522,APU_032,1114.42,462.98,1208.38,2322.8
COST_06523,WO_06523,APU_007,390.11,1029.66,2285.85,2675.96
COST_06524,WO_06524,APU_037,371.17,1151.09,4880.62,5251.79
COST_06525,WO_06525,APU_031,1067.79,1457.29,7330.17,8397.96
COST_06526,WO_06526,APU_007,493.49,1443.11,4589.09,5082.58
COST_06527,WO_06527,APU_045,955.15,1223.37,2764.82,3719.97
COST_06528,WO_06528,APU_001,190.81,959.54,2552.38,2743.19
COST_06529,WO_06529,APU_006,300.56,1496.62,4115.7,4416.26
COST_06530,WO_06530,APU_006,372.14,1315.57,2302.25,2674.39
COST_06531,WO_06531,APU_040,486.82,1023.86,3829.24,4316.06
COST_06532,WO_06532,APU_027,383.61,385.97,1350.89,1734.5
COST_06533,WO_06533,APU_032,932.26,1260.71,7992.9,8925.16
COST_06534,WO_06534,APU_044,589.15,889.83,4822.88,5412.03
COST_06535,WO_06535,APU_020,897.92,1342.3,2496.68,3394.6
COST_06536,WO_06536,APU_006,571.75,421.55,1800.02,2371.77
COST_06537,WO_06537,APU_030,700.54,420.47,676.96,1377.5
COST_06538,WO_06538,APU_022,481.18,791.85,3159.48,3640.66
COST_06539,WO_06539,APU_050,804.69,741.35,1519.77,2324.46
COST_06540,WO_06540,APU_014,285.75,1475.98,2287.77,2573.52
COST_06541,WO_06541,APU_049,453.81,881.11,2793.12,3246.93
COST_06542,WO_06542,APU_038,807.54,540.77,335.28,1142.82
COST_06543,WO_06543,APU_035,881.48,1157.29,1203.58,2085.06
COST_06544,WO_06544,APU_041,354.34,938.41,2317.87,2672.21
COST_06545,WO_06545,APU_034,708.67,1566.35,4448.43,5157.1
COST_06546,WO_06546,APU_008,748.02,1625.41,3608.41,4356.43
COST_06547,WO_06547,APU_009,690.96,608.48,693.67,1384.63
COST_06548,WO_06548,APU_015,676.09,990.43,1713.44,2389.53
COST_06549,WO_06549,APU_050,779.17,694.1,2339.12,3118.29
COST_06550,WO_06550,APU_047,509.94,1095.44,4096.95,4606.89
COST_06551,WO_06551,APU_030,493.57,1778.3,4783.63,5277.2
COST_06552,WO_06552,APU_016,412.46,1711.24,8795.77,9208.23
COST_06553,WO_06553,APU_022,1084.41,1390.81,4700.94,5785.35
COST_06554,WO_06554,APU_034,320.12,701.08,1261.94,1582.06
COST_06555,WO_06555,APU_029,370.15,1219.92,2842.41,3212.56
COST_06556,WO_06556,APU_024,175.83,735.58,926.83,1102.66
COST_06557,WO_06557,APU_027,177.72,1156.41,2960.41,3138.13
COST_06558,WO_06558,APU_005,824.28,1514.35,7586.89,8411.17
COST_06559,WO_06559,APU_015,633.81,1593.75,6311.25,6945.06
COST_06560,WO_06560,APU_023,566.81,980.51,5765.4,6332.21
COST_06561,WO_06561,APU_017,957.54,498.52,1146.6,2104.14
COST_06562,WO_06562,APU_001,648.16,1492.24,8505.77,9153.93
COST_06563,WO_06563,APU_014,667.24,1029.34,2511.59,3178.83
COST_06564,WO_06564,APU_036,447.72,1720.59,10512.8,10960.52
COST_06565,WO_06565,APU_010,978.39,458.85,1234.31,2212.7
COST_06566,WO_06566,APU_028,1197.97,491.74,1971.88,3169.85
COST_06567,WO_06567,APU_045,553.15,633.26,3875.55,4428.7
COST_06568,WO_06568,APU_004,188.5,878.24,2142.91,2331.41
COST_06569,WO_06569,APU_015,300.0,1030.53,3163.73,3463.73
COST_06570,WO_06570,APU_047,452.37,949.92,5243.56,5695.93
COST_06571,WO_06571,APU_008,869.75,1440.94,3645.58,4515.33
COST_06572,WO_06572,APU_025,816.42,1257.98,1647.95,2464.37
COST_06573,WO_06573,APU_020,1171.17,1197.74,10576.04,11747.21
COST_06574,WO_06574,APU_008,528.25,941.64,1977.44,2505.69
COST_06575,WO_06575,APU_002,904.31,993.22,2949.86,3854.17
COST_06576,WO_06576,APU_023,1077.56,787.85,4041.67,5119.23
COST_06577,WO_06577,APU_001,489.02,1668.07,3252.74,3741.76
COST_06578,WO_06578,APU_036,167.48,1315.74,2052.55,2220.03
COST_06579,WO_06579,APU_033,507.49,556.01,1740.31,2247.8
COST_06580,WO_06580,APU_034,110.36,1139.98,1151.38,1261.74
COST_06581,WO_06581,APU_048,780.39,706.68,1639.5,2419.89
COST_06582,WO_06582,APU_042,693.68,822.47,2557.88,3251.56
COST_06583,WO_06583,APU_002,758.07,1635.95,3828.12,4586.19
COST_06584,WO_06584,APU_037,805.28,1505.14,1745.96,2551.24
COST_06585,WO_06585,APU_017,1039.26,1515.09,9893.54,10932.8
COST_06586,WO_06586,APU_017,520.7,863.2,2486.02,3006.72
COST_06587,WO_06587,APU_050,599.19,1520.26,9075.95,9675.14
COST_06588,WO_06588,APU_037,401.45,934.88,2206.32,2607.77
COST_06589,WO_06589,APU_038,392.06,1670.94,2807.18,3199.24
COST_06590,WO_06590,APU_036,836.95,1133.42,3570.27,4407.22
COST_06591,WO_06591,APU_015,614.4,1205.51,2905.28,3519.68
COST_06592,WO_06592,APU_021,416.18,570.21,809.7,1225.88
COST_06593,WO_06593,APU_030,1153.56,1265.13,7717.29,8870.85
COST_06594,WO_06594,APU_048,179.42,577.81,1115.17,1294.59
COST_06595,WO_06595,APU_025,735.66,518.13,512.95,1248.61
COST_06596,WO_06596,APU_026,1040.27,770.49,4345.56,5385.83
COST_06597,WO_06597,APU_005,968.42,1495.0,3079.7,4048.12
COST_06598,WO_06598,APU_027,568.52,1698.8,3312.66,3881.18
COST_06599,WO_06599,APU_001,231.95,506.49,521.68,753.63
COST_06600,WO_06600,APU_018,462.28,1226.56,8684.04,9146.32
COST_06601,WO_06601,APU_006,263.29,954.4,1278.9,1542.19
COST_06602,WO_06602,APU_044,774.68,1504.89,4228.74,5003.42
COST_06603,WO_06603,APU_013,776.63,994.5,4465.31,5241.94
COST_06604,WO_06604,APU_045,675.65,1568.36,5379.47,6055.12
COST_06605,WO_06605,APU_048,846.65,1600.15,4208.39,5055.04
COST_06606,WO_06606,APU_018,628.43,834.33,892.73,1521.16
COST_06607,WO_06607,APU_044,342.45,1007.85,1753.66,2096.11
COST_06608,WO_06608,APU_043,1024.9,1761.84,5303.14,6328.04
COST_06609,WO_06609,APU_050,446.44,741.76,1305.5,1751.94
COST_06610,WO_06610,APU_047,642.4,1446.12,4396.2,5038.6
COST_06611,WO_06611,APU_020,866.85,555.28,2193.36,3060.21
COST_06612,WO_06612,APU_036,443.63,310.57,1434.83,1878.46
COST_06613,WO_06613,APU_045,496.9,1686.86,2327.87,2824.77
COST_06614,WO_06614,APU_010,736.15,1764.4,16056.04,16792.19
COST_06615,WO_06615,APU_040,1155.37,1201.72,4987.14,6142.51
COST_06616,WO_06616,APU_019,398.48,894.11,2431.98,2830.46
COST_06617,WO_06617,APU_041,1137.83,713.73,3532.96,4670.79
COST_06618,WO_06618,APU_044,886.14,706.33,7049.17,7935.31
COST_06619,WO_06619,APU_035,773.51,1310.36,1611.74,2385.25
COST_06620,WO_06620,APU_021,764.99,1193.83,2865.19,3630.18
COST_06621,WO_06621,APU_008,617.8,1531.34,1117.88,1735.68
COST_06622,WO_06622,APU_050,189.63,1171.39,3537.6,3727.23
COST_06623,WO_06623,APU_009,1030.49,436.61,1449.55,2480.04
COST_06624,WO_06624,APU_049,711.43,1641.97,4367.64,5079.07
COST_06625,WO_06625,APU_044,173.0,928.29,1763.75,1936.75
COST_06626,WO_06626,APU_008,64.83,1183.37,1041.37,1106.2
COST_06627,WO_06627,APU_010,620.2,1414.44,4724.23,5344.43
COST_06628,WO_06628,APU_006,766.75,970.8,5873.34,6640.09
COST_06629,WO_06629,APU_009,880.87,1669.76,3272.73,4153.6
COST_06630,WO_06630,APU_050,451.04,1660.56,5745.54,6196.58
COST_06631,WO_06631,APU_003,952.95,455.83,524.2,1477.15
COST_06632,WO_06632,APU_029,830.95,1282.76,4489.66,5320.61
COST_06633,WO_06633,APU_043,445.85,1161.49,2543.66,2989.51
COST_06634,WO_06634,APU_048,383.6,1050.41,1880.23,2263.83
COST_06635,WO_06635,APU_032,491.38,1193.66,2136.65,2628.03
COST_06636,WO_06636,APU_033,1065.56,773.01,1692.89,2758.45
COST_06637,WO_06637,APU_021,261.25,471.27,1578.75,1840.0
COST_06638,WO_06638,APU_048,932.79,1760.05,2323.27,3256.06
COST_06639,WO_06639,APU_010,331.71,1333.88,2907.86,3239.57
COST_06640,WO_06640,APU_021,1025.95,1300.43,3459.14,4485.09
COST_06641,WO_06641,APU_004,477.59,782.31,1165.64,1643.23
COST_06642,WO_06642,APU_045,804.54,1031.24,7528.05,8332.59
COST_06643,WO_06643,APU_003,591.82,1282.42,2180.11,2771.93
COST_06644,WO_06644,APU_008,297.78,405.34,762.04,1059.82
COST_06645,WO_06645,APU_002,422.46,1155.69,1837.55,2260.01
COST_06646,WO_06646,APU_044,946.17,1763.85,12893.74,13839.91
COST_06647,WO_06647,APU_008,627.67,946.37,3482.64,4110.31
COST_06648,WO_06648,APU_004,561.9,1404.8,2275.78,2837.68
COST_06649,WO_06649,APU_018,581.17,1056.57,5272.28,5853.45
COST_06650,WO_06650,APU_045,752.56,958.68,2914.39,3666.95
COST_06651,WO_06651,APU_045,1024.36,589.9,1846.39,2870.75
COST_06652,WO_06652,APU_034,329.21,1677.42,3774.2,4103.41
COST_06653,WO_06653,APU_037,573.65,995.77,1792.39,2366.04
COST_06654,WO_06654,APU_036,793.94,865.99,2831.79,3625.73
COST_06655,WO_06655,APU_037,750.62,1084.23,2179.3,2929.92
COST_06656,WO_06656,APU_017,562.76,1511.95,11158.19,11720.95
COST_06657,WO_06657,APU_022,456.42,1390.56,1877.26,2333.68
COST_06658,WO_06658,APU_015,1295.48,1087.82,6885.9,8181.38
COST_06659,WO_06659,APU_033,400.58,440.78,1128.4,1528.98
COST_06660,WO_06660,APU_032,785.07,933.15,2986.08,3771.15
COST_06661,WO_06661,APU_050,316.51,990.54,4259.32,4575.83
COST_06662,WO_06662,APU_019,936.13,1622.17,3114.57,4050.7
COST_06663,WO_06663,APU_030,450.8,1524.98,6664.16,7114.96
COST_06664,WO_06664,APU_027,231.33,1324.59,808.0,1039.33
COST_06665,WO_06665,APU_041,464.84,807.16,1477.1,1941.94
COST_06666,WO_06666,APU_045,964.04,612.22,1004.04,1968.08
COST_06667,WO_06667,APU_011,128.01,784.02,1066.27,1194.28
COST_06668,WO_06668,APU_050,856.61,755.2,1827.58,2684.19
COST_06669,WO_06669,APU_001,1113.57,1469.81,4938.56,6052.13
COST_06670,WO_06670,APU_034,537.31,1676.04,6704.16,7241.47
COST_06671,WO_06671,APU_044,787.5,546.99,1695.67,2483.17
COST_06672,WO_06672,APU_040,778.56,670.15,1259.88,2038.44
COST_06673,WO_06673,APU_024,433.1,631.91,2104.26,2537.36
COST_06674,WO_06674,APU_034,514.7,1032.79,3005.42,3520.12
COST_06675,WO_06675,APU_030,530.56,1269.75,5777.36,6307.92
COST_06676,WO_06676,APU_009,758.05,1548.35,6456.62,7214.67
COST_06677,WO_06677,APU_029,947.14,1379.39,3807.12,4754.26
COST_06678,WO_06678,APU_035,331.49,1619.23,2687.92,3019.41
COST_06679,WO_06679,APU_012,443.78,1286.08,2443.55,2887.33
COST_06680,WO_06680,APU_028,987.1,495.97,996.9,1984.0
COST_06681,WO_06681,APU_046,645.31,596.79,1366.65,2011.96
COST_06682,WO_06682,APU_015,355.34,674.36,2124.23,2479.57
COST_06683,WO_06683,APU_047,574.32,778.13,3135.86,3710.18
COST_06684,WO_06684,APU_016,811.19,516.93,1364.7,2175.89
COST_06685,WO_06685,APU_019,634.81,716.72,1963.81,2598.62
COST_06686,WO_06686,APU_002,726.31,1052.75,3095.09,3821.4
COST_06687,WO_06687,APU_031,954.12,1628.7,3338.83,4292.95
COST_06688,WO_06688,APU_020,472.69,1267.6,2066.19,2538.88
COST_06689,WO_06689,APU_021,643.52,1762.01,1832.49,2476.01
COST_06690,WO_06690,APU_016,423.04,831.14,1537.61,1960.65
COST_06691,WO_06691,APU_026,580.05,1040.15,3671.73,4251.78
COST_06692,WO_06692,APU_004,745.78,793.91,1468.73,2214.51
COST_06693,WO_06693,APU_011,531.01,1462.5,3495.38,4026.39
COST_06694,WO_06694,APU_009,1029.08,1140.49,4003.12,5032.2
COST_06695,WO_06695,APU_031,940.76,703.78,2547.68,3488.44
COST_06696,WO_06696,APU_041,515.36,382.44,573.66,1089.02
COST_06697,WO_06697,APU_017,928.36,472.13,2219.01,3147.37
COST_06698,WO_06698,APU_043,488.63,921.56,4653.88,5142.51
COST_06699,WO_06699,APU_027,242.99,1086.02,1585.59,1828.58
COST_06700,WO_06700,APU_001,726.0,338.9,586.3,1312.3
COST_06701,WO_06701,APU_032,871.99,958.26,5011.7,5883.69
COST_06702,WO_06702,APU_017,418.58,774.07,1942.92,2361.5
COST_06703,WO_06703,APU_002,881.7,544.43,435.54,1317.24
COST_06704,WO_06704,APU_009,301.61,674.71,850.13,1151.74
COST_06705,WO_06705,APU_038,747.4,1769.27,4193.17,4940.57
COST_06706,WO_06706,APU_013,374.3,1600.42,2288.6,2662.9
COST_06707,WO_06707,APU_001,428.34,458.82,995.64,1423.98
COST_06708,WO_06708,APU_039,1018.55,852.94,2362.64,3381.19
COST_06709,WO_06709,APU_035,723.23,1638.72,9963.42,10686.65
COST_06710,WO_06710,APU_029,736.61,966.15,2241.47,2978.08
COST_06711,WO_06711,APU_024,388.75,1479.16,7247.88,7636.63
COST_06712,WO_06712,APU_028,889.7,1135.75,6769.07,7658.77
COST_06713,WO_06713,APU_019,431.46,1374.89,8221.84,8653.3
COST_06714,WO_06714,APU_033,515.38,465.31,1479.69,1995.07
COST_06715,WO_06715,APU_002,603.84,707.76,651.14,1254.98
COST_06716,WO_06716,APU_035,360.69,737.01,2579.53,2940.22
COST_06717,WO_06717,APU_030,844.05,1705.13,8252.83,9096.88
COST_06718,WO_06718,APU_024,831.7,449.53,1168.78,2000.48
COST_06719,WO_06719,APU_011,693.03,1517.57,10774.75,11467.78
COST_06720,WO_06720,APU_038,433.48,303.22,1322.04,1755.52
COST_06721,WO_06721,APU_028,769.53,1555.7,5787.2,6556.73
COST_06722,WO_06722,APU_037,1046.34,872.09,4308.12,5354.46
COST_06723,WO_06723,APU_047,650.17,1021.51,3340.34,3990.51
COST_06724,WO_06724,APU_023,73.28,1068.09,736.98,810.26
COST_06725,WO_06725,APU_048,597.31,331.46,686.12,1283.43
COST_06726,WO_06726,APU_045,499.04,1257.52,6601.98,7101.02
COST_06727,WO_06727,APU_003,255.6,675.57,1175.49,1431.09
COST_06728,WO_06728,APU_036,352.59,534.17,1282.01,1634.6
COST_06729,WO_06729,APU_026,425.63,1337.98,2047.11,2472.74
COST_06730,WO_06730,APU_049,717.08,325.16,2357.41,3074.49
COST_06731,WO_06731,APU_013,729.34,956.55,6552.37,7281.71
COST_06732,WO_06732,APU_005,1013.87,1545.51,2581.0,3594.87
COST_06733,WO_06733,APU_019,461.68,490.03,1445.59,1907.27
COST_06734,WO_06734,APU_044,946.09,1358.76,2540.88,3486.97
COST_06735,WO_06735,APU_026,1088.6,1065.46,4059.4,5148.0
COST_06736,WO_06736,APU_032,383.04,976.59,3515.72,3898.76
COST_06737,WO_06737,APU_009,1028.46,804.08,3417.34,4445.8
COST_06738,WO_06738,APU_039,697.4,1704.7,5557.32,6254.72
COST_06739,WO_06739,APU_049,1313.41,359.73,4913.91,6227.32
COST_06740,WO_06740,APU_036,961.06,1562.34,2406.0,3367.06
COST_06741,WO_06741,APU_040,361.09,1520.8,1612.05,1973.14
COST_06742,WO_06742,APU_011,379.44,672.52,1472.82,1852.26
COST_06743,WO_06743,APU_024,535.72,1535.45,1765.77,2301.49
COST_06744,WO_06744,APU_044,249.85,1333.15,1599.78,1849.63
COST_06745,WO_06745,APU_016,982.96,694.05,1089.66,2072.62
COST_06746,WO_06746,APU_022,167.37,364.64,598.01,765.38
COST_06747,WO_06747,APU_021,840.61,1170.69,1884.81,2725.42
COST_06748,WO_06748,APU_001,1064.1,1120.01,4043.24,5107.34
COST_06749,WO_06749,APU_019,895.11,625.6,1288.74,2183.85
COST_06750,WO_06750,APU_019,280.36,1785.11,4391.37,4671.73
COST_06751,WO_06751,APU_036,450.94,1443.22,6422.33,6873.27
COST_06752,WO_06752,APU_046,331.46,1602.05,2851.65,3183.11
COST_06753,WO_06753,APU_019,935.19,794.81,1867.8,2802.99
COST_06754,WO_06754,APU_014,383.24,487.61,1618.87,2002.11
COST_06755,WO_06755,APU_030,188.39,1783.36,1658.52,1846.91
COST_06756,WO_06756,APU_022,226.52,1543.32,1126.62,1353.14
COST_06757,WO_06757,APU_030,629.95,1639.43,5393.72,6023.67
COST_06758,WO_06758,APU_034,224.25,1270.92,4524.48,4748.73
COST_06759,WO_06759,APU_024,770.88,1771.61,14987.82,15758.7
COST_06760,WO_06760,APU_010,1009.52,665.65,1976.98,2986.5
COST_06761,WO_06761,APU_020,804.9,1724.79,7364.85,8169.75
COST_06762,WO_06762,APU_001,799.77,1339.28,3267.84,4067.61
COST_06763,WO_06763,APU_034,684.96,1086.58,3477.06,4162.02
COST_06764,WO_06764,APU_004,945.93,1464.25,9956.9,10902.83
COST_06765,WO_06765,APU_018,428.74,816.14,693.72,1122.46
COST_06766,WO_06766,APU_038,723.67,784.5,2675.14,3398.81
COST_06767,WO_06767,APU_004,920.54,1197.62,10539.06,11459.6
COST_06768,WO_06768,APU_024,518.21,419.15,1328.71,1846.92
COST_06769,WO_06769,APU_025,629.69,1676.09,11296.85,11926.54
COST_06770,WO_06770,APU_010,330.76,750.97,1441.86,1772.62
COST_06771,WO_06771,APU_024,190.2,1776.0,4741.92,4932.12
COST_06772,WO_06772,APU_006,661.73,1401.52,3882.21,4543.94
COST_06773,WO_06773,APU_033,650.85,421.12,336.9,987.75
COST_06774,WO_06774,APU_048,295.27,1784.56,2551.92,2847.19
COST_06775,WO_06775,APU_012,949.3,855.49,1274.68,2223.98
COST_06776,WO_06776,APU_010,645.06,655.7,2799.84,3444.9
COST_06777,WO_06777,APU_014,565.78,1564.28,6867.19,7432.97
COST_06778,WO_06778,APU_014,1015.28,1188.32,3862.04,4877.32
COST_06779,WO_06779,APU_028,497.19,1355.59,5801.93,6299.12
COST_06780,WO_06780,APU_044,465.59,1034.38,2565.26,3030.85
COST_06781,WO_06781,APU_034,902.64,1157.87,6090.4,6993.04
COST_06782,WO_06782,APU_035,923.58,955.0,2607.15,3530.73
COST_06783,WO_06783,APU_026,527.98,1362.63,3828.99,4356.97
COST_06784,WO_06784,APU_032,673.05,389.04,914.24,1587.29
COST_06785,WO_06785,APU_006,828.45,1356.53,5371.86,6200.31
COST_06786,WO_06786,APU_038,230.26,465.7,1005.91,1236.17
COST_06787,WO_06787,APU_023,858.03,1309.09,6087.27,6945.3
COST_06788,WO_06788,APU_004,182.65,1375.38,2008.05,2190.7
COST_06789,WO_06789,APU_040,750.95,1137.41,1694.74,2445.69
COST_06790,WO_06790,APU_048,461.42,843.18,3347.42,3808.84
COST_06791,WO_06791,APU_043,397.85,496.21,1285.18,1683.03
COST_06792,WO_06792,APU_009,413.76,638.97,1354.62,1768.38
COST_06793,WO_06793,APU_003,873.47,860.19,3819.24,4692.71
COST_06794,WO_06794,APU_027,716.02,1251.01,2439.47,3155.49
COST_06795,WO_06795,APU_050,974.9,1503.76,3654.14,4629.04
COST_06796,WO_06796,APU_034,1005.84,1732.44,10169.42,11175.26
COST_06797,WO_06797,APU_023,943.28,494.07,3132.4,4075.68
COST_06798,WO_06798,APU_036,971.32,1004.29,6477.67,7448.99
COST_06799,WO_06799,APU_037,262.12,1661.77,3871.92,4134.04
COST_06800,WO_06800,APU_022,489.04,1126.74,6028.06,6517.1
COST_06801,WO_06801,APU_042,651.65,1785.52,2874.69,3526.34
COST_06802,WO_06802,APU_013,179.69,1043.2,1721.28,1900.97
COST_06803,WO_06803,APU_050,256.11,1285.16,963.87,1219.98
COST_06804,WO_06804,APU_043,972.23,436.31,2975.63,3947.86
COST_06805,WO_06805,APU_029,537.81,1304.88,2205.25,2743.06
COST_06806,WO_06806,APU_049,865.58,587.17,1491.41,2356.99
COST_06807,WO_06807,APU_017,305.06,1765.22,2912.61,3217.67
COST_06808,WO_06808,APU_032,436.25,1349.43,5370.73,5806.98
COST_06809,WO_06809,APU_027,489.17,1198.29,2648.22,3137.39
COST_06810,WO_06810,APU_044,284.26,1014.42,1349.18,1633.44
COST_06811,WO_06811,APU_012,1058.62,1295.52,4495.45,5554.07
COST_06812,WO_06812,APU_009,245.24,1537.23,1906.17,2151.41
COST_06813,WO_06813,APU_011,275.04,1152.22,1981.82,2256.86
COST_06814,WO_06814,APU_029,210.89,508.11,431.89,642.78
COST_06815,WO_06815,APU_015,236.91,1375.88,1706.09,1943.0
COST_06816,WO_06816,APU_009,541.26,1766.26,5298.78,5840.04
COST_06817,WO_06817,APU_003,141.74,1597.23,1469.45,1611.19
COST_06818,WO_06818,APU_004,293.02,999.91,1199.89,1492.91
COST_06819,WO_06819,APU_023,606.4,422.08,1143.84,1750.24
COST_06820,WO_06820,APU_035,889.62,1446.67,2922.27,3811.89
COST_06821,WO_06821,APU_022,787.98,1034.22,8408.21,9196.19
COST_06822,WO_06822,APU_045,799.06,551.5,4108.68,4907.74
COST_06823,WO_06823,APU_045,878.12,1740.93,2942.17,3820.29
COST_06824,WO_06824,APU_010,1036.51,1152.5,4252.73,5289.24
COST_06825,WO_06825,APU_026,738.08,514.81,2110.72,2848.8
COST_06826,WO_06826,APU_007,737.81,1072.98,2103.04,2840.85
COST_06827,WO_06827,APU_001,362.03,1472.44,1752.2,2114.23
COST_06828,WO_06828,APU_028,537.79,1372.41,3705.51,4243.3
COST_06829,WO_06829,APU_031,403.2,1448.89,3578.76,3981.96
COST_06830,WO_06830,APU_013,872.7,1094.68,2342.62,3215.32
COST_06831,WO_06831,APU_020,697.29,1791.72,6217.27,6914.56
COST_06832,WO_06832,APU_046,894.56,1047.99,1886.38,2780.94
COST_06833,WO_06833,APU_027,337.13,562.02,809.31,1146.44
COST_06834,WO_06834,APU_050,829.33,1242.09,3589.64,4418.97
COST_06835,WO_06835,APU_033,289.34,1311.96,4408.19,4697.53
COST_06836,WO_06836,APU_042,884.09,701.72,996.44,1880.53
COST_06837,WO_06837,APU_034,1042.03,508.94,2305.5,3347.53
COST_06838,WO_06838,APU_045,378.83,503.8,518.91,897.74
COST_06839,WO_06839,APU_009,395.43,1308.42,2590.67,2986.1
COST_06840,WO_06840,APU_017,971.62,793.11,1871.74,2843.36
COST_06841,WO_06841,APU_044,926.66,516.4,991.49,1918.15
COST_06842,WO_06842,APU_002,620.76,1393.66,2773.38,3394.14
COST_06843,WO_06843,APU_043,911.04,398.48,3032.43,3943.47
COST_06844,WO_06844,APU_020,550.64,1087.96,1849.53,2400.17
COST_06845,WO_06845,APU_011,1220.8,1236.16,12868.43,14089.23
COST_06846,WO_06846,APU_002,1087.23,1471.74,5092.22,6179.45
COST_06847,WO_06847,APU_006,702.82,994.22,2843.47,3546.29
COST_06848,WO_06848,APU_026,1061.77,643.45,2271.38,3333.15
COST_06849,WO_06849,APU_026,951.63,1202.11,13139.06,14090.69
COST_06850,WO_06850,APU_036,408.55,1050.88,1649.88,2058.43
COST_06851,WO_06851,APU_044,873.74,1485.97,2184.38,3058.12
COST_06852,WO_06852,APU_010,387.99,1299.66,2326.39,2714.38
COST_06853,WO_06853,APU_026,302.44,456.72,1265.11,1567.55
COST_06854,WO_06854,APU_012,516.3,941.12,988.18,1504.48
COST_06855,WO_06855,APU_049,610.93,1683.1,4628.52,5239.45
COST_06856,WO_06856,APU_026,552.44,373.15,2574.74,3127.18
COST_06857,WO_06857,APU_046,386.08,1728.44,5098.9,5484.98
COST_06858,WO_06858,APU_047,301.89,1766.73,4081.15,4383.04
COST_06859,WO_06859,APU_017,714.86,324.94,627.13,1341.99
COST_06860,WO_06860,APU_026,601.63,338.37,1509.13,2110.76
COST_06861,WO_06861,APU_030,144.77,1066.98,1845.88,1990.65
COST_06862,WO_06862,APU_040,748.62,385.61,2892.08,3640.7
COST_06863,WO_06863,APU_040,1031.09,808.18,6360.38,7391.47
COST_06864,WO_06864,APU_041,722.26,1735.33,5431.58,6153.84
COST_06865,WO_06865,APU_035,127.68,1137.84,3072.17,3199.85
COST_06866,WO_06866,APU_005,982.06,655.17,3138.26,4120.32
COST_06867,WO_06867,APU_026,1025.89,386.4,1916.54,2942.43
COST_06868,WO_06868,APU_021,351.01,835.49,1453.75,1804.76
COST_06869,WO_06869,APU_013,775.16,1782.76,3619.0,4394.16
COST_06870,WO_06870,APU_014,90.12,1062.61,1392.02,1482.14
COST_06871,WO_06871,APU_020,388.8,1793.46,6097.76,6486.56
COST_06872,WO_06872,APU_015,862.57,1553.66,6090.35,6952.92
COST_06873,WO_06873,APU_041,331.06,1581.42,2040.03,2371.09
COST_06874,WO_06874,APU_002,333.84,742.35,1573.78,1907.62
COST_06875,WO_06875,APU_018,207.89,1624.31,2111.6,2319.49
COST_06876,WO_06876,APU_039,912.85,1454.38,2414.27,3327.12
COST_06877,WO_06877,APU_027,794.74,361.66,1330.91,2125.65
COST_06878,WO_06878,APU_036,215.71,1515.83,2758.81,2974.52
COST_06879,WO_06879,APU_036,595.5,769.25,1769.27,2364.77
COST_06880,WO_06880,APU_005,304.7,719.93,799.12,1103.82
COST_06881,WO_06881,APU_027,1023.84,1665.57,5013.37,6037.21
COST_06882,WO_06882,APU_045,876.75,692.33,1834.67,2711.42
COST_06883,WO_06883,APU_016,537.13,1737.74,3162.69,3699.82
COST_06884,WO_06884,APU_042,152.42,1595.91,3909.98,4062.4
COST_06885,WO_06885,APU_031,811.43,738.85,2216.55,3027.98
COST_06886,WO_06886,APU_048,436.03,747.2,1300.13,1736.16
COST_06887,WO_06887,APU_008,360.11,996.09,1205.27,1565.38
COST_06888,WO_06888,APU_010,1130.45,1449.63,10640.28,11770.73
COST_06889,WO_06889,APU_032,287.85,320.55,615.46,903.31
COST_06890,WO_06890,APU_038,267.23,1192.93,3077.76,3344.99
COST_06891,WO_06891,APU_005,401.49,1260.91,5976.71,6378.2
COST_06892,WO_06892,APU_016,1477.71,1761.43,33343.87,34821.58
COST_06893,WO_06893,APU_023,623.88,1595.93,2186.42,2810.3
COST_06894,WO_06894,APU_028,315.57,1483.93,5164.08,5479.65
COST_06895,WO_06895,APU_028,813.38,330.14,607.46,1420.84
COST_06896,WO_06896,APU_037,202.36,873.49,1764.45,1966.81
COST_06897,WO_06897,APU_046,1050.27,1423.63,2605.24,3655.51
COST_06898,WO_06898,APU_004,237.0,381.23,556.6,793.6
COST_06899,WO_06899,APU_004,600.06,1733.46,4611.0,5211.06
COST_06900,WO_06900,APU_008,482.26,1456.81,1762.74,2245.0
COST_06901,WO_06901,APU_002,525.27,506.81,2321.19,2846.46
COST_06902,WO_06902,APU_042,420.65,1355.9,3796.52,4217.17
COST_06903,WO_06903,APU_004,194.11,698.21,2394.86,2588.97
COST_06904,WO_06904,APU_022,263.37,1635.46,3434.47,3697.84
COST_06905,WO_06905,APU_008,879.94,1189.36,2640.38,3520.32
COST_06906,WO_06906,APU_004,426.25,1079.79,3433.73,3859.98
COST_06907,WO_06907,APU_035,484.93,679.21,971.27,1456.2
COST_06908,WO_06908,APU_030,312.3,714.78,1593.96,1906.26
COST_06909,WO_06909,APU_033,854.98,1770.71,2992.5,3847.48
COST_06910,WO_06910,APU_018,462.8,1750.19,2922.82,3385.62
COST_06911,WO_06911,APU_023,316.93,834.15,709.03,1025.96
COST_06912,WO_06912,APU_013,925.31,1684.1,9565.69,10491.0
COST_06913,WO_06913,APU_036,975.47,1797.65,3343.63,4319.1
COST_06914,WO_06914,APU_022,886.62,841.34,4332.9,5219.52
COST_06915,WO_06915,APU_040,773.15,1025.49,5014.65,5787.8
COST_06916,WO_06916,APU_012,703.42,1248.2,1672.59,2376.01
COST_06917,WO_06917,APU_050,796.31,1185.0,1765.65,2561.96
COST_06918,WO_06918,APU_024,998.97,1016.87,11297.43,12296.4
COST_06919,WO_06919,APU_039,721.15,1309.34,9322.5,10043.65
COST_06920,WO_06920,APU_021,483.2,686.67,1833.41,2316.61
COST_06921,WO_06921,APU_008,827.97,1415.1,4429.26,5257.23
COST_06922,WO_06922,APU_018,631.7,644.07,1236.61,1868.31
COST_06923,WO_06923,APU_007,315.97,1044.5,3603.53,3919.5
COST_06924,WO_06924,APU_020,631.34,549.22,1005.07,1636.41
COST_06925,WO_06925,APU_040,313.61,1287.85,1146.19,1459.8
COST_06926,WO_06926,APU_035,650.29,1255.17,1644.27,2294.56
COST_06927,WO_06927,APU_003,913.44,401.67,1104.59,2018.03
COST_06928,WO_06928,APU_022,556.29,1737.39,2536.59,3092.88
COST_06929,WO_06929,APU_043,370.96,806.34,2112.61,2483.57
COST_06930,WO_06930,APU_015,287.74,589.12,889.57,1177.31
COST_06931,WO_06931,APU_012,350.9,1123.65,1988.86,2339.76
COST_06932,WO_06932,APU_025,1040.27,402.57,1751.18,2791.45
COST_06933,WO_06933,APU_042,890.42,974.19,3029.73,3920.15
COST_06934,WO_06934,APU_023,919.03,1374.83,3712.04,4631.07
COST_06935,WO_06935,APU_046,647.06,562.57,2480.93,3127.99
COST_06936,WO_06936,APU_024,923.29,1559.2,5519.57,6442.86
COST_06937,WO_06937,APU_015,469.76,1713.53,10315.45,10785.21
COST_06938,WO_06938,APU_039,291.77,1369.11,2888.82,3180.59
COST_06939,WO_06939,APU_039,976.83,1331.54,2862.81,3839.64
COST_06940,WO_06940,APU_037,588.0,1148.81,1527.92,2115.92
COST_06941,WO_06941,APU_033,388.01,1338.23,2877.19,3265.2
COST_06942,WO_06942,APU_049,593.39,1634.68,7552.22,8145.61
COST_06943,WO_06943,APU_036,516.21,1143.44,6357.53,6873.74
COST_06944,WO_06944,APU_030,1197.74,1097.4,5059.01,6256.75
COST_06945,WO_06945,APU_015,192.68,564.25,569.89,762.57
COST_06946,WO_06946,APU_019,718.01,1555.05,7666.4,8384.41
COST_06947,WO_06947,APU_012,598.38,527.9,522.62,1121.0
COST_06948,WO_06948,APU_031,246.87,1038.93,4623.24,4870.11
COST_06949,WO_06949,APU_002,682.26,1500.66,3331.47,4013.73
COST_06950,WO_06950,APU_024,834.53,733.07,2932.28,3766.81
COST_06951,WO_06951,APU_033,314.87,1200.92,1573.21,1888.08
COST_06952,WO_06952,APU_048,1141.7,642.26,3326.91,4468.61
COST_06953,WO_06953,APU_015,393.61,1600.15,1936.18,2329.79
COST_06954,WO_06954,APU_006,309.87,1573.33,2957.86,3267.73
COST_06955,WO_06955,APU_010,740.57,1190.72,1869.43,2610.0
COST_06956,WO_06956,APU_013,776.67,1697.88,1765.8,2542.47
COST_06957,WO_06957,APU_023,995.56,352.31,1007.61,2003.17
COST_06958,WO_06958,APU_042,959.31,1491.48,10947.46,11906.77
COST_06959,WO_06959,APU_017,1006.12,721.54,8499.74,9505.86
COST_06960,WO_06960,APU_027,219.97,900.18,2583.52,2803.49
COST_06961,WO_06961,APU_038,1045.5,1128.22,5663.66,6709.16
COST_06962,WO_06962,APU_018,926.01,1445.82,4467.58,5393.59
COST_06963,WO_06963,APU_002,837.95,399.26,1429.35,2267.3
COST_06964,WO_06964,APU_019,436.25,474.1,1066.73,1502.98
COST_06965,WO_06965,APU_007,593.95,1103.44,3343.42,3937.37
COST_06966,WO_06966,APU_034,957.7,1140.0,4161.0,5118.7
COST_06967,WO_06967,APU_010,919.3,1540.89,3050.96,3970.26
COST_06968,WO_06968,APU_019,485.21,626.7,1629.42,2114.63
COST_06969,WO_06969,APU_021,692.66,1701.51,4474.97,5167.63
COST_06970,WO_06970,APU_033,515.96,934.51,3999.7,4515.66
COST_06971,WO_06971,APU_040,655.25,1118.09,1688.32,2343.57
COST_06972,WO_06972,APU_015,956.5,848.78,2240.78,3197.28
COST_06973,WO_06973,APU_010,1462.08,1453.87,11311.11,12773.19
COST_06974,WO_06974,APU_027,624.47,711.07,3669.12,4293.59
COST_06975,WO_06975,APU_025,725.19,1298.24,7412.95,8138.14
COST_06976,WO_06976,APU_023,453.58,799.07,2205.43,2659.01
COST_06977,WO_06977,APU_050,1007.14,1067.05,3457.24,4464.38
COST_06978,WO_06978,APU_038,361.48,517.04,2440.43,2801.91
COST_06979,WO_06979,APU_018,520.86,543.11,3481.34,4002.2
COST_06980,WO_06980,APU_038,437.22,535.32,497.85,935.07
COST_06981,WO_06981,APU_033,657.07,1777.92,2346.85,3003.92
COST_06982,WO_06982,APU_007,861.65,791.92,4426.83,5288.48
COST_06983,WO_06983,APU_015,960.25,1012.43,2358.96,3319.21
COST_06984,WO_06984,APU_020,649.33,1574.34,2959.76,3609.09
COST_06985,WO_06985,APU_029,592.75,958.3,1303.29,1896.04
COST_06986,WO_06986,APU_042,754.0,776.18,1552.36,2306.36
COST_06987,WO_06987,APU_037,231.7,1643.4,2070.68,2302.38
COST_06988,WO_06988,APU_029,1253.97,1524.25,13093.31,14347.28
COST_06989,WO_06989,APU_031,576.13,463.2,1241.38,1817.51
COST_06990,WO_06990,APU_001,905.68,709.74,1866.62,2772.3
COST_06991,WO_06991,APU_007,488.89,1226.33,4611.0,5099.89
COST_06992,WO_06992,APU_042,334.23,865.78,3991.25,4325.48
COST_06993,WO_06993,APU_034,579.73,391.75,1790.3,2370.03
COST_06994,WO_06994,APU_011,451.87,1290.22,6334.98,6786.85
COST_06995,WO_06995,APU_012,185.86,901.79,1731.44,1917.3
COST_06996,WO_06996,APU_006,784.45,1396.04,3224.85,4009.3
COST_06997,WO_06997,APU_032,682.05,451.47,1873.6,2555.65
COST_06998,WO_06998,APU_049,459.66,1154.57,2343.78,2803.44
COST_06999,WO_06999,APU_040,743.41,441.56,1196.63,1940.04
COST_07000,WO_07000,APU_026,509.77,719.93,2433.36,2943.13
COST_07001,WO_07001,APU_029,907.92,418.93,1755.32,2663.24
COST_07002,WO_07002,APU_047,808.85,919.91,938.31,1747.16
COST_07003,WO_07003,APU_018,556.45,1277.45,5148.12,5704.57
COST_07004,WO_07004,APU_046,412.68,1276.69,3051.29,3463.97
COST_07005,WO_07005,APU_027,425.09,980.05,3930.0,4355.09
COST_07006,WO_07006,APU_006,380.47,612.15,2552.67,2933.14
COST_07007,WO_07007,APU_012,505.07,524.3,3449.89,3954.96
COST_07008,WO_07008,APU_050,1062.36,1477.1,8449.01,9511.37
COST_07009,WO_07009,APU_010,284.51,524.25,2988.22,3272.73
COST_07010,WO_07010,APU_012,1044.05,1705.5,10250.06,11294.11
COST_07011,WO_07011,APU_017,927.15,385.82,1230.77,2157.92
COST_07012,WO_07012,APU_017,502.01,1631.86,4520.25,5022.26
COST_07013,WO_07013,APU_027,649.09,1643.78,7216.19,7865.28
COST_07014,WO_07014,APU_039,427.26,1291.96,5258.28,5685.54
COST_07015,WO_07015,APU_044,599.86,1057.46,2421.58,3021.44
COST_07016,WO_07016,APU_019,794.78,1473.24,5009.02,5803.8
COST_07017,WO_07017,APU_034,443.3,1611.56,4302.87,4746.17
COST_07018,WO_07018,APU_039,689.55,1482.48,2520.22,3209.77
COST_07019,WO_07019,APU_017,914.07,1401.97,7752.89,8666.96
COST_07020,WO_07020,APU_028,844.83,1609.04,4505.31,5350.14
COST_07021,WO_07021,APU_035,730.67,940.67,7892.22,8622.89
COST_07022,WO_07022,APU_022,193.82,1015.39,1127.08,1320.9
COST_07023,WO_07023,APU_047,852.05,1266.34,2532.68,3384.73
COST_07024,WO_07024,APU_037,398.54,1513.88,4193.45,4591.99
COST_07025,WO_07025,APU_017,609.44,677.93,3443.88,4053.32
COST_07026,WO_07026,APU_041,1100.59,863.91,2928.65,4029.24
COST_07027,WO_07027,APU_001,680.53,784.74,2526.86,3207.39
COST_07028,WO_07028,APU_017,939.07,1583.93,2312.54,3251.61
COST_07029,WO_07029,APU_005,537.64,563.5,811.44,1349.08
COST_07030,WO_07030,APU_011,657.94,1305.75,4243.69,4901.63
COST_07031,WO_07031,APU_005,328.64,1392.75,1782.72,2111.36
COST_07032,WO_07032,APU_037,469.09,1135.59,2305.25,2774.34
COST_07033,WO_07033,APU_018,976.47,1750.29,6266.04,7242.51
COST_07034,WO_07034,APU_050,257.41,759.43,1199.9,1457.31
COST_07035,WO_07035,APU_032,713.14,1691.13,11110.72,11823.86
COST_07036,WO_07036,APU_017,717.75,1238.55,6601.47,7319.22
COST_07037,WO_07037,APU_021,540.28,524.77,603.49,1143.77
COST_07038,WO_07038,APU_005,341.22,326.13,531.59,872.81
COST_07039,WO_07039,APU_014,290.96,772.75,595.02,885.98
COST_07040,WO_07040,APU_003,161.24,1243.4,2200.82,2362.06
COST_07041,WO_07041,APU_009,530.57,395.6,1637.78,2168.35
COST_07042,WO_07042,APU_022,996.92,594.33,1283.75,2280.67
COST_07043,WO_07043,APU_042,347.66,1485.37,5198.8,5546.46
COST_07044,WO_07044,APU_027,379.63,1065.57,1257.37,1637.0
COST_07045,WO_07045,APU_027,817.53,1346.39,5681.77,6499.3
COST_07046,WO_07046,APU_003,252.91,724.47,1448.94,1701.85
COST_07047,WO_07047,APU_026,879.67,703.99,1928.93,2808.6
COST_07048,WO_07048,APU_009,556.17,1239.02,3196.67,3752.84
COST_07049,WO_07049,APU_041,639.96,1603.47,2164.68,2804.64
COST_07050,WO_07050,APU_023,379.11,1741.55,2507.83,2886.94
COST_07051,WO_07051,APU_025,911.61,712.05,3296.79,4208.4
COST_07052,WO_07052,APU_040,473.66,1771.34,6004.84,6478.5
COST_07053,WO_07053,APU_038,551.82,681.13,3296.67,3848.49
COST_07054,WO_07054,APU_037,423.18,1660.62,5397.01,5820.19
COST_07055,WO_07055,APU_032,769.82,1339.38,3937.78,4707.6
COST_07056,WO_07056,APU_038,366.99,394.89,414.63,781.62
COST_07057,WO_07057,APU_004,300.73,938.49,2196.07,2496.8
COST_07058,WO_07058,APU_046,637.34,1494.7,4005.8,4643.14
COST_07059,WO_07059,APU_024,770.87,1560.61,12422.46,13193.33
COST_07060,WO_07060,APU_020,897.77,344.89,1369.21,2266.98
COST_07061,WO_07061,APU_009,832.48,1460.36,9244.08,10076.56
COST_07062,WO_07062,APU_042,486.35,1571.4,5939.89,6426.24
COST_07063,WO_07063,APU_045,684.23,368.23,677.54,1361.77
COST_07064,WO_07064,APU_007,942.12,907.12,2630.65,3572.77
COST_07065,WO_07065,APU_001,646.95,1676.22,5196.28,5843.23
COST_07066,WO_07066,APU_029,212.08,667.75,1081.76,1293.84
COST_07067,WO_07067,APU_001,300.1,1548.9,3407.58,3707.68
COST_07068,WO_07068,APU_046,381.83,928.08,2255.23,2637.06
COST_07069,WO_07069,APU_003,621.36,1472.31,9673.08,10294.44
COST_07070,WO_07070,APU_035,792.38,951.41,827.73,1620.11
COST_07071,WO_07071,APU_025,799.12,1760.8,9297.02,10096.14
COST_07072,WO_07072,APU_033,332.66,1040.07,1684.91,2017.57
COST_07073,WO_07073,APU_003,216.14,520.9,666.75,882.89
COST_07074,WO_07074,APU_031,463.88,763.94,3972.49,4436.37
COST_07075,WO_07075,APU_020,719.13,760.36,3094.67,3813.8
COST_07076,WO_07076,APU_010,1041.93,694.97,3766.74,4808.67
COST_07077,WO_07077,APU_046,238.05,397.99,1679.52,1917.57
COST_07078,WO_07078,APU_017,785.13,700.75,5914.33,6699.46
COST_07079,WO_07079,APU_001,977.29,1327.01,4909.94,5887.23
COST_07080,WO_07080,APU_002,453.52,386.95,963.51,1417.03
COST_07081,WO_07081,APU_024,511.67,1528.83,5014.56,5526.23
COST_07082,WO_07082,APU_048,874.26,1700.59,9166.18,10040.44
COST_07083,WO_07083,APU_049,878.01,1067.38,1889.26,2767.27
COST_07084,WO_07084,APU_018,780.49,808.4,1535.96,2316.45
COST_07085,WO_07085,APU_018,197.42,985.8,2257.48,2454.9
COST_07086,WO_07086,APU_028,520.51,973.0,827.05,1347.56
COST_07087,WO_07087,APU_029,314.75,1739.21,5095.89,5410.64
COST_07088,WO_07088,APU_050,451.29,1142.63,1096.92,1548.21
COST_07089,WO_07089,APU_030,1034.26,1730.39,4845.09,5879.35
COST_07090,WO_07090,APU_031,962.38,1722.39,7544.07,8506.45
COST_07091,WO_07091,APU_031,129.49,1609.81,3364.5,3493.99
COST_07092,WO_07092,APU_050,1108.38,1618.97,11073.75,12182.13
COST_07093,WO_07093,APU_011,538.54,393.06,479.53,1018.07
COST_07094,WO_07094,APU_038,1221.11,1299.22,6794.92,8016.03
COST_07095,WO_07095,APU_026,1116.36,1765.69,6956.82,8073.18
COST_07096,WO_07096,APU_010,230.18,1651.79,1750.9,1981.08
COST_07097,WO_07097,APU_025,954.94,916.46,11061.67,12016.61
COST_07098,WO_07098,APU_026,585.98,1411.43,3697.95,4283.93
COST_07099,WO_07099,APU_022,668.92,1278.45,2147.8,2816.72
COST_07100,WO_07100,APU_049,76.26,1181.92,1477.4,1553.66
COST_07101,WO_07101,APU_002,208.84,1554.21,3745.65,3954.49
COST_07102,WO_07102,APU_024,414.14,898.39,2272.93,2687.07
COST_07103,WO_07103,APU_045,415.71,934.45,2691.22,3106.93
COST_07104,WO_07104,APU_038,181.72,396.71,916.4,1098.12
COST_07105,WO_07105,APU_046,804.99,700.67,2697.58,3502.57
COST_07106,WO_07106,APU_003,714.64,1559.2,3430.24,4144.88
COST_07107,WO_07107,APU_042,793.3,880.8,827.95,1621.25
COST_07108,WO_07108,APU_042,378.33,714.09,1785.23,2163.56
COST_07109,WO_07109,APU_010,452.84,1165.01,862.11,1314.95
COST_07110,WO_07110,APU_043,488.64,1640.14,5412.46,5901.1
COST_07111,WO_07111,APU_017,805.3,500.6,795.95,1601.25
COST_07112,WO_07112,APU_036,485.0,678.42,2014.91,2499.91
COST_07113,WO_07113,APU_006,365.63,1617.94,9060.46,9426.09
COST_07114,WO_07114,APU_049,782.04,1390.06,2238.0,3020.04
COST_07115,WO_07115,APU_004,711.94,1049.9,5113.01,5824.95
COST_07116,WO_07116,APU_026,1056.39,1174.05,2512.47,3568.86
COST_07117,WO_07117,APU_027,1033.62,1016.06,7244.51,8278.13
COST_07118,WO_07118,APU_027,283.29,915.0,2031.3,2314.59
COST_07119,WO_07119,APU_019,373.86,1330.92,2275.87,2649.73
COST_07120,WO_07120,APU_030,747.2,408.42,1621.43,2368.63
COST_07121,WO_07121,APU_008,404.79,1081.73,2314.9,2719.69
COST_07122,WO_07122,APU_031,345.13,564.02,964.47,1309.6
COST_07123,WO_07123,APU_036,597.93,1778.6,3717.27,4315.2
COST_07124,WO_07124,APU_034,753.38,845.13,2239.59,2992.97
COST_07125,WO_07125,APU_048,587.04,1108.24,6305.89,6892.93
COST_07126,WO_07126,APU_037,800.04,413.77,388.94,1188.98
COST_07127,WO_07127,APU_013,393.02,1444.57,3972.57,4365.59
COST_07128,WO_07128,APU_026,436.6,997.55,3820.62,4257.22
COST_07129,WO_07129,APU_014,1077.93,407.79,1231.53,2309.46
COST_07130,WO_07130,APU_038,570.85,1574.45,8801.18,9372.03
COST_07131,WO_07131,APU_023,482.95,1242.32,3242.46,3725.41
COST_07132,WO_07132,APU_008,437.66,627.9,1544.63,1982.29
COST_07133,WO_07133,APU_004,801.57,1600.0,6032.0,6833.57
COST_07134,WO_07134,APU_028,288.05,1600.59,4593.69,4881.74
COST_07135,WO_07135,APU_014,466.23,730.72,1600.28,2066.51
COST_07136,WO_07136,APU_037,858.48,1400.69,5056.49,5914.97
COST_07137,WO_07137,APU_003,174.43,538.54,1023.23,1197.66
COST_07138,WO_07138,APU_030,393.67,1499.96,2909.92,3303.59
COST_07139,WO_07139,APU_005,270.32,1630.6,3310.12,3580.44
COST_07140,WO_07140,APU_025,526.17,1266.58,7244.84,7771.01
COST_07141,WO_07141,APU_011,861.22,1113.02,556.51,1417.73
COST_07142,WO_07142,APU_045,378.13,758.76,2564.61,2942.74
COST_07143,WO_07143,APU_010,991.23,658.62,1824.38,2815.61
COST_07144,WO_07144,APU_042,217.94,1639.12,1770.25,1988.19
COST_07145,WO_07145,APU_033,421.57,1737.33,5594.2,6015.77
COST_07146,WO_07146,APU_047,167.52,1503.03,5305.7,5473.22
COST_07147,WO_07147,APU_027,1045.96,360.88,1356.91,2402.87
COST_07148,WO_07148,APU_040,175.76,517.29,325.89,501.65
COST_07149,WO_07149,APU_016,756.92,1112.92,6410.42,7167.34
COST_07150,WO_07150,APU_039,898.74,1176.41,2129.3,3028.04
COST_07151,WO_07151,APU_028,723.39,416.55,1653.7,2377.09
COST_07152,WO_07152,APU_005,747.75,990.05,4049.3,4797.05
COST_07153,WO_07153,APU_037,696.86,663.59,1114.83,1811.69
COST_07154,WO_07154,APU_045,829.47,1112.11,4348.35,5177.82
COST_07155,WO_07155,APU_045,397.81,669.47,1472.83,1870.64
COST_07156,WO_07156,APU_020,496.35,1127.16,980.63,1476.98
COST_07157,WO_07157,APU_028,648.69,1066.33,5512.93,6161.62
COST_07158,WO_07158,APU_015,814.51,410.99,727.45,1541.96
COST_07159,WO_07159,APU_006,400.23,1309.99,2226.98,2627.21
COST_07160,WO_07160,APU_010,913.68,1211.02,2640.02,3553.7
COST_07161,WO_07161,APU_040,934.68,438.19,1384.68,2319.36
COST_07162,WO_07162,APU_022,449.4,868.6,2284.42,2733.82
COST_07163,WO_07163,APU_039,312.92,1188.65,4362.35,4675.27
COST_07164,WO_07164,APU_038,734.21,1616.41,2101.33,2835.54
COST_07165,WO_07165,APU_023,814.2,583.56,1056.24,1870.44
COST_07166,WO_07166,APU_047,557.95,1714.56,4372.13,4930.08
COST_07167,WO_07167,APU_011,891.5,1235.82,9540.53,10432.03
COST_07168,WO_07168,APU_046,331.6,1400.88,3572.24,3903.84
COST_07169,WO_07169,APU_045,490.42,1245.54,6152.97,6643.39
COST_07170,WO_07170,APU_035,974.62,1312.32,3648.25,4622.87
COST_07171,WO_07171,APU_045,392.1,1526.44,3175.0,3567.1
COST_07172,WO_07172,APU_011,450.86,586.71,1390.5,1841.36
COST_07173,WO_07173,APU_004,888.66,1195.09,2963.82,3852.48
COST_07174,WO_07174,APU_008,668.34,1653.15,6265.44,6933.78
COST_07175,WO_07175,APU_010,518.73,535.23,3098.98,3617.71
COST_07176,WO_07176,APU_004,913.27,1335.77,4421.4,5334.67
COST_07177,WO_07177,APU_031,688.75,1143.25,5967.76,6656.51
COST_07178,WO_07178,APU_045,415.34,1519.9,2431.84,2847.18
COST_07179,WO_07179,APU_010,818.34,568.94,1228.91,2047.25
COST_07180,WO_07180,APU_032,333.49,470.29,860.63,1194.12
COST_07181,WO_07181,APU_047,421.42,1242.94,4014.7,4436.12
COST_07182,WO_07182,APU_035,232.54,1478.47,3296.99,3529.53
COST_07183,WO_07183,APU_046,1093.43,1215.55,4935.13,6028.56
COST_07184,WO_07184,APU_022,809.89,1771.07,2886.84,3696.73
COST_07185,WO_07185,APU_004,558.12,1231.42,3423.35,3981.47
COST_07186,WO_07186,APU_034,379.84,1133.46,4499.84,4879.68
COST_07187,WO_07187,APU_010,817.39,817.19,710.96,1528.35
COST_07188,WO_07188,APU_001,725.47,1153.6,10070.93,10796.4
COST_07189,WO_07189,APU_048,992.12,1010.64,2354.79,3346.91
COST_07190,WO_07190,APU_034,477.93,553.15,492.3,970.23
COST_07191,WO_07191,APU_017,478.22,419.89,1247.07,1725.29
COST_07192,WO_07192,APU_043,412.52,411.2,1139.02,1551.54
COST_07193,WO_07193,APU_005,519.68,1468.69,3818.59,4338.27
COST_07194,WO_07194,APU_007,397.86,1736.44,8143.9,8541.76
COST_07195,WO_07195,APU_039,818.39,599.2,2456.72,3275.11
COST_07196,WO_07196,APU_044,545.42,542.4,1735.68,2281.1
COST_07197,WO_07197,APU_016,556.42,306.22,1065.65,1622.07
COST_07198,WO_07198,APU_009,983.27,1713.46,4403.59,5386.86
COST_07199,WO_07199,APU_043,581.52,1733.16,12513.42,13094.94
COST_07200,WO_07200,APU_050,913.88,560.93,673.12,1587.0
COST_07201,WO_07201,APU_044,1044.53,1709.78,5026.75,6071.28
COST_07202,WO_07202,APU_004,462.6,746.19,2104.26,2566.86
COST_07203,WO_07203,APU_037,996.12,1332.8,5664.4,6660.52
COST_07204,WO_07204,APU_008,531.5,1109.03,1896.44,2427.94
COST_07205,WO_07205,APU_021,434.99,455.88,474.12,909.11
COST_07206,WO_07206,APU_004,675.36,1456.31,4310.68,4986.04
COST_07207,WO_07207,APU_023,490.12,749.31,2375.31,2865.43
COST_07208,WO_07208,APU_043,946.3,1130.53,6975.37,7921.67
COST_07209,WO_07209,APU_018,468.45,652.84,881.33,1349.78
COST_07210,WO_07210,APU_023,857.71,550.2,2822.53,3680.24
COST_07211,WO_07211,APU_031,875.23,555.8,5552.44,6427.67
COST_07212,WO_07212,APU_033,760.83,1260.51,2785.73,3546.56
COST_07213,WO_07213,APU_021,749.15,1481.88,1985.72,2734.87
COST_07214,WO_07214,APU_002,616.52,1056.91,2293.49,2910.01
COST_07215,WO_07215,APU_045,497.77,1676.19,4592.76,5090.53
COST_07216,WO_07216,APU_022,380.62,1644.57,6101.35,6481.97
COST_07217,WO_07217,APU_005,230.47,940.94,1844.24,2074.71
COST_07218,WO_07218,APU_011,593.84,852.38,5446.71,6040.55
COST_07219,WO_07219,APU_011,654.34,316.17,464.77,1119.11
COST_07220,WO_07220,APU_035,561.82,1786.95,1858.43,2420.25
COST_07221,WO_07221,APU_044,561.32,738.1,3690.5,4251.82
COST_07222,WO_07222,APU_048,378.97,1785.83,1392.95,1771.92
COST_07223,WO_07223,APU_023,576.13,1312.48,3189.33,3765.46
COST_07224,WO_07224,APU_005,1419.62,395.76,5975.98,7395.6
COST_07225,WO_07225,APU_015,448.75,401.5,1084.05,1532.8
COST_07226,WO_07226,APU_015,189.26,1672.4,2458.43,2647.69
COST_07227,WO_07227,APU_008,481.29,1530.63,4025.56,4506.85
COST_07228,WO_07228,APU_002,631.65,475.45,1255.19,1886.84
COST_07229,WO_07229,APU_030,1075.59,1652.0,4906.44,5982.03
COST_07230,WO_07230,APU_003,932.65,1358.68,5312.44,6245.09
COST_07231,WO_07231,APU_033,749.08,1553.45,2376.78,3125.86
COST_07232,WO_07232,APU_021,910.45,410.91,2827.06,3737.51
COST_07233,WO_07233,APU_016,629.1,324.5,1009.19,1638.29
COST_07234,WO_07234,APU_025,734.04,352.35,1427.02,2161.06
COST_07235,WO_07235,APU_016,503.06,506.36,972.21,1475.27
COST_07236,WO_07236,APU_001,248.08,723.66,3994.6,4242.68
COST_07237,WO_07237,APU_032,372.38,1076.13,2539.67,2912.05
COST_07238,WO_07238,APU_020,500.31,385.98,1223.56,1723.87
COST_07239,WO_07239,APU_032,498.96,582.53,949.52,1448.48
COST_07240,WO_07240,APU_006,559.24,1441.09,2262.51,2821.75
COST_07241,WO_07241,APU_028,385.36,1425.62,5659.71,6045.07
COST_07242,WO_07242,APU_049,253.52,1784.92,3801.88,4055.4
COST_07243,WO_07243,APU_042,655.64,1084.44,1843.55,2499.19
COST_07244,WO_07244,APU_007,422.75,1520.24,2903.66,3326.41
COST_07245,WO_07245,APU_020,350.62,1710.31,6824.14,7174.76
COST_07246,WO_07246,APU_018,705.04,1686.44,3237.96,3943.0
COST_07247,WO_07247,APU_024,795.23,512.44,1306.72,2101.95
COST_07248,WO_07248,APU_049,295.39,459.27,1258.4,1553.79
COST_07249,WO_07249,APU_041,560.52,587.11,557.75,1118.27
COST_07250,WO_07250,APU_002,171.34,1658.46,2006.74,2178.08
COST_07251,WO_07251,APU_015,334.62,351.79,1150.35,1484.97
COST_07252,WO_07252,APU_044,362.99,1681.51,3043.53,3406.52
COST_07253,WO_07253,APU_008,972.86,727.62,3536.23,4509.09
COST_07254,WO_07254,APU_021,850.87,1092.21,5056.93,5907.8
COST_07255,WO_07255,APU_017,1067.46,1712.66,6919.15,7986.61
COST_07256,WO_07256,APU_011,1400.68,1030.62,7626.59,9027.27
COST_07257,WO_07257,APU_021,498.58,1076.86,2799.84,3298.42
COST_07258,WO_07258,APU_036,240.24,686.76,2664.63,2904.87
COST_07259,WO_07259,APU_047,875.86,1787.28,3520.94,4396.8
COST_07260,WO_07260,APU_048,852.24,472.76,4949.8,5802.04
COST_07261,WO_07261,APU_050,944.41,1002.5,8110.22,9054.63
COST_07262,WO_07262,APU_002,922.19,462.39,1266.95,2189.14
COST_07263,WO_07263,APU_018,1066.91,1594.25,5356.68,6423.59
COST_07264,WO_07264,APU_023,1177.84,477.36,2740.05,3917.89
COST_07265,WO_07265,APU_047,444.88,1140.6,2862.91,3307.79
COST_07266,WO_07266,APU_004,385.04,751.36,1420.07,1805.11
COST_07267,WO_07267,APU_030,948.31,1146.95,5046.58,5994.89
COST_07268,WO_07268,APU_012,389.71,727.22,2065.3,2455.01
COST_07269,WO_07269,APU_035,806.79,1326.49,3992.73,4799.52
COST_07270,WO_07270,APU_023,419.66,1293.12,2224.17,2643.83
COST_07271,WO_07271,APU_002,354.2,1101.43,1167.52,1521.72
COST_07272,WO_07272,APU_040,537.43,339.25,1051.67,1589.1
COST_07273,WO_07273,APU_025,535.67,1703.62,7615.18,8150.85
COST_07274,WO_07274,APU_023,345.76,382.41,917.78,1263.54
COST_07275,WO_07275,APU_006,1023.86,1440.89,8630.93,9654.79
COST_07276,WO_07276,APU_008,968.18,811.12,1500.57,2468.75
COST_07277,WO_07277,APU_029,211.11,1373.45,2087.64,2298.75
COST_07278,WO_07278,APU_001,900.55,1594.4,4177.33,5077.88
COST_07279,WO_07279,APU_013,646.49,1294.59,3365.93,4012.42
COST_07280,WO_07280,APU_043,621.41,1004.14,4167.18,4788.59
COST_07281,WO_07281,APU_018,337.99,1374.74,2433.29,2771.28
COST_07282,WO_07282,APU_040,722.59,596.99,3444.63,4167.22
COST_07283,WO_07283,APU_038,957.19,941.6,7551.63,8508.82
COST_07284,WO_07284,APU_022,860.06,1608.3,4278.08,5138.14
COST_07285,WO_07285,APU_003,453.69,688.2,3723.16,4176.85
COST_07286,WO_07286,APU_043,370.32,1383.9,2103.53,2473.85
COST_07287,WO_07287,APU_045,841.59,1088.64,5345.22,6186.81
COST_07288,WO_07288,APU_044,374.28,1394.84,6751.03,7125.31
COST_07289,WO_07289,APU_020,1123.76,449.53,1964.45,3088.21
COST_07290,WO_07290,APU_006,778.85,1113.03,3005.18,3784.03
COST_07291,WO_07291,APU_040,851.09,785.38,424.11,1275.2
COST_07292,WO_07292,APU_018,382.84,649.4,1240.35,1623.19
COST_07293,WO_07293,APU_032,268.9,1624.33,3134.96,3403.86
COST_07294,WO_07294,APU_027,980.63,1087.32,1728.84,2709.47
COST_07295,WO_07295,APU_020,937.99,753.65,2193.12,3131.11
COST_07296,WO_07296,APU_011,429.07,911.77,1969.42,2398.49
COST_07297,WO_07297,APU_030,302.9,443.4,767.08,1069.98
COST_07298,WO_07298,APU_043,752.18,573.89,872.31,1624.49
COST_07299,WO_07299,APU_009,787.07,867.48,1587.49,2374.56
COST_07300,WO_07300,APU_032,524.97,1594.84,8037.99,8562.96
COST_07301,WO_07301,APU_031,880.28,1108.33,2094.74,2975.02
COST_07302,WO_07302,APU_034,519.23,805.83,1651.95,2171.18
COST_07303,WO_07303,APU_029,144.11,1164.11,2456.27,2600.38
COST_07304,WO_07304,APU_038,744.23,1621.48,5318.45,6062.68
COST_07305,WO_07305,APU_015,471.66,895.22,3124.32,3595.98
COST_07306,WO_07306,APU_032,71.77,377.02,192.28,264.05
COST_07307,WO_07307,APU_025,440.98,1545.09,7370.08,7811.06
COST_07308,WO_07308,APU_037,663.42,1071.92,6420.8,7084.22
COST_07309,WO_07309,APU_011,261.88,1771.79,2710.84,2972.72
COST_07310,WO_07310,APU_011,581.37,523.68,832.65,1414.02
COST_07311,WO_07311,APU_010,573.34,903.26,1914.91,2488.25
COST_07312,WO_07312,APU_012,449.75,1440.81,2579.05,3028.8
COST_07313,WO_07313,APU_026,1070.64,652.3,2002.56,3073.2
COST_07314,WO_07314,APU_018,829.03,1315.98,1223.86,2052.89
COST_07315,WO_07315,APU_018,775.41,1615.94,2375.43,3150.84
COST_07316,WO_07316,APU_049,1305.26,1118.21,7089.45,8394.71
COST_07317,WO_07317,APU_005,874.85,1241.39,2023.47,2898.32
COST_07318,WO_07318,APU_034,582.73,1761.24,9493.08,10075.81
COST_07319,WO_07319,APU_041,1038.8,1090.8,3599.64,4638.44
COST_07320,WO_07320,APU_005,317.83,911.94,911.94,1229.77
COST_07321,WO_07321,APU_031,508.69,609.39,2352.25,2860.94
COST_07322,WO_07322,APU_013,953.5,512.25,1306.24,2259.74
COST_07323,WO_07323,APU_036,263.4,1139.63,2416.02,2679.42
COST_07324,WO_07324,APU_034,636.95,948.25,2949.06,3586.01
COST_07325,WO_07325,APU_045,466.03,1732.41,6115.41,6581.44
COST_07326,WO_07326,APU_048,1059.91,1039.71,4169.24,5229.15
COST_07327,WO_07327,APU_043,559.76,1133.74,5895.45,6455.21
COST_07328,WO_07328,APU_028,503.56,1624.69,5523.95,6027.51
COST_07329,WO_07329,APU_044,298.95,1446.18,1851.11,2150.06
COST_07330,WO_07330,APU_047,450.83,1730.86,3617.5,4068.33
COST_07331,WO_07331,APU_042,1554.74,334.79,4593.32,6148.06
COST_07332,WO_07332,APU_019,1231.5,1163.28,4711.28,5942.78
COST_07333,WO_07333,APU_007,728.18,1109.66,11107.7,11835.88
COST_07334,WO_07334,APU_013,538.62,1597.32,9360.3,9898.92
COST_07335,WO_07335,APU_027,479.66,1764.75,5470.73,5950.39
COST_07336,WO_07336,APU_019,536.23,920.4,2954.48,3490.71
COST_07337,WO_07337,APU_012,741.13,728.71,1938.37,2679.5
COST_07338,WO_07338,APU_030,490.0,1318.36,1384.28,1874.28
COST_07339,WO_07339,APU_023,777.61,1388.51,3818.4,4596.01
COST_07340,WO_07340,APU_015,395.98,1061.46,5615.12,6011.1
COST_07341,WO_07341,APU_026,606.21,610.98,1191.41,1797.62
COST_07342,WO_07342,APU_010,879.48,474.02,1616.41,2495.89
COST_07343,WO_07343,APU_029,626.5,369.48,1603.54,2230.04
COST_07344,WO_07344,APU_012,367.47,1771.83,2923.52,3290.99
COST_07345,WO_07345,APU_026,436.58,304.04,644.56,1081.14
COST_07346,WO_07346,APU_014,816.54,566.01,877.32,1693.86
COST_07347,WO_07347,APU_045,428.03,850.05,1470.59,1898.62
COST_07348,WO_07348,APU_034,110.95,1755.05,2351.77,2462.72
COST_07349,WO_07349,APU_010,259.22,1228.62,2039.51,2298.73
COST_07350,WO_07350,APU_028,676.81,1474.49,8743.73,9420.54
COST_07351,WO_07351,APU_001,716.2,400.57,656.93,1373.13
COST_07352,WO_07352,APU_050,292.6,930.95,2709.06,3001.66
COST_07353,WO_07353,APU_044,591.35,587.42,1210.09,1801.44
COST_07354,WO_07354,APU_010,926.72,1521.15,7909.98,8836.7
COST_07355,WO_07355,APU_003,680.46,375.29,2097.87,2778.33
COST_07356,WO_07356,APU_032,754.22,823.21,3597.43,4351.65
COST_07357,WO_07357,APU_016,507.15,545.84,1757.6,2264.75
COST_07358,WO_07358,APU_003,523.36,765.96,1830.64,2354.0
COST_07359,WO_07359,APU_041,248.31,313.42,441.92,690.23
COST_07360,WO_07360,APU_033,748.58,1111.9,8806.25,9554.83
COST_07361,WO_07361,APU_013,557.28,689.62,1234.42,1791.7
COST_07362,WO_07362,APU_018,296.64,827.43,3243.53,3540.17
COST_07363,WO_07363,APU_027,960.69,549.6,2676.55,3637.24
COST_07364,WO_07364,APU_043,761.14,1643.5,3287.0,4048.14
COST_07365,WO_07365,APU_007,773.27,965.96,4646.27,5419.54
COST_07366,WO_07366,APU_038,353.74,1461.46,6050.44,6404.18
COST_07367,WO_07367,APU_031,292.73,1413.86,9939.44,10232.17
COST_07368,WO_07368,APU_003,565.23,563.09,1182.49,1747.72
COST_07369,WO_07369,APU_001,292.98,507.65,680.25,973.23
COST_07370,WO_07370,APU_037,624.88,754.58,1554.43,2179.31
COST_07371,WO_07371,APU_009,859.42,1143.42,3487.43,4346.85
COST_07372,WO_07372,APU_028,233.43,1636.47,4598.48,4831.91
COST_07373,WO_07373,APU_019,273.24,788.41,1726.62,1999.86
COST_07374,WO_07374,APU_013,196.5,802.3,762.18,958.68
COST_07375,WO_07375,APU_002,1066.4,1388.4,4887.17,5953.57
COST_07376,WO_07376,APU_038,779.15,402.16,3233.37,4012.52
COST_07377,WO_07377,APU_030,360.52,1765.99,6198.62,6559.14
COST_07378,WO_07378,APU_043,871.55,1696.83,6447.95,7319.5
COST_07379,WO_07379,APU_027,325.13,500.72,1862.68,2187.81
COST_07380,WO_07380,APU_017,580.72,1163.89,3933.95,4514.67
COST_07381,WO_07381,APU_020,548.79,1513.1,6869.47,7418.26
COST_07382,WO_07382,APU_009,1006.57,915.75,3095.24,4101.81
COST_07383,WO_07383,APU_041,448.58,1493.03,3419.04,3867.62
COST_07384,WO_07384,APU_023,434.78,1769.31,3096.29,3531.07
COST_07385,WO_07385,APU_017,285.17,864.83,2049.65,2334.82
COST_07386,WO_07386,APU_001,454.99,1437.63,4643.54,5098.53
COST_07387,WO_07387,APU_048,993.71,1115.6,2543.57,3537.28
COST_07388,WO_07388,APU_008,595.04,498.87,1611.35,2206.39
COST_07389,WO_07389,APU_040,615.51,1757.25,6080.09,6695.6
COST_07390,WO_07390,APU_024,953.64,761.17,3273.03,4226.67
COST_07391,WO_07391,APU_031,854.41,1636.67,9001.69,9856.1
COST_07392,WO_07392,APU_021,242.03,1309.28,3718.36,3960.39
COST_07393,WO_07393,APU_003,932.09,546.03,720.76,1652.85
COST_07394,WO_07394,APU_024,1003.15,1646.15,3703.84,4706.99
COST_07395,WO_07395,APU_047,966.45,1003.85,2790.7,3757.15
COST_07396,WO_07396,APU_010,426.65,743.4,735.97,1162.62
COST_07397,WO_07397,APU_018,529.51,534.91,3118.53,3648.04
COST_07398,WO_07398,APU_003,299.92,733.19,2155.58,2455.5
COST_07399,WO_07399,APU_036,446.05,1680.15,5628.5,6074.55
COST_07400,WO_07400,APU_005,597.07,1539.8,8869.25,9466.32
COST_07401,WO_07401,APU_022,829.34,1119.2,2148.86,2978.2
COST_07402,WO_07402,APU_036,852.62,1287.07,4800.77,5653.39
COST_07403,WO_07403,APU_012,663.71,783.22,2005.04,2668.75
COST_07404,WO_07404,APU_003,820.86,1526.55,3755.31,4576.17
COST_07405,WO_07405,APU_006,671.22,355.36,632.54,1303.76
COST_07406,WO_07406,APU_020,721.26,658.06,4468.23,5189.49
COST_07407,WO_07407,APU_045,862.95,1127.17,2491.05,3354.0
COST_07408,WO_07408,APU_001,721.49,1275.58,5089.56,5811.05
COST_07409,WO_07409,APU_045,229.58,540.39,524.18,753.76
COST_07410,WO_07410,APU_029,1059.21,330.09,1716.47,2775.68
COST_07411,WO_07411,APU_034,1073.82,538.81,2613.23,3687.05
COST_07412,WO_07412,APU_040,252.77,1498.04,4299.37,4552.14
COST_07413,WO_07413,APU_043,321.2,1301.87,3124.49,3445.69
COST_07414,WO_07414,APU_033,957.36,660.04,2237.54,3194.9
COST_07415,WO_07415,APU_010,801.73,1192.42,11411.46,12213.19
COST_07416,WO_07416,APU_014,618.34,733.65,755.66,1374.0
COST_07417,WO_07417,APU_016,981.52,1626.08,6797.01,7778.53
COST_07418,WO_07418,APU_048,460.74,986.65,1627.97,2088.71
COST_07419,WO_07419,APU_020,982.69,1182.62,3181.25,4163.94
COST_07420,WO_07420,APU_046,755.64,1214.03,2877.25,3632.89
COST_07421,WO_07421,APU_033,189.41,832.83,1790.58,1979.99
COST_07422,WO_07422,APU_048,988.05,435.67,1176.31,2164.36
COST_07423,WO_07423,APU_020,124.59,1025.64,1497.43,1622.02
COST_07424,WO_07424,APU_022,482.04,1322.52,6334.87,6816.91
COST_07425,WO_07425,APU_048,660.97,1110.5,1121.61,1782.58
COST_07426,WO_07426,APU_014,1016.59,719.22,2632.35,3648.94
COST_07427,WO_07427,APU_026,300.9,1209.84,2746.34,3047.24
COST_07428,WO_07428,APU_039,163.31,1646.3,2354.21,2517.52
COST_07429,WO_07429,APU_023,663.81,1351.14,4107.47,4771.28
COST_07430,WO_07430,APU_043,643.08,1660.14,1909.16,2552.24
COST_07431,WO_07431,APU_039,277.25,546.96,1520.55,1797.8
COST_07432,WO_07432,APU_021,377.41,505.33,626.61,1004.02
COST_07433,WO_07433,APU_041,899.56,1013.18,3546.13,4445.69
COST_07434,WO_07434,APU_044,329.72,434.22,707.78,1037.5
COST_07435,WO_07435,APU_003,964.14,609.13,1291.36,2255.5
COST_07436,WO_07436,APU_006,964.43,1208.08,3865.86,4830.29
COST_07437,WO_07437,APU_045,365.06,544.87,969.87,1334.93
COST_07438,WO_07438,APU_024,987.1,965.85,2540.19,3527.29
COST_07439,WO_07439,APU_011,398.21,866.87,1022.91,1421.12
COST_07440,WO_07440,APU_024,937.77,1062.72,4091.47,5029.24
COST_07441,WO_07441,APU_002,1399.06,651.63,4678.7,6077.76
COST_07442,WO_07442,APU_042,812.98,1025.61,12953.45,13766.43
COST_07443,WO_07443,APU_047,400.8,310.9,889.17,1289.97
COST_07444,WO_07444,APU_050,437.5,901.36,3776.7,4214.2
COST_07445,WO_07445,APU_045,703.93,1186.46,1210.19,1914.12
COST_07446,WO_07446,APU_015,1117.4,1347.84,8370.09,9487.49
COST_07447,WO_07447,APU_011,582.29,1251.36,5218.17,5800.46
COST_07448,WO_07448,APU_024,169.0,1489.35,3097.85,3266.85
COST_07449,WO_07449,APU_009,914.4,1631.66,8762.01,9676.41
COST_07450,WO_07450,APU_037,375.85,929.44,2193.48,2569.33
COST_07451,WO_07451,APU_016,402.65,864.86,1824.85,2227.5
COST_07452,WO_07452,APU_010,728.69,1115.49,3937.68,4666.37
COST_07453,WO_07453,APU_031,599.53,1508.46,2277.77,2877.3
COST_07454,WO_07454,APU_027,433.76,1352.36,6450.76,6884.52
COST_07455,WO_07455,APU_036,657.46,579.94,881.51,1538.97
COST_07456,WO_07456,APU_042,688.77,944.3,1444.78,2133.55
COST_07457,WO_07457,APU_009,352.64,326.15,538.15,890.79
COST_07458,WO_07458,APU_002,1020.83,1720.88,7107.23,8128.06
COST_07459,WO_07459,APU_012,479.71,972.52,1886.69,2366.4
COST_07460,WO_07460,APU_011,365.06,1047.3,1361.49,1726.55
COST_07461,WO_07461,APU_001,405.07,634.37,1237.02,1642.09
COST_07462,WO_07462,APU_006,1082.47,1709.32,4563.88,5646.35
COST_07463,WO_07463,APU_022,83.33,953.41,1353.84,1437.17
COST_07464,WO_07464,APU_045,823.92,1282.92,1847.4,2671.32
COST_07465,WO_07465,APU_007,1255.88,612.31,5314.85,6570.73
COST_07466,WO_07466,APU_009,323.53,670.08,1132.44,1455.97
COST_07467,WO_07467,APU_002,548.59,1317.57,3004.06,3552.65
COST_07468,WO_07468,APU_041,463.4,1073.94,2384.15,2847.55
COST_07469,WO_07469,APU_021,726.15,1404.63,3034.0,3760.15
COST_07470,WO_07470,APU_048,519.97,1048.08,4014.15,4534.12
COST_07471,WO_07471,APU_049,1116.02,1407.48,6446.26,7562.28
COST_07472,WO_07472,APU_019,359.67,1488.83,3424.31,3783.98
COST_07473,WO_07473,APU_045,641.96,801.82,1106.51,1748.47
COST_07474,WO_07474,APU_013,1067.95,1252.91,6865.95,7933.9
COST_07475,WO_07475,APU_028,299.02,524.19,1352.41,1651.43
COST_07476,WO_07476,APU_016,743.01,490.71,3454.6,4197.61
COST_07477,WO_07477,APU_027,143.48,758.18,598.96,742.44
COST_07478,WO_07478,APU_031,505.59,1015.75,3077.72,3583.31
COST_07479,WO_07479,APU_046,958.07,469.95,3670.31,4628.38
COST_07480,WO_07480,APU_004,701.65,1524.31,3414.45,4116.1
COST_07481,WO_07481,APU_037,464.2,874.54,2098.9,2563.1
COST_07482,WO_07482,APU_040,246.45,1100.57,3521.82,3768.27
COST_07483,WO_07483,APU_033,459.31,1160.87,2321.74,2781.05
COST_07484,WO_07484,APU_031,331.49,1265.25,2897.42,3228.91
COST_07485,WO_07485,APU_044,489.4,437.1,987.85,1477.25
COST_07486,WO_07486,APU_029,948.7,1213.13,2329.21,3277.91
COST_07487,WO_07487,APU_031,711.07,1375.84,7346.99,8058.06
COST_07488,WO_07488,APU_018,671.42,1031.45,3610.08,4281.5
COST_07489,WO_07489,APU_026,669.84,365.27,1139.64,1809.48
COST_07490,WO_07490,APU_005,1023.81,1584.21,6717.05,7740.86
COST_07491,WO_07491,APU_023,473.19,1227.45,2884.51,3357.7
COST_07492,WO_07492,APU_028,93.01,397.13,706.89,799.9
COST_07493,WO_07493,APU_020,702.74,935.77,1824.75,2527.49
COST_07494,WO_07494,APU_012,878.06,868.3,2361.78,3239.84
COST_07495,WO_07495,APU_049,772.68,837.0,1272.24,2044.92
COST_07496,WO_07496,APU_013,1054.04,1168.89,2407.91,3461.95
COST_07497,WO_07497,APU_016,247.83,714.0,1463.7,1711.53
COST_07498,WO_07498,APU_045,1113.99,1636.67,14320.86,15434.85
COST_07499,WO_07499,APU_022,470.23,967.66,570.92,1041.15
COST_07500,WO_07500,APU_037,794.37,347.78,855.54,1649.91
COST_07501,WO_07501,APU_009,1175.43,694.83,4877.71,6053.14
COST_07502,WO_07502,APU_049,1010.05,1729.35,5032.41,6042.46
COST_07503,WO_07503,APU_043,911.5,369.91,1520.33,2431.83
COST_07504,WO_07504,APU_017,704.13,870.8,2499.2,3203.33
COST_07505,WO_07505,APU_031,443.99,519.41,976.49,1420.48
COST_07506,WO_07506,APU_002,768.64,887.14,700.84,1469.48
COST_07507,WO_07507,APU_009,334.85,362.31,1101.42,1436.27
COST_07508,WO_07508,APU_048,858.17,1665.71,2948.31,3806.48
COST_07509,WO_07509,APU_031,461.8,1664.96,2913.68,3375.48
COST_07510,WO_07510,APU_026,664.53,714.95,1479.95,2144.48
COST_07511,WO_07511,APU_033,702.35,1578.22,11205.36,11907.71
COST_07512,WO_07512,APU_047,1104.56,799.67,8156.63,9261.19
COST_07513,WO_07513,APU_020,637.18,720.75,2205.49,2842.67
COST_07514,WO_07514,APU_020,292.64,1278.66,2697.97,2990.61
COST_07515,WO_07515,APU_026,288.54,1542.76,2190.72,2479.26
COST_07516,WO_07516,APU_007,781.58,1527.94,5378.35,6159.93
COST_07517,WO_07517,APU_029,882.51,1165.4,8449.15,9331.66
COST_07518,WO_07518,APU_002,547.76,671.55,1591.57,2139.33
COST_07519,WO_07519,APU_038,76.96,1002.42,731.77,808.73
COST_07520,WO_07520,APU_010,382.52,1588.68,6243.51,6626.03
COST_07521,WO_07521,APU_010,517.34,877.02,4095.68,4613.02
COST_07522,WO_07522,APU_018,508.69,680.29,775.53,1284.22
COST_07523,WO_07523,APU_048,1037.61,1499.97,4499.91,5537.52
COST_07524,WO_07524,APU_037,394.54,801.4,2788.87,3183.41
COST_07525,WO_07525,APU_008,384.37,1524.38,3978.63,4363.0
COST_07526,WO_07526,APU_026,527.46,1605.42,2825.54,3353.0
COST_07527,WO_07527,APU_045,1258.81,1720.59,8172.8,9431.61
COST_07528,WO_07528,APU_035,382.91,1115.82,2432.49,2815.4
COST_07529,WO_07529,APU_036,593.89,1772.27,2126.72,2720.61
COST_07530,WO_07530,APU_003,666.79,734.55,646.4,1313.19
COST_07531,WO_07531,APU_043,890.12,529.53,2880.64,3770.76
COST_07532,WO_07532,APU_045,506.05,1176.95,4495.95,5002.0
COST_07533,WO_07533,APU_002,349.08,1258.86,3587.75,3936.83
COST_07534,WO_07534,APU_048,983.67,1203.37,2563.18,3546.85
COST_07535,WO_07535,APU_021,892.42,638.29,1295.73,2188.15
COST_07536,WO_07536,APU_036,430.66,1236.54,1854.81,2285.47
COST_07537,WO_07537,APU_049,958.51,1450.8,3104.71,4063.22
COST_07538,WO_07538,APU_011,637.23,612.21,520.38,1157.61
COST_07539,WO_07539,APU_020,631.39,1146.24,2074.69,2706.08
COST_07540,WO_07540,APU_035,690.46,579.17,1326.3,2016.76
COST_07541,WO_07541,APU_033,512.1,659.39,2505.68,3017.78
COST_07542,WO_07542,APU_028,440.61,1093.37,2908.36,3348.97
COST_07543,WO_07543,APU_009,651.21,1255.7,5286.5,5937.71
COST_07544,WO_07544,APU_013,490.94,1545.72,8826.06,9317.0
COST_07545,WO_07545,APU_002,514.36,778.36,3782.83,4297.19
COST_07546,WO_07546,APU_021,703.82,1508.3,5309.22,6013.04
COST_07547,WO_07547,APU_006,682.66,1770.63,4851.53,5534.19
COST_07548,WO_07548,APU_016,663.02,1687.27,2665.89,3328.91
COST_07549,WO_07549,APU_005,868.93,647.01,2639.8,3508.73
COST_07550,WO_07550,APU_046,839.25,863.78,5916.89,6756.14
COST_07551,WO_07551,APU_047,436.2,676.49,2218.89,2655.09
COST_07552,WO_07552,APU_037,600.55,1030.24,8035.87,8636.42
COST_07553,WO_07553,APU_014,903.62,972.89,1138.28,2041.9
COST_07554,WO_07554,APU_002,645.48,1347.0,1939.68,2585.16
COST_07555,WO_07555,APU_018,959.84,843.81,3670.57,4630.41
COST_07556,WO_07556,APU_035,877.33,608.43,1910.47,2787.8
COST_07557,WO_07557,APU_043,891.66,1622.82,9087.79,9979.45
COST_07558,WO_07558,APU_012,210.15,1667.5,4502.25,4712.4
COST_07559,WO_07559,APU_037,956.49,1741.33,2942.85,3899.34
COST_07560,WO_07560,APU_002,732.18,570.0,1379.4,2111.58
COST_07561,WO_07561,APU_041,846.31,489.13,572.28,1418.59
COST_07562,WO_07562,APU_013,727.57,405.1,591.45,1319.02
COST_07563,WO_07563,APU_044,786.03,1710.32,7935.88,8721.91
COST_07564,WO_07564,APU_022,502.33,568.6,2496.15,2998.48
COST_07565,WO_07565,APU_027,453.58,567.92,1885.49,2339.07
COST_07566,WO_07566,APU_031,623.61,954.85,1002.59,1626.2
COST_07567,WO_07567,APU_043,702.47,347.09,774.01,1476.48
COST_07568,WO_07568,APU_031,400.27,1769.21,2459.2,2859.47
COST_07569,WO_07569,APU_012,543.4,1701.52,8830.89,9374.29
COST_07570,WO_07570,APU_025,379.67,1656.84,3263.97,3643.64
COST_07571,WO_07571,APU_039,148.97,1690.92,2536.38,2685.35
COST_07572,WO_07572,APU_035,736.67,690.13,1904.76,2641.43
COST_07573,WO_07573,APU_048,1010.01,1253.53,2394.24,3404.25
COST_07574,WO_07574,APU_039,1079.53,1277.38,7855.89,8935.42
COST_07575,WO_07575,APU_042,596.3,1552.29,2809.64,3405.94
COST_07576,WO_07576,APU_030,780.62,1046.31,1318.35,2098.97
COST_07577,WO_07577,APU_001,87.76,1030.64,855.43,943.19
COST_07578,WO_07578,APU_045,726.31,1740.7,4647.67,5373.98
COST_07579,WO_07579,APU_048,1050.59,470.58,941.16,1991.75
COST_07580,WO_07580,APU_045,715.22,1675.98,2078.22,2793.44
COST_07581,WO_07581,APU_049,523.35,671.11,3509.91,4033.26
COST_07582,WO_07582,APU_010,555.32,1376.99,5397.8,5953.12
COST_07583,WO_07583,APU_031,499.78,879.64,2357.44,2857.22
COST_07584,WO_07584,APU_009,1124.17,945.7,5447.23,6571.4
COST_07585,WO_07585,APU_011,883.09,1787.91,6990.73,7873.82
COST_07586,WO_07586,APU_037,115.31,1754.27,3034.89,3150.2
COST_07587,WO_07587,APU_006,393.51,731.07,1118.54,1512.05
COST_07588,WO_07588,APU_048,338.7,1022.22,4354.66,4693.36
COST_07589,WO_07589,APU_028,430.87,875.58,2959.46,3390.33
COST_07590,WO_07590,APU_021,1112.21,1079.57,3217.12,4329.33
COST_07591,WO_07591,APU_020,556.85,776.59,1327.97,1884.82
COST_07592,WO_07592,APU_008,632.7,1210.42,4599.6,5232.3
COST_07593,WO_07593,APU_033,243.49,1202.25,2152.03,2395.52
COST_07594,WO_07594,APU_029,448.73,637.46,1638.27,2087.0
COST_07595,WO_07595,APU_017,410.92,1754.04,10559.32,10970.24
COST_07596,WO_07596,APU_016,876.79,921.3,1741.26,2618.05
COST_07597,WO_07597,APU_021,434.43,628.58,716.58,1151.01
COST_07598,WO_07598,APU_019,851.94,635.69,966.25,1818.19
COST_07599,WO_07599,APU_030,1122.65,1100.88,5174.14,6296.79
COST_07600,WO_07600,APU_044,459.25,374.87,1173.34,1632.59
COST_07601,WO_07601,APU_041,400.28,404.11,1022.4,1422.68
COST_07602,WO_07602,APU_002,746.47,653.43,1339.53,2086.0
COST_07603,WO_07603,APU_007,410.0,1739.85,6176.47,6586.47
COST_07604,WO_07604,APU_040,546.42,1008.44,1714.35,2260.77
COST_07605,WO_07605,APU_021,950.44,508.69,1637.98,2588.42
COST_07606,WO_07606,APU_024,254.97,589.0,1071.98,1326.95
COST_07607,WO_07607,APU_049,584.19,1119.57,1858.49,2442.68
COST_07608,WO_07608,APU_009,295.03,618.03,1180.44,1475.47
COST_07609,WO_07609,APU_019,199.38,968.0,2139.28,2338.66
COST_07610,WO_07610,APU_016,638.87,427.15,1131.95,1770.82
COST_07611,WO_07611,APU_048,281.29,1356.08,4190.29,4471.58
COST_07612,WO_07612,APU_041,450.99,1635.39,817.7,1268.69
COST_07613,WO_07613,APU_006,651.61,1757.91,3058.76,3710.37
COST_07614,WO_07614,APU_018,882.87,1501.6,3288.5,4171.37
COST_07615,WO_07615,APU_047,989.06,1123.01,6985.12,7974.18
COST_07616,WO_07616,APU_035,657.38,1260.31,1890.46,2547.84
COST_07617,WO_07617,APU_021,545.71,1123.49,3336.77,3882.48
COST_07618,WO_07618,APU_045,646.92,1141.56,7066.26,7713.18
COST_07619,WO_07619,APU_044,891.35,584.42,771.43,1662.78
COST_07620,WO_07620,APU_033,876.81,674.89,2281.13,3157.94
COST_07621,WO_07621,APU_017,399.63,1068.26,1869.45,2269.08
COST_07622,WO_07622,APU_033,458.35,1216.16,2505.29,2963.64
COST_07623,WO_07623,APU_004,881.27,696.97,1219.7,2100.97
COST_07624,WO_07624,APU_014,612.77,602.76,1097.02,1709.79
COST_07625,WO_07625,APU_012,1213.8,1745.83,21211.83,22425.63
COST_07626,WO_07626,APU_026,488.41,769.01,3329.81,3818.22
COST_07627,WO_07627,APU_044,1088.6,398.45,1984.28,3072.88
COST_07628,WO_07628,APU_043,472.01,1478.12,5262.11,5734.12
COST_07629,WO_07629,APU_046,121.5,812.63,910.15,1031.65
COST_07630,WO_07630,APU_027,377.97,1747.42,5906.28,6284.25
COST_07631,WO_07631,APU_023,977.77,707.81,3468.27,4446.04
COST_07632,WO_07632,APU_043,514.64,395.62,672.55,1187.19
COST_07633,WO_07633,APU_027,886.02,1533.31,7083.89,7969.91
COST_07634,WO_07634,APU_040,410.78,365.22,1460.88,1871.66
COST_07635,WO_07635,APU_042,592.98,1739.4,13097.68,13690.66
COST_07636,WO_07636,APU_048,862.74,305.95,660.85,1523.59
COST_07637,WO_07637,APU_049,577.39,1786.84,2662.39,3239.78
COST_07638,WO_07638,APU_046,923.01,1404.0,3130.92,4053.93
COST_07639,WO_07639,APU_021,684.09,1570.58,9407.77,10091.86
COST_07640,WO_07640,APU_030,183.92,1274.27,1261.53,1445.45
COST_07641,WO_07641,APU_008,761.94,987.36,859.0,1620.94
COST_07642,WO_07642,APU_035,761.28,1609.56,4603.34,5364.62
COST_07643,WO_07643,APU_028,785.75,345.09,735.04,1520.79
COST_07644,WO_07644,APU_048,170.8,681.88,1861.53,2032.33
COST_07645,WO_07645,APU_027,429.68,364.97,1667.91,2097.59
COST_07646,WO_07646,APU_036,332.54,896.61,1802.19,2134.73
COST_07647,WO_07647,APU_040,120.27,1512.82,1467.44,1587.71
COST_07648,WO_07648,APU_026,1001.9,1495.61,12518.26,13520.16
COST_07649,WO_07649,APU_015,401.22,989.64,1553.73,1954.95
COST_07650,WO_07650,APU_033,616.02,797.56,1212.29,1828.31
COST_07651,WO_07651,APU_033,534.16,1778.18,8873.12,9407.28
COST_07652,WO_07652,APU_013,504.21,927.23,2039.91,2544.12
COST_07653,WO_07653,APU_047,826.47,738.95,1943.44,2769.91
COST_07654,WO_07654,APU_050,659.9,1450.13,5133.46,5793.36
COST_07655,WO_07655,APU_049,317.47,1757.44,8664.18,8981.65
COST_07656,WO_07656,APU_049,453.6,1409.04,3184.43,3638.03
COST_07657,WO_07657,APU_018,509.79,1699.03,10652.92,11162.71
COST_07658,WO_07658,APU_019,953.73,576.71,484.44,1438.17
COST_07659,WO_07659,APU_042,1143.97,717.4,2962.86,4106.83
COST_07660,WO_07660,APU_005,917.6,978.86,1673.85,2591.45
COST_07661,WO_07661,APU_047,540.73,985.07,5693.7,6234.43
COST_07662,WO_07662,APU_011,777.8,1447.24,4254.89,5032.69
COST_07663,WO_07663,APU_025,602.51,1199.47,2255.0,2857.51
COST_07664,WO_07664,APU_013,699.54,547.82,2141.98,2841.52
COST_07665,WO_07665,APU_043,595.55,1728.68,7675.34,8270.89
COST_07666,WO_07666,APU_025,246.69,1402.51,5427.71,5674.4
COST_07667,WO_07667,APU_047,859.23,341.15,525.37,1384.6
COST_07668,WO_07668,APU_045,723.27,336.86,700.67,1423.94
COST_07669,WO_07669,APU_044,829.74,620.29,1680.99,2510.73
COST_07670,WO_07670,APU_025,574.33,419.26,1115.23,1689.56
COST_07671,WO_07671,APU_028,548.75,642.21,2639.48,3188.23
COST_07672,WO_07672,APU_038,908.18,432.15,388.94,1297.12
COST_07673,WO_07673,APU_033,363.86,1293.13,4228.54,4592.4
COST_07674,WO_07674,APU_039,297.2,622.83,1444.97,1742.17
COST_07675,WO_07675,APU_015,551.87,1212.84,2073.96,2625.83
COST_07676,WO_07676,APU_035,875.52,1740.77,3150.79,4026.31
COST_07677,WO_07677,APU_048,771.82,794.72,1923.22,2695.04
COST_07678,WO_07678,APU_044,301.81,583.35,291.68,593.49
COST_07679,WO_07679,APU_007,770.81,936.06,1731.71,2502.52
COST_07680,WO_07680,APU_001,403.58,652.43,1096.08,1499.66
COST_07681,WO_07681,APU_025,439.68,658.4,2396.58,2836.26
COST_07682,WO_07682,APU_010,612.06,476.86,834.5,1446.56
COST_07683,WO_07683,APU_028,435.43,367.19,884.93,1320.36
COST_07684,WO_07684,APU_011,1258.86,408.87,2596.32,3855.18
COST_07685,WO_07685,APU_046,922.67,368.17,1730.4,2653.07
COST_07686,WO_07686,APU_023,983.06,589.54,2629.35,3612.41
COST_07687,WO_07687,APU_026,199.63,756.17,1557.71,1757.34
COST_07688,WO_07688,APU_047,563.08,1270.94,4651.64,5214.72
COST_07689,WO_07689,APU_028,466.89,1076.3,2572.36,3039.25
COST_07690,WO_07690,APU_038,897.23,707.89,1727.25,2624.48
COST_07691,WO_07691,APU_034,774.6,1386.53,4728.07,5502.67
COST_07692,WO_07692,APU_023,564.71,918.8,1800.85,2365.56
COST_07693,WO_07693,APU_035,1150.77,647.9,4004.02,5154.79
COST_07694,WO_07694,APU_026,249.68,599.69,1493.23,1742.91
COST_07695,WO_07695,APU_048,243.97,1370.13,5233.9,5477.87
COST_07696,WO_07696,APU_034,871.4,871.35,5271.67,6143.07
COST_07697,WO_07697,APU_007,1038.08,1297.67,6215.84,7253.92
COST_07698,WO_07698,APU_001,666.65,825.91,1032.39,1699.04
COST_07699,WO_07699,APU_041,418.44,1045.19,3626.81,4045.25
COST_07700,WO_07700,APU_042,856.64,773.37,3356.43,4213.07
COST_07701,WO_07701,APU_011,854.81,1131.19,5022.48,5877.29
COST_07702,WO_07702,APU_037,837.86,1752.99,2576.9,3414.76
COST_07703,WO_07703,APU_022,177.48,859.28,1624.04,1801.52
COST_07704,WO_07704,APU_008,1006.78,1139.02,5353.39,6360.17
COST_07705,WO_07705,APU_041,467.28,1287.26,2304.2,2771.48
COST_07706,WO_07706,APU_028,588.19,1351.48,3121.92,3710.11
COST_07707,WO_07707,APU_013,332.43,767.48,4965.6,5298.03
COST_07708,WO_07708,APU_013,808.47,884.23,2343.21,3151.68
COST_07709,WO_07709,APU_037,747.73,1792.66,3262.64,4010.37
COST_07710,WO_07710,APU_022,934.75,342.16,574.83,1509.58
COST_07711,WO_07711,APU_040,460.31,536.0,1747.36,2207.67
COST_07712,WO_07712,APU_013,240.2,1046.52,1370.94,1611.14
COST_07713,WO_07713,APU_032,517.75,464.83,1101.65,1619.4
COST_07714,WO_07714,APU_033,622.39,877.63,2869.85,3492.24
COST_07715,WO_07715,APU_010,784.52,1619.04,8985.67,9770.19
COST_07716,WO_07716,APU_044,1068.5,501.05,1964.12,3032.62
COST_07717,WO_07717,APU_002,287.88,790.03,1453.66,1741.54
COST_07718,WO_07718,APU_015,510.41,1451.54,7548.01,8058.42
COST_07719,WO_07719,APU_027,557.66,1435.38,3315.73,3873.39
COST_07720,WO_07720,APU_016,580.76,1368.16,1888.06,2468.82
COST_07721,WO_07721,APU_044,713.8,735.64,1817.03,2530.83
COST_07722,WO_07722,APU_011,511.94,1056.61,6339.66,6851.6
COST_07723,WO_07723,APU_027,1008.58,817.54,2436.27,3444.85
COST_07724,WO_07724,APU_003,295.64,1610.76,4413.48,4709.12
COST_07725,WO_07725,APU_009,700.57,737.28,4932.4,5632.97
COST_07726,WO_07726,APU_005,273.83,767.67,951.91,1225.74
COST_07727,WO_07727,APU_034,540.97,437.5,586.25,1127.22
COST_07728,WO_07728,APU_025,811.78,873.64,978.48,1790.26
COST_07729,WO_07729,APU_048,249.01,893.15,2983.12,3232.13
COST_07730,WO_07730,APU_019,824.42,1208.03,3599.93,4424.35
COST_07731,WO_07731,APU_024,511.07,1376.27,8739.31,9250.38
COST_07732,WO_07732,APU_017,636.28,1657.0,5153.27,5789.55
COST_07733,WO_07733,APU_012,749.14,1163.13,2535.62,3284.76
COST_07734,WO_07734,APU_044,241.92,1556.22,4232.92,4474.84
COST_07735,WO_07735,APU_008,521.1,573.12,1662.05,2183.15
COST_07736,WO_07736,APU_046,508.08,564.73,609.91,1117.99
COST_07737,WO_07737,APU_002,1101.31,641.29,7740.37,8841.68
COST_07738,WO_07738,APU_049,963.7,537.84,1946.98,2910.68
COST_07739,WO_07739,APU_044,810.31,1109.97,3385.41,4195.72
COST_07740,WO_07740,APU_027,966.92,1184.75,4513.9,5480.82
COST_07741,WO_07741,APU_033,587.53,501.09,2014.38,2601.91
COST_07742,WO_07742,APU_041,476.68,1213.74,3058.62,3535.3
COST_07743,WO_07743,APU_033,645.61,614.07,1179.01,1824.62
COST_07744,WO_07744,APU_021,471.48,1628.59,6156.07,6627.55
COST_07745,WO_07745,APU_023,397.07,1439.89,4838.03,5235.1
COST_07746,WO_07746,APU_005,354.5,1736.72,3021.89,3376.39
COST_07747,WO_07747,APU_007,659.29,809.58,4800.81,5460.1
COST_07748,WO_07748,APU_021,539.56,898.07,2864.84,3404.4
COST_07749,WO_07749,APU_028,980.1,1515.66,6153.58,7133.68
COST_07750,WO_07750,APU_022,643.94,1362.41,7956.47,8600.41
COST_07751,WO_07751,APU_014,382.06,1720.41,4731.13,5113.19
COST_07752,WO_07752,APU_018,226.47,1674.23,5424.51,5650.98
COST_07753,WO_07753,APU_045,1005.0,1114.65,4726.12,5731.12
COST_07754,WO_07754,APU_031,190.63,631.47,1149.28,1339.91
COST_07755,WO_07755,APU_015,693.5,1150.97,3222.72,3916.22
COST_07756,WO_07756,APU_015,308.47,1001.36,2913.96,3222.43
COST_07757,WO_07757,APU_032,294.04,821.08,1321.94,1615.98
COST_07758,WO_07758,APU_035,844.29,1613.54,15699.74,16544.03
COST_07759,WO_07759,APU_005,331.89,1201.84,1502.3,1834.19
COST_07760,WO_07760,APU_030,897.56,1126.33,1498.02,2395.58
COST_07761,WO_07761,APU_039,502.43,1746.3,9779.28,10281.71
COST_07762,WO_07762,APU_006,440.35,989.01,3975.82,4416.17
COST_07763,WO_07763,APU_003,684.6,562.51,871.89,1556.49
COST_07764,WO_07764,APU_043,484.07,1654.49,6287.06,6771.13
COST_07765,WO_07765,APU_050,1010.87,888.46,5410.72,6421.59
COST_07766,WO_07766,APU_040,450.78,1124.08,3001.29,3452.07
COST_07767,WO_07767,APU_029,928.76,723.03,8206.39,9135.15
COST_07768,WO_07768,APU_022,886.52,1386.98,1456.33,2342.85
COST_07769,WO_07769,APU_032,936.21,983.42,3914.01,4850.22
COST_07770,WO_07770,APU_039,301.84,496.68,2562.87,2864.71
COST_07771,WO_07771,APU_002,370.1,830.71,3688.35,4058.45
COST_07772,WO_07772,APU_006,557.75,1793.39,4357.94,4915.69
COST_07773,WO_07773,APU_037,264.13,908.18,2106.98,2371.11
COST_07774,WO_07774,APU_002,1024.34,603.96,2095.74,3120.08
COST_07775,WO_07775,APU_010,633.06,1053.95,4489.83,5122.89
COST_07776,WO_07776,APU_030,328.49,1322.48,5012.2,5340.69
COST_07777,WO_07777,APU_023,650.17,592.61,2856.38,3506.55
COST_07778,WO_07778,APU_004,981.53,1744.8,2704.44,3685.97
COST_07779,WO_07779,APU_046,412.04,1767.93,4243.03,4655.07
COST_07780,WO_07780,APU_050,342.99,1019.28,1651.23,1994.22
COST_07781,WO_07781,APU_042,337.26,854.04,1878.89,2216.15
COST_07782,WO_07782,APU_045,597.84,841.86,3998.84,4596.68
COST_07783,WO_07783,APU_024,496.14,316.2,910.66,1406.8
COST_07784,WO_07784,APU_004,772.2,1683.48,19191.67,19963.87
COST_07785,WO_07785,APU_012,860.67,1335.72,4033.87,4894.54
COST_07786,WO_07786,APU_046,270.96,1582.65,4447.25,4718.21
COST_07787,WO_07787,APU_038,579.18,1504.29,4332.36,4911.54
COST_07788,WO_07788,APU_020,678.88,345.37,659.66,1338.54
COST_07789,WO_07789,APU_012,343.1,950.96,2501.02,2844.12
COST_07790,WO_07790,APU_016,532.53,477.51,2411.43,2943.96
COST_07791,WO_07791,APU_044,500.81,1134.32,3278.18,3778.99
COST_07792,WO_07792,APU_026,311.46,1504.26,2647.5,2958.96
COST_07793,WO_07793,APU_019,713.84,475.73,775.44,1489.28
COST_07794,WO_07794,APU_002,346.56,918.97,1948.22,2294.78
COST_07795,WO_07795,APU_036,789.13,1301.31,3682.71,4471.84
COST_07796,WO_07796,APU_024,1209.76,1559.2,8170.21,9379.97
COST_07797,WO_07797,APU_016,757.79,411.56,535.03,1292.82
COST_07798,WO_07798,APU_022,979.15,1694.2,3862.78,4841.93
COST_07799,WO_07799,APU_037,1015.04,1791.08,5265.78,6280.82
COST_07800,WO_07800,APU_040,323.28,1327.17,1313.9,1637.18
COST_07801,WO_07801,APU_024,142.89,518.35,891.56,1034.45
COST_07802,WO_07802,APU_021,646.89,1173.31,2194.09,2840.98
COST_07803,WO_07803,APU_040,864.99,627.44,1098.02,1963.01
COST_07804,WO_07804,APU_018,585.22,1256.92,3795.9,4381.12
COST_07805,WO_07805,APU_033,866.15,1478.88,3682.41,4548.56
COST_07806,WO_07806,APU_001,853.44,932.7,1865.4,2718.84
COST_07807,WO_07807,APU_024,1091.81,817.82,2813.3,3905.11
COST_07808,WO_07808,APU_013,763.64,1028.7,7211.19,7974.83
COST_07809,WO_07809,APU_011,1092.55,1646.32,11030.34,12122.89
COST_07810,WO_07810,APU_039,298.31,1525.46,1433.93,1732.24
COST_07811,WO_07811,APU_016,591.34,773.18,2883.96,3475.3
COST_07812,WO_07812,APU_033,1084.67,1079.54,2655.67,3740.34
COST_07813,WO_07813,APU_014,858.99,370.66,1097.15,1956.14
COST_07814,WO_07814,APU_015,357.85,1059.85,2310.47,2668.32
COST_07815,WO_07815,APU_008,683.87,1139.65,3304.99,3988.86
COST_07816,WO_07816,APU_021,901.69,1378.89,4067.73,4969.42
COST_07817,WO_07817,APU_049,410.08,732.36,1450.07,1860.15
COST_07818,WO_07818,APU_001,278.96,421.83,700.24,979.2
COST_07819,WO_07819,APU_007,401.63,1261.19,2673.72,3075.35
COST_07820,WO_07820,APU_031,510.15,1143.66,3533.91,4044.06
COST_07821,WO_07821,APU_037,427.16,845.11,3194.52,3621.68
COST_07822,WO_07822,APU_048,1086.3,340.53,1481.31,2567.61
COST_07823,WO_07823,APU_034,372.41,1218.22,2521.72,2894.13
COST_07824,WO_07824,APU_038,636.2,739.67,2352.15,2988.35
COST_07825,WO_07825,APU_050,695.48,1590.12,7346.35,8041.83
COST_07826,WO_07826,APU_041,637.99,836.72,4317.48,4955.47
COST_07827,WO_07827,APU_036,971.23,1203.17,3164.34,4135.57
COST_07828,WO_07828,APU_001,709.26,1769.16,4263.68,4972.94
COST_07829,WO_07829,APU_002,186.75,345.64,1043.83,1230.58
COST_07830,WO_07830,APU_050,780.67,874.59,1259.41,2040.08
COST_07831,WO_07831,APU_013,489.56,1658.4,4046.5,4536.06
COST_07832,WO_07832,APU_015,775.97,519.08,2123.04,2899.01
COST_07833,WO_07833,APU_042,620.79,1766.12,6834.88,7455.67
COST_07834,WO_07834,APU_023,709.23,890.87,2084.64,2793.87
COST_07835,WO_07835,APU_015,691.82,423.01,1294.41,1986.23
COST_07836,WO_07836,APU_003,861.93,956.44,1654.64,2516.57
COST_07837,WO_07837,APU_031,554.27,712.25,2849.0,3403.27
COST_07838,WO_07838,APU_041,465.35,646.88,1681.89,2147.24
COST_07839,WO_07839,APU_009,387.44,449.03,1050.73,1438.17
COST_07840,WO_07840,APU_012,739.52,701.87,1565.17,2304.69
COST_07841,WO_07841,APU_039,593.0,903.56,2376.36,2969.36
COST_07842,WO_07842,APU_006,264.04,434.78,921.73,1185.77
COST_07843,WO_07843,APU_011,862.14,978.93,3817.83,4679.97
COST_07844,WO_07844,APU_050,538.41,1209.72,2649.29,3187.7
COST_07845,WO_07845,APU_013,1002.89,1481.98,9677.33,10680.22
COST_07846,WO_07846,APU_039,621.48,1063.58,6477.2,7098.68
COST_07847,WO_07847,APU_020,748.61,1777.2,2950.15,3698.76
COST_07848,WO_07848,APU_021,790.16,695.43,1961.11,2751.27
COST_07849,WO_07849,APU_035,921.46,1318.84,2505.8,3427.26
COST_07850,WO_07850,APU_022,799.15,1647.65,3740.17,4539.32
COST_07851,WO_07851,APU_012,1100.18,1076.38,8804.79,9904.97
COST_07852,WO_07852,APU_022,310.18,1392.33,3202.36,3512.54
COST_07853,WO_07853,APU_042,962.02,940.38,3112.66,4074.68
COST_07854,WO_07854,APU_033,1127.27,1617.05,5918.4,7045.67
COST_07855,WO_07855,APU_031,541.95,1686.32,2647.52,3189.47
COST_07856,WO_07856,APU_030,856.03,1703.57,2896.07,3752.1
COST_07857,WO_07857,APU_016,264.23,990.7,1386.98,1651.21
COST_07858,WO_07858,APU_034,467.94,1036.61,1731.14,2199.08
COST_07859,WO_07859,APU_001,230.38,450.28,256.66,487.04
COST_07860,WO_07860,APU_004,400.08,721.87,2649.26,3049.34
COST_07861,WO_07861,APU_004,930.66,804.5,6765.85,7696.51
COST_07862,WO_07862,APU_016,657.46,1797.24,5301.86,5959.32
COST_07863,WO_07863,APU_012,322.22,1101.97,1377.46,1699.68
COST_07864,WO_07864,APU_035,759.29,1101.4,2103.67,2862.96
COST_07865,WO_07865,APU_021,479.25,1064.82,2246.77,2726.02
COST_07866,WO_07866,APU_013,620.52,834.59,1293.61,1914.13
COST_07867,WO_07867,APU_014,707.12,1308.31,5704.23,6411.35
COST_07868,WO_07868,APU_005,1031.84,889.97,3773.47,4805.31
COST_07869,WO_07869,APU_004,613.51,1514.67,2181.12,2794.63
COST_07870,WO_07870,APU_004,962.53,1114.99,4515.71,5478.24
COST_07871,WO_07871,APU_038,831.54,653.43,4110.07,4941.61
COST_07872,WO_07872,APU_001,983.08,1507.08,11664.8,12647.88
COST_07873,WO_07873,APU_047,1314.54,1131.29,14865.15,16179.69
COST_07874,WO_07874,APU_041,410.57,666.76,1106.82,1517.39
COST_07875,WO_07875,APU_012,1615.29,947.93,12180.9,13796.19
COST_07876,WO_07876,APU_029,696.11,1742.56,3903.33,4599.44
COST_07877,WO_07877,APU_037,218.32,1574.15,3085.33,3303.65
COST_07878,WO_07878,APU_008,388.74,1112.94,3617.06,4005.8
COST_07879,WO_07879,APU_029,599.29,1303.28,2567.46,3166.75
COST_07880,WO_07880,APU_014,495.69,587.69,1992.27,2487.96
COST_07881,WO_07881,APU_032,258.4,1329.48,1754.91,2013.31
COST_07882,WO_07882,APU_021,301.7,1689.55,4021.13,4322.83
COST_07883,WO_07883,APU_028,316.63,936.59,5160.61,5477.24
COST_07884,WO_07884,APU_010,464.53,1095.76,2881.85,3346.38
COST_07885,WO_07885,APU_037,945.02,1670.87,4912.36,5857.38
COST_07886,WO_07886,APU_010,359.72,1599.52,5646.31,6006.03
COST_07887,WO_07887,APU_022,771.81,723.68,3748.66,4520.47
COST_07888,WO_07888,APU_043,587.24,418.1,455.73,1042.97
COST_07889,WO_07889,APU_033,359.47,1190.03,4462.61,4822.08
COST_07890,WO_07890,APU_045,718.03,1502.68,3531.3,4249.33
COST_07891,WO_07891,APU_033,1120.27,903.3,2691.83,3812.1
COST_07892,WO_07892,APU_025,1014.26,496.6,2418.44,3432.7
COST_07893,WO_07893,APU_022,422.23,723.9,1020.7,1442.93
COST_07894,WO_07894,APU_043,431.99,683.14,1065.7,1497.69
COST_07895,WO_07895,APU_043,257.62,881.64,828.74,1086.36
COST_07896,WO_07896,APU_038,1021.1,704.03,1415.1,2436.2
COST_07897,WO_07897,APU_028,765.02,1194.38,6748.25,7513.27
COST_07898,WO_07898,APU_035,786.56,369.6,938.78,1725.34
COST_07899,WO_07899,APU_022,344.94,697.05,906.16,1251.1
COST_07900,WO_07900,APU_034,285.81,1285.3,2673.42,2959.23
COST_07901,WO_07901,APU_006,390.17,1566.58,1879.9,2270.07
COST_07902,WO_07902,APU_007,646.83,1373.06,2004.67,2651.5
COST_07903,WO_07903,APU_017,552.84,670.66,2260.12,2812.96
COST_07904,WO_07904,APU_035,604.25,746.12,1066.95,1671.2
COST_07905,WO_07905,APU_026,671.08,1745.29,8743.9,9414.98
COST_07906,WO_07906,APU_027,679.2,1771.1,4622.57,5301.77
COST_07907,WO_07907,APU_014,367.91,587.65,1674.8,2042.71
COST_07908,WO_07908,APU_024,325.67,498.27,1160.97,1486.64
COST_07909,WO_07909,APU_039,324.12,1536.53,6391.96,6716.08
COST_07910,WO_07910,APU_031,696.92,1735.6,7254.81,7951.73
COST_07911,WO_07911,APU_016,790.28,1160.82,3795.88,4586.16
COST_07912,WO_07912,APU_033,419.08,317.4,1177.55,1596.63
COST_07913,WO_07913,APU_006,365.6,401.14,970.76,1336.36
COST_07914,WO_07914,APU_027,347.09,699.36,2559.66,2906.75
COST_07915,WO_07915,APU_036,819.01,1734.32,3919.56,4738.57
COST_07916,WO_07916,APU_019,423.63,1189.95,3236.66,3660.29
COST_07917,WO_07917,APU_018,674.22,1632.05,3819.0,4493.22
COST_07918,WO_07918,APU_017,379.09,942.4,1988.46,2367.55
COST_07919,WO_07919,APU_038,772.1,1122.75,2088.32,2860.42
COST_07920,WO_07920,APU_014,910.5,1459.42,5137.16,6047.66
COST_07921,WO_07921,APU_038,1112.99,911.59,5095.79,6208.78
COST_07922,WO_07922,APU_008,833.23,1327.7,6877.49,7710.72
COST_07923,WO_07923,APU_036,339.61,1536.47,2089.6,2429.21
COST_07924,WO_07924,APU_040,1184.4,577.64,3188.57,4372.97
COST_07925,WO_07925,APU_009,520.13,357.28,814.6,1334.73
COST_07926,WO_07926,APU_024,536.82,1392.07,5262.02,5798.84
COST_07927,WO_07927,APU_018,101.19,765.34,1262.81,1364.0
COST_07928,WO_07928,APU_047,886.56,1255.7,3691.76,4578.32
COST_07929,WO_07929,APU_039,411.75,1209.88,3907.91,4319.66
COST_07930,WO_07930,APU_032,537.7,1413.01,1695.61,2233.31
COST_07931,WO_07931,APU_009,361.62,1713.69,6512.02,6873.64
COST_07932,WO_07932,APU_019,864.31,1250.37,7127.11,7991.42
COST_07933,WO_07933,APU_023,336.81,1667.35,4118.35,4455.16
COST_07934,WO_07934,APU_024,638.97,1569.96,9011.57,9650.54
COST_07935,WO_07935,APU_010,407.57,467.76,1146.01,1553.58
COST_07936,WO_07936,APU_013,1236.01,874.81,3796.68,5032.69
COST_07937,WO_07937,APU_039,149.31,1313.65,1050.92,1200.23
COST_07938,WO_07938,APU_018,1299.85,773.15,7947.98,9247.83
COST_07939,WO_07939,APU_011,528.57,574.04,3553.31,4081.88
COST_07940,WO_07940,APU_003,397.41,938.65,2177.67,2575.08
COST_07941,WO_07941,APU_010,297.19,1679.56,1545.2,1842.39
COST_07942,WO_07942,APU_031,518.78,794.11,2525.27,3044.05
COST_07943,WO_07943,APU_041,841.87,1446.29,1778.94,2620.81
COST_07944,WO_07944,APU_025,513.0,1360.38,4720.52,5233.52
COST_07945,WO_07945,APU_030,404.74,1432.88,4886.12,5290.86
COST_07946,WO_07946,APU_019,166.78,1103.24,1787.25,1954.03
COST_07947,WO_07947,APU_023,1100.04,459.07,2313.71,3413.75
COST_07948,WO_07948,APU_002,523.13,848.1,3587.46,4110.59
COST_07949,WO_07949,APU_039,863.01,1538.24,7152.82,8015.83
COST_07950,WO_07950,APU_023,627.96,568.02,1550.69,2178.65
COST_07951,WO_07951,APU_015,230.05,1492.69,1865.86,2095.91
COST_07952,WO_07952,APU_017,880.7,1511.65,7029.17,7909.87
COST_07953,WO_07953,APU_032,538.12,637.13,1490.88,2029.0
COST_07954,WO_07954,APU_025,660.53,619.12,786.28,1446.81
COST_07955,WO_07955,APU_025,1314.45,1157.79,6622.56,7937.01
COST_07956,WO_07956,APU_031,758.12,797.07,6878.71,7636.83
COST_07957,WO_07957,APU_015,606.86,1645.08,4375.91,4982.77
COST_07958,WO_07958,APU_002,1028.77,1050.54,9360.31,10389.08
COST_07959,WO_07959,APU_047,1060.61,997.41,2852.59,3913.2
COST_07960,WO_07960,APU_043,280.06,1742.19,3850.24,4130.3
COST_07961,WO_07961,APU_035,200.37,1547.17,2970.57,3170.94
COST_07962,WO_07962,APU_041,1054.06,802.91,5371.47,6425.53
COST_07963,WO_07963,APU_019,886.43,997.09,1764.85,2651.28
COST_07964,WO_07964,APU_028,566.11,988.14,4021.73,4587.84
COST_07965,WO_07965,APU_002,805.34,1387.37,2774.74,3580.08
COST_07966,WO_07966,APU_001,601.24,1208.02,2548.92,3150.16
COST_07967,WO_07967,APU_039,596.03,1608.58,7705.1,8301.13
COST_07968,WO_07968,APU_045,768.33,1549.99,3425.48,4193.81
COST_07969,WO_07969,APU_011,943.24,624.41,1361.21,2304.45
COST_07970,WO_07970,APU_020,874.47,1698.33,8610.53,9485.0
COST_07971,WO_07971,APU_045,983.14,912.2,5965.79,6948.93
COST_07972,WO_07972,APU_040,719.01,1182.13,4586.66,5305.67
COST_07973,WO_07973,APU_034,171.22,1688.03,3207.26,3378.48
COST_07974,WO_07974,APU_003,707.46,973.05,1994.75,2702.21
COST_07975,WO_07975,APU_037,792.53,1785.73,5071.47,5864.0
COST_07976,WO_07976,APU_014,567.81,1111.6,3601.58,4169.39
COST_07977,WO_07977,APU_040,200.2,1024.44,1618.62,1818.82
COST_07978,WO_07978,APU_016,284.18,337.4,1366.47,1650.65
COST_07979,WO_07979,APU_010,663.38,1473.59,4199.73,4863.11
COST_07980,WO_07980,APU_007,629.21,1091.26,1156.74,1785.95
COST_07981,WO_07981,APU_037,163.62,1268.6,2067.82,2231.44
COST_07982,WO_07982,APU_044,1052.21,1110.98,2288.62,3340.83
COST_07983,WO_07983,APU_003,164.91,687.94,1795.52,1960.43
COST_07984,WO_07984,APU_009,1034.17,1070.36,8220.36,9254.53
COST_07985,WO_07985,APU_017,467.15,798.92,2476.65,2943.8
COST_07986,WO_07986,APU_015,196.47,487.29,833.27,1029.74
COST_07987,WO_07987,APU_017,950.06,497.82,1528.31,2478.37
COST_07988,WO_07988,APU_027,920.02,890.55,1994.83,2914.85
COST_07989,WO_07989,APU_015,730.32,1002.07,3256.73,3987.05
COST_07990,WO_07990,APU_024,522.02,1435.33,5368.13,5890.15
COST_07991,WO_07991,APU_007,477.39,711.6,3764.36,4241.75
COST_07992,WO_07992,APU_037,316.15,1167.59,3129.14,3445.29
COST_07993,WO_07993,APU_034,734.97,920.72,6168.82,6903.79
COST_07994,WO_07994,APU_019,309.18,1043.14,4673.27,4982.45
COST_07995,WO_07995,APU_041,727.31,492.71,906.59,1633.9
COST_07996,WO_07996,APU_049,557.29,724.66,6645.13,7202.42
COST_07997,WO_07997,APU_023,573.14,467.29,1518.69,2091.83
COST_07998,WO_07998,APU_016,425.68,1512.98,2602.33,3028.01
COST_07999,WO_07999,APU_028,862.98,914.88,6175.44,7038.42
COST_08000,WO_08000,APU_026,1035.36,926.28,7891.91,8927.27
COST_08001,WO_08001,APU_028,798.64,940.3,2510.6,3309.24
COST_08002,WO_08002,APU_045,346.53,1181.81,2434.53,2781.06
COST_08003,WO_08003,APU_024,392.55,980.87,2422.75,2815.3
COST_08004,WO_08004,APU_027,701.59,1230.52,4959.0,5660.59
COST_08005,WO_08005,APU_025,578.99,1467.64,8057.34,8636.33
COST_08006,WO_08006,APU_004,383.17,788.17,2931.99,3315.16
COST_08007,WO_08007,APU_047,711.81,903.53,2593.13,3304.94
COST_08008,WO_08008,APU_049,486.74,1639.17,10162.85,10649.59
COST_08009,WO_08009,APU_005,613.12,1146.16,2624.71,3237.83
COST_08010,WO_08010,APU_025,725.42,1207.89,5785.79,6511.21
COST_08011,WO_08011,APU_010,779.6,1385.47,3214.29,3993.89
COST_08012,WO_08012,APU_030,389.77,1792.92,6185.57,6575.34
COST_08013,WO_08013,APU_013,587.41,676.83,1725.92,2313.33
COST_08014,WO_08014,APU_022,693.16,1691.98,4466.83,5159.99
COST_08015,WO_08015,APU_013,376.86,1340.34,2962.15,3339.01
COST_08016,WO_08016,APU_029,653.61,1033.26,5889.58,6543.19
COST_08017,WO_08017,APU_021,324.36,615.97,1121.07,1445.43
COST_08018,WO_08018,APU_031,881.19,852.86,1543.68,2424.87
COST_08019,WO_08019,APU_008,1128.43,525.23,4585.26,5713.69
COST_08020,WO_08020,APU_050,303.52,504.76,2347.13,2650.65
COST_08021,WO_08021,APU_041,320.86,1555.09,1135.22,1456.08
COST_08022,WO_08022,APU_012,338.76,1230.66,2449.01,2787.77
COST_08023,WO_08023,APU_003,73.84,1652.91,1652.91,1726.75
COST_08024,WO_08024,APU_041,846.67,1624.38,2615.25,3461.92
COST_08025,WO_08025,APU_027,257.92,934.59,467.3,725.22
COST_08026,WO_08026,APU_002,785.21,335.43,845.28,1630.49
COST_08027,WO_08027,APU_022,690.41,456.09,661.33,1351.74
COST_08028,WO_08028,APU_018,883.6,1412.32,3968.62,4852.22
COST_08029,WO_08029,APU_040,226.43,901.75,1000.94,1227.37
COST_08030,WO_08030,APU_022,532.73,426.29,1214.93,1747.66
COST_08031,WO_08031,APU_034,810.98,570.25,1231.74,2042.72
COST_08032,WO_08032,APU_001,1262.96,1111.57,6902.85,8165.81
COST_08033,WO_08033,APU_008,923.6,1614.77,9543.29,10466.89
COST_08034,WO_08034,APU_018,781.25,626.04,2623.11,3404.36
COST_08035,WO_08035,APU_018,278.83,871.62,1978.58,2257.41
COST_08036,WO_08036,APU_007,1221.3,1348.65,10924.07,12145.37
COST_08037,WO_08037,APU_040,725.28,340.14,394.56,1119.84
COST_08038,WO_08038,APU_045,387.54,340.62,429.18,816.72
COST_08039,WO_08039,APU_002,746.81,542.99,1411.77,2158.58
COST_08040,WO_08040,APU_010,1001.65,1538.84,14449.71,15451.36
COST_08041,WO_08041,APU_020,997.6,942.59,2290.49,3288.09
COST_08042,WO_08042,APU_002,251.12,1764.25,4340.06,4591.18
COST_08043,WO_08043,APU_050,777.54,1660.32,2042.19,2819.73
COST_08044,WO_08044,APU_043,340.0,1021.02,4666.06,5006.06
COST_08045,WO_08045,APU_027,1070.02,1073.5,4927.36,5997.38
COST_08046,WO_08046,APU_005,708.04,755.69,3173.9,3881.94
COST_08047,WO_08047,APU_018,579.88,1635.88,3140.89,3720.77
COST_08048,WO_08048,APU_008,607.85,684.37,1259.24,1867.09
COST_08049,WO_08049,APU_018,673.44,545.29,725.24,1398.68
COST_08050,WO_08050,APU_048,434.95,1630.2,4646.07,5081.02
COST_08051,WO_08051,APU_007,900.09,1075.94,1613.91,2514.0
COST_08052,WO_08052,APU_034,404.35,379.08,538.29,942.64
COST_08053,WO_08053,APU_025,438.62,1322.01,2842.32,3280.94
COST_08054,WO_08054,APU_028,125.38,1246.65,2593.03,2718.41
COST_08055,WO_08055,APU_007,299.82,1350.25,2727.51,3027.33
COST_08056,WO_08056,APU_005,493.41,1443.96,5068.3,5561.71
COST_08057,WO_08057,APU_038,1029.17,433.89,1232.25,2261.42
COST_08058,WO_08058,APU_046,318.66,1258.12,2918.84,3237.5
COST_08059,WO_08059,APU_020,455.89,1418.89,4270.86,4726.75
COST_08060,WO_08060,APU_039,390.48,1052.17,1662.43,2052.91
COST_08061,WO_08061,APU_005,456.62,529.53,1525.05,1981.67
COST_08062,WO_08062,APU_018,135.95,810.5,2390.98,2526.93
COST_08063,WO_08063,APU_049,244.9,1398.55,1664.27,1909.17
COST_08064,WO_08064,APU_049,278.86,835.09,3924.92,4203.78
COST_08065,WO_08065,APU_006,424.3,1529.48,2554.23,2978.53
COST_08066,WO_08066,APU_037,423.52,725.89,2076.05,2499.57
COST_08067,WO_08067,APU_027,528.59,386.83,1996.04,2524.63
COST_08068,WO_08068,APU_002,893.16,1700.04,7684.18,8577.34
COST_08069,WO_08069,APU_030,599.6,1109.58,3073.54,3673.14
COST_08070,WO_08070,APU_014,861.78,1405.1,3133.37,3995.15
COST_08071,WO_08071,APU_018,633.05,927.2,4246.58,4879.63
COST_08072,WO_08072,APU_002,558.51,653.19,2573.57,3132.08
COST_08073,WO_08073,APU_026,984.43,444.23,857.36,1841.79
COST_08074,WO_08074,APU_030,483.33,1727.45,3040.31,3523.64
COST_08075,WO_08075,APU_031,232.99,1315.31,1144.32,1377.31
COST_08076,WO_08076,APU_039,303.04,1251.86,3705.51,4008.55
COST_08077,WO_08077,APU_042,595.52,1498.72,3896.67,4492.19
COST_08078,WO_08078,APU_042,279.86,678.59,3447.24,3727.1
COST_08079,WO_08079,APU_013,440.96,1261.89,4176.86,4617.82
COST_08080,WO_08080,APU_043,408.31,1257.88,7119.6,7527.91
COST_08081,WO_08081,APU_034,970.57,1209.29,2237.19,3207.76
COST_08082,WO_08082,APU_034,628.79,1752.94,8904.94,9533.73
COST_08083,WO_08083,APU_004,511.19,727.68,1477.19,1988.38
COST_08084,WO_08084,APU_039,711.91,1093.17,4558.52,5270.43
COST_08085,WO_08085,APU_026,908.68,1550.8,1891.98,2800.66
COST_08086,WO_08086,APU_013,735.86,1168.95,3612.06,4347.92
COST_08087,WO_08087,APU_049,572.73,958.07,871.84,1444.57
COST_08088,WO_08088,APU_032,910.04,1555.6,3655.66,4565.7
COST_08089,WO_08089,APU_019,214.13,1464.1,5065.79,5279.92
COST_08090,WO_08090,APU_029,506.57,1654.22,3374.61,3881.18
COST_08091,WO_08091,APU_028,150.47,830.28,1270.33,1420.8
COST_08092,WO_08092,APU_005,359.23,1295.63,5610.08,5969.31
COST_08093,WO_08093,APU_044,448.82,381.55,980.58,1429.4
COST_08094,WO_08094,APU_029,172.26,367.64,764.69,936.95
COST_08095,WO_08095,APU_027,837.27,1685.25,4684.99,5522.26
COST_08096,WO_08096,APU_050,1242.13,639.4,7410.65,8652.78
COST_08097,WO_08097,APU_002,768.51,505.77,2594.6,3363.11
COST_08098,WO_08098,APU_011,376.61,793.45,4086.27,4462.88
COST_08099,WO_08099,APU_007,418.52,346.33,1194.84,1613.36
COST_08100,WO_08100,APU_004,202.79,1039.66,3098.19,3300.98
COST_08101,WO_08101,APU_037,707.83,1446.69,1056.08,1763.91
COST_08102,WO_08102,APU_001,563.51,1090.3,2038.86,2602.37
COST_08103,WO_08103,APU_005,651.37,1455.61,3042.22,3693.59
COST_08104,WO_08104,APU_027,812.38,756.43,733.74,1546.12
COST_08105,WO_08105,APU_045,316.88,1285.65,1851.34,2168.22
COST_08106,WO_08106,APU_005,160.54,1705.29,1551.81,1712.35
COST_08107,WO_08107,APU_048,391.93,1326.51,3528.52,3920.45
COST_08108,WO_08108,APU_024,235.14,1721.13,7332.01,7567.15
COST_08109,WO_08109,APU_007,1098.92,1187.36,5936.8,7035.72
COST_08110,WO_08110,APU_036,473.86,600.52,2047.77,2521.63
COST_08111,WO_08111,APU_015,943.19,1758.99,2814.38,3757.57
COST_08112,WO_08112,APU_005,784.48,896.5,842.71,1627.19
COST_08113,WO_08113,APU_046,367.68,1506.39,1551.58,1919.26
COST_08114,WO_08114,APU_020,808.94,1180.92,1594.24,2403.18
COST_08115,WO_08115,APU_033,436.24,884.7,1477.45,1913.69
COST_08116,WO_08116,APU_036,404.37,1587.21,3952.15,4356.52
COST_08117,WO_08117,APU_048,409.38,1242.09,1937.66,2347.04
COST_08118,WO_08118,APU_006,419.84,1317.48,4321.33,4741.17
COST_08119,WO_08119,APU_050,418.5,1192.54,2850.17,3268.67
COST_08120,WO_08120,APU_037,369.64,1038.01,2833.77,3203.41
COST_08121,WO_08121,APU_027,1189.82,1132.15,5762.64,6952.46
COST_08122,WO_08122,APU_038,969.92,1513.66,2149.4,3119.32
COST_08123,WO_08123,APU_049,443.03,975.9,3337.58,3780.61
COST_08124,WO_08124,APU_003,1113.49,750.45,2026.22,3139.71
COST_08125,WO_08125,APU_029,272.03,1467.52,3316.6,3588.63
COST_08126,WO_08126,APU_039,380.31,713.27,3152.65,3532.96
COST_08127,WO_08127,APU_014,592.33,1431.74,6313.97,6906.3
COST_08128,WO_08128,APU_034,263.57,1358.64,2201.0,2464.57
COST_08129,WO_08129,APU_035,930.76,1404.69,3455.54,4386.3
COST_08130,WO_08130,APU_016,313.01,1648.19,5224.76,5537.77
COST_08131,WO_08131,APU_007,451.44,855.74,2002.43,2453.87
COST_08132,WO_08132,APU_047,429.95,1654.72,6205.2,6635.15
COST_08133,WO_08133,APU_047,744.3,1731.46,5488.73,6233.03
COST_08134,WO_08134,APU_008,781.07,534.45,3981.65,4762.72
COST_08135,WO_08135,APU_001,259.19,1478.66,1730.03,1989.22
COST_08136,WO_08136,APU_025,823.61,867.64,2203.81,3027.42
COST_08137,WO_08137,APU_028,1028.31,423.55,698.86,1727.17
COST_08138,WO_08138,APU_028,271.61,445.63,1688.94,1960.55
COST_08139,WO_08139,APU_013,178.23,374.17,419.07,597.3
COST_08140,WO_08140,APU_003,911.73,1521.01,5004.12,5915.85
COST_08141,WO_08141,APU_017,499.9,789.96,1516.72,2016.62
COST_08142,WO_08142,APU_017,427.38,617.58,1124.0,1551.38
COST_08143,WO_08143,APU_047,231.65,716.23,880.96,1112.61
COST_08144,WO_08144,APU_027,491.12,443.34,931.01,1422.13
COST_08145,WO_08145,APU_036,565.84,1186.12,5859.43,6425.27
COST_08146,WO_08146,APU_014,309.45,1657.89,4443.15,4752.6
COST_08147,WO_08147,APU_031,811.47,900.1,3456.38,4267.85
COST_08148,WO_08148,APU_010,1119.29,706.18,4794.96,5914.25
COST_08149,WO_08149,APU_045,847.03,932.96,2929.49,3776.52
COST_08150,WO_08150,APU_022,438.32,569.11,1138.22,1576.54
COST_08151,WO_08151,APU_014,310.77,1557.25,5465.95,5776.72
COST_08152,WO_08152,APU_020,700.22,1238.49,2501.75,3201.97
COST_08153,WO_08153,APU_032,782.07,1734.48,3573.03,4355.1
COST_08154,WO_08154,APU_007,256.64,497.17,586.66,843.3
COST_08155,WO_08155,APU_020,920.3,1107.49,5005.85,5926.15
COST_08156,WO_08156,APU_036,953.7,954.72,2100.38,3054.08
COST_08157,WO_08157,APU_050,715.13,1659.82,4979.46,5694.59
COST_08158,WO_08158,APU_004,766.12,783.24,1206.19,1972.31
COST_08159,WO_08159,APU_032,886.04,704.97,2432.15,3318.19
COST_08160,WO_08160,APU_030,296.83,1500.21,2685.38,2982.21
COST_08161,WO_08161,APU_047,979.23,1696.04,4257.06,5236.29
COST_08162,WO_08162,APU_038,864.44,955.6,4214.2,5078.64
COST_08163,WO_08163,APU_012,814.72,433.33,1819.99,2634.71
COST_08164,WO_08164,APU_020,919.46,1477.77,3975.2,4894.66
COST_08165,WO_08165,APU_039,746.91,1426.02,1468.8,2215.71
COST_08166,WO_08166,APU_046,1294.98,339.69,4789.63,6084.61
COST_08167,WO_08167,APU_019,915.44,920.89,6538.32,7453.76
COST_08168,WO_08168,APU_046,401.36,991.66,4006.31,4407.67
COST_08169,WO_08169,APU_022,132.54,895.87,1612.57,1745.11
COST_08170,WO_08170,APU_045,399.02,1015.88,2590.49,2989.51
COST_08171,WO_08171,APU_049,184.18,760.66,1536.53,1720.71
COST_08172,WO_08172,APU_005,551.53,807.82,4402.62,4954.15
COST_08173,WO_08173,APU_010,369.39,503.6,1581.3,1950.69
COST_08174,WO_08174,APU_030,318.22,1093.83,1936.08,2254.3
COST_08175,WO_08175,APU_023,428.48,1777.92,3733.63,4162.11
COST_08176,WO_08176,APU_040,605.5,782.13,3941.94,4547.44
COST_08177,WO_08177,APU_019,1408.36,1730.18,11332.68,12741.04
COST_08178,WO_08178,APU_050,803.88,1762.91,11106.33,11910.21
COST_08179,WO_08179,APU_036,796.26,1636.69,6743.16,7539.42
COST_08180,WO_08180,APU_024,964.44,1259.6,2985.25,3949.69
COST_08181,WO_08181,APU_023,772.12,1287.94,643.97,1416.09
COST_08182,WO_08182,APU_019,806.35,1215.71,3890.27,4696.62
COST_08183,WO_08183,APU_028,674.0,412.41,1121.76,1795.76
COST_08184,WO_08184,APU_006,403.46,1428.65,4200.23,4603.69
COST_08185,WO_08185,APU_032,268.56,1291.23,3615.44,3884.0
COST_08186,WO_08186,APU_003,835.17,1245.39,1631.46,2466.63
COST_08187,WO_08187,APU_024,997.13,423.67,1563.34,2560.47
COST_08188,WO_08188,APU_027,962.08,1571.99,6052.16,7014.24
COST_08189,WO_08189,APU_040,960.99,1706.6,6758.14,7719.13
COST_08190,WO_08190,APU_039,595.04,1353.86,6200.68,6795.72
COST_08191,WO_08191,APU_026,300.1,693.66,2628.97,2929.07
COST_08192,WO_08192,APU_016,513.96,708.66,1537.79,2051.75
COST_08193,WO_08193,APU_018,566.72,605.29,1579.81,2146.53
COST_08194,WO_08194,APU_047,798.46,1345.66,3848.59,4647.05
COST_08195,WO_08195,APU_031,371.32,372.65,1073.23,1444.55
COST_08196,WO_08196,APU_008,616.48,480.79,2264.52,2881.0
COST_08197,WO_08197,APU_029,333.06,830.21,3212.91,3545.97
COST_08198,WO_08198,APU_041,929.67,1263.99,10769.19,11698.86
COST_08199,WO_08199,APU_016,770.27,1296.87,11866.36,12636.63
COST_08200,WO_08200,APU_036,443.92,619.49,1759.35,2203.27
COST_08201,WO_08201,APU_017,870.16,1469.08,734.54,1604.7
COST_08202,WO_08202,APU_007,1006.34,946.62,5083.35,6089.69
COST_08203,WO_08203,APU_046,586.11,1789.59,3614.97,4201.08
COST_08204,WO_08204,APU_024,333.75,963.91,1686.84,2020.59
COST_08205,WO_08205,APU_010,861.75,1464.41,3192.41,4054.16
COST_08206,WO_08206,APU_044,439.02,666.88,1420.45,1859.47
COST_08207,WO_08207,APU_046,716.15,1718.58,6547.79,7263.94
COST_08208,WO_08208,APU_005,608.13,1407.68,1618.83,2226.96
COST_08209,WO_08209,APU_048,352.26,1541.66,2312.49,2664.75
COST_08210,WO_08210,APU_013,411.93,879.15,2883.61,3295.54
COST_08211,WO_08211,APU_050,553.91,514.08,1968.93,2522.84
COST_08212,WO_08212,APU_015,629.45,549.2,2125.4,2754.85
COST_08213,WO_08213,APU_030,998.14,901.67,1586.94,2585.08
COST_08214,WO_08214,APU_024,397.49,1141.25,1814.59,2212.08
COST_08215,WO_08215,APU_008,935.46,953.22,1963.63,2899.09
COST_08216,WO_08216,APU_020,778.51,412.56,1278.94,2057.45
COST_08217,WO_08217,APU_022,766.73,1266.44,7788.61,8555.34
COST_08218,WO_08218,APU_032,267.23,786.6,692.21,959.44
COST_08219,WO_08219,APU_044,724.14,1074.94,2590.61,3314.75
COST_08220,WO_08220,APU_009,233.42,684.59,896.81,1130.23
COST_08221,WO_08221,APU_041,580.87,1229.55,1352.51,1933.38
COST_08222,WO_08222,APU_048,450.86,943.74,4369.52,4820.38
COST_08223,WO_08223,APU_035,634.64,1207.17,4430.31,5064.95
COST_08224,WO_08224,APU_017,720.23,897.39,3122.92,3843.15
COST_08225,WO_08225,APU_046,344.42,1716.01,7739.21,8083.63
COST_08226,WO_08226,APU_011,328.53,1376.35,2876.57,3205.1
COST_08227,WO_08227,APU_020,728.71,1132.51,2423.57,3152.28
COST_08228,WO_08228,APU_010,1074.57,378.3,3419.83,4494.4
COST_08229,WO_08229,APU_011,145.51,1459.77,3459.65,3605.16
COST_08230,WO_08230,APU_049,814.07,1724.33,7018.02,7832.09
COST_08231,WO_08231,APU_025,688.78,325.64,889.0,1577.78
COST_08232,WO_08232,APU_035,912.74,1379.63,1352.04,2264.78
COST_08233,WO_08233,APU_018,316.3,1165.69,1025.81,1342.11
COST_08234,WO_08234,APU_014,440.37,1689.7,3345.61,3785.98
COST_08235,WO_08235,APU_004,954.21,594.88,2891.12,3845.33
COST_08236,WO_08236,APU_050,609.87,573.54,2403.13,3013.0
COST_08237,WO_08237,APU_014,1027.92,855.68,3842.0,4869.92
COST_08238,WO_08238,APU_007,680.2,981.61,1550.94,2231.14
COST_08239,WO_08239,APU_004,336.69,1023.46,6765.07,7101.76
COST_08240,WO_08240,APU_003,827.12,1350.96,2161.54,2988.66
COST_08241,WO_08241,APU_022,338.96,1312.01,4014.75,4353.71
COST_08242,WO_08242,APU_010,359.05,1472.71,3976.32,4335.37
COST_08243,WO_08243,APU_037,412.71,1237.85,3057.49,3470.2
COST_08244,WO_08244,APU_024,528.26,869.28,4937.51,5465.77
COST_08245,WO_08245,APU_024,262.87,720.68,1326.05,1588.92
COST_08246,WO_08246,APU_031,754.18,1698.44,2190.99,2945.17
COST_08247,WO_08247,APU_039,240.61,832.33,2288.91,2529.52
COST_08248,WO_08248,APU_003,889.66,981.92,2140.59,3030.25
COST_08249,WO_08249,APU_031,976.41,814.47,14188.07,15164.48
COST_08250,WO_08250,APU_033,1001.95,1410.11,5555.83,6557.78
COST_08251,WO_08251,APU_014,638.92,1490.83,3235.1,3874.02
COST_08252,WO_08252,APU_029,703.75,845.96,1285.86,1989.61
COST_08253,WO_08253,APU_037,246.79,440.56,427.34,674.13
COST_08254,WO_08254,APU_027,724.44,800.96,1241.49,1965.93
COST_08255,WO_08255,APU_003,554.12,1069.93,3102.8,3656.92
COST_08256,WO_08256,APU_013,842.05,1153.05,6872.18,7714.23
COST_08257,WO_08257,APU_004,792.53,1306.85,6586.52,7379.05
COST_08258,WO_08258,APU_020,292.84,706.28,2175.34,2468.18
COST_08259,WO_08259,APU_041,447.15,986.97,2250.29,2697.44
COST_08260,WO_08260,APU_035,480.88,894.48,2817.61,3298.49
COST_08261,WO_08261,APU_002,581.08,954.31,1946.79,2527.87
COST_08262,WO_08262,APU_023,810.1,949.65,6638.05,7448.15
COST_08263,WO_08263,APU_041,361.14,724.78,1775.71,2136.85
COST_08264,WO_08264,APU_004,489.43,1317.0,3411.03,3900.46
COST_08265,WO_08265,APU_043,197.72,518.38,414.7,612.42
COST_08266,WO_08266,APU_008,741.72,1721.2,4199.73,4941.45
COST_08267,WO_08267,APU_013,527.66,945.72,4076.05,4603.71
COST_08268,WO_08268,APU_018,247.85,969.82,1464.43,1712.28
COST_08269,WO_08269,APU_026,727.4,1482.52,2668.54,3395.94
COST_08270,WO_08270,APU_045,432.51,1029.62,4324.4,4756.91
COST_08271,WO_08271,APU_044,362.58,1113.8,1347.7,1710.28
COST_08272,WO_08272,APU_011,1278.98,662.71,3220.77,4499.75
COST_08273,WO_08273,APU_026,692.22,1255.07,2547.79,3240.01
COST_08274,WO_08274,APU_004,554.57,1291.52,2841.34,3395.91
COST_08275,WO_08275,APU_031,296.62,344.22,506.0,802.62
COST_08276,WO_08276,APU_039,749.35,1621.65,5432.53,6181.88
COST_08277,WO_08277,APU_042,892.54,1263.32,13290.13,14182.67
COST_08278,WO_08278,APU_035,658.99,350.78,1466.26,2125.25
COST_08279,WO_08279,APU_016,312.55,577.72,976.35,1288.9
COST_08280,WO_08280,APU_047,485.89,654.38,3324.25,3810.14
COST_08281,WO_08281,APU_010,450.98,1440.31,3283.91,3734.89
COST_08282,WO_08282,APU_024,1064.9,1268.71,7345.83,8410.73
COST_08283,WO_08283,APU_016,743.9,1216.75,5159.02,5902.92
COST_08284,WO_08284,APU_005,708.4,1769.97,955.78,1664.18
COST_08285,WO_08285,APU_010,360.59,530.78,828.02,1188.61
COST_08286,WO_08286,APU_013,926.89,1228.35,5613.56,6540.45
COST_08287,WO_08287,APU_044,793.46,1205.2,3555.34,4348.8
COST_08288,WO_08288,APU_002,913.05,624.21,967.53,1880.58
COST_08289,WO_08289,APU_004,119.53,477.27,916.36,1035.89
COST_08290,WO_08290,APU_045,252.1,1181.28,1122.22,1374.32
COST_08291,WO_08291,APU_009,757.99,1137.87,2947.08,3705.07
COST_08292,WO_08292,APU_034,860.47,661.02,6061.55,6922.02
COST_08293,WO_08293,APU_027,926.2,1097.09,4640.69,5566.89
COST_08294,WO_08294,APU_005,857.52,1520.69,13792.66,14650.18
COST_08295,WO_08295,APU_005,570.86,539.17,2383.13,2953.99
COST_08296,WO_08296,APU_017,1249.56,725.52,3467.99,4717.55
COST_08297,WO_08297,APU_002,950.21,755.8,6084.19,7034.4
COST_08298,WO_08298,APU_008,550.12,1103.8,3697.73,4247.85
COST_08299,WO_08299,APU_040,297.31,1082.55,2652.25,2949.56
COST_08300,WO_08300,APU_041,554.57,1109.19,5324.11,5878.68
COST_08301,WO_08301,APU_039,978.35,989.98,5989.38,6967.73
COST_08302,WO_08302,APU_032,533.13,513.4,1073.01,1606.14
COST_08303,WO_08303,APU_008,809.94,1682.06,3078.17,3888.11
COST_08304,WO_08304,APU_049,283.21,1198.93,3512.86,3796.07
COST_08305,WO_08305,APU_036,476.12,564.55,2421.92,2898.04
COST_08306,WO_08306,APU_045,416.32,1301.81,5493.64,5909.96
COST_08307,WO_08307,APU_045,326.54,385.33,477.81,804.35
COST_08308,WO_08308,APU_018,1213.44,684.2,5323.08,6536.52
COST_08309,WO_08309,APU_028,830.91,767.0,1464.97,2295.88
COST_08310,WO_08310,APU_024,490.54,422.6,993.11,1483.65
COST_08311,WO_08311,APU_032,460.65,1340.94,2212.55,2673.2
COST_08312,WO_08312,APU_016,1467.47,1414.15,16955.66,18423.13
COST_08313,WO_08313,APU_035,627.29,1062.69,3304.97,3932.26
COST_08314,WO_08314,APU_038,222.15,981.04,1667.77,1889.92
COST_08315,WO_08315,APU_028,340.81,631.41,2759.26,3100.07
COST_08316,WO_08316,APU_010,487.81,1451.11,6022.11,6509.92
COST_08317,WO_08317,APU_048,470.99,1032.88,2530.56,3001.55
COST_08318,WO_08318,APU_036,1195.09,618.17,2670.49,3865.58
COST_08319,WO_08319,APU_007,876.04,1297.22,2244.19,3120.23
COST_08320,WO_08320,APU_042,670.61,662.21,1370.77,2041.38
COST_08321,WO_08321,APU_006,533.08,1270.87,1143.78,1676.86
COST_08322,WO_08322,APU_026,397.64,1323.84,1734.23,2131.87
COST_08323,WO_08323,APU_006,664.52,1604.62,11793.96,12458.48
COST_08324,WO_08324,APU_040,898.17,1478.52,9906.08,10804.25
COST_08325,WO_08325,APU_004,906.48,693.39,1955.36,2861.84
COST_08326,WO_08326,APU_018,1203.12,822.15,5574.18,6777.3
COST_08327,WO_08327,APU_032,1000.72,1250.9,3114.74,4115.46
COST_08328,WO_08328,APU_047,882.82,1754.37,4175.4,5058.22
COST_08329,WO_08329,APU_045,912.81,1048.11,2934.71,3847.52
COST_08330,WO_08330,APU_027,303.95,1060.03,2692.48,2996.43
COST_08331,WO_08331,APU_001,801.2,1099.47,2649.72,3450.92
COST_08332,WO_08332,APU_010,240.95,1352.96,6900.1,7141.05
COST_08333,WO_08333,APU_045,471.36,1025.77,3026.02,3497.38
COST_08334,WO_08334,APU_011,476.38,425.09,1708.86,2185.24
COST_08335,WO_08335,APU_023,521.15,1779.79,8525.19,9046.34
COST_08336,WO_08336,APU_041,800.37,1429.32,4816.81,5617.18
COST_08337,WO_08337,APU_031,578.05,1459.89,2321.23,2899.28
COST_08338,WO_08338,APU_011,292.7,1323.63,1707.48,2000.18
COST_08339,WO_08339,APU_035,288.87,853.23,2517.03,2805.9
COST_08340,WO_08340,APU_032,986.29,782.59,1933.0,2919.29
COST_08341,WO_08341,APU_038,556.05,403.77,1150.74,1706.79
COST_08342,WO_08342,APU_009,250.27,1799.75,4841.33,5091.6
COST_08343,WO_08343,APU_024,1061.57,1010.11,11373.84,12435.41
COST_08344,WO_08344,APU_008,327.82,1330.22,1742.59,2070.41
COST_08345,WO_08345,APU_037,928.94,670.72,610.36,1539.3
COST_08346,WO_08346,APU_018,456.5,768.53,2505.41,2961.91
COST_08347,WO_08347,APU_013,404.6,434.17,959.52,1364.12
COST_08348,WO_08348,APU_048,596.13,769.13,2484.29,3080.42
COST_08349,WO_08349,APU_019,469.17,1319.54,4948.27,5417.44
COST_08350,WO_08350,APU_027,826.64,778.77,4291.02,5117.66
COST_08351,WO_08351,APU_013,593.62,381.98,454.56,1048.18
COST_08352,WO_08352,APU_034,800.87,1486.01,2972.02,3772.89
COST_08353,WO_08353,APU_043,1069.67,945.97,3254.14,4323.81
COST_08354,WO_08354,APU_028,800.49,887.1,3681.47,4481.96
COST_08355,WO_08355,APU_017,554.39,860.63,7814.52,8368.91
COST_08356,WO_08356,APU_028,611.63,920.38,4233.75,4845.38
COST_08357,WO_08357,APU_002,521.77,718.74,1890.29,2412.06
COST_08358,WO_08358,APU_007,285.95,1010.06,1686.8,1972.75
COST_08359,WO_08359,APU_028,394.78,1764.68,3511.71,3906.49
COST_08360,WO_08360,APU_016,275.03,1423.7,2790.45,3065.48
COST_08361,WO_08361,APU_036,803.41,528.8,2062.32,2865.73
COST_08362,WO_08362,APU_045,309.51,766.18,2398.14,2707.65
COST_08363,WO_08363,APU_048,642.41,1771.13,2320.18,2962.59
COST_08364,WO_08364,APU_041,411.4,900.85,1927.82,2339.22
COST_08365,WO_08365,APU_019,630.92,1205.08,5302.35,5933.27
COST_08366,WO_08366,APU_044,917.75,1733.35,5720.05,6637.8
COST_08367,WO_08367,APU_023,480.37,1234.92,4593.9,5074.27
COST_08368,WO_08368,APU_043,430.03,565.24,1899.21,2329.24
COST_08369,WO_08369,APU_047,1115.08,654.38,4351.63,5466.71
COST_08370,WO_08370,APU_036,342.21,364.39,1129.61,1471.82
COST_08371,WO_08371,APU_016,548.9,853.18,1877.0,2425.9
COST_08372,WO_08372,APU_030,617.8,1050.47,1722.77,2340.57
COST_08373,WO_08373,APU_034,423.98,686.3,2141.26,2565.24
COST_08374,WO_08374,APU_042,66.1,1384.34,982.88,1048.98
COST_08375,WO_08375,APU_020,1100.47,1041.87,2563.0,3663.47
COST_08376,WO_08376,APU_040,295.67,514.54,1250.33,1546.0
COST_08377,WO_08377,APU_022,209.68,712.58,912.1,1121.78
COST_08378,WO_08378,APU_032,239.58,454.74,741.23,980.81
COST_08379,WO_08379,APU_022,1164.1,1243.73,5273.42,6437.52
COST_08380,WO_08380,APU_002,333.07,1556.77,4810.42,5143.49
COST_08381,WO_08381,APU_009,153.47,1405.97,4035.13,4188.6
COST_08382,WO_08382,APU_017,419.97,1095.11,3526.25,3946.22
COST_08383,WO_08383,APU_026,206.98,689.89,1973.09,2180.07
COST_08384,WO_08384,APU_047,504.93,300.43,1616.31,2121.24
COST_08385,WO_08385,APU_010,586.49,481.35,1400.73,1987.22
COST_08386,WO_08386,APU_015,108.7,754.03,919.92,1028.62
COST_08387,WO_08387,APU_037,826.55,1689.61,11252.8,12079.35
COST_08388,WO_08388,APU_008,881.46,1176.81,3918.78,4800.24
COST_08389,WO_08389,APU_038,835.91,1520.84,2996.05,3831.96
COST_08390,WO_08390,APU_032,280.96,1782.89,2424.73,2705.69
COST_08391,WO_08391,APU_004,407.72,1609.2,5439.1,5846.82
COST_08392,WO_08392,APU_015,926.56,580.0,1479.0,2405.56
COST_08393,WO_08393,APU_030,863.24,1666.3,10764.3,11627.54
COST_08394,WO_08394,APU_008,163.87,1526.91,3435.55,3599.42
COST_08395,WO_08395,APU_047,259.22,1032.5,1775.9,2035.12
COST_08396,WO_08396,APU_019,657.83,313.34,1394.36,2052.19
COST_08397,WO_08397,APU_005,507.77,936.25,4231.85,4739.62
COST_08398,WO_08398,APU_036,1077.04,1380.92,4115.14,5192.18
COST_08399,WO_08399,APU_036,778.68,755.62,2977.14,3755.82
COST_08400,WO_08400,APU_015,901.89,1546.88,4114.7,5016.59
COST_08401,WO_08401,APU_033,504.29,1374.59,4247.48,4751.77
COST_08402,WO_08402,APU_031,1198.73,1140.4,5884.46,7083.19
COST_08403,WO_08403,APU_029,1127.62,1057.74,4051.14,5178.76
COST_08404,WO_08404,APU_028,499.95,1213.45,3009.36,3509.31
COST_08405,WO_08405,APU_041,587.02,1308.16,7482.68,8069.7
COST_08406,WO_08406,APU_012,229.64,1548.08,1145.58,1375.22
COST_08407,WO_08407,APU_043,713.8,584.58,4910.47,5624.27
COST_08408,WO_08408,APU_044,327.77,612.41,649.15,976.92
COST_08409,WO_08409,APU_049,679.32,1774.63,3425.04,4104.36
COST_08410,WO_08410,APU_031,1011.31,1295.34,3445.6,4456.91
COST_08411,WO_08411,APU_043,996.73,1215.05,3049.78,4046.51
COST_08412,WO_08412,APU_008,765.5,1727.53,8171.22,8936.72
COST_08413,WO_08413,APU_046,865.49,1799.29,2734.92,3600.41
COST_08414,WO_08414,APU_048,992.25,498.12,1564.1,2556.35
COST_08415,WO_08415,APU_037,642.57,819.09,1621.8,2264.37
COST_08416,WO_08416,APU_050,803.51,1117.99,3577.57,4381.08
COST_08417,WO_08417,APU_003,809.42,441.86,1157.67,1967.09
COST_08418,WO_08418,APU_006,736.78,1114.63,3187.84,3924.62
COST_08419,WO_08419,APU_044,998.41,1661.86,3340.34,4338.75
COST_08420,WO_08420,APU_038,911.26,1526.53,3129.39,4040.65
COST_08421,WO_08421,APU_010,944.04,1254.51,3989.34,4933.38
COST_08422,WO_08422,APU_023,1131.69,1661.37,7592.46,8724.15
COST_08423,WO_08423,APU_002,244.51,756.53,1482.8,1727.31
COST_08424,WO_08424,APU_039,305.27,1009.16,1705.48,2010.75
COST_08425,WO_08425,APU_031,948.17,878.72,3347.92,4296.09
COST_08426,WO_08426,APU_010,353.85,849.05,2266.96,2620.81
COST_08427,WO_08427,APU_035,445.71,1258.53,5399.09,5844.8
COST_08428,WO_08428,APU_010,433.54,915.94,1511.3,1944.84
COST_08429,WO_08429,APU_019,197.27,1185.41,1209.12,1406.39
COST_08430,WO_08430,APU_017,926.67,1693.66,3438.13,4364.8
COST_08431,WO_08431,APU_020,899.12,540.42,961.95,1861.07
COST_08432,WO_08432,APU_022,397.86,680.29,1768.75,2166.61
COST_08433,WO_08433,APU_011,270.59,1053.73,2023.16,2293.75
COST_08434,WO_08434,APU_032,366.01,1178.58,4820.39,5186.4
COST_08435,WO_08435,APU_002,516.01,913.89,2120.22,2636.23
COST_08436,WO_08436,APU_003,710.18,640.99,1890.92,2601.1
COST_08437,WO_08437,APU_027,322.24,1278.93,3785.63,4107.87
COST_08438,WO_08438,APU_023,963.42,898.75,2723.21,3686.63
COST_08439,WO_08439,APU_020,592.64,1422.06,3811.12,4403.76
COST_08440,WO_08440,APU_015,727.03,941.56,3389.62,4116.65
COST_08441,WO_08441,APU_012,779.49,396.96,694.68,1474.17
COST_08442,WO_08442,APU_047,595.37,777.28,4562.63,5158.0
COST_08443,WO_08443,APU_042,883.35,1006.12,2404.63,3287.98
COST_08444,WO_08444,APU_023,327.27,1005.69,1327.51,1654.78
COST_08445,WO_08445,APU_030,709.52,412.26,1240.9,1950.42
COST_08446,WO_08446,APU_028,361.63,1526.85,2595.64,2957.27
COST_08447,WO_08447,APU_010,510.62,1309.69,5133.98,5644.6
COST_08448,WO_08448,APU_044,1108.32,998.6,9147.18,10255.5
COST_08449,WO_08449,APU_045,420.73,864.14,1520.89,1941.62
COST_08450,WO_08450,APU_012,426.29,412.37,1344.33,1770.62
COST_08451,WO_08451,APU_015,425.1,1089.91,1133.51,1558.61
COST_08452,WO_08452,APU_027,1019.41,507.64,1771.66,2791.07
COST_08453,WO_08453,APU_033,587.44,1714.39,2863.03,3450.47
COST_08454,WO_08454,APU_010,378.43,682.89,1317.98,1696.41
COST_08455,WO_08455,APU_031,350.12,1159.08,1715.44,2065.56
COST_08456,WO_08456,APU_023,949.57,906.3,3688.64,4638.21
COST_08457,WO_08457,APU_029,340.51,572.41,2707.5,3048.01
COST_08458,WO_08458,APU_031,370.04,1618.39,4450.57,4820.61
COST_08459,WO_08459,APU_006,284.88,438.56,741.17,1026.05
COST_08460,WO_08460,APU_037,536.55,384.55,2507.27,3043.82
COST_08461,WO_08461,APU_011,962.45,947.91,1706.24,2668.69
COST_08462,WO_08462,APU_022,919.04,1562.49,1296.87,2215.91
COST_08463,WO_08463,APU_023,1159.19,401.57,1405.49,2564.68
COST_08464,WO_08464,APU_036,766.03,502.88,744.26,1510.29
COST_08465,WO_08465,APU_013,914.88,1525.08,7137.37,8052.25
COST_08466,WO_08466,APU_007,289.44,1760.51,3873.12,4162.56
COST_08467,WO_08467,APU_036,747.78,493.92,1871.96,2619.74
COST_08468,WO_08468,APU_036,819.26,1726.81,10153.64,10972.9
COST_08469,WO_08469,APU_039,700.77,937.94,1313.12,2013.89
COST_08470,WO_08470,APU_038,872.79,1516.75,3018.33,3891.12
COST_08471,WO_08471,APU_031,818.0,1369.51,3574.42,4392.42
COST_08472,WO_08472,APU_009,674.25,1497.06,9476.39,10150.64
COST_08473,WO_08473,APU_007,403.7,1523.89,2880.15,3283.85
COST_08474,WO_08474,APU_033,390.28,1028.52,2015.9,2406.18
COST_08475,WO_08475,APU_035,419.12,1770.74,6268.42,6687.54
COST_08476,WO_08476,APU_023,764.95,1146.68,2270.43,3035.38
COST_08477,WO_08477,APU_036,424.47,1593.79,4717.62,5142.09
COST_08478,WO_08478,APU_004,445.25,1074.74,1246.7,1691.95
COST_08479,WO_08479,APU_020,972.98,1247.11,11460.94,12433.92
COST_08480,WO_08480,APU_021,524.76,946.4,1230.32,1755.08
COST_08481,WO_08481,APU_009,416.52,1560.08,3556.98,3973.5
COST_08482,WO_08482,APU_026,347.43,601.25,1605.34,1952.77
COST_08483,WO_08483,APU_024,737.63,878.49,6834.65,7572.28
COST_08484,WO_08484,APU_007,958.79,566.39,741.97,1700.76
COST_08485,WO_08485,APU_047,1009.4,368.69,2982.7,3992.1
COST_08486,WO_08486,APU_045,421.26,1493.29,6152.35,6573.61
COST_08487,WO_08487,APU_008,956.03,1385.51,4738.44,5694.47
COST_08488,WO_08488,APU_012,610.57,346.02,546.71,1157.28
COST_08489,WO_08489,APU_036,234.12,1348.12,5015.01,5249.13
COST_08490,WO_08490,APU_035,519.53,1058.56,1937.16,2456.69
COST_08491,WO_08491,APU_025,316.55,795.85,4345.34,4661.89
COST_08492,WO_08492,APU_015,661.74,1723.15,2739.81,3401.55
COST_08493,WO_08493,APU_014,940.61,1588.2,4049.91,4990.52
COST_08494,WO_08494,APU_012,672.84,1787.61,3575.22,4248.06
COST_08495,WO_08495,APU_040,207.55,339.44,536.32,743.87
COST_08496,WO_08496,APU_025,552.12,1264.91,5173.48,5725.6
COST_08497,WO_08497,APU_022,685.49,1619.12,5909.79,6595.28
COST_08498,WO_08498,APU_016,911.19,370.71,1961.06,2872.25
COST_08499,WO_08499,APU_050,232.23,1354.87,1381.97,1614.2
COST_08500,WO_08500,APU_046,545.66,690.28,3368.57,3914.23
COST_08501,WO_08501,APU_020,1055.17,1347.5,14526.05,15581.22
COST_08502,WO_08502,APU_037,576.37,1511.72,3204.85,3781.22
COST_08503,WO_08503,APU_003,1135.7,445.21,3432.57,4568.27
COST_08504,WO_08504,APU_041,589.57,1388.62,3263.26,3852.83
COST_08505,WO_08505,APU_049,228.49,563.56,721.36,949.85
COST_08506,WO_08506,APU_019,647.29,1391.7,3200.91,3848.2
COST_08507,WO_08507,APU_005,984.15,1022.61,4949.43,5933.58
COST_08508,WO_08508,APU_012,307.88,389.11,665.38,973.26
COST_08509,WO_08509,APU_010,475.2,831.2,1620.84,2096.04
COST_08510,WO_08510,APU_029,231.6,1337.92,5043.96,5275.56
COST_08511,WO_08511,APU_007,381.8,457.42,1244.18,1625.98
COST_08512,WO_08512,APU_037,593.62,1774.06,6652.72,7246.34
COST_08513,WO_08513,APU_027,607.51,643.48,1994.79,2602.3
COST_08514,WO_08514,APU_026,748.3,1474.27,5218.92,5967.22
COST_08515,WO_08515,APU_016,466.02,1513.48,3238.85,3704.87
COST_08516,WO_08516,APU_041,155.09,1072.5,3314.02,3469.11
COST_08517,WO_08517,APU_001,389.26,1496.62,2439.49,2828.75
COST_08518,WO_08518,APU_007,1307.28,866.78,4784.63,6091.91
COST_08519,WO_08519,APU_049,503.81,658.79,1264.88,1768.69
COST_08520,WO_08520,APU_038,923.86,917.64,4643.26,5567.12
COST_08521,WO_08521,APU_042,700.27,1291.29,3086.18,3786.45
COST_08522,WO_08522,APU_021,888.12,1578.48,4798.58,5686.7
COST_08523,WO_08523,APU_026,745.87,757.86,1568.77,2314.64
COST_08524,WO_08524,APU_036,272.14,1516.78,2351.01,2623.15
COST_08525,WO_08525,APU_049,332.43,517.05,537.73,870.16
COST_08526,WO_08526,APU_014,166.56,426.65,648.51,815.07
COST_08527,WO_08527,APU_023,941.33,815.19,1850.48,2791.81
COST_08528,WO_08528,APU_011,1055.93,1183.97,3611.11,4667.04
COST_08529,WO_08529,APU_017,1187.99,712.86,3378.96,4566.95
COST_08530,WO_08530,APU_049,806.25,1140.12,2428.46,3234.71
COST_08531,WO_08531,APU_030,771.88,699.42,1168.03,1939.91
COST_08532,WO_08532,APU_040,823.59,1081.18,1329.85,2153.44
COST_08533,WO_08533,APU_034,732.81,397.16,1405.95,2138.76
COST_08534,WO_08534,APU_037,730.03,1438.02,8369.28,9099.31
COST_08535,WO_08535,APU_044,590.62,1432.9,7809.31,8399.93
COST_08536,WO_08536,APU_042,1101.35,1735.67,6977.39,8078.74
COST_08537,WO_08537,APU_022,1078.43,301.06,1162.09,2240.52
COST_08538,WO_08538,APU_007,1061.99,1466.46,10147.9,11209.89
COST_08539,WO_08539,APU_038,438.78,640.67,2088.58,2527.36
COST_08540,WO_08540,APU_009,855.86,379.21,1471.33,2327.19
COST_08541,WO_08541,APU_027,965.86,622.31,1418.87,2384.73
COST_08542,WO_08542,APU_036,412.17,1721.48,2220.71,2632.88
COST_08543,WO_08543,APU_031,240.84,1757.05,3285.68,3526.52
COST_08544,WO_08544,APU_028,163.72,1680.12,4536.32,4700.04
COST_08545,WO_08545,APU_021,702.51,1634.21,4592.13,5294.64
COST_08546,WO_08546,APU_014,992.77,1774.11,13909.02,14901.79
COST_08547,WO_08547,APU_036,489.3,1385.66,3935.27,4424.57
COST_08548,WO_08548,APU_025,339.83,1119.03,5818.96,6158.79
COST_08549,WO_08549,APU_020,329.58,1753.09,3751.61,4081.19
COST_08550,WO_08550,APU_043,1069.76,1680.93,3849.33,4919.09
COST_08551,WO_08551,APU_048,610.24,1608.59,2107.25,2717.49
COST_08552,WO_08552,APU_014,597.75,750.91,1359.15,1956.9
COST_08553,WO_08553,APU_030,367.75,1771.58,6430.84,6798.59
COST_08554,WO_08554,APU_039,838.78,1230.95,3360.49,4199.27
COST_08555,WO_08555,APU_046,1077.89,1429.04,6530.71,7608.6
COST_08556,WO_08556,APU_005,511.72,934.1,2802.3,3314.02
COST_08557,WO_08557,APU_043,348.58,1544.97,3460.73,3809.31
COST_08558,WO_08558,APU_006,749.25,618.14,5476.72,6225.97
COST_08559,WO_08559,APU_010,764.36,644.61,1663.09,2427.45
COST_08560,WO_08560,APU_039,651.98,320.42,1650.16,2302.14
COST_08561,WO_08561,APU_045,656.5,1698.29,3702.27,4358.77
COST_08562,WO_08562,APU_022,1039.38,899.89,3617.56,4656.94
COST_08563,WO_08563,APU_030,935.4,552.4,2502.37,3437.77
COST_08564,WO_08564,APU_011,772.1,734.04,2238.82,3010.92
COST_08565,WO_08565,APU_004,747.02,1191.01,881.35,1628.37
COST_08566,WO_08566,APU_037,309.72,373.26,1026.46,1336.18
COST_08567,WO_08567,APU_026,1076.7,523.63,2801.42,3878.12
COST_08568,WO_08568,APU_029,510.78,376.92,1368.22,1879.0
COST_08569,WO_08569,APU_008,977.47,564.88,1960.13,2937.6
COST_08570,WO_08570,APU_029,464.42,496.32,521.14,985.56
COST_08571,WO_08571,APU_001,421.07,1754.56,3210.84,3631.91
COST_08572,WO_08572,APU_014,1063.01,1059.31,3612.25,4675.26
COST_08573,WO_08573,APU_035,516.67,343.85,1172.53,1689.2
COST_08574,WO_08574,APU_018,517.43,1170.97,6206.14,6723.57
COST_08575,WO_08575,APU_021,394.54,1257.07,3155.25,3549.79
COST_08576,WO_08576,APU_007,563.8,1040.25,3536.85,4100.65
COST_08577,WO_08577,APU_022,477.85,958.08,2625.14,3102.99
COST_08578,WO_08578,APU_035,122.94,1433.84,2265.47,2388.41
COST_08579,WO_08579,APU_009,630.53,1396.61,1103.32,1733.85
COST_08580,WO_08580,APU_010,673.61,526.19,1815.36,2488.97
COST_08581,WO_08581,APU_023,899.27,1220.06,3647.98,4547.25
COST_08582,WO_08582,APU_033,438.61,706.55,1363.64,1802.25
COST_08583,WO_08583,APU_041,904.94,774.7,867.66,1772.6
COST_08584,WO_08584,APU_045,850.42,967.01,3713.32,4563.74
COST_08585,WO_08585,APU_043,192.59,1165.54,2739.02,2931.61
COST_08586,WO_08586,APU_023,1001.76,859.01,3169.75,4171.51
COST_08587,WO_08587,APU_012,694.47,849.98,6442.85,7137.32
COST_08588,WO_08588,APU_030,788.97,1115.33,936.88,1725.85
COST_08589,WO_08589,APU_004,354.19,906.4,1676.84,2031.03
COST_08590,WO_08590,APU_047,569.33,367.24,888.72,1458.05
COST_08591,WO_08591,APU_048,639.37,1265.4,7655.67,8295.04
COST_08592,WO_08592,APU_017,261.74,815.53,905.24,1166.98
COST_08593,WO_08593,APU_013,921.0,1551.38,12224.87,13145.87
COST_08594,WO_08594,APU_042,681.85,791.5,2319.1,3000.95
COST_08595,WO_08595,APU_001,412.29,1146.43,2957.79,3370.08
COST_08596,WO_08596,APU_043,254.7,514.3,1254.89,1509.59
COST_08597,WO_08597,APU_008,190.01,1650.99,3533.12,3723.13
COST_08598,WO_08598,APU_001,434.98,1091.85,5284.55,5719.53
COST_08599,WO_08599,APU_034,704.01,1028.37,1552.84,2256.85
COST_08600,WO_08600,APU_013,422.74,1257.09,4135.83,4558.57
COST_08601,WO_08601,APU_028,900.38,797.74,1755.03,2655.41
COST_08602,WO_08602,APU_041,429.34,1239.89,2219.4,2648.74
COST_08603,WO_08603,APU_041,972.85,1656.44,18668.08,19640.93
COST_08604,WO_08604,APU_048,1004.5,1056.49,3613.2,4617.7
COST_08605,WO_08605,APU_043,826.43,1629.08,6206.79,7033.22
COST_08606,WO_08606,APU_047,646.14,1115.96,5669.08,6315.22
COST_08607,WO_08607,APU_007,298.78,1206.19,1495.68,1794.46
COST_08608,WO_08608,APU_038,641.37,1608.86,11471.17,12112.54
COST_08609,WO_08609,APU_010,899.85,1379.61,938.13,1837.98
COST_08610,WO_08610,APU_050,582.14,1590.1,2830.38,3412.52
COST_08611,WO_08611,APU_035,765.76,402.71,849.72,1615.48
COST_08612,WO_08612,APU_007,415.22,921.11,3444.95,3860.17
COST_08613,WO_08613,APU_048,739.91,1221.17,3748.99,4488.9
COST_08614,WO_08614,APU_050,452.18,1126.97,2794.89,3247.07
COST_08615,WO_08615,APU_029,268.09,969.49,2617.62,2885.71
COST_08616,WO_08616,APU_046,796.3,956.46,1520.77,2317.07
COST_08617,WO_08617,APU_009,963.3,1654.87,1969.3,2932.6
COST_08618,WO_08618,APU_021,785.62,1317.44,5335.63,6121.25
COST_08619,WO_08619,APU_043,950.59,854.53,3401.03,4351.62
COST_08620,WO_08620,APU_012,538.69,1281.97,8332.81,8871.5
COST_08621,WO_08621,APU_039,398.23,691.34,1216.76,1614.99
COST_08622,WO_08622,APU_048,874.63,445.64,1773.65,2648.28
COST_08623,WO_08623,APU_017,874.34,1420.24,3309.16,4183.5
COST_08624,WO_08624,APU_050,249.57,1105.92,5783.96,6033.53
COST_08625,WO_08625,APU_039,523.69,1186.32,5658.75,6182.44
COST_08626,WO_08626,APU_032,828.88,917.86,2799.47,3628.35
COST_08627,WO_08627,APU_031,223.47,499.53,1128.94,1352.41
COST_08628,WO_08628,APU_002,602.61,1150.6,5304.27,5906.88
COST_08629,WO_08629,APU_015,1033.12,758.62,2943.45,3976.57
COST_08630,WO_08630,APU_001,747.82,897.74,1678.77,2426.59
COST_08631,WO_08631,APU_019,381.35,453.67,594.31,975.66
COST_08632,WO_08632,APU_004,487.33,1252.85,2906.61,3393.94
COST_08633,WO_08633,APU_025,796.41,1278.72,8004.79,8801.2
COST_08634,WO_08634,APU_028,482.62,1757.91,8982.92,9465.54
COST_08635,WO_08635,APU_022,403.16,1535.9,2257.77,2660.93
COST_08636,WO_08636,APU_039,469.69,1052.81,1505.52,1975.21
COST_08637,WO_08637,APU_017,768.93,1183.92,6487.88,7256.81
COST_08638,WO_08638,APU_016,693.44,540.7,789.42,1482.86
COST_08639,WO_08639,APU_036,726.03,1300.84,4683.02,5409.05
COST_08640,WO_08640,APU_004,967.71,1730.54,3357.25,4324.96
COST_08641,WO_08641,APU_036,395.85,720.91,4772.42,5168.27
COST_08642,WO_08642,APU_022,383.05,698.9,1244.04,1627.09
COST_08643,WO_08643,APU_049,577.6,323.07,1647.66,2225.26
COST_08644,WO_08644,APU_013,423.02,997.37,3002.08,3425.1
COST_08645,WO_08645,APU_043,758.38,817.29,2549.94,3308.32
COST_08646,WO_08646,APU_023,431.09,315.74,290.48,721.57
COST_08647,WO_08647,APU_021,524.08,1718.06,1391.63,1915.71
COST_08648,WO_08648,APU_027,196.83,1121.4,2702.57,2899.4
COST_08649,WO_08649,APU_043,509.77,1799.94,5597.81,6107.58
COST_08650,WO_08650,APU_047,868.08,962.54,1405.31,2273.39
COST_08651,WO_08651,APU_047,520.41,1092.57,1627.93,2148.34
COST_08652,WO_08652,APU_038,852.2,1103.78,4083.99,4936.19
COST_08653,WO_08653,APU_011,445.86,1233.58,4564.25,5010.11
COST_08654,WO_08654,APU_028,344.07,1572.66,3963.1,4307.17
COST_08655,WO_08655,APU_007,524.49,1648.7,6875.08,7399.57
COST_08656,WO_08656,APU_022,358.18,805.41,1151.74,1509.92
COST_08657,WO_08657,APU_004,687.32,1698.4,3787.43,4474.75
COST_08658,WO_08658,APU_034,614.28,1023.49,6888.09,7502.37
COST_08659,WO_08659,APU_015,847.03,907.69,2559.69,3406.72
COST_08660,WO_08660,APU_017,415.76,981.39,2855.84,3271.6
COST_08661,WO_08661,APU_013,528.1,1479.37,14290.71,14818.81
COST_08662,WO_08662,APU_045,688.87,1422.7,1792.6,2481.47
COST_08663,WO_08663,APU_028,479.6,1320.76,5560.4,6040.0
COST_08664,WO_08664,APU_020,1209.62,1103.19,7490.66,8700.28
COST_08665,WO_08665,APU_002,629.74,1639.51,3721.69,4351.43
COST_08666,WO_08666,APU_025,609.23,1193.79,5204.92,5814.15
COST_08667,WO_08667,APU_041,897.47,544.17,859.79,1757.26
COST_08668,WO_08668,APU_030,944.76,1314.3,2444.6,3389.36
COST_08669,WO_08669,APU_013,928.92,981.6,3298.18,4227.1
COST_08670,WO_08670,APU_027,943.53,1729.23,7297.35,8240.88
COST_08671,WO_08671,APU_008,1014.25,1149.28,5792.37,6806.62
COST_08672,WO_08672,APU_044,915.87,1625.55,10468.54,11384.41
COST_08673,WO_08673,APU_016,393.62,479.56,1256.45,1650.07
COST_08674,WO_08674,APU_012,1207.42,1509.88,7911.77,9119.19
COST_08675,WO_08675,APU_009,160.96,1068.85,2404.91,2565.87
COST_08676,WO_08676,APU_005,647.74,1734.45,7735.65,8383.39
COST_08677,WO_08677,APU_037,458.09,1250.39,3813.69,4271.78
COST_08678,WO_08678,APU_018,504.88,1523.58,5286.82,5791.7
COST_08679,WO_08679,APU_014,970.79,1749.07,5999.31,6970.1
COST_08680,WO_08680,APU_012,267.24,1476.98,1654.22,1921.46
COST_08681,WO_08681,APU_009,535.76,392.14,572.52,1108.28
COST_08682,WO_08682,APU_047,357.2,477.02,1373.82,1731.02
COST_08683,WO_08683,APU_044,492.77,1121.3,1199.79,1692.56
COST_08684,WO_08684,APU_050,665.26,1025.13,4397.81,5063.07
COST_08685,WO_08685,APU_023,643.26,776.26,3407.78,4051.04
COST_08686,WO_08686,APU_015,696.22,432.99,1407.22,2103.44
COST_08687,WO_08687,APU_032,506.02,610.45,897.36,1403.38
COST_08688,WO_08688,APU_032,426.09,884.66,5139.87,5565.96
COST_08689,WO_08689,APU_049,1049.63,1195.88,9973.64,11023.27
COST_08690,WO_08690,APU_032,397.58,1733.11,5112.67,5510.25
COST_08691,WO_08691,APU_001,686.31,1125.11,4050.4,4736.71
COST_08692,WO_08692,APU_020,298.19,727.34,2211.11,2509.3
COST_08693,WO_08693,APU_011,445.24,1041.73,3791.9,4237.14
COST_08694,WO_08694,APU_033,789.61,1252.19,3193.08,3982.69
COST_08695,WO_08695,APU_044,500.5,678.3,1811.06,2311.56
COST_08696,WO_08696,APU_005,1128.47,1036.82,4634.59,5763.06
COST_08697,WO_08697,APU_036,959.75,324.52,3206.26,4166.01
COST_08698,WO_08698,APU_035,746.3,1432.06,1804.4,2550.7
COST_08699,WO_08699,APU_001,463.98,1582.13,4066.07,4530.05
COST_08700,WO_08700,APU_015,705.05,1254.46,1781.33,2486.38
COST_08701,WO_08701,APU_037,646.25,1566.78,10215.41,10861.66
COST_08702,WO_08702,APU_044,859.97,787.41,1551.2,2411.17
COST_08703,WO_08703,APU_028,705.26,426.28,524.32,1229.58
COST_08704,WO_08704,APU_015,978.18,1502.11,5798.14,6776.32
COST_08705,WO_08705,APU_030,479.52,308.96,2190.53,2670.05
COST_08706,WO_08706,APU_025,244.42,774.68,3036.75,3281.17
COST_08707,WO_08707,APU_019,246.46,1625.73,4942.22,5188.68
COST_08708,WO_08708,APU_044,689.68,1583.75,5384.75,6074.43
COST_08709,WO_08709,APU_047,939.38,1005.29,5951.32,6890.7
COST_08710,WO_08710,APU_050,216.57,1359.93,2284.68,2501.25
COST_08711,WO_08711,APU_050,700.44,1784.59,4568.55,5268.99
COST_08712,WO_08712,APU_044,762.43,800.53,1697.12,2459.55
COST_08713,WO_08713,APU_010,135.48,1035.17,1480.29,1615.77
COST_08714,WO_08714,APU_047,584.35,952.2,2161.49,2745.84
COST_08715,WO_08715,APU_036,799.46,1538.02,7690.1,8489.56
COST_08716,WO_08716,APU_021,1154.4,1197.89,4444.17,5598.57
COST_08717,WO_08717,APU_029,1086.18,711.59,2753.85,3840.03
COST_08718,WO_08718,APU_006,882.96,1505.5,4441.23,5324.19
COST_08719,WO_08719,APU_002,767.13,1259.32,4558.74,5325.87
COST_08720,WO_08720,APU_029,990.85,401.8,703.15,1694.0
COST_08721,WO_08721,APU_015,376.98,1203.27,2755.49,3132.47
COST_08722,WO_08722,APU_020,859.88,1101.53,3326.62,4186.5
COST_08723,WO_08723,APU_046,631.37,358.87,1137.62,1768.99
COST_08724,WO_08724,APU_012,477.39,580.32,1880.24,2357.63
COST_08725,WO_08725,APU_022,961.0,743.69,1874.1,2835.1
COST_08726,WO_08726,APU_018,322.26,647.12,1430.14,1752.4
COST_08727,WO_08727,APU_048,1006.03,1353.64,20900.2,21906.23
COST_08728,WO_08728,APU_004,718.77,1197.54,5364.98,6083.75
COST_08729,WO_08729,APU_023,856.11,1669.39,5692.62,6548.73
COST_08730,WO_08730,APU_049,698.09,317.87,759.71,1457.8
COST_08731,WO_08731,APU_009,423.96,1169.58,2479.51,2903.47
COST_08732,WO_08732,APU_039,350.95,821.91,2079.43,2430.38
COST_08733,WO_08733,APU_042,898.7,1798.06,5735.81,6634.51
COST_08734,WO_08734,APU_030,529.62,1652.56,1602.98,2132.6
COST_08735,WO_08735,APU_004,337.5,929.41,1068.82,1406.32
COST_08736,WO_08736,APU_040,682.37,1265.03,2416.21,3098.58
COST_08737,WO_08737,APU_003,168.53,560.41,1709.25,1877.78
COST_08738,WO_08738,APU_006,382.88,536.94,1277.92,1660.8
COST_08739,WO_08739,APU_031,815.48,1396.13,8558.28,9373.76
COST_08740,WO_08740,APU_024,772.96,793.52,952.22,1725.18
COST_08741,WO_08741,APU_041,769.02,651.98,1173.56,1942.58
COST_08742,WO_08742,APU_050,669.39,840.22,5268.18,5937.57
COST_08743,WO_08743,APU_039,1021.18,1737.01,5072.07,6093.25
COST_08744,WO_08744,APU_045,727.39,1688.58,7463.52,8190.91
COST_08745,WO_08745,APU_016,1414.92,1126.49,9462.52,10877.44
COST_08746,WO_08746,APU_047,772.06,855.95,1592.07,2364.13
COST_08747,WO_08747,APU_018,243.04,1715.48,4408.78,4651.82
COST_08748,WO_08748,APU_031,688.69,624.21,1460.65,2149.34
COST_08749,WO_08749,APU_040,514.84,1081.81,1006.08,1520.92
COST_08750,WO_08750,APU_039,196.71,778.92,1783.73,1980.44
COST_08751,WO_08751,APU_001,739.9,1014.65,4474.61,5214.51
COST_08752,WO_08752,APU_014,869.15,1264.28,4627.26,5496.41
COST_08753,WO_08753,APU_029,821.17,492.93,1882.99,2704.16
COST_08754,WO_08754,APU_035,471.94,1711.48,3782.37,4254.31
COST_08755,WO_08755,APU_015,389.22,574.3,1085.43,1474.65
COST_08756,WO_08756,APU_032,945.35,1456.85,7954.4,8899.75
COST_08757,WO_08757,APU_001,202.4,456.42,944.79,1147.19
COST_08758,WO_08758,APU_030,277.08,1457.4,4663.68,4940.76
COST_08759,WO_08759,APU_008,860.93,1281.8,3806.95,4667.88
COST_08760,WO_08760,APU_007,442.19,1301.23,7898.47,8340.66
COST_08761,WO_08761,APU_008,846.5,764.48,3547.19,4393.69
COST_08762,WO_08762,APU_040,260.81,658.98,876.44,1137.25
COST_08763,WO_08763,APU_039,793.19,499.58,704.41,1497.6
COST_08764,WO_08764,APU_034,317.51,654.17,2446.6,2764.11
COST_08765,WO_08765,APU_016,413.38,1579.4,4138.03,4551.41
COST_08766,WO_08766,APU_045,507.68,1782.62,3779.15,4286.83
COST_08767,WO_08767,APU_010,937.26,648.73,3081.47,4018.73
COST_08768,WO_08768,APU_026,1069.51,1591.8,4791.32,5860.83
COST_08769,WO_08769,APU_033,323.74,364.22,1019.82,1343.56
COST_08770,WO_08770,APU_009,680.98,337.7,1408.21,2089.19
COST_08771,WO_08771,APU_029,471.49,1407.7,3111.02,3582.51
COST_08772,WO_08772,APU_048,962.09,1027.05,6614.2,7576.29
COST_08773,WO_08773,APU_042,632.23,1026.66,1806.92,2439.15
COST_08774,WO_08774,APU_014,796.16,1304.41,5087.2,5883.36
COST_08775,WO_08775,APU_043,749.08,1393.23,8331.52,9080.6
COST_08776,WO_08776,APU_022,1001.95,303.93,385.99,1387.94
COST_08777,WO_08777,APU_014,127.33,1521.86,3424.18,3551.51
COST_08778,WO_08778,APU_050,845.59,708.1,3604.23,4449.82
COST_08779,WO_08779,APU_045,647.2,414.9,2132.59,2779.79
COST_08780,WO_08780,APU_049,669.86,1570.41,3878.91,4548.77
COST_08781,WO_08781,APU_017,180.41,346.6,627.35,807.76
COST_08782,WO_08782,APU_046,892.39,634.97,2920.86,3813.25
COST_08783,WO_08783,APU_032,608.25,1247.95,6501.82,7110.07
COST_08784,WO_08784,APU_011,604.82,1306.21,1867.88,2472.7
COST_08785,WO_08785,APU_007,141.78,936.01,1310.41,1452.19
COST_08786,WO_08786,APU_007,1003.87,335.36,1032.91,2036.78
COST_08787,WO_08787,APU_013,397.18,972.78,3735.48,4132.66
COST_08788,WO_08788,APU_017,577.86,1491.74,3445.92,4023.78
COST_08789,WO_08789,APU_022,803.38,406.23,1604.61,2407.99
COST_08790,WO_08790,APU_014,826.23,321.76,592.04,1418.27
COST_08791,WO_08791,APU_035,539.85,843.58,717.04,1256.89
COST_08792,WO_08792,APU_038,453.33,1509.24,3244.87,3698.2
COST_08793,WO_08793,APU_014,813.2,1742.16,4895.47,5708.67
COST_08794,WO_08794,APU_001,920.58,1631.77,3818.34,4738.92
COST_08795,WO_08795,APU_013,794.54,942.35,1356.98,2151.52
COST_08796,WO_08796,APU_031,964.07,899.84,899.84,1863.91
COST_08797,WO_08797,APU_035,758.54,1773.34,3635.35,4393.89
COST_08798,WO_08798,APU_037,204.85,1243.92,5535.44,5740.29
COST_08799,WO_08799,APU_021,461.62,893.1,4840.6,5302.22
COST_08800,WO_08800,APU_014,765.15,1713.08,8942.28,9707.43
COST_08801,WO_08801,APU_049,824.34,1004.0,1746.96,2571.3
COST_08802,WO_08802,APU_013,791.23,1743.71,2510.94,3302.17
COST_08803,WO_08803,APU_035,552.03,1627.65,5810.71,6362.74
COST_08804,WO_08804,APU_013,1040.47,1314.02,5058.98,6099.45
COST_08805,WO_08805,APU_002,373.95,1341.74,4548.5,4922.45
COST_08806,WO_08806,APU_012,355.64,842.17,757.95,1113.59
COST_08807,WO_08807,APU_011,908.35,772.08,1304.82,2213.17
COST_08808,WO_08808,APU_039,989.43,787.29,2102.06,3091.49
COST_08809,WO_08809,APU_001,436.28,1420.64,5043.27,5479.55
COST_08810,WO_08810,APU_029,584.64,1388.81,5763.56,6348.2
COST_08811,WO_08811,APU_039,292.66,839.24,2467.37,2760.03
COST_08812,WO_08812,APU_032,227.88,545.25,1777.51,2005.39
COST_08813,WO_08813,APU_040,520.6,837.53,2386.96,2907.56
COST_08814,WO_08814,APU_047,612.58,895.47,3546.06,4158.64
COST_08815,WO_08815,APU_033,589.47,917.49,2963.49,3552.96
COST_08816,WO_08816,APU_018,957.72,898.65,2534.19,3491.91
COST_08817,WO_08817,APU_001,495.02,405.85,953.75,1448.77
COST_08818,WO_08818,APU_015,1055.53,1422.6,4040.18,5095.71
COST_08819,WO_08819,APU_016,1042.92,505.79,1795.55,2838.47
COST_08820,WO_08820,APU_018,725.72,620.69,1955.17,2680.89
COST_08821,WO_08821,APU_048,621.78,1675.02,5611.32,6233.1
COST_08822,WO_08822,APU_029,942.71,1352.66,7696.64,8639.35
COST_08823,WO_08823,APU_041,562.43,477.21,1503.21,2065.64
COST_08824,WO_08824,APU_001,373.52,1361.17,2586.22,2959.74
COST_08825,WO_08825,APU_017,498.18,738.09,3262.36,3760.54
COST_08826,WO_08826,APU_015,530.15,1518.7,1943.94,2474.09
COST_08827,WO_08827,APU_008,548.24,709.76,1064.64,1612.88
COST_08828,WO_08828,APU_024,716.06,707.78,2314.44,3030.5
COST_08829,WO_08829,APU_039,394.57,1479.25,5340.09,5734.66
COST_08830,WO_08830,APU_031,200.76,756.22,1036.02,1236.78
COST_08831,WO_08831,APU_022,393.85,1735.1,3817.22,4211.07
COST_08832,WO_08832,APU_038,460.52,1309.42,2553.37,3013.89
COST_08833,WO_08833,APU_043,267.15,1561.28,3247.46,3514.61
COST_08834,WO_08834,APU_021,1063.73,1387.54,6341.06,7404.79
COST_08835,WO_08835,APU_004,523.41,1042.35,4179.82,4703.23
COST_08836,WO_08836,APU_034,666.43,1226.49,3299.26,3965.69
COST_08837,WO_08837,APU_027,852.04,837.77,1683.92,2535.96
COST_08838,WO_08838,APU_024,331.22,760.8,981.43,1312.65
COST_08839,WO_08839,APU_013,1126.49,574.84,3414.55,4541.04
COST_08840,WO_08840,APU_029,966.68,1439.57,5412.78,6379.46
COST_08841,WO_08841,APU_024,538.47,1078.33,1984.13,2522.6
COST_08842,WO_08842,APU_009,547.29,930.61,3759.66,4306.95
COST_08843,WO_08843,APU_011,795.95,460.86,1207.45,2003.4
COST_08844,WO_08844,APU_007,938.59,997.87,2315.06,3253.65
COST_08845,WO_08845,APU_049,631.07,1357.84,4684.55,5315.62
COST_08846,WO_08846,APU_015,409.33,901.79,1632.24,2041.57
COST_08847,WO_08847,APU_028,743.31,644.21,1449.47,2192.78
COST_08848,WO_08848,APU_042,374.15,1324.73,3854.96,4229.11
COST_08849,WO_08849,APU_048,356.83,602.92,1248.04,1604.87
COST_08850,WO_08850,APU_006,725.32,1456.14,5722.63,6447.95
COST_08851,WO_08851,APU_033,1019.42,679.34,5162.98,6182.4
COST_08852,WO_08852,APU_046,267.38,895.68,1612.22,1879.6
COST_08853,WO_08853,APU_038,375.62,694.65,757.17,1132.79
COST_08854,WO_08854,APU_047,127.98,1796.82,1617.14,1745.12
COST_08855,WO_08855,APU_011,1031.55,1708.14,4270.35,5301.9
COST_08856,WO_08856,APU_037,590.75,1381.16,2610.39,3201.14
COST_08857,WO_08857,APU_030,1034.38,431.09,1314.82,2349.2
COST_08858,WO_08858,APU_026,951.45,1631.39,4763.66,5715.11
COST_08859,WO_08859,APU_020,248.45,481.36,543.94,792.39
COST_08860,WO_08860,APU_039,390.86,1603.6,1603.6,1994.46
COST_08861,WO_08861,APU_033,585.87,1473.63,4715.62,5301.49
COST_08862,WO_08862,APU_021,941.34,778.22,2280.18,3221.52
COST_08863,WO_08863,APU_045,143.81,1667.88,3585.94,3729.75
COST_08864,WO_08864,APU_010,435.76,695.03,757.58,1193.34
COST_08865,WO_08865,APU_021,1049.18,1397.1,4917.79,5966.97
COST_08866,WO_08866,APU_028,941.59,314.22,1718.78,2660.37
COST_08867,WO_08867,APU_026,394.77,1345.77,4266.09,4660.86
COST_08868,WO_08868,APU_008,495.27,1700.47,2907.8,3403.07
COST_08869,WO_08869,APU_029,201.71,1708.06,4765.49,4967.2
COST_08870,WO_08870,APU_045,988.52,760.74,973.75,1962.27
COST_08871,WO_08871,APU_008,651.64,673.86,3274.96,3926.6
COST_08872,WO_08872,APU_040,757.86,1120.4,3181.94,3939.8
COST_08873,WO_08873,APU_008,244.97,612.61,630.99,875.96
COST_08874,WO_08874,APU_010,172.39,1151.27,2647.92,2820.31
COST_08875,WO_08875,APU_013,888.77,1458.68,5119.97,6008.74
COST_08876,WO_08876,APU_033,573.0,748.21,1690.95,2263.95
COST_08877,WO_08877,APU_045,459.98,819.53,1917.7,2377.68
COST_08878,WO_08878,APU_043,851.99,1458.72,2027.62,2879.61
COST_08879,WO_08879,APU_003,827.09,585.61,2172.61,2999.7
COST_08880,WO_08880,APU_003,293.26,1207.66,2294.55,2587.81
COST_08881,WO_08881,APU_031,210.96,1793.89,1488.93,1699.89
COST_08882,WO_08882,APU_009,291.19,466.55,1035.74,1326.93
COST_08883,WO_08883,APU_027,959.29,1236.1,5760.23,6719.52
COST_08884,WO_08884,APU_029,692.85,1418.15,3119.93,3812.78
COST_08885,WO_08885,APU_005,1164.3,482.65,3412.34,4576.64
COST_08886,WO_08886,APU_036,605.51,1626.93,5596.64,6202.15
COST_08887,WO_08887,APU_019,1022.07,635.76,2078.94,3101.01
COST_08888,WO_08888,APU_023,464.71,317.67,803.71,1268.42
COST_08889,WO_08889,APU_007,744.24,1236.82,3240.47,3984.71
COST_08890,WO_08890,APU_029,736.68,961.14,2258.68,2995.36
COST_08891,WO_08891,APU_045,697.56,1772.91,4077.69,4775.25
COST_08892,WO_08892,APU_034,750.51,800.13,2912.47,3662.98
COST_08893,WO_08893,APU_048,795.87,838.17,1357.84,2153.71
COST_08894,WO_08894,APU_028,278.32,668.03,1002.04,1280.36
COST_08895,WO_08895,APU_040,448.25,517.99,761.45,1209.7
COST_08896,WO_08896,APU_009,1357.35,1486.45,12441.59,13798.94
COST_08897,WO_08897,APU_035,457.35,1092.86,3978.01,4435.36
COST_08898,WO_08898,APU_046,577.07,1630.54,5234.03,5811.1
COST_08899,WO_08899,APU_041,406.71,1617.76,2459.0,2865.71
COST_08900,WO_08900,APU_031,379.35,445.71,1707.07,2086.42
COST_08901,WO_08901,APU_027,688.31,660.26,1683.66,2371.97
COST_08902,WO_08902,APU_050,398.6,887.55,2715.9,3114.5
COST_08903,WO_08903,APU_016,687.54,978.4,1555.66,2243.2
COST_08904,WO_08904,APU_043,328.46,1287.31,3823.31,4151.77
COST_08905,WO_08905,APU_048,491.92,1099.68,2364.31,2856.23
COST_08906,WO_08906,APU_039,598.93,1321.64,2352.52,2951.45
COST_08907,WO_08907,APU_019,597.39,483.38,1967.36,2564.75
COST_08908,WO_08908,APU_034,432.59,778.85,911.25,1343.84
COST_08909,WO_08909,APU_029,482.45,390.56,1448.98,1931.43
COST_08910,WO_08910,APU_002,724.22,1298.29,5141.23,5865.45
COST_08911,WO_08911,APU_033,242.05,1019.73,1713.15,1955.2
COST_08912,WO_08912,APU_001,352.2,1062.81,1838.66,2190.86
COST_08913,WO_08913,APU_031,640.25,1571.73,3772.15,4412.4
COST_08914,WO_08914,APU_048,402.54,1762.79,5588.04,5990.58
COST_08915,WO_08915,APU_019,339.52,753.7,1884.25,2223.77
COST_08916,WO_08916,APU_017,977.68,981.13,3384.9,4362.58
COST_08917,WO_08917,APU_008,1187.68,854.57,6127.27,7314.95
COST_08918,WO_08918,APU_049,399.84,324.81,669.11,1068.95
COST_08919,WO_08919,APU_030,230.83,962.57,1020.32,1251.15
COST_08920,WO_08920,APU_013,772.66,1066.17,4563.21,5335.87
COST_08921,WO_08921,APU_048,561.85,1464.83,10048.73,10610.58
COST_08922,WO_08922,APU_017,938.63,1735.21,5847.66,6786.29
COST_08923,WO_08923,APU_046,312.2,656.14,977.65,1289.85
COST_08924,WO_08924,APU_031,857.64,556.47,1413.43,2271.07
COST_08925,WO_08925,APU_019,261.77,1653.58,2430.76,2692.53
COST_08926,WO_08926,APU_029,966.04,701.07,2713.14,3679.18
COST_08927,WO_08927,APU_046,633.74,821.92,1060.28,1694.02
COST_08928,WO_08928,APU_018,200.36,927.73,2133.78,2334.14
COST_08929,WO_08929,APU_017,265.29,1653.93,2580.13,2845.42
COST_08930,WO_08930,APU_009,224.7,1596.29,4645.2,4869.9
COST_08931,WO_08931,APU_046,466.61,1217.16,2702.1,3168.71
COST_08932,WO_08932,APU_044,544.85,1657.31,4971.93,5516.78
COST_08933,WO_08933,APU_010,906.84,1257.29,3457.55,4364.39
COST_08934,WO_08934,APU_016,835.56,713.81,1127.82,1963.38
COST_08935,WO_08935,APU_031,636.78,1710.64,6568.86,7205.64
COST_08936,WO_08936,APU_025,876.19,838.24,2221.34,3097.53
COST_08937,WO_08937,APU_014,479.27,1356.11,2142.65,2621.92
COST_08938,WO_08938,APU_050,482.15,1010.01,9413.29,9895.44
COST_08939,WO_08939,APU_034,343.81,1082.45,3821.05,4164.86
COST_08940,WO_08940,APU_015,548.35,302.57,756.42,1304.77
COST_08941,WO_08941,APU_018,556.49,392.69,2324.72,2881.21
COST_08942,WO_08942,APU_004,1212.16,304.37,2279.73,3491.89
COST_08943,WO_08943,APU_026,261.31,1295.71,3252.23,3513.54
COST_08944,WO_08944,APU_030,879.1,1402.67,4614.78,5493.88
COST_08945,WO_08945,APU_029,592.92,1317.53,2081.7,2674.62
COST_08946,WO_08946,APU_017,658.94,397.17,996.9,1655.84
COST_08947,WO_08947,APU_040,953.37,1130.7,2758.91,3712.28
COST_08948,WO_08948,APU_032,819.11,1179.61,3550.63,4369.74
COST_08949,WO_08949,APU_029,724.01,1511.06,4926.06,5650.07
COST_08950,WO_08950,APU_027,729.68,1651.45,6110.37,6840.05
COST_08951,WO_08951,APU_003,628.91,408.24,1265.54,1894.45
COST_08952,WO_08952,APU_029,604.11,807.23,1130.12,1734.23
COST_08953,WO_08953,APU_032,847.97,1650.84,2674.36,3522.33
COST_08954,WO_08954,APU_050,263.32,1595.0,3205.95,3469.27
COST_08955,WO_08955,APU_023,177.07,1562.21,3639.95,3817.02
COST_08956,WO_08956,APU_020,812.67,1216.57,5888.2,6700.87
COST_08957,WO_08957,APU_032,757.45,1410.75,2017.37,2774.82
COST_08958,WO_08958,APU_045,402.49,1682.14,3751.17,4153.66
COST_08959,WO_08959,APU_033,429.86,1457.3,6689.01,7118.87
COST_08960,WO_08960,APU_040,754.19,386.58,889.13,1643.32
COST_08961,WO_08961,APU_012,309.71,1624.28,5684.98,5994.69
COST_08962,WO_08962,APU_020,736.54,918.5,2314.62,3051.16
COST_08963,WO_08963,APU_016,818.68,1439.29,4504.98,5323.66
COST_08964,WO_08964,APU_037,981.9,432.05,1036.92,2018.82
COST_08965,WO_08965,APU_039,371.43,485.15,1901.79,2273.22
COST_08966,WO_08966,APU_012,771.72,528.46,613.01,1384.73
COST_08967,WO_08967,APU_027,934.11,1644.19,3666.54,4600.65
COST_08968,WO_08968,APU_009,868.54,588.38,1882.82,2751.36
COST_08969,WO_08969,APU_016,452.88,1780.65,6499.37,6952.25
COST_08970,WO_08970,APU_039,591.64,494.97,3058.91,3650.55
COST_08971,WO_08971,APU_005,340.41,1602.85,3510.24,3850.65
COST_08972,WO_08972,APU_043,656.25,1213.0,7435.69,8091.94
COST_08973,WO_08973,APU_025,1026.7,1291.89,2441.67,3468.37
COST_08974,WO_08974,APU_015,744.13,1526.77,8610.98,9355.11
COST_08975,WO_08975,APU_048,294.59,1768.59,7534.19,7828.78
COST_08976,WO_08976,APU_018,1003.84,734.69,1204.89,2208.73
COST_08977,WO_08977,APU_007,917.63,1370.82,4414.04,5331.67
COST_08978,WO_08978,APU_044,718.09,1473.02,3888.77,4606.86
COST_08979,WO_08979,APU_015,358.23,1373.96,5262.27,5620.5
COST_08980,WO_08980,APU_043,967.74,1359.09,3261.82,4229.56
COST_08981,WO_08981,APU_028,263.64,1558.75,3585.12,3848.76
COST_08982,WO_08982,APU_011,859.06,1505.73,8688.06,9547.12
COST_08983,WO_08983,APU_019,776.42,1725.82,4435.36,5211.78
COST_08984,WO_08984,APU_040,581.5,1613.94,6907.66,7489.16
COST_08985,WO_08985,APU_009,755.56,744.24,1786.18,2541.74
COST_08986,WO_08986,APU_024,1112.42,1136.68,7729.42,8841.84
COST_08987,WO_08987,APU_028,833.01,1525.53,2852.74,3685.75
COST_08988,WO_08988,APU_026,187.86,870.35,1688.48,1876.34
COST_08989,WO_08989,APU_007,680.31,873.62,5495.07,6175.38
COST_08990,WO_08990,APU_018,161.77,1527.82,3254.26,3416.03
COST_08991,WO_08991,APU_031,530.84,397.3,2606.29,3137.13
COST_08992,WO_08992,APU_038,477.88,1100.73,4887.24,5365.12
COST_08993,WO_08993,APU_022,373.36,1738.31,4345.77,4719.13
COST_08994,WO_08994,APU_039,253.53,1276.81,1276.81,1530.34
COST_08995,WO_08995,APU_038,570.25,1006.6,2707.75,3278.0
COST_08996,WO_08996,APU_038,389.29,1697.33,4871.34,5260.63
COST_08997,WO_08997,APU_024,447.86,607.28,3139.64,3587.5
COST_08998,WO_08998,APU_009,1198.96,1668.58,10862.46,12061.42
COST_08999,WO_08999,APU_021,332.65,1262.1,2347.51,2680.16
COST_09000,WO_09000,APU_020,374.16,390.14,1646.39,2020.55
COST_09001,WO_09001,APU_031,997.57,1157.61,4792.51,5790.08
COST_09002,WO_09002,APU_044,547.96,932.92,4580.64,5128.6
COST_09003,WO_09003,APU_034,383.94,1341.54,4802.71,5186.65
COST_09004,WO_09004,APU_043,164.71,910.41,846.68,1011.39
COST_09005,WO_09005,APU_047,773.81,1379.23,3448.07,4221.88
COST_09006,WO_09006,APU_016,215.29,1355.14,1951.4,2166.69
COST_09007,WO_09007,APU_010,485.19,640.31,1555.95,2041.14
COST_09008,WO_09008,APU_009,700.29,347.18,1617.86,2318.15
COST_09009,WO_09009,APU_006,619.28,1738.47,5597.87,6217.15
COST_09010,WO_09010,APU_029,883.89,1130.65,5777.62,6661.51
COST_09011,WO_09011,APU_036,353.37,695.67,2281.8,2635.17
COST_09012,WO_09012,APU_042,549.25,1129.41,1502.12,2051.37
COST_09013,WO_09013,APU_034,389.36,731.52,497.43,886.79
COST_09014,WO_09014,APU_028,268.31,1690.41,4986.71,5255.02
COST_09015,WO_09015,APU_049,421.96,1253.95,3034.56,3456.52
COST_09016,WO_09016,APU_024,561.08,1584.87,2519.94,3081.02
COST_09017,WO_09017,APU_006,94.9,380.61,407.25,502.15
COST_09018,WO_09018,APU_006,674.65,1067.9,1932.9,2607.55
COST_09019,WO_09019,APU_013,634.89,1150.2,2806.49,3441.38
COST_09020,WO_09020,APU_039,576.55,459.18,1799.99,2376.54
COST_09021,WO_09021,APU_002,976.88,1611.13,4865.61,5842.49
COST_09022,WO_09022,APU_024,854.37,848.73,5584.64,6439.01
COST_09023,WO_09023,APU_006,298.99,1099.88,1693.82,1992.81
COST_09024,WO_09024,APU_041,669.91,905.38,3992.73,4662.64
COST_09025,WO_09025,APU_023,562.12,1539.79,4296.01,4858.13
COST_09026,WO_09026,APU_014,755.39,850.08,3383.32,4138.71
COST_09027,WO_09027,APU_046,921.08,530.29,1134.82,2055.9
COST_09028,WO_09028,APU_021,779.08,1055.36,5171.26,5950.34
COST_09029,WO_09029,APU_018,558.28,798.37,2554.78,3113.06
COST_09030,WO_09030,APU_045,151.76,1594.77,2982.22,3133.98
COST_09031,WO_09031,APU_023,264.69,766.55,2069.68,2334.37
COST_09032,WO_09032,APU_049,434.61,1754.04,4174.62,4609.23
COST_09033,WO_09033,APU_050,742.5,756.82,2694.28,3436.78
COST_09034,WO_09034,APU_016,503.92,1284.23,1823.61,2327.53
COST_09035,WO_09035,APU_011,989.15,1098.46,2932.89,3922.04
COST_09036,WO_09036,APU_041,711.17,730.52,2469.16,3180.33
COST_09037,WO_09037,APU_026,747.25,517.35,1433.06,2180.31
COST_09038,WO_09038,APU_050,753.86,1537.02,8761.01,9514.87
COST_09039,WO_09039,APU_037,425.14,1345.35,5596.66,6021.8
COST_09040,WO_09040,APU_011,348.25,392.83,1064.57,1412.82
COST_09041,WO_09041,APU_033,627.48,1342.26,4107.32,4734.8
COST_09042,WO_09042,APU_047,317.8,678.99,2172.77,2490.57
COST_09043,WO_09043,APU_039,374.92,374.7,1270.23,1645.15
COST_09044,WO_09044,APU_028,764.84,1363.5,1363.5,2128.34
COST_09045,WO_09045,APU_004,484.67,1108.6,2549.78,3034.45
COST_09046,WO_09046,APU_020,925.32,627.27,752.72,1678.04
COST_09047,WO_09047,APU_013,736.05,1790.38,9829.19,10565.24
COST_09048,WO_09048,APU_002,173.19,986.43,2594.31,2767.5
COST_09049,WO_09049,APU_026,854.23,1426.8,3481.39,4335.62
COST_09050,WO_09050,APU_016,957.8,916.24,4077.27,5035.07
COST_09051,WO_09051,APU_016,1101.88,1012.48,3472.81,4574.69
COST_09052,WO_09052,APU_042,600.77,382.89,559.02,1159.79
COST_09053,WO_09053,APU_049,674.74,641.57,1674.5,2349.24
COST_09054,WO_09054,APU_018,728.53,1673.3,3781.66,4510.19
COST_09055,WO_09055,APU_037,355.63,565.25,587.86,943.49
COST_09056,WO_09056,APU_049,541.61,459.08,853.89,1395.5
COST_09057,WO_09057,APU_037,383.01,1713.19,4214.45,4597.46
COST_09058,WO_09058,APU_038,700.93,961.9,2452.84,3153.77
COST_09059,WO_09059,APU_033,406.09,1351.07,1621.28,2027.37
COST_09060,WO_09060,APU_048,696.63,1626.06,8325.43,9022.06
COST_09061,WO_09061,APU_021,766.16,985.27,2532.14,3298.3
COST_09062,WO_09062,APU_025,422.7,1651.03,4589.86,5012.56
COST_09063,WO_09063,APU_040,410.55,1016.66,3446.48,3857.03
COST_09064,WO_09064,APU_037,898.63,1391.55,2449.13,3347.76
COST_09065,WO_09065,APU_044,1037.25,1113.34,3885.56,4922.81
COST_09066,WO_09066,APU_037,556.21,1258.26,2793.34,3349.55
COST_09067,WO_09067,APU_021,533.91,668.89,1110.36,1644.27
COST_09068,WO_09068,APU_025,993.34,1623.31,6054.95,7048.29
COST_09069,WO_09069,APU_033,1147.51,742.98,4584.19,5731.7
COST_09070,WO_09070,APU_010,1015.87,690.76,2797.58,3813.45
COST_09071,WO_09071,APU_026,486.68,392.2,1772.74,2259.42
COST_09072,WO_09072,APU_020,618.67,983.03,2005.38,2624.05
COST_09073,WO_09073,APU_012,960.98,552.26,624.05,1585.03
COST_09074,WO_09074,APU_015,819.6,1569.91,9686.34,10505.94
COST_09075,WO_09075,APU_046,1477.5,862.72,7255.48,8732.98
COST_09076,WO_09076,APU_003,799.68,1110.63,7052.5,7852.18
COST_09077,WO_09077,APU_020,535.02,876.26,1980.35,2515.37
COST_09078,WO_09078,APU_045,738.1,682.1,982.22,1720.32
COST_09079,WO_09079,APU_013,337.07,1525.75,2303.88,2640.95
COST_09080,WO_09080,APU_032,668.95,1292.25,1395.63,2064.58
COST_09081,WO_09081,APU_009,632.87,1398.98,3581.39,4214.26
COST_09082,WO_09082,APU_002,616.68,433.23,2846.32,3463.0
COST_09083,WO_09083,APU_032,931.37,1601.58,4019.97,4951.34
COST_09084,WO_09084,APU_016,200.1,714.63,2293.96,2494.06
COST_09085,WO_09085,APU_047,1291.7,485.63,2811.8,4103.5
COST_09086,WO_09086,APU_006,455.05,1372.57,2992.2,3447.25
COST_09087,WO_09087,APU_011,659.17,1472.68,12267.42,12926.59
COST_09088,WO_09088,APU_039,971.46,771.65,6273.51,7244.97
COST_09089,WO_09089,APU_005,611.35,1452.46,3674.72,4286.07
COST_09090,WO_09090,APU_005,286.01,1075.52,2129.53,2415.54
COST_09091,WO_09091,APU_041,903.83,1378.38,5499.74,6403.57
COST_09092,WO_09092,APU_018,784.09,1760.57,3961.28,4745.37
COST_09093,WO_09093,APU_045,757.84,423.87,610.37,1368.21
COST_09094,WO_09094,APU_026,666.82,1529.19,8410.55,9077.37
COST_09095,WO_09095,APU_015,968.05,988.46,5248.72,6216.77
COST_09096,WO_09096,APU_021,295.45,1532.23,4535.4,4830.85
COST_09097,WO_09097,APU_009,397.95,1444.97,1965.16,2363.11
COST_09098,WO_09098,APU_026,247.83,791.53,1092.31,1340.14
COST_09099,WO_09099,APU_014,490.29,456.3,1314.14,1804.43
COST_09100,WO_09100,APU_047,982.09,488.05,1005.38,1987.47
COST_09101,WO_09101,APU_008,833.11,1438.54,3236.72,4069.83
COST_09102,WO_09102,APU_017,472.26,568.7,2712.7,3184.96
COST_09103,WO_09103,APU_001,644.43,1348.73,5489.33,6133.76
COST_09104,WO_09104,APU_002,527.59,1011.52,5866.82,6394.41
COST_09105,WO_09105,APU_018,584.77,345.83,546.41,1131.18
COST_09106,WO_09106,APU_010,476.66,1569.77,3531.98,4008.64
COST_09107,WO_09107,APU_034,921.84,1665.64,6879.09,7800.93
COST_09108,WO_09108,APU_050,370.97,1433.85,4989.8,5360.77
COST_09109,WO_09109,APU_002,592.53,1359.54,8578.7,9171.23
COST_09110,WO_09110,APU_034,881.85,1074.35,3685.02,4566.87
COST_09111,WO_09111,APU_033,703.83,1489.4,11185.39,11889.22
COST_09112,WO_09112,APU_023,836.89,1098.26,4019.63,4856.52
COST_09113,WO_09113,APU_015,450.58,906.94,4425.87,4876.45
COST_09114,WO_09114,APU_005,806.97,1311.81,2990.93,3797.9
COST_09115,WO_09115,APU_020,345.32,357.46,979.44,1324.76
COST_09116,WO_09116,APU_033,707.13,1142.6,5130.27,5837.4
COST_09117,WO_09117,APU_026,839.42,1051.06,6937.0,7776.42
COST_09118,WO_09118,APU_012,1028.47,482.51,1958.99,2987.46
COST_09119,WO_09119,APU_014,264.3,822.78,2139.23,2403.53
COST_09120,WO_09120,APU_031,875.21,1100.61,6383.54,7258.75
COST_09121,WO_09121,APU_011,414.75,973.53,788.56,1203.31
COST_09122,WO_09122,APU_008,336.11,571.39,708.52,1044.63
COST_09123,WO_09123,APU_011,738.15,587.37,2320.11,3058.26
COST_09124,WO_09124,APU_029,770.08,750.11,2055.3,2825.38
COST_09125,WO_09125,APU_014,954.86,1160.49,4398.26,5353.12
COST_09126,WO_09126,APU_035,671.75,541.64,1527.42,2199.17
COST_09127,WO_09127,APU_017,726.2,660.44,2456.84,3183.04
COST_09128,WO_09128,APU_011,508.94,1032.44,1796.45,2305.39
COST_09129,WO_09129,APU_019,372.58,1203.81,4478.17,4850.75
COST_09130,WO_09130,APU_020,428.17,527.49,2479.2,2907.37
COST_09131,WO_09131,APU_016,1209.8,1530.93,8144.55,9354.35
COST_09132,WO_09132,APU_041,1152.06,1737.12,14296.5,15448.56
COST_09133,WO_09133,APU_027,1038.08,523.86,1629.2,2667.28
COST_09134,WO_09134,APU_025,380.23,1498.42,4735.01,5115.24
COST_09135,WO_09135,APU_035,724.91,1069.35,1261.83,1986.74
COST_09136,WO_09136,APU_020,331.75,1418.57,2879.7,3211.45
COST_09137,WO_09137,APU_007,783.9,386.52,943.11,1727.01
COST_09138,WO_09138,APU_004,753.34,1383.23,6694.83,7448.17
COST_09139,WO_09139,APU_004,236.64,926.89,1798.17,2034.81
COST_09140,WO_09140,APU_049,396.03,674.49,2839.6,3235.63
COST_09141,WO_09141,APU_046,303.52,1548.11,4210.86,4514.38
COST_09142,WO_09142,APU_029,340.48,371.6,917.85,1258.33
COST_09143,WO_09143,APU_010,764.49,698.48,2179.26,2943.75
COST_09144,WO_09144,APU_029,461.2,386.07,845.49,1306.69
COST_09145,WO_09145,APU_033,260.41,1173.49,2523.0,2783.41
COST_09146,WO_09146,APU_015,660.45,489.45,518.82,1179.27
COST_09147,WO_09147,APU_027,223.51,1016.28,2408.58,2632.09
COST_09148,WO_09148,APU_035,235.28,878.6,1836.27,2071.55
COST_09149,WO_09149,APU_042,293.58,1635.13,3352.02,3645.6
COST_09150,WO_09150,APU_044,410.77,1605.39,5490.43,5901.2
COST_09151,WO_09151,APU_003,528.47,1034.98,4036.42,4564.89
COST_09152,WO_09152,APU_019,239.07,1052.39,3251.89,3490.96
COST_09153,WO_09153,APU_030,513.09,725.55,3410.09,3923.18
COST_09154,WO_09154,APU_048,602.45,1060.62,3956.11,4558.56
COST_09155,WO_09155,APU_004,288.96,599.56,1384.98,1673.94
COST_09156,WO_09156,APU_005,330.1,1169.08,2466.76,2796.86
COST_09157,WO_09157,APU_041,489.87,701.65,2266.33,2756.2
COST_09158,WO_09158,APU_008,255.24,1246.7,4650.19,4905.43
COST_09159,WO_09159,APU_044,801.03,1776.58,10410.76,11211.79
COST_09160,WO_09160,APU_039,921.35,1678.95,8780.91,9702.26
COST_09161,WO_09161,APU_004,264.94,1733.76,3502.2,3767.14
COST_09162,WO_09162,APU_041,155.82,393.78,1012.01,1167.83
COST_09163,WO_09163,APU_024,634.52,521.5,2049.49,2684.01
COST_09164,WO_09164,APU_016,642.34,1797.55,8790.02,9432.36
COST_09165,WO_09165,APU_043,307.13,766.5,3495.24,3802.37
COST_09166,WO_09166,APU_007,347.21,932.91,2444.22,2791.43
COST_09167,WO_09167,APU_004,411.18,1101.67,1498.27,1909.45
COST_09168,WO_09168,APU_007,316.79,434.63,682.37,999.16
COST_09169,WO_09169,APU_003,608.41,1654.31,5227.62,5836.03
COST_09170,WO_09170,APU_021,801.07,1567.46,5141.27,5942.34
COST_09171,WO_09171,APU_046,272.76,890.49,1326.83,1599.59
COST_09172,WO_09172,APU_022,261.08,1211.82,3380.98,3642.06
COST_09173,WO_09173,APU_041,1014.76,1740.29,6700.12,7714.88
COST_09174,WO_09174,APU_024,560.6,1595.29,2297.22,2857.82
COST_09175,WO_09175,APU_019,885.63,690.31,3444.65,4330.28
COST_09176,WO_09176,APU_023,284.42,734.0,1622.14,1906.56
COST_09177,WO_09177,APU_027,522.75,1257.29,6827.08,7349.83
COST_09178,WO_09178,APU_006,909.86,1564.63,3176.2,4086.06
COST_09179,WO_09179,APU_012,473.08,806.17,1249.56,1722.64
COST_09180,WO_09180,APU_008,731.26,565.53,1193.27,1924.53
COST_09181,WO_09181,APU_009,227.92,1030.0,2657.4,2885.32
COST_09182,WO_09182,APU_042,198.53,1555.18,3421.4,3619.93
COST_09183,WO_09183,APU_014,526.14,860.56,2073.95,2600.09
COST_09184,WO_09184,APU_007,789.99,541.06,1769.27,2559.26
COST_09185,WO_09185,APU_041,780.77,635.23,1569.02,2349.79
COST_09186,WO_09186,APU_005,532.11,1251.95,3280.11,3812.22
COST_09187,WO_09187,APU_025,559.56,1377.06,1459.68,2019.24
COST_09188,WO_09188,APU_002,775.38,1710.24,5763.51,6538.89
COST_09189,WO_09189,APU_026,352.43,436.0,1129.24,1481.67
COST_09190,WO_09190,APU_031,1025.66,1434.82,9455.46,10481.12
COST_09191,WO_09191,APU_026,896.65,831.7,1347.35,2244.0
COST_09192,WO_09192,APU_045,211.69,1776.91,1794.68,2006.37
COST_09193,WO_09193,APU_040,968.2,578.06,2208.19,3176.39
COST_09194,WO_09194,APU_041,696.82,915.46,3011.86,3708.68
COST_09195,WO_09195,APU_018,840.16,1685.18,2628.88,3469.04
COST_09196,WO_09196,APU_036,634.74,906.45,1060.55,1695.29
COST_09197,WO_09197,APU_021,988.37,1497.9,9481.71,10470.08
COST_09198,WO_09198,APU_033,1091.95,1406.25,8325.0,9416.95
COST_09199,WO_09199,APU_002,79.47,1523.52,1051.23,1130.7
COST_09200,WO_09200,APU_042,315.33,324.25,684.17,999.5
COST_09201,WO_09201,APU_024,1287.95,1167.58,7927.87,9215.82
COST_09202,WO_09202,APU_045,614.68,1662.23,3474.06,4088.74
COST_09203,WO_09203,APU_009,841.17,1287.68,2678.37,3519.54
COST_09204,WO_09204,APU_022,751.4,1055.92,2460.29,3211.69
COST_09205,WO_09205,APU_040,267.35,1408.72,2070.82,2338.17
COST_09206,WO_09206,APU_034,446.92,607.15,643.58,1090.5
COST_09207,WO_09207,APU_009,639.21,666.97,3234.8,3874.01
COST_09208,WO_09208,APU_012,345.77,1556.03,1540.47,1886.24
COST_09209,WO_09209,APU_045,759.88,315.82,982.2,1742.08
COST_09210,WO_09210,APU_012,403.99,1310.9,5807.29,6211.28
COST_09211,WO_09211,APU_018,390.35,1261.51,1539.04,1929.39
COST_09212,WO_09212,APU_006,476.02,1087.01,1782.7,2258.72
COST_09213,WO_09213,APU_022,970.54,639.18,3387.65,4358.19
COST_09214,WO_09214,APU_010,518.15,1454.86,5295.69,5813.84
COST_09215,WO_09215,APU_033,379.18,310.63,602.62,981.8
COST_09216,WO_09216,APU_037,1220.44,694.27,3658.8,4879.24
COST_09217,WO_09217,APU_019,860.74,1283.69,6777.88,7638.62
COST_09218,WO_09218,APU_030,967.15,601.59,1895.01,2862.16
COST_09219,WO_09219,APU_049,813.72,1084.0,1799.44,2613.16
COST_09220,WO_09220,APU_005,745.61,1700.39,3689.85,4435.46
COST_09221,WO_09221,APU_011,678.78,1500.04,4770.13,5448.91
COST_09222,WO_09222,APU_021,406.19,1457.83,3571.68,3977.87
COST_09223,WO_09223,APU_043,768.05,910.42,4151.52,4919.57
COST_09224,WO_09224,APU_012,864.41,461.98,540.52,1404.93
COST_09225,WO_09225,APU_043,901.95,1054.04,1264.85,2166.8
COST_09226,WO_09226,APU_047,541.63,892.64,2677.92,3219.55
COST_09227,WO_09227,APU_016,865.99,1269.56,2627.99,3493.98
COST_09228,WO_09228,APU_004,200.0,1479.63,2855.69,3055.69
COST_09229,WO_09229,APU_048,333.62,414.67,427.11,760.73
COST_09230,WO_09230,APU_049,597.4,980.43,2696.18,3293.58
COST_09231,WO_09231,APU_035,430.95,1404.68,3708.36,4139.31
COST_09232,WO_09232,APU_039,449.27,1714.87,6670.84,7120.11
COST_09233,WO_09233,APU_029,281.74,528.15,1489.38,1771.12
COST_09234,WO_09234,APU_018,579.09,1521.88,3850.36,4429.45
COST_09235,WO_09235,APU_050,649.29,818.19,4246.41,4895.7
COST_09236,WO_09236,APU_027,220.5,1597.4,2108.57,2329.07
COST_09237,WO_09237,APU_011,434.45,308.73,1126.86,1561.31
COST_09238,WO_09238,APU_005,287.71,434.48,469.24,756.95
COST_09239,WO_09239,APU_008,192.51,421.06,720.01,912.52
COST_09240,WO_09240,APU_038,146.6,1479.6,2071.44,2218.04
COST_09241,WO_09241,APU_046,702.38,449.89,1880.54,2582.92
COST_09242,WO_09242,APU_046,256.48,416.71,1091.78,1348.26
COST_09243,WO_09243,APU_001,360.33,1496.77,4041.28,4401.61
COST_09244,WO_09244,APU_031,409.83,1333.89,1974.16,2383.99
COST_09245,WO_09245,APU_010,738.8,799.03,1845.76,2584.56
COST_09246,WO_09246,APU_003,491.47,581.43,1040.76,1532.23
COST_09247,WO_09247,APU_041,632.44,679.36,2282.65,2915.09
COST_09248,WO_09248,APU_031,879.15,882.2,1393.88,2273.03
COST_09249,WO_09249,APU_047,1037.89,935.71,5286.76,6324.65
COST_09250,WO_09250,APU_050,430.85,1098.91,1186.82,1617.67
COST_09251,WO_09251,APU_022,115.53,1347.06,2343.88,2459.41
COST_09252,WO_09252,APU_013,1090.87,1515.23,10364.17,11455.04
COST_09253,WO_09253,APU_034,154.44,1144.59,2449.42,2603.86
COST_09254,WO_09254,APU_022,422.53,1410.32,1861.62,2284.15
COST_09255,WO_09255,APU_037,522.75,1497.78,4598.18,5120.93
COST_09256,WO_09256,APU_016,887.99,773.7,1617.03,2505.02
COST_09257,WO_09257,APU_040,985.19,1767.06,3039.34,4024.53
COST_09258,WO_09258,APU_036,471.41,1492.86,2224.36,2695.77
COST_09259,WO_09259,APU_038,1919.37,800.8,9977.97,11897.34
COST_09260,WO_09260,APU_009,554.93,1093.44,2591.45,3146.38
COST_09261,WO_09261,APU_036,476.18,641.79,603.28,1079.46
COST_09262,WO_09262,APU_012,525.13,1520.3,9395.45,9920.58
COST_09263,WO_09263,APU_024,933.68,942.55,3581.69,4515.37
COST_09264,WO_09264,APU_021,767.4,1290.44,2296.98,3064.38
COST_09265,WO_09265,APU_042,786.19,1655.67,2698.74,3484.93
COST_09266,WO_09266,APU_020,391.81,357.78,1409.65,1801.46
COST_09267,WO_09267,APU_023,297.14,833.41,1975.18,2272.32
COST_09268,WO_09268,APU_003,323.88,1769.93,1663.73,1987.61
COST_09269,WO_09269,APU_038,821.59,821.39,5963.29,6784.88
COST_09270,WO_09270,APU_023,324.42,1469.52,3144.77,3469.19
COST_09271,WO_09271,APU_034,1071.06,825.05,5107.06,6178.12
COST_09272,WO_09272,APU_041,549.67,1527.68,8386.96,8936.63
COST_09273,WO_09273,APU_035,642.8,1759.41,2762.27,3405.07
COST_09274,WO_09274,APU_008,635.66,1188.61,5705.33,6340.99
COST_09275,WO_09275,APU_002,991.81,1656.56,3147.46,4139.27
COST_09276,WO_09276,APU_022,108.49,532.51,516.53,625.02
COST_09277,WO_09277,APU_015,421.2,1125.77,2420.41,2841.61
COST_09278,WO_09278,APU_049,459.16,1488.89,5032.45,5491.61
COST_09279,WO_09279,APU_047,390.18,772.85,1630.71,2020.89
COST_09280,WO_09280,APU_048,832.36,700.84,1611.93,2444.29
COST_09281,WO_09281,APU_050,1188.04,1459.73,7444.62,8632.66
COST_09282,WO_09282,APU_001,475.91,1715.27,4939.98,5415.89
COST_09283,WO_09283,APU_035,279.1,1379.52,2358.98,2638.08
COST_09284,WO_09284,APU_002,551.71,1696.71,6786.84,7338.55
COST_09285,WO_09285,APU_030,513.08,1690.76,5123.0,5636.08
COST_09286,WO_09286,APU_050,215.48,839.95,571.17,786.65
COST_09287,WO_09287,APU_009,404.6,1478.78,5087.0,5491.6
COST_09288,WO_09288,APU_003,553.92,1249.34,4210.28,4764.2
COST_09289,WO_09289,APU_024,510.05,1395.16,3836.69,4346.74
COST_09290,WO_09290,APU_028,594.67,508.75,2258.85,2853.52
COST_09291,WO_09291,APU_046,646.51,1787.31,3360.14,4006.65
COST_09292,WO_09292,APU_049,315.07,1740.79,5692.38,6007.45
COST_09293,WO_09293,APU_010,254.43,826.65,950.65,1205.08
COST_09294,WO_09294,APU_007,599.3,1636.86,5565.32,6164.62
COST_09295,WO_09295,APU_035,1340.37,762.59,6070.22,7410.59
COST_09296,WO_09296,APU_019,707.28,1511.35,2372.82,3080.1
COST_09297,WO_09297,APU_015,385.51,1718.63,3076.35,3461.86
COST_09298,WO_09298,APU_036,652.86,775.5,1426.92,2079.78
COST_09299,WO_09299,APU_023,446.88,1750.24,5110.7,5557.58
COST_09300,WO_09300,APU_009,157.83,1633.14,2466.04,2623.87
COST_09301,WO_09301,APU_026,920.35,1662.71,5703.1,6623.45
COST_09302,WO_09302,APU_029,1101.18,423.77,1834.92,2936.1
COST_09303,WO_09303,APU_041,339.07,1214.72,4433.73,4772.8
COST_09304,WO_09304,APU_020,622.5,1679.4,1729.78,2352.28
COST_09305,WO_09305,APU_028,413.19,1690.24,7944.13,8357.32
COST_09306,WO_09306,APU_010,885.79,1541.89,7015.6,7901.39
COST_09307,WO_09307,APU_011,467.1,1634.92,7013.81,7480.91
COST_09308,WO_09308,APU_039,1165.12,970.54,3241.6,4406.72
COST_09309,WO_09309,APU_007,425.22,871.95,2676.89,3102.11
COST_09310,WO_09310,APU_013,1083.38,576.68,2768.06,3851.44
COST_09311,WO_09311,APU_024,1432.23,697.61,5462.29,6894.52
COST_09312,WO_09312,APU_040,956.02,1126.94,1814.37,2770.39
COST_09313,WO_09313,APU_036,693.46,936.57,4607.92,5301.38
COST_09314,WO_09314,APU_017,672.49,1262.85,3270.78,3943.27
COST_09315,WO_09315,APU_035,130.28,427.95,1082.71,1212.99
COST_09316,WO_09316,APU_045,728.87,999.45,1169.36,1898.23
COST_09317,WO_09317,APU_028,726.96,1538.0,3568.16,4295.12
COST_09318,WO_09318,APU_047,471.45,984.0,1544.88,2016.33
COST_09319,WO_09319,APU_034,134.69,512.73,1081.86,1216.55
COST_09320,WO_09320,APU_025,345.88,677.42,1009.36,1355.24
COST_09321,WO_09321,APU_002,139.36,632.19,1340.24,1479.6
COST_09322,WO_09322,APU_030,712.5,548.59,1190.44,1902.94
COST_09323,WO_09323,APU_013,560.14,1575.23,4520.91,5081.05
COST_09324,WO_09324,APU_047,595.47,1672.46,1873.16,2468.63
COST_09325,WO_09325,APU_031,554.8,1599.03,1966.81,2521.61
COST_09326,WO_09326,APU_006,293.63,538.87,1789.05,2082.68
COST_09327,WO_09327,APU_018,407.98,685.8,1200.15,1608.13
COST_09328,WO_09328,APU_032,686.34,1523.35,7479.65,8165.99
COST_09329,WO_09329,APU_047,483.44,859.36,2646.83,3130.27
COST_09330,WO_09330,APU_049,1080.7,841.89,3199.18,4279.88
COST_09331,WO_09331,APU_018,751.59,1267.18,7489.03,8240.62
COST_09332,WO_09332,APU_024,252.61,826.31,1892.25,2144.86
COST_09333,WO_09333,APU_013,328.85,1560.88,3090.54,3419.39
COST_09334,WO_09334,APU_021,756.43,332.67,1460.42,2216.85
COST_09335,WO_09335,APU_033,632.79,677.44,2438.78,3071.57
COST_09336,WO_09336,APU_046,747.6,1191.35,2918.81,3666.41
COST_09337,WO_09337,APU_020,643.11,1781.12,10401.74,11044.85
COST_09338,WO_09338,APU_010,854.14,1429.71,3459.9,4314.04
COST_09339,WO_09339,APU_009,431.29,458.03,1268.74,1700.03
COST_09340,WO_09340,APU_020,634.84,501.11,1378.05,2012.89
COST_09341,WO_09341,APU_017,410.33,473.78,772.26,1182.59
COST_09342,WO_09342,APU_018,809.6,1564.95,4444.46,5254.06
COST_09343,WO_09343,APU_025,333.17,983.78,5764.95,6098.12
COST_09344,WO_09344,APU_009,878.81,1079.52,3745.93,4624.74
COST_09345,WO_09345,APU_002,382.01,587.1,1626.27,2008.28
COST_09346,WO_09346,APU_021,251.84,322.28,802.48,1054.32
COST_09347,WO_09347,APU_005,409.62,454.4,1481.34,1890.96
COST_09348,WO_09348,APU_032,1048.95,1786.16,7341.12,8390.07
COST_09349,WO_09349,APU_035,347.88,1626.41,6180.36,6528.24
COST_09350,WO_09350,APU_040,649.11,1239.4,2801.04,3450.15
COST_09351,WO_09351,APU_027,1000.81,1093.4,3553.55,4554.36
COST_09352,WO_09352,APU_004,364.91,1527.06,5405.79,5770.7
COST_09353,WO_09353,APU_021,665.17,319.85,498.97,1164.14
COST_09354,WO_09354,APU_042,630.17,1796.47,5353.48,5983.65
COST_09355,WO_09355,APU_048,241.78,618.27,513.16,754.94
COST_09356,WO_09356,APU_035,562.74,1232.16,4361.85,4924.59
COST_09357,WO_09357,APU_033,220.33,1376.95,5383.87,5604.2
COST_09358,WO_09358,APU_038,521.04,717.03,2939.82,3460.86
COST_09359,WO_09359,APU_007,396.11,1072.51,2348.8,2744.91
COST_09360,WO_09360,APU_042,1037.77,912.88,2939.47,3977.24
COST_09361,WO_09361,APU_007,941.23,1357.02,8074.27,9015.5
COST_09362,WO_09362,APU_011,676.68,1008.43,5969.91,6646.59
COST_09363,WO_09363,APU_042,368.37,920.43,2466.75,2835.12
COST_09364,WO_09364,APU_025,716.39,1065.66,3122.38,3838.77
COST_09365,WO_09365,APU_035,620.04,360.65,1806.86,2426.9
COST_09366,WO_09366,APU_014,435.8,564.65,671.93,1107.73
COST_09367,WO_09367,APU_032,857.19,1101.85,2512.22,3369.41
COST_09368,WO_09368,APU_018,446.94,1007.28,5711.28,6158.22
COST_09369,WO_09369,APU_023,443.44,844.79,3928.27,4371.71
COST_09370,WO_09370,APU_007,389.33,625.57,2083.15,2472.48
COST_09371,WO_09371,APU_012,613.3,1202.49,1430.96,2044.26
COST_09372,WO_09372,APU_043,657.96,1097.67,2897.85,3555.81
COST_09373,WO_09373,APU_009,171.37,307.93,606.62,777.99
COST_09374,WO_09374,APU_041,922.49,1314.67,4285.82,5208.31
COST_09375,WO_09375,APU_042,168.22,837.32,1456.94,1625.16
COST_09376,WO_09376,APU_007,973.98,974.81,1510.96,2484.94
COST_09377,WO_09377,APU_043,652.69,1194.85,1039.52,1692.21
COST_09378,WO_09378,APU_041,500.2,404.91,2154.12,2654.32
COST_09379,WO_09379,APU_033,349.42,581.05,1266.69,1616.11
COST_09380,WO_09380,APU_003,993.95,815.82,2414.83,3408.78
COST_09381,WO_09381,APU_027,594.2,1639.69,4443.56,5037.76
COST_09382,WO_09382,APU_038,670.62,1569.83,2370.44,3041.06
COST_09383,WO_09383,APU_016,366.88,1571.3,2136.97,2503.85
COST_09384,WO_09384,APU_012,627.32,618.77,965.28,1592.6
COST_09385,WO_09385,APU_046,993.52,1316.45,2409.1,3402.62
COST_09386,WO_09386,APU_042,370.13,821.96,2737.13,3107.26
COST_09387,WO_09387,APU_042,783.24,1484.46,2597.81,3381.05
COST_09388,WO_09388,APU_017,494.39,1053.51,7479.92,7974.31
COST_09389,WO_09389,APU_012,394.8,621.95,2972.92,3367.72
COST_09390,WO_09390,APU_029,749.53,1218.81,5167.75,5917.28
COST_09391,WO_09391,APU_048,1032.29,654.21,1668.24,2700.53
COST_09392,WO_09392,APU_006,1175.04,1033.73,6460.81,7635.85
COST_09393,WO_09393,APU_004,700.23,881.3,2123.93,2824.16
COST_09394,WO_09394,APU_026,571.83,1701.38,4542.68,5114.51
COST_09395,WO_09395,APU_050,291.09,572.32,1705.51,1996.6
COST_09396,WO_09396,APU_027,788.58,1685.87,6743.48,7532.06
COST_09397,WO_09397,APU_001,1057.11,697.35,2691.77,3748.88
COST_09398,WO_09398,APU_015,583.71,647.93,1354.17,1937.88
COST_09399,WO_09399,APU_008,429.93,338.86,687.89,1117.82
COST_09400,WO_09400,APU_007,425.1,1648.01,6361.32,6786.42
COST_09401,WO_09401,APU_017,324.31,795.81,3207.11,3531.42
COST_09402,WO_09402,APU_030,250.83,1021.04,2236.08,2486.91
COST_09403,WO_09403,APU_041,353.56,464.5,529.53,883.09
COST_09404,WO_09404,APU_048,450.05,1491.34,3623.96,4074.01
COST_09405,WO_09405,APU_029,771.67,304.58,1166.54,1938.21
COST_09406,WO_09406,APU_035,617.27,379.83,2787.95,3405.22
COST_09407,WO_09407,APU_040,415.48,654.82,923.3,1338.78
COST_09408,WO_09408,APU_039,352.63,1116.03,2399.46,2752.09
COST_09409,WO_09409,APU_029,657.34,1695.37,3712.86,4370.2
COST_09410,WO_09410,APU_028,1085.55,1310.0,7506.3,8591.85
COST_09411,WO_09411,APU_043,846.99,889.42,2374.75,3221.74
COST_09412,WO_09412,APU_022,117.19,1563.02,2578.98,2696.17
COST_09413,WO_09413,APU_023,454.42,1016.49,3761.01,4215.43
COST_09414,WO_09414,APU_050,926.97,1722.9,3755.92,4682.89
COST_09415,WO_09415,APU_015,778.94,1377.57,1914.82,2693.76
COST_09416,WO_09416,APU_001,337.75,389.77,647.02,984.77
COST_09417,WO_09417,APU_007,844.27,1618.86,11412.96,12257.23
COST_09418,WO_09418,APU_013,364.05,1542.13,5181.56,5545.61
COST_09419,WO_09419,APU_001,879.34,340.62,980.99,1860.33
COST_09420,WO_09420,APU_036,873.89,669.49,1586.69,2460.58
COST_09421,WO_09421,APU_013,419.86,558.21,1780.69,2200.55
COST_09422,WO_09422,APU_030,525.76,807.17,2558.73,3084.49
COST_09423,WO_09423,APU_012,884.66,904.04,2883.89,3768.55
COST_09424,WO_09424,APU_015,484.22,1728.01,5011.23,5495.45
COST_09425,WO_09425,APU_043,663.68,979.79,4291.48,4955.16
COST_09426,WO_09426,APU_036,571.04,1481.07,4072.94,4643.98
COST_09427,WO_09427,APU_034,918.35,648.93,1031.8,1950.15
COST_09428,WO_09428,APU_017,258.69,991.71,1923.92,2182.61
COST_09429,WO_09429,APU_032,538.11,1010.91,930.04,1468.15
COST_09430,WO_09430,APU_001,694.71,1029.96,8538.37,9233.08
COST_09431,WO_09431,APU_028,1165.1,401.44,1754.29,2919.39
COST_09432,WO_09432,APU_017,671.34,1724.43,2966.02,3637.36
COST_09433,WO_09433,APU_003,911.23,1252.54,2918.42,3829.65
COST_09434,WO_09434,APU_032,978.18,1075.61,2065.17,3043.35
COST_09435,WO_09435,APU_017,503.68,698.44,4435.09,4938.77
COST_09436,WO_09436,APU_037,542.89,707.73,877.59,1420.48
COST_09437,WO_09437,APU_043,480.94,676.06,1953.81,2434.75
COST_09438,WO_09438,APU_034,481.23,594.59,1522.15,2003.38
COST_09439,WO_09439,APU_046,750.11,1077.45,4611.49,5361.6
COST_09440,WO_09440,APU_030,769.41,1484.41,3814.93,4584.34
COST_09441,WO_09441,APU_018,103.66,1671.65,1721.8,1825.46
COST_09442,WO_09442,APU_044,937.0,1181.96,2801.25,3738.25
COST_09443,WO_09443,APU_028,177.44,833.96,1326.0,1503.44
COST_09444,WO_09444,APU_031,884.45,1661.02,4717.3,5601.75
COST_09445,WO_09445,APU_034,695.25,1344.71,8041.37,8736.62
COST_09446,WO_09446,APU_021,630.06,842.47,876.17,1506.23
COST_09447,WO_09447,APU_011,980.13,386.6,676.55,1656.68
COST_09448,WO_09448,APU_039,505.95,979.58,1968.96,2474.91
COST_09449,WO_09449,APU_023,169.09,1445.88,3180.94,3350.03
COST_09450,WO_09450,APU_005,850.73,914.59,3731.53,4582.26
COST_09451,WO_09451,APU_009,131.39,541.76,1338.15,1469.54
COST_09452,WO_09452,APU_042,853.21,961.03,3286.72,4139.93
COST_09453,WO_09453,APU_001,772.35,1469.78,2836.68,3609.03
COST_09454,WO_09454,APU_028,557.75,1051.02,3237.14,3794.89
COST_09455,WO_09455,APU_020,1134.31,1518.08,6330.39,7464.7
COST_09456,WO_09456,APU_034,821.37,1058.03,1925.61,2746.98
COST_09457,WO_09457,APU_001,806.57,1558.09,6512.82,7319.39
COST_09458,WO_09458,APU_035,723.46,528.88,1480.86,2204.32
COST_09459,WO_09459,APU_049,435.79,1798.0,8684.34,9120.13
COST_09460,WO_09460,APU_003,791.43,1638.51,3981.58,4773.01
COST_09461,WO_09461,APU_014,944.68,628.57,2105.71,3050.39
COST_09462,WO_09462,APU_028,517.8,1665.42,4430.02,4947.82
COST_09463,WO_09463,APU_022,783.51,648.74,1673.75,2457.26
COST_09464,WO_09464,APU_007,684.04,1654.07,5177.24,5861.28
COST_09465,WO_09465,APU_018,963.87,362.78,1324.15,2288.02
COST_09466,WO_09466,APU_001,537.84,1071.38,1467.79,2005.63
COST_09467,WO_09467,APU_013,438.55,866.77,5183.28,5621.83
COST_09468,WO_09468,APU_006,612.65,721.78,707.34,1319.99
COST_09469,WO_09469,APU_017,849.21,484.57,906.15,1755.36
COST_09470,WO_09470,APU_049,375.58,1363.21,3517.08,3892.66
COST_09471,WO_09471,APU_009,1019.34,390.66,1332.15,2351.49
COST_09472,WO_09472,APU_011,870.2,600.88,3887.69,4757.89
COST_09473,WO_09473,APU_033,584.46,348.01,341.05,925.51
COST_09474,WO_09474,APU_006,554.01,709.06,1460.66,2014.67
COST_09475,WO_09475,APU_001,75.35,663.21,557.1,632.45
COST_09476,WO_09476,APU_039,318.81,630.11,1745.4,2064.21
COST_09477,WO_09477,APU_022,953.39,1694.7,5355.25,6308.64
COST_09478,WO_09478,APU_018,1090.44,364.17,2374.39,3464.83
COST_09479,WO_09479,APU_044,479.47,1269.81,3682.45,4161.92
COST_09480,WO_09480,APU_033,1206.96,1453.15,7018.71,8225.67
COST_09481,WO_09481,APU_006,495.76,597.97,2242.39,2738.15
COST_09482,WO_09482,APU_016,155.79,1772.44,3793.02,3948.81
COST_09483,WO_09483,APU_047,124.7,1217.86,1522.32,1647.02
COST_09484,WO_09484,APU_007,1110.6,906.3,2863.91,3974.51
COST_09485,WO_09485,APU_010,693.17,438.68,526.42,1219.59
COST_09486,WO_09486,APU_039,762.76,1645.49,9116.01,9878.77
COST_09487,WO_09487,APU_024,426.7,1512.6,3766.37,4193.07
COST_09488,WO_09488,APU_024,1056.34,1232.66,6471.47,7527.81
COST_09489,WO_09489,APU_014,505.71,1462.48,3056.58,3562.29
COST_09490,WO_09490,APU_019,287.28,538.47,1696.18,1983.46
COST_09491,WO_09491,APU_033,213.43,782.72,2387.3,2600.73
COST_09492,WO_09492,APU_042,674.29,1323.78,3508.02,4182.31
COST_09493,WO_09493,APU_027,170.53,1531.32,3277.02,3447.55
COST_09494,WO_09494,APU_003,696.91,1677.52,5653.24,6350.15
COST_09495,WO_09495,APU_023,690.92,1318.46,2149.09,2840.01
COST_09496,WO_09496,APU_005,393.94,1482.35,2075.29,2469.23
COST_09497,WO_09497,APU_017,413.83,402.91,2167.66,2581.49
COST_09498,WO_09498,APU_007,365.63,1371.03,5552.67,5918.3
COST_09499,WO_09499,APU_037,435.68,1732.94,4886.89,5322.57
COST_09500,WO_09500,APU_041,1019.19,1279.43,8687.33,9706.52
COST_09501,WO_09501,APU_023,807.67,1719.7,4041.3,4848.97
COST_09502,WO_09502,APU_020,804.31,419.31,2360.72,3165.03
COST_09503,WO_09503,APU_031,937.99,1083.96,3241.04,4179.03
COST_09504,WO_09504,APU_037,736.76,1165.97,1807.25,2544.01
COST_09505,WO_09505,APU_043,1252.04,508.55,3819.21,5071.25
COST_09506,WO_09506,APU_037,860.15,1432.89,6720.25,7580.4
COST_09507,WO_09507,APU_015,196.32,1606.87,4081.45,4277.77
COST_09508,WO_09508,APU_015,618.58,1575.85,6382.19,7000.77
COST_09509,WO_09509,APU_018,339.08,1122.7,2447.49,2786.57
COST_09510,WO_09510,APU_029,1036.69,557.37,2391.12,3427.81
COST_09511,WO_09511,APU_050,847.42,843.11,615.47,1462.89
COST_09512,WO_09512,APU_036,770.88,452.89,701.98,1472.86
COST_09513,WO_09513,APU_006,377.32,504.39,2350.46,2727.78
COST_09514,WO_09514,APU_038,344.12,634.59,1503.98,1848.1
COST_09515,WO_09515,APU_048,244.53,1453.18,4432.2,4676.73
COST_09516,WO_09516,APU_038,995.78,1385.73,1801.45,2797.23
COST_09517,WO_09517,APU_034,1304.07,1398.08,10499.58,11803.65
COST_09518,WO_09518,APU_041,408.28,1512.18,7908.7,8316.98
COST_09519,WO_09519,APU_009,396.47,1500.31,3645.75,4042.22
COST_09520,WO_09520,APU_023,358.09,921.91,2009.76,2367.85
COST_09521,WO_09521,APU_009,1013.38,1685.06,8071.44,9084.82
COST_09522,WO_09522,APU_012,579.07,1116.82,9035.07,9614.14
COST_09523,WO_09523,APU_031,1088.32,1608.53,7383.15,8471.47
COST_09524,WO_09524,APU_038,1234.89,979.77,8798.33,10033.22
COST_09525,WO_09525,APU_050,574.32,856.06,1403.94,1978.26
COST_09526,WO_09526,APU_006,406.15,1625.51,2812.13,3218.28
COST_09527,WO_09527,APU_026,514.43,1307.33,1843.34,2357.77
COST_09528,WO_09528,APU_041,1071.24,618.66,2146.75,3217.99
COST_09529,WO_09529,APU_028,471.12,816.04,2439.96,2911.08
COST_09530,WO_09530,APU_027,535.41,900.94,2252.35,2787.76
COST_09531,WO_09531,APU_049,495.72,1607.56,6816.05,7311.77
COST_09532,WO_09532,APU_048,596.03,1764.87,9442.05,10038.08
COST_09533,WO_09533,APU_026,820.67,1504.49,1760.25,2580.92
COST_09534,WO_09534,APU_012,455.33,426.23,835.41,1290.74
COST_09535,WO_09535,APU_029,539.29,453.27,1935.46,2474.75
COST_09536,WO_09536,APU_041,750.05,1472.19,3091.6,3841.65
COST_09537,WO_09537,APU_006,173.42,739.75,1294.56,1467.98
COST_09538,WO_09538,APU_050,484.97,693.22,3299.73,3784.7
COST_09539,WO_09539,APU_011,348.67,1372.59,1839.27,2187.94
COST_09540,WO_09540,APU_048,199.19,1359.47,3126.78,3325.97
COST_09541,WO_09541,APU_030,642.25,1744.1,5685.77,6328.02
COST_09542,WO_09542,APU_037,178.0,644.01,1275.14,1453.14
COST_09543,WO_09543,APU_033,344.18,1596.4,6672.95,7017.13
COST_09544,WO_09544,APU_036,701.64,1573.38,3131.03,3832.67
COST_09545,WO_09545,APU_033,756.61,377.35,2226.37,2982.98
COST_09546,WO_09546,APU_002,852.49,1258.41,3196.36,4048.85
COST_09547,WO_09547,APU_027,849.75,1246.07,4897.06,5746.81
COST_09548,WO_09548,APU_003,656.58,585.52,2400.63,3057.21
COST_09549,WO_09549,APU_005,267.29,1319.57,2533.57,2800.86
COST_09550,WO_09550,APU_046,508.74,644.33,567.01,1075.75
COST_09551,WO_09551,APU_036,570.34,840.05,2780.57,3350.91
COST_09552,WO_09552,APU_002,1045.69,350.07,990.7,2036.39
COST_09553,WO_09553,APU_004,881.0,310.68,1146.41,2027.41
COST_09554,WO_09554,APU_047,349.46,1718.59,4124.62,4474.08
COST_09555,WO_09555,APU_004,394.11,406.64,874.28,1268.39
COST_09556,WO_09556,APU_046,425.73,1798.03,14743.85,15169.58
COST_09557,WO_09557,APU_036,338.12,1355.56,1640.23,1978.35
COST_09558,WO_09558,APU_008,467.92,1128.32,4592.26,5060.18
COST_09559,WO_09559,APU_015,658.57,1145.27,2267.63,2926.2
COST_09560,WO_09560,APU_003,342.73,539.41,1219.07,1561.8
COST_09561,WO_09561,APU_050,357.43,302.38,689.43,1046.86
COST_09562,WO_09562,APU_050,372.45,559.09,978.41,1350.86
COST_09563,WO_09563,APU_045,757.24,1282.24,4769.93,5527.17
COST_09564,WO_09564,APU_023,1050.87,724.39,4230.44,5281.31
COST_09565,WO_09565,APU_002,990.91,348.17,1225.56,2216.47
COST_09566,WO_09566,APU_002,295.17,778.91,2243.26,2538.43
COST_09567,WO_09567,APU_042,320.13,1038.91,1641.48,1961.61
COST_09568,WO_09568,APU_050,819.26,492.19,1776.81,2596.07
COST_09569,WO_09569,APU_036,807.02,397.42,3537.04,4344.06
COST_09570,WO_09570,APU_034,189.41,464.38,1021.64,1211.05
COST_09571,WO_09571,APU_025,515.26,371.57,821.17,1336.43
COST_09572,WO_09572,APU_001,500.85,1386.53,2773.06,3273.91
COST_09573,WO_09573,APU_049,968.74,921.13,1915.95,2884.69
COST_09574,WO_09574,APU_026,176.27,1777.03,1066.22,1242.49
COST_09575,WO_09575,APU_003,789.62,922.89,3137.83,3927.45
COST_09576,WO_09576,APU_040,282.74,782.18,1337.53,1620.27
COST_09577,WO_09577,APU_041,217.58,1613.69,1807.33,2024.91
COST_09578,WO_09578,APU_049,338.25,1021.28,4197.46,4535.71
COST_09579,WO_09579,APU_011,454.46,1275.72,1913.58,2368.04
COST_09580,WO_09580,APU_050,908.08,1704.87,3853.01,4761.09
COST_09581,WO_09581,APU_049,1045.02,831.51,5063.9,6108.92
COST_09582,WO_09582,APU_022,610.28,1026.64,1283.3,1893.58
COST_09583,WO_09583,APU_014,720.23,829.4,970.4,1690.63
COST_09584,WO_09584,APU_049,929.71,1002.07,3156.52,4086.23
COST_09585,WO_09585,APU_001,910.3,1260.77,6455.14,7365.44
COST_09586,WO_09586,APU_047,946.44,1728.92,1970.97,2917.41
COST_09587,WO_09587,APU_019,624.01,1120.73,3810.48,4434.49
COST_09588,WO_09588,APU_039,539.61,1601.18,5988.41,6528.02
COST_09589,WO_09589,APU_015,712.01,684.8,602.62,1314.63
COST_09590,WO_09590,APU_001,864.48,1671.52,7053.81,7918.29
COST_09591,WO_09591,APU_021,352.74,364.53,1603.93,1956.67
COST_09592,WO_09592,APU_027,314.59,1369.91,3137.09,3451.68
COST_09593,WO_09593,APU_023,841.15,883.76,4781.14,5622.29
COST_09594,WO_09594,APU_020,837.15,1077.28,5472.58,6309.73
COST_09595,WO_09595,APU_039,371.56,1224.09,3525.38,3896.94
COST_09596,WO_09596,APU_035,614.77,321.63,681.86,1296.63
COST_09597,WO_09597,APU_018,347.48,316.85,503.79,851.27
COST_09598,WO_09598,APU_008,769.27,1001.69,2664.5,3433.77
COST_09599,WO_09599,APU_043,1131.59,1214.07,4516.34,5647.93
COST_09600,WO_09600,APU_016,664.6,1273.0,2889.71,3554.31
COST_09601,WO_09601,APU_031,293.59,305.68,247.6,541.19
COST_09602,WO_09602,APU_012,447.85,627.25,3424.78,3872.63
COST_09603,WO_09603,APU_021,914.22,546.94,1651.76,2565.98
COST_09604,WO_09604,APU_017,677.28,739.4,1634.07,2311.35
COST_09605,WO_09605,APU_027,421.44,1104.74,4816.67,5238.11
COST_09606,WO_09606,APU_011,1082.15,1598.04,10051.67,11133.82
COST_09607,WO_09607,APU_003,189.11,1763.27,1022.7,1211.81
COST_09608,WO_09608,APU_035,268.79,1775.67,6126.06,6394.85
COST_09609,WO_09609,APU_047,312.11,755.52,936.84,1248.95
COST_09610,WO_09610,APU_042,489.89,1436.92,5144.17,5634.06
COST_09611,WO_09611,APU_028,609.74,1712.78,5001.32,5611.06
COST_09612,WO_09612,APU_049,442.5,836.23,3227.85,3670.35
COST_09613,WO_09613,APU_021,433.85,447.63,926.59,1360.44
COST_09614,WO_09614,APU_040,604.47,1668.18,1618.13,2222.6
COST_09615,WO_09615,APU_038,1039.71,1462.17,3099.8,4139.51
COST_09616,WO_09616,APU_045,732.74,761.28,2588.35,3321.09
COST_09617,WO_09617,APU_038,339.69,1154.34,5483.11,5822.8
COST_09618,WO_09618,APU_012,119.89,994.91,1422.72,1542.61
COST_09619,WO_09619,APU_014,1165.69,1795.12,8580.67,9746.36
COST_09620,WO_09620,APU_031,834.21,782.98,1487.66,2321.87
COST_09621,WO_09621,APU_007,1016.75,485.91,1613.22,2629.97
COST_09622,WO_09622,APU_035,318.65,884.47,1813.16,2131.81
COST_09623,WO_09623,APU_027,611.23,1172.98,3518.94,4130.17
COST_09624,WO_09624,APU_009,1099.58,1525.9,6775.0,7874.58
COST_09625,WO_09625,APU_021,191.5,1150.63,1587.87,1779.37
COST_09626,WO_09626,APU_006,674.26,1159.09,2167.5,2841.76
COST_09627,WO_09627,APU_050,351.26,1207.75,3635.33,3986.59
COST_09628,WO_09628,APU_037,1316.61,418.11,4256.36,5572.97
COST_09629,WO_09629,APU_030,382.03,1246.37,2106.37,2488.4
COST_09630,WO_09630,APU_008,1305.21,1065.97,8900.85,10206.06
COST_09631,WO_09631,APU_043,515.92,541.41,4434.15,4950.07
COST_09632,WO_09632,APU_001,287.05,954.92,2463.69,2750.74
COST_09633,WO_09633,APU_005,785.7,960.56,2218.89,3004.59
COST_09634,WO_09634,APU_033,489.89,1226.08,2280.51,2770.4
COST_09635,WO_09635,APU_010,818.57,1572.49,4119.92,4938.49
COST_09636,WO_09636,APU_037,489.51,1278.94,1598.68,2088.19
COST_09637,WO_09637,APU_015,824.11,1230.34,3211.19,4035.3
COST_09638,WO_09638,APU_036,552.22,673.31,4167.79,4720.01
COST_09639,WO_09639,APU_015,379.84,1430.45,2775.07,3154.91
COST_09640,WO_09640,APU_044,424.17,825.32,1964.26,2388.43
COST_09641,WO_09641,APU_032,629.31,1172.14,1254.19,1883.5
COST_09642,WO_09642,APU_017,644.99,496.3,1657.64,2302.63
COST_09643,WO_09643,APU_039,696.86,491.37,1542.9,2239.76
COST_09644,WO_09644,APU_042,889.86,1412.67,3983.73,4873.59
COST_09645,WO_09645,APU_005,409.64,962.0,2318.42,2728.06
COST_09646,WO_09646,APU_040,483.32,1033.03,2386.3,2869.62
COST_09647,WO_09647,APU_035,765.08,1407.39,5038.46,5803.54
COST_09648,WO_09648,APU_045,378.31,364.17,975.98,1354.29
COST_09649,WO_09649,APU_033,468.68,1498.8,4841.12,5309.8
COST_09650,WO_09650,APU_049,614.65,619.39,1895.33,2509.98
COST_09651,WO_09651,APU_022,1008.13,760.3,3831.91,4840.04
COST_09652,WO_09652,APU_025,482.25,742.26,2924.5,3406.75
COST_09653,WO_09653,APU_023,782.65,741.62,2239.69,3022.34
COST_09654,WO_09654,APU_034,883.25,824.49,5169.55,6052.8
COST_09655,WO_09655,APU_027,450.41,1347.13,4620.66,5071.07
COST_09656,WO_09656,APU_007,234.57,826.36,4602.83,4837.4
COST_09657,WO_09657,APU_021,163.1,1563.95,5943.01,6106.11
COST_09658,WO_09658,APU_026,892.23,837.49,829.12,1721.35
COST_09659,WO_09659,APU_038,1004.0,884.44,4926.33,5930.33
COST_09660,WO_09660,APU_009,710.73,363.65,1065.49,1776.22
COST_09661,WO_09661,APU_017,1029.91,1350.69,3565.82,4595.73
COST_09662,WO_09662,APU_026,354.09,1640.86,5201.53,5555.62
COST_09663,WO_09663,APU_016,500.15,1140.2,2565.45,3065.6
COST_09664,WO_09664,APU_021,999.96,913.24,2812.78,3812.74
COST_09665,WO_09665,APU_029,323.16,1088.1,2132.68,2455.84
COST_09666,WO_09666,APU_023,796.88,1075.91,5895.99,6692.87
COST_09667,WO_09667,APU_038,719.45,1494.39,3810.69,4530.14
COST_09668,WO_09668,APU_029,197.04,1328.03,2921.67,3118.71
COST_09669,WO_09669,APU_016,696.7,678.33,1105.68,1802.38
COST_09670,WO_09670,APU_005,399.92,1515.64,4774.27,5174.19
COST_09671,WO_09671,APU_029,259.58,1171.84,3527.24,3786.82
COST_09672,WO_09672,APU_006,380.47,1659.77,5593.42,5973.89
COST_09673,WO_09673,APU_029,703.03,861.33,1326.45,2029.48
COST_09674,WO_09674,APU_036,310.49,1601.41,1809.59,2120.08
COST_09675,WO_09675,APU_017,508.03,641.33,2456.29,2964.32
COST_09676,WO_09676,APU_039,1171.97,1322.91,8135.9,9307.87
COST_09677,WO_09677,APU_022,483.25,577.38,894.94,1378.19
COST_09678,WO_09678,APU_043,713.44,864.16,5634.32,6347.76
COST_09679,WO_09679,APU_001,602.38,1408.37,4478.62,5081.0
COST_09680,WO_09680,APU_013,543.37,1545.82,4189.17,4732.54
COST_09681,WO_09681,APU_006,600.03,926.4,2019.55,2619.58
COST_09682,WO_09682,APU_018,320.64,705.1,895.48,1216.12
COST_09683,WO_09683,APU_029,556.43,559.81,2619.91,3176.34
COST_09684,WO_09684,APU_007,784.24,929.14,1644.58,2428.82
COST_09685,WO_09685,APU_035,354.39,736.85,1304.22,1658.61
COST_09686,WO_09686,APU_039,609.87,481.41,2257.81,2867.68
COST_09687,WO_09687,APU_021,540.15,1793.17,1721.44,2261.59
COST_09688,WO_09688,APU_004,533.66,1617.2,1908.3,2441.96
COST_09689,WO_09689,APU_041,848.6,1393.14,3747.55,4596.15
COST_09690,WO_09690,APU_049,652.13,558.96,1783.08,2435.21
COST_09691,WO_09691,APU_039,427.02,1697.13,6024.81,6451.83
COST_09692,WO_09692,APU_046,869.62,509.55,1171.96,2041.58
COST_09693,WO_09693,APU_018,1391.96,1177.48,12869.86,14261.82
COST_09694,WO_09694,APU_017,940.25,1715.64,4117.54,5057.79
COST_09695,WO_09695,APU_036,381.73,850.66,2033.08,2414.81
COST_09696,WO_09696,APU_044,352.41,1547.6,2708.3,3060.71
COST_09697,WO_09697,APU_001,171.73,1262.12,3672.77,3844.5
COST_09698,WO_09698,APU_026,444.77,904.17,3444.89,3889.66
COST_09699,WO_09699,APU_032,569.74,1273.9,6713.45,7283.19
COST_09700,WO_09700,APU_029,252.99,760.27,912.32,1165.31
COST_09701,WO_09701,APU_016,416.28,858.88,2035.55,2451.83
COST_09702,WO_09702,APU_044,563.68,1596.09,5554.39,6118.07
COST_09703,WO_09703,APU_037,900.51,312.32,1171.2,2071.71
COST_09704,WO_09704,APU_016,269.06,1577.82,4307.45,4576.51
COST_09705,WO_09705,APU_050,527.75,545.22,1995.51,2523.26
COST_09706,WO_09706,APU_048,613.14,851.33,1481.31,2094.45
COST_09707,WO_09707,APU_043,1127.79,381.11,2439.1,3566.89
COST_09708,WO_09708,APU_028,502.69,1663.79,7803.18,8305.87
COST_09709,WO_09709,APU_038,619.05,666.72,866.74,1485.79
COST_09710,WO_09710,APU_039,222.22,662.8,994.2,1216.42
COST_09711,WO_09711,APU_028,425.34,1452.66,2222.57,2647.91
COST_09712,WO_09712,APU_023,367.65,945.12,3733.22,4100.87
COST_09713,WO_09713,APU_022,217.1,1480.34,1983.66,2200.76
COST_09714,WO_09714,APU_048,444.3,973.09,2208.91,2653.21
COST_09715,WO_09715,APU_045,535.9,1715.99,5988.81,6524.71
COST_09716,WO_09716,APU_039,452.44,548.21,1436.31,1888.75
COST_09717,WO_09717,APU_018,316.02,683.33,2138.82,2454.84
COST_09718,WO_09718,APU_034,142.76,1072.43,1619.37,1762.13
COST_09719,WO_09719,APU_017,266.32,337.38,1271.92,1538.24
COST_09720,WO_09720,APU_039,417.7,695.1,1348.49,1766.19
COST_09721,WO_09721,APU_022,943.0,1320.02,2996.45,3939.45
COST_09722,WO_09722,APU_009,467.36,739.19,2291.49,2758.85
COST_09723,WO_09723,APU_004,252.79,1749.0,5037.12,5289.91
COST_09724,WO_09724,APU_040,530.25,670.19,1843.02,2373.27
COST_09725,WO_09725,APU_041,404.74,348.61,627.5,1032.24
COST_09726,WO_09726,APU_024,872.1,1562.62,3609.65,4481.75
COST_09727,WO_09727,APU_046,476.54,1102.2,2997.98,3474.52
COST_09728,WO_09728,APU_003,601.7,1212.47,1551.96,2153.66
COST_09729,WO_09729,APU_038,409.14,560.95,1183.6,1592.74
COST_09730,WO_09730,APU_029,468.65,1268.66,4262.7,4731.35
COST_09731,WO_09731,APU_002,315.93,1257.28,1697.33,2013.26
COST_09732,WO_09732,APU_049,656.21,950.27,4884.39,5540.6
COST_09733,WO_09733,APU_036,878.57,409.12,2233.8,3112.37
COST_09734,WO_09734,APU_009,286.34,1376.59,1885.93,2172.27
COST_09735,WO_09735,APU_020,374.46,1181.86,6783.88,7158.34
COST_09736,WO_09736,APU_009,489.63,955.42,2398.1,2887.73
COST_09737,WO_09737,APU_017,406.06,985.02,3368.77,3774.83
COST_09738,WO_09738,APU_019,210.81,517.09,1070.38,1281.19
COST_09739,WO_09739,APU_044,840.58,1263.39,5710.52,6551.1
COST_09740,WO_09740,APU_026,627.48,1164.27,3958.52,4586.0
COST_09741,WO_09741,APU_009,196.39,431.23,750.34,946.73
COST_09742,WO_09742,APU_026,378.88,754.61,1079.09,1457.97
COST_09743,WO_09743,APU_008,777.46,1660.38,2025.66,2803.12
COST_09744,WO_09744,APU_022,1005.35,815.22,2453.81,3459.16
COST_09745,WO_09745,APU_018,630.77,306.83,1141.41,1772.18
COST_09746,WO_09746,APU_033,1104.51,713.6,2775.9,3880.41
COST_09747,WO_09747,APU_026,365.15,1239.58,3160.93,3526.08
COST_09748,WO_09748,APU_043,354.23,1370.49,1973.51,2327.74
COST_09749,WO_09749,APU_039,678.88,1695.69,3170.94,3849.82
COST_09750,WO_09750,APU_024,607.01,911.18,4665.24,5272.25
COST_09751,WO_09751,APU_028,716.27,1460.03,3036.86,3753.13
COST_09752,WO_09752,APU_012,1046.7,579.81,1704.64,2751.34
COST_09753,WO_09753,APU_050,664.32,723.81,1085.71,1750.03
COST_09754,WO_09754,APU_012,856.94,1423.63,4655.27,5512.21
COST_09755,WO_09755,APU_021,155.13,722.75,1525.0,1680.13
COST_09756,WO_09756,APU_049,838.75,1167.02,5636.71,6475.46
COST_09757,WO_09757,APU_002,700.54,889.15,3698.86,4399.4
COST_09758,WO_09758,APU_007,438.88,1549.4,3207.26,3646.14
COST_09759,WO_09759,APU_041,389.89,991.45,2518.28,2908.17
COST_09760,WO_09760,APU_033,541.14,1619.44,3255.07,3796.21
COST_09761,WO_09761,APU_048,544.75,1389.18,1736.48,2281.23
COST_09762,WO_09762,APU_041,999.35,1384.7,2353.99,3353.34
COST_09763,WO_09763,APU_011,698.19,608.65,1844.21,2542.4
COST_09764,WO_09764,APU_016,368.26,714.32,2321.54,2689.8
COST_09765,WO_09765,APU_011,911.18,1632.27,4815.2,5726.38
COST_09766,WO_09766,APU_033,407.85,1036.76,2384.55,2792.4
COST_09767,WO_09767,APU_044,751.37,473.76,2150.87,2902.24
COST_09768,WO_09768,APU_004,770.92,1127.25,3167.57,3938.49
COST_09769,WO_09769,APU_016,943.44,488.65,1954.6,2898.04
COST_09770,WO_09770,APU_010,402.24,1433.95,1462.63,1864.87
COST_09771,WO_09771,APU_030,517.42,1429.34,714.67,1232.09
COST_09772,WO_09772,APU_024,755.59,673.56,2141.92,2897.51
COST_09773,WO_09773,APU_036,427.53,827.41,1025.99,1453.52
COST_09774,WO_09774,APU_012,492.96,777.89,1882.49,2375.45
COST_09775,WO_09775,APU_029,768.42,1115.97,2566.73,3335.15
COST_09776,WO_09776,APU_007,815.22,719.62,4684.73,5499.95
COST_09777,WO_09777,APU_031,321.74,705.51,2391.68,2713.42
COST_09778,WO_09778,APU_031,338.59,1162.33,3463.74,3802.33
COST_09779,WO_09779,APU_041,766.02,1240.96,5348.54,6114.56
COST_09780,WO_09780,APU_050,686.46,1567.36,5219.31,5905.77
COST_09781,WO_09781,APU_014,215.79,1562.04,3295.9,3511.69
COST_09782,WO_09782,APU_011,590.86,581.01,2846.95,3437.81
COST_09783,WO_09783,APU_050,614.2,676.05,1000.55,1614.75
COST_09784,WO_09784,APU_012,643.51,1061.54,3450.01,4093.52
COST_09785,WO_09785,APU_023,767.56,1522.69,1766.32,2533.88
COST_09786,WO_09786,APU_011,761.0,1686.09,5125.71,5886.71
COST_09787,WO_09787,APU_034,861.25,1096.85,3312.49,4173.74
COST_09788,WO_09788,APU_048,782.89,826.29,5643.56,6426.45
COST_09789,WO_09789,APU_013,223.4,674.46,775.63,999.03
COST_09790,WO_09790,APU_026,157.05,1032.37,2013.12,2170.17
COST_09791,WO_09791,APU_039,482.7,451.71,1928.8,2411.5
COST_09792,WO_09792,APU_041,683.64,814.0,2661.78,3345.42
COST_09793,WO_09793,APU_038,315.18,1274.07,3822.21,4137.39
COST_09794,WO_09794,APU_032,828.07,834.29,1343.21,2171.28
COST_09795,WO_09795,APU_012,275.69,997.53,1955.16,2230.85
COST_09796,WO_09796,APU_022,962.7,663.36,3575.51,4538.21
COST_09797,WO_09797,APU_007,881.15,384.99,1016.37,1897.52
COST_09798,WO_09798,APU_044,956.99,684.56,2286.43,3243.42
COST_09799,WO_09799,APU_049,528.79,464.1,1183.45,1712.24
COST_09800,WO_09800,APU_023,374.4,794.48,1128.16,1502.56
COST_09801,WO_09801,APU_012,1109.48,711.76,3231.39,4340.87
COST_09802,WO_09802,APU_033,230.82,1449.66,5204.28,5435.1
COST_09803,WO_09803,APU_047,1417.97,1406.82,13589.88,15007.85
COST_09804,WO_09804,APU_012,533.01,1621.36,2513.11,3046.12
COST_09805,WO_09805,APU_021,335.92,1766.3,7542.1,7878.02
COST_09806,WO_09806,APU_010,652.07,1624.28,2144.05,2796.12
COST_09807,WO_09807,APU_014,1118.19,940.1,2782.7,3900.89
COST_09808,WO_09808,APU_048,1057.25,1222.93,5686.62,6743.87
COST_09809,WO_09809,APU_050,538.76,962.9,837.72,1376.48
COST_09810,WO_09810,APU_018,473.87,722.21,1754.97,2228.84
COST_09811,WO_09811,APU_017,205.78,951.59,1893.66,2099.44
COST_09812,WO_09812,APU_009,153.99,1240.97,2295.79,2449.78
COST_09813,WO_09813,APU_047,756.74,357.4,1200.86,1957.6
COST_09814,WO_09814,APU_012,655.55,1638.87,8243.52,8899.07
COST_09815,WO_09815,APU_046,647.8,867.51,2194.8,2842.6
COST_09816,WO_09816,APU_030,319.09,918.43,2792.03,3111.12
COST_09817,WO_09817,APU_018,719.0,1132.33,3272.43,3991.43
COST_09818,WO_09818,APU_041,272.45,1437.7,3910.54,4182.99
COST_09819,WO_09819,APU_004,615.54,982.67,1464.18,2079.72
COST_09820,WO_09820,APU_035,1009.57,1104.16,5520.8,6530.37
COST_09821,WO_09821,APU_032,795.05,1199.7,3839.04,4634.09
COST_09822,WO_09822,APU_030,551.48,600.65,2030.2,2581.68
COST_09823,WO_09823,APU_030,755.18,1465.97,2550.79,3305.97
COST_09824,WO_09824,APU_013,454.53,1294.04,2730.42,3184.95
COST_09825,WO_09825,APU_042,209.56,565.47,1396.71,1606.27
COST_09826,WO_09826,APU_030,756.53,1747.37,2044.42,2800.95
COST_09827,WO_09827,APU_043,514.57,797.54,853.37,1367.94
COST_09828,WO_09828,APU_040,336.06,1486.51,2898.69,3234.75
COST_09829,WO_09829,APU_044,686.92,1634.83,5918.08,6605.0
COST_09830,WO_09830,APU_046,187.46,1679.64,3191.32,3378.78
COST_09831,WO_09831,APU_011,878.51,1390.39,2155.1,3033.61
COST_09832,WO_09832,APU_032,333.23,385.38,670.56,1003.79
COST_09833,WO_09833,APU_010,322.17,995.88,2111.27,2433.44
COST_09834,WO_09834,APU_040,631.93,1358.25,3042.48,3674.41
COST_09835,WO_09835,APU_005,738.61,1493.76,13354.21,14092.82
COST_09836,WO_09836,APU_024,518.76,582.63,2831.58,3350.34
COST_09837,WO_09837,APU_027,593.5,1277.97,6108.7,6702.2
COST_09838,WO_09838,APU_033,926.09,374.07,1933.94,2860.03
COST_09839,WO_09839,APU_022,561.93,747.83,1174.09,1736.02
COST_09840,WO_09840,APU_018,434.8,579.24,805.14,1239.94
COST_09841,WO_09841,APU_001,389.82,531.75,786.99,1176.81
COST_09842,WO_09842,APU_004,504.88,462.67,2618.71,3123.59
COST_09843,WO_09843,APU_020,701.97,1523.55,3062.34,3764.31
COST_09844,WO_09844,APU_026,151.86,877.34,1201.96,1353.82
COST_09845,WO_09845,APU_026,703.99,1620.52,3467.91,4171.9
COST_09846,WO_09846,APU_011,839.38,987.98,2351.39,3190.77
COST_09847,WO_09847,APU_021,483.83,985.63,3104.73,3588.56
COST_09848,WO_09848,APU_039,513.59,1383.95,4317.92,4831.51
COST_09849,WO_09849,APU_027,529.96,832.28,1431.52,1961.48
COST_09850,WO_09850,APU_038,670.99,316.38,1252.86,1923.85
COST_09851,WO_09851,APU_035,889.83,1327.2,2534.95,3424.78
COST_09852,WO_09852,APU_029,1031.45,992.49,2471.3,3502.75
COST_09853,WO_09853,APU_009,336.11,1615.47,6413.42,6749.53
COST_09854,WO_09854,APU_034,828.88,1205.88,2303.23,3132.11
COST_09855,WO_09855,APU_042,786.37,1260.65,2508.69,3295.06
COST_09856,WO_09856,APU_037,892.77,1747.71,6571.39,7464.16
COST_09857,WO_09857,APU_046,441.5,1480.11,2516.19,2957.69
COST_09858,WO_09858,APU_025,250.89,1722.52,3789.54,4040.43
COST_09859,WO_09859,APU_013,896.54,834.01,3077.5,3974.04
COST_09860,WO_09860,APU_038,950.08,549.08,4617.76,5567.84
COST_09861,WO_09861,APU_013,662.29,1600.21,6064.8,6727.09
COST_09862,WO_09862,APU_018,511.02,356.67,1259.05,1770.07
COST_09863,WO_09863,APU_032,538.17,1067.37,3885.23,4423.4
COST_09864,WO_09864,APU_047,989.17,684.96,1034.29,2023.46
COST_09865,WO_09865,APU_003,729.44,768.51,2228.68,2958.12
COST_09866,WO_09866,APU_025,654.83,681.12,1818.59,2473.42
COST_09867,WO_09867,APU_004,508.73,1760.2,5703.05,6211.78
COST_09868,WO_09868,APU_041,320.41,1417.73,4111.42,4431.83
COST_09869,WO_09869,APU_003,389.47,422.99,1417.02,1806.49
COST_09870,WO_09870,APU_002,218.68,392.97,899.9,1118.58
COST_09871,WO_09871,APU_013,134.97,764.2,2147.4,2282.37
COST_09872,WO_09872,APU_025,655.74,1473.2,2033.02,2688.76
COST_09873,WO_09873,APU_017,412.77,604.79,1378.92,1791.69
COST_09874,WO_09874,APU_050,691.29,1446.03,8444.82,9136.11
COST_09875,WO_09875,APU_011,635.49,1351.39,4378.5,5013.99
COST_09876,WO_09876,APU_048,679.49,1391.01,3741.82,4421.31
COST_09877,WO_09877,APU_036,837.42,306.49,2363.04,3200.46
COST_09878,WO_09878,APU_006,318.65,916.95,1182.87,1501.52
COST_09879,WO_09879,APU_014,312.35,1765.43,2612.84,2925.19
COST_09880,WO_09880,APU_038,648.27,1067.24,7438.66,8086.93
COST_09881,WO_09881,APU_041,707.54,829.74,2314.97,3022.51
COST_09882,WO_09882,APU_020,477.75,624.83,1487.1,1964.85
COST_09883,WO_09883,APU_015,944.61,1562.84,2203.6,3148.21
COST_09884,WO_09884,APU_008,286.07,473.36,1647.29,1933.36
COST_09885,WO_09885,APU_011,594.27,468.99,1721.19,2315.46
COST_09886,WO_09886,APU_013,957.5,750.08,1117.62,2075.12
COST_09887,WO_09887,APU_010,356.7,1173.67,2957.65,3314.35
COST_09888,WO_09888,APU_009,578.85,1450.72,3278.63,3857.48
COST_09889,WO_09889,APU_001,432.25,1772.35,5547.46,5979.71
COST_09890,WO_09890,APU_027,115.27,885.89,1302.26,1417.53
COST_09891,WO_09891,APU_008,886.31,1316.99,7124.92,8011.23
COST_09892,WO_09892,APU_048,700.39,1179.99,5309.95,6010.34
COST_09893,WO_09893,APU_050,989.95,1236.41,2757.19,3747.14
COST_09894,WO_09894,APU_013,425.57,513.38,1237.25,1662.82
COST_09895,WO_09895,APU_036,351.77,402.8,1015.06,1366.83
COST_09896,WO_09896,APU_040,295.81,859.96,1522.13,1817.94
COST_09897,WO_09897,APU_035,184.71,1075.12,2290.01,2474.72
COST_09898,WO_09898,APU_022,157.78,1000.86,2342.01,2499.79
COST_09899,WO_09899,APU_024,1389.37,1655.39,10925.57,12314.94
COST_09900,WO_09900,APU_050,661.15,1336.98,6123.37,6784.52
COST_09901,WO_09901,APU_038,978.42,1694.4,7709.52,8687.94
COST_09902,WO_09902,APU_044,205.57,359.67,1197.7,1403.27
COST_09903,WO_09903,APU_035,593.09,1322.2,1943.63,2536.72
COST_09904,WO_09904,APU_037,813.86,960.81,2555.75,3369.61
COST_09905,WO_09905,APU_041,827.0,463.48,2150.55,2977.55
COST_09906,WO_09906,APU_018,273.58,1580.66,2149.7,2423.28
COST_09907,WO_09907,APU_009,756.55,651.33,2514.13,3270.68
COST_09908,WO_09908,APU_003,975.52,1703.14,16605.62,17581.14
COST_09909,WO_09909,APU_009,778.67,576.52,2807.65,3586.32
COST_09910,WO_09910,APU_038,523.82,520.55,3081.66,3605.48
COST_09911,WO_09911,APU_024,1120.96,750.44,2303.85,3424.81
COST_09912,WO_09912,APU_048,693.5,418.8,1939.04,2632.54
COST_09913,WO_09913,APU_012,520.28,918.48,1680.82,2201.1
COST_09914,WO_09914,APU_004,300.92,1186.67,4995.88,5296.8
COST_09915,WO_09915,APU_014,917.81,1401.75,5466.82,6384.63
COST_09916,WO_09916,APU_038,304.39,1655.35,5280.57,5584.96
COST_09917,WO_09917,APU_024,444.1,1045.24,5863.8,6307.9
COST_09918,WO_09918,APU_004,691.15,1752.75,3540.55,4231.7
COST_09919,WO_09919,APU_009,368.91,689.87,1690.18,2059.09
COST_09920,WO_09920,APU_011,544.82,874.75,2501.78,3046.6
COST_09921,WO_09921,APU_044,571.32,414.04,637.62,1208.94
COST_09922,WO_09922,APU_013,339.78,831.93,2562.34,2902.12
COST_09923,WO_09923,APU_033,740.92,993.47,1053.08,1794.0
COST_09924,WO_09924,APU_020,1045.84,1069.84,5167.33,6213.17
COST_09925,WO_09925,APU_026,459.98,345.2,963.11,1423.09
COST_09926,WO_09926,APU_023,191.92,1657.0,3380.28,3572.2
COST_09927,WO_09927,APU_044,1041.32,557.61,959.09,2000.41
COST_09928,WO_09928,APU_039,790.97,365.58,873.74,1664.71
COST_09929,WO_09929,APU_011,656.16,421.8,1674.55,2330.71
COST_09930,WO_09930,APU_047,767.89,1155.06,4239.07,5006.96
COST_09931,WO_09931,APU_011,286.58,1303.47,2398.38,2684.96
COST_09932,WO_09932,APU_045,474.6,1085.72,1856.58,2331.18
COST_09933,WO_09933,APU_021,531.55,1736.16,6771.02,7302.57
COST_09934,WO_09934,APU_023,897.85,1782.87,3262.65,4160.5
COST_09935,WO_09935,APU_005,730.53,1294.73,3638.19,4368.72
COST_09936,WO_09936,APU_038,325.27,1075.4,3129.41,3454.68
COST_09937,WO_09937,APU_013,709.92,873.06,2819.98,3529.9
COST_09938,WO_09938,APU_037,442.79,1107.36,4828.09,5270.88
COST_09939,WO_09939,APU_036,684.78,738.82,1004.8,1689.58
COST_09940,WO_09940,APU_011,215.62,1609.34,1528.87,1744.49
COST_09941,WO_09941,APU_028,911.44,1411.57,2809.02,3720.46
COST_09942,WO_09942,APU_016,685.42,553.55,4051.99,4737.41
COST_09943,WO_09943,APU_004,1247.61,943.58,7803.41,9051.02
COST_09944,WO_09944,APU_026,671.76,614.67,4573.14,5244.9
COST_09945,WO_09945,APU_017,322.0,929.12,2267.05,2589.05
COST_09946,WO_09946,APU_044,266.98,1424.2,1452.68,1719.66
COST_09947,WO_09947,APU_007,336.25,1624.12,1218.09,1554.34
COST_09948,WO_09948,APU_006,769.89,754.08,1462.92,2232.81
COST_09949,WO_09949,APU_040,882.13,1024.53,2499.85,3381.98
COST_09950,WO_09950,APU_040,606.41,853.61,4746.07,5352.48
COST_09951,WO_09951,APU_024,839.76,1227.35,5375.79,6215.55
COST_09952,WO_09952,APU_026,979.45,1209.77,3726.09,4705.54
COST_09953,WO_09953,APU_007,413.7,1220.99,2039.05,2452.75
COST_09954,WO_09954,APU_035,714.64,806.29,1290.06,2004.7
COST_09955,WO_09955,APU_016,974.13,1416.61,4433.99,5408.12
COST_09956,WO_09956,APU_026,881.6,1567.2,6253.13,7134.73
COST_09957,WO_09957,APU_012,854.49,1055.57,3557.27,4411.76
COST_09958,WO_09958,APU_048,951.28,1069.26,1646.66,2597.94
COST_09959,WO_09959,APU_039,371.69,1272.94,4951.74,5323.43
COST_09960,WO_09960,APU_015,462.1,1557.88,5359.11,5821.21
COST_09961,WO_09961,APU_036,299.7,1292.76,1952.07,2251.77
COST_09962,WO_09962,APU_013,675.77,1690.09,2991.46,3667.23
COST_09963,WO_09963,APU_014,750.98,820.36,3256.83,4007.81
COST_09964,WO_09964,APU_046,397.86,1358.47,3246.74,3644.6
COST_09965,WO_09965,APU_046,608.64,1131.11,7363.53,7972.17
COST_09966,WO_09966,APU_002,473.41,1509.47,5403.9,5877.31
COST_09967,WO_09967,APU_015,760.91,1123.2,2336.26,3097.17
COST_09968,WO_09968,APU_045,481.39,962.76,2599.45,3080.84
COST_09969,WO_09969,APU_010,383.16,973.97,2736.86,3120.02
COST_09970,WO_09970,APU_013,346.65,543.17,988.57,1335.22
COST_09971,WO_09971,APU_037,351.53,1387.22,2288.91,2640.44
COST_09972,WO_09972,APU_005,506.24,618.28,2473.12,2979.36
COST_09973,WO_09973,APU_039,519.11,809.08,3503.32,4022.43
COST_09974,WO_09974,APU_025,442.39,995.5,3772.95,4215.34
COST_09975,WO_09975,APU_024,639.61,1775.84,11116.76,11756.37
COST_09976,WO_09976,APU_044,973.19,985.89,1991.5,2964.69
COST_09977,WO_09977,APU_007,1140.79,785.89,5367.63,6508.42
COST_09978,WO_09978,APU_037,629.68,1451.65,2409.74,3039.42
COST_09979,WO_09979,APU_024,846.92,973.52,1518.69,2365.61
COST_09980,WO_09980,APU_022,395.79,1483.87,1528.39,1924.18
COST_09981,WO_09981,APU_012,153.41,1372.96,2924.4,3077.81
COST_09982,WO_09982,APU_009,946.01,808.13,1664.75,2610.76
COST_09983,WO_09983,APU_016,1007.06,1580.96,5738.88,6745.94
COST_09984,WO_09984,APU_012,451.64,1560.49,4853.12,5304.76
COST_09985,WO_09985,APU_011,247.67,1512.02,2131.95,2379.62
COST_09986,WO_09986,APU_025,181.19,1273.77,2789.56,2970.75
COST_09987,WO_09987,APU_021,683.77,1772.54,3935.04,4618.81
COST_09988,WO_09988,APU_005,456.35,1730.79,1765.41,2221.76
COST_09989,WO_09989,APU_012,143.56,1702.93,2690.63,2834.19
COST_09990,WO_09990,APU_045,349.29,1135.33,2020.89,2370.18
COST_09991,WO_09991,APU_019,539.31,1221.35,7303.67,7842.98
COST_09992,WO_09992,APU_002,635.82,1528.73,4616.76,5252.58
COST_09993,WO_09993,APU_015,404.86,809.6,3165.54,3570.4
COST_09994,WO_09994,APU_017,695.09,577.78,687.56,1382.65
COST_09995,WO_09995,APU_041,322.52,1371.49,7186.61,7509.13
COST_09996,WO_09996,APU_023,662.22,1024.55,5696.5,6358.72
COST_09997,WO_09997,APU_040,711.22,1455.76,1324.74,2035.96
COST_09998,WO_09998,APU_006,392.24,777.31,1430.25,1822.49
COST_09999,WO_09999,APU_010,709.73,1103.93,3941.03,4650.76
COST_10000,WO_10000,APU_026,365.78,1483.22,5740.06,6105.84
