transaction_id,transaction_datetime,part_id,transaction_type,quantity,stock_before,stock_after,linked_work_order_id
TXN_000001,2025-05-07 19:01:00,PART_0280,RECEIPT,3,60,63,
TXN_000002,2024-07-07 22:20:00,PART_0018,ISSUE,8,9,1,WO_05212
TXN_000003,2025-01-31 10:50:00,PART_0053,ISSUE,7,15,8,WO_01275
TXN_000004,2024-08-19 09:42:00,PART_0050,RECEIPT,1,8,9,
TXN_000005,2024-09-04 18:47:00,PART_0166,RECEIPT,2,12,14,
TXN_000006,2024-11-02 20:28:00,PART_0233,ISSUE,3,57,54,WO_02660
TXN_000007,2024-05-13 06:10:00,PART_0036,RECEIPT,5,30,35,
TXN_000008,2024-09-30 19:59:00,PART_0164,ISSUE,6,20,14,WO_09599
TXN_000009,2024-04-24 02:45:00,PART_0122,ISSUE,8,17,9,WO_09676
TXN_000010,2024-04-18 05:33:00,PART_0079,RECEIPT,5,9,14,
TXN_000011,2024-06-24 19:57:00,PART_0213,RECEIPT,2,12,14,
TXN_000012,2025-08-26 14:43:00,PART_0219,ISSUE,2,33,31,WO_07668
TXN_000013,2025-09-06 20:28:00,PART_0193,ISSUE,8,36,28,WO_07045
TXN_000014,2024-07-26 15:05:00,PART_0261,RECEIPT,3,58,61,
TXN_000015,2024-12-27 21:12:00,PART_0015,RECEIPT,3,28,31,
TXN_000016,2024-05-25 10:00:00,PART_0269,RECEIPT,4,51,55,
TXN_000017,2024-12-14 02:46:00,PART_0060,ISSUE,6,21,15,WO_02286
TXN_000018,2025-07-20 11:04:00,PART_0139,ADJUSTMENT,1,9,8,
TXN_000019,2024-09-25 16:37:00,PART_0203,ADJUSTMENT,6,52,46,
TXN_000020,2025-06-12 01:54:00,PART_0084,ISSUE,6,11,5,WO_03192
TXN_000021,2024-11-21 06:05:00,PART_0151,ISSUE,2,36,34,WO_08635
TXN_000022,2024-07-18 19:56:00,PART_0099,RECEIPT,8,12,20,
TXN_000023,2024-11-05 22:08:00,PART_0190,RECEIPT,1,26,27,
TXN_000024,2024-09-02 06:46:00,PART_0298,ISSUE,4,14,10,WO_08020
TXN_000025,2024-12-05 11:00:00,PART_0009,ISSUE,2,37,35,WO_08056
TXN_000026,2024-01-04 10:41:00,PART_0044,ISSUE,2,36,34,WO_07547
TXN_000027,2024-10-17 14:44:00,PART_0010,ISSUE,1,11,10,WO_04250
TXN_000028,2025-01-01 14:20:00,PART_0214,ISSUE,2,9,7,WO_03243
TXN_000029,2025-07-17 00:47:00,PART_0197,ISSUE,4,42,38,WO_01074
TXN_000030,2024-10-01 07:15:00,PART_0050,ISSUE,7,9,2,WO_05070
TXN_000031,2024-02-03 00:52:00,PART_0010,ISSUE,3,10,7,WO_05115
TXN_000032,2025-03-27 04:31:00,PART_0139,ISSUE,5,8,3,WO_02306
TXN_000033,2024-08-15 12:44:00,PART_0082,ISSUE,1,28,27,WO_04396
TXN_000034,2025-01-29 10:29:00,PART_0233,ISSUE,3,54,51,WO_02249
TXN_000035,2024-09-02 04:58:00,PART_0074,ISSUE,1,21,20,WO_05450
TXN_000036,2024-04-30 18:26:00,PART_0204,ISSUE,8,53,45,WO_05577
TXN_000037,2024-01-04 03:39:00,PART_0034,ISSUE,5,31,26,WO_07380
TXN_000038,2024-05-03 07:21:00,PART_0178,ADJUSTMENT,7,37,44,
TXN_000039,2024-02-01 06:58:00,PART_0212,RECEIPT,5,8,13,
TXN_000040,2024-12-28 14:29:00,PART_0036,ISSUE,5,35,30,WO_09072
TXN_000041,2024-05-02 02:06:00,PART_0057,ISSUE,4,44,40,WO_03510
TXN_000042,2025-03-11 22:31:00,PART_0050,ISSUE,2,2,0,WO_09649
TXN_000043,2024-06-10 20:20:00,PART_0265,ISSUE,8,43,35,WO_02215
TXN_000044,2024-11-16 23:47:00,PART_0271,RECEIPT,7,39,46,
TXN_000045,2025-04-15 23:43:00,PART_0298,ISSUE,6,10,4,WO_02184
TXN_000046,2024-08-31 07:10:00,PART_0047,ISSUE,2,34,32,WO_06616
TXN_000047,2024-08-06 02:18:00,PART_0057,ISSUE,1,40,39,WO_03500
TXN_000048,2024-05-07 12:43:00,PART_0040,ISSUE,4,33,29,WO_04907
TXN_000049,2024-05-23 11:18:00,PART_0007,ISSUE,6,12,6,WO_01056
TXN_000050,2024-11-17 11:24:00,PART_0149,ISSUE,3,52,49,WO_05530
TXN_000051,2024-07-18 09:26:00,PART_0043,RECEIPT,5,53,58,
TXN_000052,2024-05-28 06:38:00,PART_0074,RECEIPT,1,20,21,
TXN_000053,2024-01-14 10:25:00,PART_0252,ISSUE,7,34,27,WO_05665
TXN_000054,2025-06-28 09:05:00,PART_0199,ISSUE,3,27,24,WO_05987
TXN_000055,2025-05-29 22:09:00,PART_0033,RECEIPT,2,11,13,
TXN_000056,2025-05-01 02:59:00,PART_0283,ISSUE,5,35,30,WO_04513
TXN_000057,2024-01-05 22:35:00,PART_0133,ISSUE,4,53,49,WO_09123
TXN_000058,2024-03-14 05:43:00,PART_0009,ISSUE,4,35,31,WO_05444
TXN_000059,2024-06-28 03:33:00,PART_0133,RECEIPT,6,49,55,
TXN_000060,2025-04-13 06:24:00,PART_0211,RECEIPT,5,35,40,
TXN_000061,2024-12-19 17:21:00,PART_0031,ISSUE,2,41,39,WO_09840
TXN_000062,2025-09-04 04:00:00,PART_0127,ISSUE,3,5,2,WO_03791
TXN_000063,2024-11-18 12:26:00,PART_0113,ADJUSTMENT,2,44,46,
TXN_000064,2025-05-03 13:34:00,PART_0021,RECEIPT,7,32,39,
TXN_000065,2025-08-29 10:55:00,PART_0049,ISSUE,6,36,30,WO_02661
TXN_000066,2024-10-21 12:21:00,PART_0141,ISSUE,5,13,8,WO_07197
TXN_000067,2025-06-12 20:52:00,PART_0201,ISSUE,3,25,22,WO_07872
TXN_000068,2024-05-01 01:06:00,PART_0295,RECEIPT,8,48,56,
TXN_000069,2024-05-11 17:02:00,PART_0115,ISSUE,1,32,31,WO_01385
TXN_000070,2024-07-04 00:45:00,PART_0139,ADJUSTMENT,5,3,8,
TXN_000071,2025-02-08 16:10:00,PART_0120,ISSUE,8,26,18,WO_07731
TXN_000072,2025-04-24 13:16:00,PART_0107,RECEIPT,8,9,17,
TXN_000073,2025-01-13 04:14:00,PART_0136,RECEIPT,6,33,39,
TXN_000074,2025-02-07 13:31:00,PART_0060,ISSUE,7,15,8,WO_04122
TXN_000075,2025-06-05 22:02:00,PART_0087,ISSUE,8,56,48,WO_09602
TXN_000076,2025-05-11 10:21:00,PART_0087,ISSUE,6,48,42,WO_04925
TXN_000077,2024-08-14 15:37:00,PART_0169,ADJUSTMENT,4,12,8,
TXN_000078,2024-08-28 17:57:00,PART_0023,RECEIPT,8,30,38,
TXN_000079,2024-03-25 02:13:00,PART_0056,RECEIPT,3,41,44,
TXN_000080,2024-10-18 09:41:00,PART_0255,RECEIPT,7,40,47,
TXN_000081,2024-05-07 07:50:00,PART_0110,RECEIPT,8,25,33,
TXN_000082,2024-07-07 07:53:00,PART_0281,ISSUE,1,34,33,WO_02823
TXN_000083,2024-10-11 18:14:00,PART_0189,RECEIPT,5,36,41,
TXN_000084,2024-01-08 10:00:00,PART_0254,ISSUE,3,33,30,WO_02610
TXN_000085,2024-10-26 03:13:00,PART_0018,RECEIPT,8,1,9,
TXN_000086,2025-08-02 02:39:00,PART_0142,ISSUE,2,14,12,WO_09263
TXN_000087,2025-05-29 00:34:00,PART_0231,ADJUSTMENT,7,22,15,
TXN_000088,2024-11-19 10:28:00,PART_0187,ISSUE,5,41,36,WO_02811
TXN_000089,2024-02-13 05:06:00,PART_0260,ISSUE,1,12,11,WO_08743
TXN_000090,2025-09-11 01:13:00,PART_0160,ISSUE,5,31,26,WO_00576
TXN_000091,2024-01-11 11:27:00,PART_0249,ISSUE,6,34,28,WO_07862
TXN_000092,2024-01-20 16:59:00,PART_0078,RECEIPT,2,50,52,
TXN_000093,2025-09-04 12:37:00,PART_0063,RECEIPT,1,41,42,
TXN_000094,2025-07-17 00:43:00,PART_0238,ISSUE,1,6,5,WO_03274
TXN_000095,2024-02-16 02:21:00,PART_0266,ISSUE,6,60,54,WO_05100
TXN_000096,2024-05-02 09:20:00,PART_0056,RECEIPT,4,44,48,
TXN_000097,2025-03-05 20:44:00,PART_0054,RECEIPT,5,59,64,
TXN_000098,2024-02-16 00:44:00,PART_0072,ISSUE,5,18,13,WO_02251
TXN_000099,2025-02-24 21:07:00,PART_0170,RECEIPT,2,24,26,
TXN_000100,2025-03-01 11:31:00,PART_0150,ADJUSTMENT,3,19,16,
TXN_000101,2024-04-20 07:33:00,PART_0046,ISSUE,6,29,23,WO_05312
TXN_000102,2025-01-08 09:37:00,PART_0079,ISSUE,5,14,9,WO_00573
TXN_000103,2025-04-10 04:27:00,PART_0256,ISSUE,4,49,45,WO_03516
TXN_000104,2024-05-15 20:21:00,PART_0193,ISSUE,7,28,21,WO_05878
TXN_000105,2024-09-17 03:00:00,PART_0096,RECEIPT,4,60,64,
TXN_000106,2025-03-31 13:03:00,PART_0288,ISSUE,7,7,0,WO_09792
TXN_000107,2025-06-30 23:41:00,PART_0125,RECEIPT,1,17,18,
TXN_000108,2024-10-20 11:04:00,PART_0191,ISSUE,5,22,17,WO_08883
TXN_000109,2025-01-22 20:54:00,PART_0104,ISSUE,6,32,26,WO_07758
TXN_000110,2025-08-13 22:25:00,PART_0127,ADJUSTMENT,2,2,4,
TXN_000111,2024-04-19 08:30:00,PART_0266,ISSUE,3,54,51,WO_07252
TXN_000112,2024-07-29 18:02:00,PART_0195,ISSUE,3,55,52,WO_02106
TXN_000113,2025-08-22 04:46:00,PART_0102,ISSUE,3,43,40,WO_09495
TXN_000114,2024-12-06 20:43:00,PART_0085,ISSUE,7,60,53,WO_06992
TXN_000115,2025-04-24 17:18:00,PART_0178,ISSUE,8,44,36,WO_09401
TXN_000116,2025-02-28 17:34:00,PART_0285,RECEIPT,2,59,61,
TXN_000117,2024-12-27 12:12:00,PART_0192,ISSUE,8,17,9,WO_05456
TXN_000118,2024-07-30 05:18:00,PART_0122,RECEIPT,3,9,12,
TXN_000119,2025-01-01 00:03:00,PART_0166,ISSUE,6,14,8,WO_01372
TXN_000120,2024-04-08 11:29:00,PART_0042,ISSUE,1,58,57,WO_02703
TXN_000121,2025-04-26 11:10:00,PART_0168,RECEIPT,4,43,47,
TXN_000122,2024-08-04 15:20:00,PART_0125,RECEIPT,7,18,25,
TXN_000123,2025-04-11 19:33:00,PART_0226,RECEIPT,4,19,23,
TXN_000124,2024-04-30 01:58:00,PART_0111,ISSUE,5,13,8,WO_08271
TXN_000125,2025-06-19 01:54:00,PART_0085,ISSUE,1,53,52,WO_07090
TXN_000126,2025-04-11 11:05:00,PART_0064,ISSUE,3,37,34,WO_04553
TXN_000127,2025-07-25 20:33:00,PART_0036,ISSUE,6,30,24,WO_04767
TXN_000128,2024-04-30 00:20:00,PART_0093,ADJUSTMENT,5,57,52,
TXN_000129,2024-05-11 09:15:00,PART_0251,ADJUSTMENT,6,57,51,
TXN_000130,2025-01-31 10:38:00,PART_0139,ISSUE,4,8,4,WO_01758
TXN_000131,2024-06-04 13:52:00,PART_0295,RECEIPT,7,56,63,
TXN_000132,2024-08-28 10:57:00,PART_0119,RECEIPT,4,23,27,
TXN_000133,2024-07-17 03:41:00,PART_0201,RECEIPT,7,22,29,
TXN_000134,2024-11-22 21:52:00,PART_0020,ISSUE,5,15,10,WO_09746
TXN_000135,2024-01-23 02:51:00,PART_0047,ISSUE,6,32,26,WO_07265
TXN_000136,2025-05-08 07:20:00,PART_0206,ISSUE,8,28,20,WO_06690
TXN_000137,2024-10-06 23:48:00,PART_0004,ISSUE,3,40,37,WO_01708
TXN_000138,2024-04-07 05:42:00,PART_0136,ISSUE,5,39,34,WO_08752
TXN_000139,2024-12-03 02:18:00,PART_0131,ISSUE,1,34,33,WO_03951
TXN_000140,2024-06-17 12:31:00,PART_0235,RECEIPT,8,30,38,
TXN_000141,2025-03-30 11:31:00,PART_0231,ISSUE,7,15,8,WO_09752
TXN_000142,2024-01-15 19:45:00,PART_0172,RECEIPT,4,29,33,
TXN_000143,2024-05-13 01:18:00,PART_0197,ISSUE,6,38,32,WO_03892
TXN_000144,2024-06-25 07:53:00,PART_0020,ISSUE,3,10,7,WO_06429
TXN_000145,2024-08-16 16:25:00,PART_0150,ISSUE,1,16,15,WO_09955
TXN_000146,2025-07-01 01:31:00,PART_0181,ISSUE,3,50,47,WO_09425
TXN_000147,2024-08-11 08:47:00,PART_0035,ISSUE,8,48,40,WO_02983
TXN_000148,2025-08-16 02:59:00,PART_0153,RECEIPT,8,58,66,
TXN_000149,2024-07-31 13:05:00,PART_0032,ISSUE,2,35,33,WO_04425
TXN_000150,2025-03-17 21:27:00,PART_0090,ISSUE,8,52,44,WO_07247
TXN_000151,2024-09-02 12:29:00,PART_0056,RECEIPT,4,48,52,
TXN_000152,2025-02-03 10:08:00,PART_0300,ISSUE,6,56,50,WO_06265
TXN_000153,2025-08-12 11:55:00,PART_0058,RECEIPT,1,41,42,
TXN_000154,2024-04-02 18:06:00,PART_0122,RECEIPT,8,12,20,
TXN_000155,2024-12-11 10:42:00,PART_0220,RECEIPT,6,32,38,
TXN_000156,2024-10-13 11:42:00,PART_0267,ISSUE,8,59,51,WO_03565
TXN_000157,2025-08-24 16:50:00,PART_0208,RECEIPT,2,8,10,
TXN_000158,2024-04-23 13:12:00,PART_0026,ISSUE,8,19,11,WO_08750
TXN_000159,2025-07-19 02:44:00,PART_0164,ISSUE,7,14,7,WO_04494
TXN_000160,2024-12-27 04:58:00,PART_0200,ISSUE,4,21,17,WO_02274
TXN_000161,2025-04-29 22:34:00,PART_0091,ISSUE,6,55,49,WO_01259
TXN_000162,2024-06-02 10:36:00,PART_0250,RECEIPT,2,12,14,
TXN_000163,2024-03-29 03:35:00,PART_0112,RECEIPT,1,29,30,
TXN_000164,2024-06-12 16:53:00,PART_0132,RECEIPT,2,38,40,
TXN_000165,2025-05-09 10:22:00,PART_0055,ISSUE,7,48,41,WO_03625
TXN_000166,2024-02-28 00:50:00,PART_0237,ISSUE,1,32,31,WO_06073
TXN_000167,2024-03-30 10:18:00,PART_0250,ISSUE,5,14,9,WO_02952
TXN_000168,2024-01-15 19:07:00,PART_0263,ISSUE,8,58,50,WO_02696
TXN_000169,2025-02-17 23:06:00,PART_0213,ISSUE,5,14,9,WO_09900
TXN_000170,2024-03-06 10:57:00,PART_0252,ISSUE,8,27,19,WO_04853
TXN_000171,2024-06-06 09:08:00,PART_0255,ISSUE,5,47,42,WO_03537
TXN_000172,2024-07-15 22:34:00,PART_0196,ISSUE,4,30,26,WO_07831
TXN_000173,2025-07-11 06:04:00,PART_0202,ISSUE,8,53,45,WO_04968
TXN_000174,2024-01-06 05:04:00,PART_0269,ISSUE,3,55,52,WO_08760
TXN_000175,2025-06-21 09:38:00,PART_0111,ISSUE,4,8,4,WO_09850
TXN_000176,2024-03-01 01:30:00,PART_0156,ISSUE,3,46,43,WO_03692
TXN_000177,2024-07-07 10:11:00,PART_0054,ISSUE,4,64,60,WO_03408
TXN_000178,2025-08-09 01:59:00,PART_0153,ADJUSTMENT,8,66,58,
TXN_000179,2024-08-05 23:50:00,PART_0202,RECEIPT,6,45,51,
TXN_000180,2025-07-17 08:09:00,PART_0051,RECEIPT,5,52,57,
TXN_000181,2025-06-24 05:29:00,PART_0227,ISSUE,8,60,52,WO_05552
TXN_000182,2024-01-29 01:30:00,PART_0057,ISSUE,3,39,36,WO_05869
TXN_000183,2024-03-10 06:23:00,PART_0014,ISSUE,2,25,23,WO_01440
TXN_000184,2024-04-26 07:04:00,PART_0204,RECEIPT,2,45,47,
TXN_000185,2024-07-15 20:59:00,PART_0024,RECEIPT,7,38,45,
TXN_000186,2024-06-30 22:52:00,PART_0173,RECEIPT,6,9,15,
TXN_000187,2025-01-25 07:50:00,PART_0010,RECEIPT,3,7,10,
TXN_000188,2025-01-26 00:04:00,PART_0137,ISSUE,6,45,39,WO_04253
TXN_000189,2024-02-24 12:31:00,PART_0096,RECEIPT,7,64,71,
TXN_000190,2024-12-17 13:10:00,PART_0007,ISSUE,6,6,0,WO_00323
TXN_000191,2024-10-26 20:45:00,PART_0153,RECEIPT,6,58,64,
TXN_000192,2024-06-14 20:39:00,PART_0105,ISSUE,4,39,35,WO_06960
TXN_000193,2024-03-23 08:33:00,PART_0184,ISSUE,5,57,52,WO_05281
TXN_000194,2024-01-23 00:49:00,PART_0195,ISSUE,1,52,51,WO_08260
TXN_000195,2025-01-31 18:42:00,PART_0169,ISSUE,2,8,6,WO_04836
TXN_000196,2024-12-28 17:23:00,PART_0108,ISSUE,3,25,22,WO_02486
TXN_000197,2025-01-03 20:51:00,PART_0006,ISSUE,1,53,52,WO_03049
TXN_000198,2025-08-21 03:49:00,PART_0064,ISSUE,3,34,31,WO_02362
TXN_000199,2024-11-17 21:25:00,PART_0145,ISSUE,3,54,51,WO_03525
TXN_000200,2024-03-03 22:19:00,PART_0283,ISSUE,5,30,25,WO_05282
TXN_000201,2025-03-14 13:22:00,PART_0095,RECEIPT,6,47,53,
TXN_000202,2024-01-03 18:58:00,PART_0063,ISSUE,4,42,38,WO_00595
TXN_000203,2025-04-11 03:16:00,PART_0108,ISSUE,3,22,19,WO_03847
TXN_000204,2025-04-18 17:16:00,PART_0131,ISSUE,5,33,28,WO_00613
TXN_000205,2024-07-21 21:32:00,PART_0098,ISSUE,7,58,51,WO_00987
TXN_000206,2024-10-21 16:46:00,PART_0291,RECEIPT,8,60,68,
TXN_000207,2024-12-09 13:26:00,PART_0152,RECEIPT,7,48,55,
TXN_000208,2024-06-07 04:59:00,PART_0176,ISSUE,7,55,48,WO_07302
TXN_000209,2024-04-17 17:37:00,PART_0192,RECEIPT,8,9,17,
TXN_000210,2024-04-03 07:41:00,PART_0254,RECEIPT,8,30,38,
TXN_000211,2025-02-26 20:29:00,PART_0106,ISSUE,3,52,49,WO_01163
TXN_000212,2025-07-04 08:35:00,PART_0263,ISSUE,6,50,44,WO_01217
TXN_000213,2024-06-02 01:16:00,PART_0236,ISSUE,5,33,28,WO_07963
TXN_000214,2024-03-18 07:47:00,PART_0233,ISSUE,8,51,43,WO_07605
TXN_000215,2024-11-05 17:34:00,PART_0152,ISSUE,6,55,49,WO_08127
TXN_000216,2024-08-25 16:56:00,PART_0161,RECEIPT,8,6,14,
TXN_000217,2025-01-17 21:45:00,PART_0045,RECEIPT,4,8,12,
TXN_000218,2025-02-13 14:11:00,PART_0282,ISSUE,6,60,54,WO_01688
TXN_000219,2025-01-05 20:11:00,PART_0038,ISSUE,2,33,31,WO_03582
TXN_000220,2025-03-22 18:58:00,PART_0061,ISSUE,2,24,22,WO_02609
TXN_000221,2024-05-23 18:30:00,PART_0048,ISSUE,1,51,50,WO_08712
TXN_000222,2024-04-19 04:24:00,PART_0299,ISSUE,8,34,26,WO_02133
TXN_000223,2025-05-04 16:22:00,PART_0081,ISSUE,1,14,13,WO_04477
TXN_000224,2025-03-02 06:12:00,PART_0116,ISSUE,6,25,19,WO_01043
TXN_000225,2024-05-23 14:39:00,PART_0270,RECEIPT,3,47,50,
TXN_000226,2025-06-03 15:49:00,PART_0147,ISSUE,5,5,0,WO_06678
TXN_000227,2025-08-24 15:23:00,PART_0159,RECEIPT,4,29,33,
TXN_000228,2025-05-28 16:03:00,PART_0064,RECEIPT,5,31,36,
TXN_000229,2025-01-28 18:33:00,PART_0002,ISSUE,5,48,43,WO_05966
TXN_000230,2024-06-03 23:54:00,PART_0278,ISSUE,6,14,8,WO_02019
TXN_000231,2024-07-07 09:23:00,PART_0256,ADJUSTMENT,3,45,42,
TXN_000232,2025-05-26 09:53:00,PART_0197,RECEIPT,3,32,35,
TXN_000233,2024-12-08 08:49:00,PART_0068,RECEIPT,2,47,49,
TXN_000234,2025-08-07 11:21:00,PART_0227,ISSUE,1,52,51,WO_01533
TXN_000235,2025-08-17 08:08:00,PART_0008,ISSUE,5,5,0,WO_01814
TXN_000236,2024-12-23 07:47:00,PART_0263,RECEIPT,8,44,52,
TXN_000237,2025-01-13 12:34:00,PART_0037,RECEIPT,2,11,13,
TXN_000238,2025-07-06 05:10:00,PART_0220,ISSUE,3,38,35,WO_08495
TXN_000239,2024-07-02 11:02:00,PART_0159,ISSUE,1,33,32,WO_04310
TXN_000240,2024-11-11 16:28:00,PART_0044,RECEIPT,8,34,42,
TXN_000241,2025-06-18 07:51:00,PART_0092,ISSUE,1,7,6,WO_00944
TXN_000242,2025-01-07 21:36:00,PART_0028,ISSUE,5,7,2,WO_09835
TXN_000243,2024-11-28 12:03:00,PART_0118,ISSUE,8,55,47,WO_09669
TXN_000244,2025-03-21 22:45:00,PART_0194,RECEIPT,7,35,42,
TXN_000245,2025-03-02 21:12:00,PART_0087,ISSUE,8,42,34,WO_06348
TXN_000246,2024-05-15 07:10:00,PART_0187,ISSUE,3,36,33,WO_06053
TXN_000247,2024-11-25 23:53:00,PART_0129,ISSUE,7,56,49,WO_00344
TXN_000248,2024-10-18 09:17:00,PART_0248,ISSUE,7,30,23,WO_06127
TXN_000249,2024-07-23 01:26:00,PART_0056,RECEIPT,7,52,59,
TXN_000250,2025-09-08 01:59:00,PART_0241,ISSUE,4,41,37,WO_00725
TXN_000251,2025-09-11 21:39:00,PART_0164,ADJUSTMENT,2,7,9,
TXN_000252,2024-04-25 00:16:00,PART_0151,ISSUE,3,34,31,WO_01944
TXN_000253,2024-03-30 04:06:00,PART_0250,RECEIPT,8,9,17,
TXN_000254,2025-01-25 03:27:00,PART_0278,RECEIPT,8,8,16,
TXN_000255,2024-11-14 10:41:00,PART_0038,ISSUE,7,31,24,WO_09095
TXN_000256,2024-09-01 17:22:00,PART_0275,ISSUE,1,54,53,WO_07963
TXN_000257,2024-02-05 19:50:00,PART_0067,ISSUE,5,44,39,WO_00895
TXN_000258,2024-05-18 02:01:00,PART_0002,RECEIPT,2,43,45,
TXN_000259,2025-08-22 13:13:00,PART_0122,ISSUE,1,20,19,WO_02511
TXN_000260,2024-07-01 17:32:00,PART_0048,ISSUE,3,50,47,WO_03859
TXN_000261,2024-09-04 06:37:00,PART_0188,ISSUE,1,6,5,WO_08226
TXN_000262,2024-11-05 23:28:00,PART_0271,RECEIPT,6,46,52,
TXN_000263,2025-07-14 19:32:00,PART_0263,RECEIPT,3,52,55,
TXN_000264,2025-04-17 15:13:00,PART_0118,RECEIPT,2,47,49,
TXN_000265,2025-01-26 03:00:00,PART_0233,ISSUE,2,43,41,WO_05095
TXN_000266,2025-06-25 15:31:00,PART_0032,ISSUE,3,33,30,WO_01891
TXN_000267,2024-02-01 10:37:00,PART_0222,ISSUE,7,18,11,WO_00686
TXN_000268,2024-03-26 19:36:00,PART_0153,ISSUE,4,64,60,WO_07847
TXN_000269,2025-03-09 05:14:00,PART_0155,ISSUE,6,42,36,WO_05017
TXN_000270,2024-03-24 04:32:00,PART_0141,ISSUE,8,8,0,WO_07255
TXN_000271,2024-08-10 11:29:00,PART_0010,ADJUSTMENT,7,10,17,
TXN_000272,2024-03-04 14:19:00,PART_0073,RECEIPT,4,45,49,
TXN_000273,2024-12-12 04:30:00,PART_0255,RECEIPT,3,42,45,
TXN_000274,2025-01-02 11:18:00,PART_0103,RECEIPT,6,41,47,
TXN_000275,2025-06-25 19:09:00,PART_0210,RECEIPT,4,11,15,
TXN_000276,2024-04-20 02:32:00,PART_0154,ISSUE,7,44,37,WO_04787
TXN_000277,2025-08-19 21:05:00,PART_0146,ISSUE,7,59,52,WO_03742
TXN_000278,2025-06-16 22:57:00,PART_0113,RECEIPT,5,46,51,
TXN_000279,2024-01-10 00:24:00,PART_0084,ISSUE,5,5,0,WO_00241
TXN_000280,2025-07-06 12:08:00,PART_0207,RECEIPT,4,39,43,
TXN_000281,2025-09-16 14:07:00,PART_0293,RECEIPT,5,8,13,
TXN_000282,2025-06-03 23:29:00,PART_0277,RECEIPT,3,29,32,
TXN_000283,2024-03-03 08:14:00,PART_0143,RECEIPT,4,31,35,
TXN_000284,2024-09-08 02:58:00,PART_0269,RECEIPT,5,52,57,
TXN_000285,2024-04-20 10:21:00,PART_0179,ISSUE,4,31,27,WO_00815
TXN_000286,2024-08-13 11:46:00,PART_0281,RECEIPT,4,33,37,
TXN_000287,2025-01-06 11:13:00,PART_0187,ISSUE,5,33,28,WO_04893
TXN_000288,2024-07-28 22:46:00,PART_0023,RECEIPT,2,38,40,
TXN_000289,2025-01-23 13:32:00,PART_0281,RECEIPT,2,37,39,
TXN_000290,2024-11-29 06:45:00,PART_0014,ISSUE,3,23,20,WO_01519
TXN_000291,2024-01-19 08:25:00,PART_0097,ISSUE,3,27,24,WO_08329
TXN_000292,2024-12-31 20:45:00,PART_0045,ISSUE,6,12,6,WO_00177
TXN_000293,2024-08-03 03:20:00,PART_0058,ISSUE,3,42,39,WO_04897
TXN_000294,2024-04-30 05:30:00,PART_0287,ISSUE,6,50,44,WO_04073
TXN_000295,2025-07-17 22:35:00,PART_0123,ISSUE,8,35,27,WO_09920
TXN_000296,2024-03-04 12:59:00,PART_0091,ISSUE,6,49,43,WO_06842
TXN_000297,2025-09-15 00:49:00,PART_0083,RECEIPT,5,27,32,
TXN_000298,2025-01-21 01:20:00,PART_0286,RECEIPT,2,39,41,
TXN_000299,2025-09-03 05:30:00,PART_0073,ISSUE,4,49,45,WO_02973
TXN_000300,2025-03-22 10:54:00,PART_0103,RECEIPT,4,47,51,
TXN_000301,2024-12-07 06:19:00,PART_0116,RECEIPT,1,19,20,
TXN_000302,2025-02-27 21:36:00,PART_0136,RECEIPT,3,34,37,
TXN_000303,2024-06-12 16:32:00,PART_0209,RECEIPT,7,13,20,
TXN_000304,2024-03-31 23:13:00,PART_0026,RECEIPT,6,11,17,
TXN_000305,2024-09-25 17:14:00,PART_0287,ISSUE,6,44,38,WO_07823
TXN_000306,2024-07-31 10:54:00,PART_0265,ISSUE,5,35,30,WO_07804
TXN_000307,2025-09-09 03:14:00,PART_0260,RECEIPT,4,11,15,
TXN_000308,2024-12-13 01:22:00,PART_0103,RECEIPT,7,51,58,
TXN_000309,2024-08-10 20:18:00,PART_0280,RECEIPT,8,63,71,
TXN_000310,2025-05-08 08:16:00,PART_0049,ISSUE,3,30,27,WO_08822
TXN_000311,2025-03-10 06:07:00,PART_0097,ISSUE,8,24,16,WO_05022
TXN_000312,2025-03-13 11:12:00,PART_0126,RECEIPT,5,30,35,
TXN_000313,2025-04-29 12:10:00,PART_0014,ISSUE,5,20,15,WO_09228
TXN_000314,2025-05-02 06:09:00,PART_0273,ISSUE,5,25,20,WO_01173
TXN_000315,2025-01-08 17:24:00,PART_0028,ISSUE,2,2,0,WO_02769
TXN_000316,2024-01-22 10:04:00,PART_0141,RECEIPT,6,0,6,
TXN_000317,2024-07-03 18:34:00,PART_0143,RECEIPT,8,35,43,
TXN_000318,2024-01-22 08:36:00,PART_0214,ISSUE,4,7,3,WO_03662
TXN_000319,2024-07-26 08:32:00,PART_0097,ISSUE,5,16,11,WO_06025
TXN_000320,2024-10-20 11:06:00,PART_0167,RECEIPT,5,49,54,
TXN_000321,2024-01-31 20:27:00,PART_0226,RECEIPT,7,23,30,
TXN_000322,2025-03-08 11:31:00,PART_0116,ISSUE,7,20,13,WO_02217
TXN_000323,2024-05-16 08:27:00,PART_0075,ISSUE,7,32,25,WO_06739
TXN_000324,2025-07-03 11:44:00,PART_0073,RECEIPT,7,45,52,
TXN_000325,2025-03-10 03:34:00,PART_0146,ISSUE,5,52,47,WO_00476
TXN_000326,2024-12-07 07:16:00,PART_0202,RECEIPT,6,51,57,
TXN_000327,2025-04-23 03:55:00,PART_0218,ISSUE,7,44,37,WO_06054
TXN_000328,2024-06-10 08:17:00,PART_0132,ISSUE,7,40,33,WO_09483
TXN_000329,2025-07-30 18:31:00,PART_0120,ISSUE,1,18,17,WO_08858
TXN_000330,2024-12-17 10:29:00,PART_0183,RECEIPT,8,39,47,
TXN_000331,2025-08-31 10:49:00,PART_0155,ADJUSTMENT,7,36,43,
TXN_000332,2025-02-16 20:12:00,PART_0245,RECEIPT,7,27,34,
TXN_000333,2024-07-28 13:44:00,PART_0185,ISSUE,8,59,51,WO_04439
TXN_000334,2024-05-14 16:07:00,PART_0091,ISSUE,3,43,40,WO_07954
TXN_000335,2024-02-10 20:25:00,PART_0245,ISSUE,2,34,32,WO_00785
TXN_000336,2025-08-29 01:12:00,PART_0003,ISSUE,6,29,23,WO_02885
TXN_000337,2024-06-26 06:57:00,PART_0204,RECEIPT,6,47,53,
TXN_000338,2024-08-30 10:23:00,PART_0003,ISSUE,2,23,21,WO_08436
TXN_000339,2025-06-10 17:23:00,PART_0088,RECEIPT,7,6,13,
TXN_000340,2024-05-08 18:18:00,PART_0058,ISSUE,5,39,34,WO_07133
TXN_000341,2024-05-16 04:29:00,PART_0280,ISSUE,6,71,65,WO_06864
TXN_000342,2024-08-14 16:09:00,PART_0027,ISSUE,3,50,47,WO_00914
TXN_000343,2024-09-29 05:27:00,PART_0016,RECEIPT,7,8,15,
TXN_000344,2025-06-28 10:24:00,PART_0201,ISSUE,7,29,22,WO_07070
TXN_000345,2025-02-09 18:04:00,PART_0056,ISSUE,4,59,55,WO_06160
TXN_000346,2025-04-14 15:40:00,PART_0215,RECEIPT,7,14,21,
TXN_000347,2024-10-28 23:22:00,PART_0101,RECEIPT,4,27,31,
TXN_000348,2025-08-09 18:36:00,PART_0130,RECEIPT,7,40,47,
TXN_000349,2025-04-22 17:07:00,PART_0114,RECEIPT,8,58,66,
TXN_000350,2025-08-22 04:29:00,PART_0300,RECEIPT,8,50,58,
TXN_000351,2025-03-17 13:39:00,PART_0264,ISSUE,5,40,35,WO_09981
TXN_000352,2025-05-28 05:38:00,PART_0024,ISSUE,5,45,40,WO_02942
TXN_000353,2024-12-06 09:23:00,PART_0229,ISSUE,4,47,43,WO_03331
TXN_000354,2024-07-25 18:12:00,PART_0110,ISSUE,6,33,27,WO_02254
TXN_000355,2024-05-21 08:10:00,PART_0076,RECEIPT,8,26,34,
TXN_000356,2024-09-22 22:38:00,PART_0223,RECEIPT,1,10,11,
TXN_000357,2024-10-07 21:26:00,PART_0029,RECEIPT,8,20,28,
TXN_000358,2024-07-22 19:18:00,PART_0290,ISSUE,1,32,31,WO_07622
TXN_000359,2025-02-27 20:19:00,PART_0070,ISSUE,3,21,18,WO_09319
TXN_000360,2025-07-24 13:32:00,PART_0084,RECEIPT,8,0,8,
TXN_000361,2024-08-04 06:25:00,PART_0105,RECEIPT,5,35,40,
TXN_000362,2024-04-30 07:36:00,PART_0196,RECEIPT,5,26,31,
TXN_000363,2025-03-03 07:29:00,PART_0048,RECEIPT,7,47,54,
TXN_000364,2025-02-25 02:52:00,PART_0269,ISSUE,6,57,51,WO_04410
TXN_000365,2025-07-04 09:02:00,PART_0281,ISSUE,3,39,36,WO_02548
TXN_000366,2025-06-25 11:24:00,PART_0179,ISSUE,5,27,22,WO_03182
TXN_000367,2024-02-01 21:09:00,PART_0272,RECEIPT,2,53,55,
TXN_000368,2025-02-23 10:35:00,PART_0153,ISSUE,1,60,59,WO_02720
TXN_000369,2024-04-15 14:25:00,PART_0151,ADJUSTMENT,2,31,33,
TXN_000370,2025-03-04 17:50:00,PART_0144,ISSUE,6,8,2,WO_03377
TXN_000371,2025-05-08 12:00:00,PART_0253,ISSUE,1,28,27,WO_00105
TXN_000372,2025-02-09 15:50:00,PART_0189,RECEIPT,7,41,48,
TXN_000373,2025-07-26 05:07:00,PART_0115,ISSUE,2,31,29,WO_06121
TXN_000374,2024-11-08 01:33:00,PART_0188,RECEIPT,1,5,6,
TXN_000375,2024-02-17 23:21:00,PART_0180,ISSUE,5,28,23,WO_03751
TXN_000376,2025-04-15 08:54:00,PART_0280,RECEIPT,4,65,69,
TXN_000377,2025-09-11 13:11:00,PART_0127,ISSUE,1,4,3,WO_00296
TXN_000378,2024-07-28 11:46:00,PART_0084,ADJUSTMENT,4,8,4,
TXN_000379,2025-02-05 17:37:00,PART_0189,ISSUE,8,48,40,WO_07095
TXN_000380,2024-05-06 03:54:00,PART_0229,RECEIPT,2,43,45,
TXN_000381,2024-12-03 16:31:00,PART_0084,ISSUE,3,4,1,WO_01852
TXN_000382,2025-01-29 09:01:00,PART_0118,ISSUE,2,49,47,WO_01429
TXN_000383,2024-07-15 12:28:00,PART_0027,RECEIPT,4,47,51,
TXN_000384,2024-12-01 08:00:00,PART_0113,RECEIPT,7,51,58,
TXN_000385,2024-12-28 08:51:00,PART_0087,RECEIPT,7,34,41,
TXN_000386,2024-11-11 13:45:00,PART_0198,RECEIPT,8,27,35,
TXN_000387,2025-06-29 01:02:00,PART_0298,RECEIPT,3,4,7,
TXN_000388,2024-01-18 19:37:00,PART_0069,ISSUE,1,47,46,WO_08355
TXN_000389,2025-04-30 00:59:00,PART_0163,RECEIPT,6,46,52,
TXN_000390,2024-04-14 06:23:00,PART_0057,RECEIPT,8,36,44,
TXN_000391,2024-08-31 20:32:00,PART_0081,ISSUE,2,13,11,WO_02892
TXN_000392,2025-06-14 18:01:00,PART_0105,ISSUE,7,40,33,WO_02921
TXN_000393,2025-08-01 17:26:00,PART_0111,RECEIPT,6,4,10,
TXN_000394,2024-03-05 23:23:00,PART_0299,ISSUE,4,26,22,WO_03717
TXN_000395,2024-09-09 23:50:00,PART_0300,RECEIPT,2,58,60,
TXN_000396,2025-01-16 07:52:00,PART_0156,ISSUE,3,43,40,WO_00800
TXN_000397,2025-01-02 03:14:00,PART_0152,ADJUSTMENT,1,49,48,
TXN_000398,2024-08-29 07:57:00,PART_0204,ISSUE,7,53,46,WO_06042
TXN_000399,2024-01-02 12:54:00,PART_0121,ISSUE,5,20,15,WO_05294
TXN_000400,2024-02-09 16:52:00,PART_0260,ISSUE,5,15,10,WO_01361
TXN_000401,2024-03-26 19:57:00,PART_0265,ISSUE,7,30,23,WO_00468
TXN_000402,2024-03-15 01:54:00,PART_0180,ISSUE,6,23,17,WO_08265
TXN_000403,2024-08-16 00:20:00,PART_0048,ISSUE,7,54,47,WO_02650
TXN_000404,2025-06-29 18:58:00,PART_0116,RECEIPT,3,13,16,
TXN_000405,2024-03-22 19:44:00,PART_0225,ISSUE,5,49,44,WO_03953
TXN_000406,2024-05-28 23:41:00,PART_0257,RECEIPT,4,45,49,
TXN_000407,2024-02-09 21:12:00,PART_0223,ISSUE,8,11,3,WO_02068
TXN_000408,2024-03-21 12:49:00,PART_0210,ISSUE,5,15,10,WO_01564
TXN_000409,2024-04-12 20:40:00,PART_0137,RECEIPT,5,39,44,
TXN_000410,2024-06-18 03:23:00,PART_0189,ISSUE,6,40,34,WO_08604
TXN_000411,2024-06-14 09:28:00,PART_0216,RECEIPT,5,24,29,
TXN_000412,2024-09-30 18:18:00,PART_0244,ISSUE,5,57,52,WO_07594
TXN_000413,2024-01-26 09:48:00,PART_0083,ISSUE,6,32,26,WO_06602
TXN_000414,2025-09-03 02:13:00,PART_0149,RECEIPT,6,49,55,
TXN_000415,2024-02-02 03:12:00,PART_0251,ADJUSTMENT,6,51,45,
TXN_000416,2025-07-10 14:03:00,PART_0239,RECEIPT,1,58,59,
TXN_000417,2024-04-30 09:24:00,PART_0108,RECEIPT,8,19,27,
TXN_000418,2024-11-09 15:59:00,PART_0016,ISSUE,6,15,9,WO_01126
TXN_000419,2024-11-10 12:32:00,PART_0208,ISSUE,2,10,8,WO_05297
TXN_000420,2024-03-12 11:57:00,PART_0211,RECEIPT,6,40,46,
TXN_000421,2025-01-25 14:31:00,PART_0119,RECEIPT,1,27,28,
TXN_000422,2025-08-25 22:11:00,PART_0112,RECEIPT,7,30,37,
TXN_000423,2024-09-27 06:56:00,PART_0289,RECEIPT,5,48,53,
TXN_000424,2025-06-29 10:52:00,PART_0249,ADJUSTMENT,2,28,30,
TXN_000425,2024-07-20 07:36:00,PART_0248,ISSUE,2,23,21,WO_06644
TXN_000426,2024-02-17 06:35:00,PART_0058,RECEIPT,3,34,37,
TXN_000427,2025-07-06 04:32:00,PART_0016,ISSUE,1,9,8,WO_08900
TXN_000428,2024-03-28 18:13:00,PART_0270,ISSUE,8,50,42,WO_09200
TXN_000429,2025-04-16 20:50:00,PART_0252,ISSUE,8,19,11,WO_08142
TXN_000430,2024-02-14 06:41:00,PART_0249,ISSUE,1,30,29,WO_06103
TXN_000431,2024-12-03 13:15:00,PART_0188,ISSUE,6,6,0,WO_04523
TXN_000432,2025-06-24 19:00:00,PART_0020,ISSUE,6,7,1,WO_09595
TXN_000433,2024-11-29 01:33:00,PART_0065,RECEIPT,8,9,17,
TXN_000434,2024-03-16 15:00:00,PART_0215,ISSUE,7,21,14,WO_02160
TXN_000435,2024-08-01 02:44:00,PART_0146,RECEIPT,3,47,50,
TXN_000436,2025-03-05 17:32:00,PART_0106,ISSUE,8,49,41,WO_01118
TXN_000437,2024-03-07 02:00:00,PART_0228,RECEIPT,7,21,28,
TXN_000438,2024-10-05 07:26:00,PART_0059,ISSUE,7,18,11,WO_02398
TXN_000439,2024-11-07 02:16:00,PART_0215,ISSUE,7,14,7,WO_05167
TXN_000440,2025-03-31 13:29:00,PART_0011,ISSUE,1,45,44,WO_06189
TXN_000441,2025-07-29 03:53:00,PART_0193,ISSUE,4,21,17,WO_03400
TXN_000442,2024-01-16 22:26:00,PART_0164,RECEIPT,6,9,15,
TXN_000443,2025-03-06 23:01:00,PART_0269,ISSUE,1,51,50,WO_08372
TXN_000444,2024-05-03 23:28:00,PART_0055,RECEIPT,8,41,49,
TXN_000445,2024-04-25 01:15:00,PART_0259,ISSUE,6,31,25,WO_01946
TXN_000446,2025-01-15 08:46:00,PART_0292,RECEIPT,5,24,29,
TXN_000447,2024-04-14 09:55:00,PART_0064,ISSUE,1,36,35,WO_04074
TXN_000448,2024-12-30 19:49:00,PART_0043,RECEIPT,8,58,66,
TXN_000449,2024-08-01 01:36:00,PART_0197,ISSUE,3,35,32,WO_08967
TXN_000450,2024-09-16 08:31:00,PART_0175,ISSUE,5,59,54,WO_05907
TXN_000451,2025-03-15 08:19:00,PART_0285,RECEIPT,2,61,63,
TXN_000452,2025-08-04 19:54:00,PART_0083,ISSUE,7,26,19,WO_05964
TXN_000453,2025-08-02 16:21:00,PART_0224,ISSUE,1,9,8,WO_08699
TXN_000454,2024-12-10 17:46:00,PART_0148,ISSUE,1,59,58,WO_06642
TXN_000455,2024-02-13 19:54:00,PART_0166,ISSUE,2,8,6,WO_01567
TXN_000456,2025-04-08 13:58:00,PART_0050,ISSUE,1,0,0,WO_09895
TXN_000457,2024-09-22 12:53:00,PART_0163,RECEIPT,4,52,56,
TXN_000458,2024-07-07 19:53:00,PART_0007,RECEIPT,2,0,2,
TXN_000459,2024-10-04 15:24:00,PART_0139,RECEIPT,3,4,7,
TXN_000460,2025-08-28 01:59:00,PART_0194,RECEIPT,6,42,48,
TXN_000461,2024-08-26 01:53:00,PART_0291,ISSUE,3,68,65,WO_02481
TXN_000462,2024-01-14 13:39:00,PART_0069,ISSUE,3,46,43,WO_09321
TXN_000463,2024-07-17 12:43:00,PART_0277,RECEIPT,7,32,39,
TXN_000464,2025-03-25 13:45:00,PART_0237,ISSUE,1,31,30,WO_07310
TXN_000465,2024-01-22 09:20:00,PART_0003,RECEIPT,4,21,25,
TXN_000466,2025-03-17 04:43:00,PART_0155,ISSUE,8,43,35,WO_06158
TXN_000467,2024-11-27 01:06:00,PART_0132,ISSUE,5,33,28,WO_00434
TXN_000468,2025-07-20 13:31:00,PART_0097,RECEIPT,7,11,18,
TXN_000469,2025-01-26 11:39:00,PART_0237,ISSUE,7,30,23,WO_00071
TXN_000470,2025-08-14 10:11:00,PART_0278,ADJUSTMENT,4,16,12,
TXN_000471,2024-03-26 04:57:00,PART_0180,RECEIPT,7,17,24,
TXN_000472,2024-04-16 02:58:00,PART_0037,ISSUE,6,13,7,WO_05138
TXN_000473,2024-05-17 06:50:00,PART_0256,RECEIPT,8,42,50,
TXN_000474,2025-01-05 22:01:00,PART_0170,ISSUE,4,26,22,WO_08127
TXN_000475,2025-06-09 06:32:00,PART_0105,RECEIPT,2,33,35,
TXN_000476,2024-07-14 05:42:00,PART_0292,RECEIPT,3,29,32,
TXN_000477,2024-10-04 04:27:00,PART_0175,ISSUE,4,54,50,WO_04217
TXN_000478,2025-07-07 10:48:00,PART_0088,ISSUE,8,13,5,WO_01380
TXN_000479,2024-09-17 10:20:00,PART_0292,ISSUE,5,32,27,WO_04711
TXN_000480,2024-01-07 06:24:00,PART_0103,ISSUE,5,58,53,WO_09290
TXN_000481,2024-07-11 13:30:00,PART_0191,ISSUE,8,17,9,WO_05298
TXN_000482,2024-05-29 10:49:00,PART_0027,ISSUE,3,51,48,WO_09146
TXN_000483,2024-07-27 03:26:00,PART_0245,ISSUE,4,32,28,WO_08392
TXN_000484,2025-07-13 21:14:00,PART_0184,ISSUE,8,52,44,WO_00163
TXN_000485,2025-06-28 16:21:00,PART_0221,ISSUE,6,44,38,WO_04077
TXN_000486,2024-05-30 20:47:00,PART_0218,ISSUE,7,37,30,WO_06464
TXN_000487,2024-06-08 12:43:00,PART_0299,ISSUE,3,22,19,WO_05777
TXN_000488,2024-05-23 16:19:00,PART_0295,ISSUE,8,63,55,WO_00410
TXN_000489,2024-02-11 14:10:00,PART_0255,ISSUE,6,45,39,WO_01785
TXN_000490,2024-11-25 15:57:00,PART_0200,ISSUE,5,17,12,WO_02791
TXN_000491,2024-08-15 05:55:00,PART_0244,ISSUE,3,52,49,WO_05354
TXN_000492,2025-02-18 07:33:00,PART_0113,ISSUE,4,58,54,WO_08614
TXN_000493,2024-02-04 04:46:00,PART_0175,ISSUE,8,50,42,WO_02418
TXN_000494,2024-11-24 07:30:00,PART_0131,ADJUSTMENT,1,28,29,
TXN_000495,2025-04-29 22:57:00,PART_0114,ISSUE,7,66,59,WO_02875
TXN_000496,2025-09-07 04:03:00,PART_0175,ISSUE,1,42,41,WO_09892
TXN_000497,2024-12-27 20:28:00,PART_0049,ISSUE,3,27,24,WO_05443
TXN_000498,2024-12-09 22:44:00,PART_0257,ISSUE,3,49,46,WO_03348
TXN_000499,2024-04-24 13:47:00,PART_0269,ISSUE,6,50,44,WO_04793
TXN_000500,2025-01-13 13:24:00,PART_0258,ISSUE,1,15,14,WO_02519
TXN_000501,2025-09-10 06:58:00,PART_0018,ISSUE,6,9,3,WO_07074
TXN_000502,2024-11-18 17:57:00,PART_0024,RECEIPT,3,40,43,
TXN_000503,2025-09-06 12:45:00,PART_0280,ISSUE,3,69,66,WO_02096
TXN_000504,2024-01-24 18:29:00,PART_0185,RECEIPT,1,51,52,
TXN_000505,2024-05-03 10:18:00,PART_0230,ISSUE,2,12,10,WO_09611
TXN_000506,2024-07-14 17:00:00,PART_0235,ISSUE,5,38,33,WO_06811
TXN_000507,2024-08-09 22:30:00,PART_0097,ISSUE,7,18,11,WO_09707
TXN_000508,2025-03-18 14:48:00,PART_0150,ISSUE,3,15,12,WO_03096
TXN_000509,2024-12-14 05:14:00,PART_0269,ISSUE,7,44,37,WO_05500
TXN_000510,2025-01-24 00:47:00,PART_0002,RECEIPT,4,45,49,
TXN_000511,2024-12-20 16:25:00,PART_0104,RECEIPT,4,26,30,
TXN_000512,2025-08-05 22:49:00,PART_0228,ISSUE,6,28,22,WO_09927
TXN_000513,2024-08-21 02:30:00,PART_0215,ISSUE,3,7,4,WO_03754
TXN_000514,2024-02-27 21:54:00,PART_0159,RECEIPT,3,32,35,
TXN_000515,2024-03-25 06:33:00,PART_0136,ISSUE,3,37,34,WO_02522
TXN_000516,2025-02-10 06:15:00,PART_0104,RECEIPT,7,30,37,
TXN_000517,2025-08-19 00:35:00,PART_0078,RECEIPT,1,52,53,
TXN_000518,2024-02-06 17:59:00,PART_0179,ISSUE,2,22,20,WO_04224
TXN_000519,2024-10-14 11:04:00,PART_0070,ISSUE,1,18,17,WO_04101
TXN_000520,2024-08-29 21:11:00,PART_0111,ISSUE,1,10,9,WO_06760
TXN_000521,2025-03-17 00:44:00,PART_0126,RECEIPT,1,35,36,
TXN_000522,2024-03-27 16:43:00,PART_0261,RECEIPT,1,61,62,
TXN_000523,2024-04-10 14:54:00,PART_0287,ISSUE,2,38,36,WO_09526
TXN_000524,2024-07-18 23:58:00,PART_0226,RECEIPT,5,30,35,
TXN_000525,2025-06-28 12:15:00,PART_0165,ISSUE,6,14,8,WO_00695
TXN_000526,2025-04-04 06:51:00,PART_0119,RECEIPT,2,28,30,
TXN_000527,2024-12-17 20:30:00,PART_0008,RECEIPT,8,0,8,
TXN_000528,2024-03-06 13:53:00,PART_0028,RECEIPT,4,0,4,
TXN_000529,2025-08-27 14:39:00,PART_0144,ISSUE,2,2,0,WO_02018
TXN_000530,2024-04-20 15:46:00,PART_0298,ISSUE,3,7,4,WO_00513
TXN_000531,2024-11-10 16:10:00,PART_0173,ADJUSTMENT,8,15,7,
TXN_000532,2024-12-27 21:49:00,PART_0185,ISSUE,4,52,48,WO_09656
TXN_000533,2025-05-19 07:01:00,PART_0111,ISSUE,7,9,2,WO_06108
TXN_000534,2024-11-27 04:41:00,PART_0196,ISSUE,6,31,25,WO_07832
TXN_000535,2024-07-30 04:22:00,PART_0023,ISSUE,1,40,39,WO_09166
TXN_000536,2024-04-12 09:23:00,PART_0078,ISSUE,8,53,45,WO_04988
TXN_000537,2024-06-08 00:35:00,PART_0028,RECEIPT,7,4,11,
TXN_000538,2024-06-18 11:21:00,PART_0249,RECEIPT,2,29,31,
TXN_000539,2024-11-23 15:34:00,PART_0290,RECEIPT,1,31,32,
TXN_000540,2025-08-13 07:18:00,PART_0017,RECEIPT,3,10,13,
TXN_000541,2025-02-18 18:01:00,PART_0161,ISSUE,3,14,11,WO_02141
TXN_000542,2025-02-06 20:20:00,PART_0205,ISSUE,5,11,6,WO_08474
TXN_000543,2024-02-15 14:19:00,PART_0021,RECEIPT,3,39,42,
TXN_000544,2024-06-16 01:23:00,PART_0148,RECEIPT,8,58,66,
TXN_000545,2024-01-20 15:17:00,PART_0285,ISSUE,8,63,55,WO_00004
TXN_000546,2024-12-10 16:17:00,PART_0178,ADJUSTMENT,5,36,31,
TXN_000547,2024-06-02 15:51:00,PART_0045,ISSUE,3,6,3,WO_02445
TXN_000548,2024-10-26 09:49:00,PART_0195,RECEIPT,7,51,58,
TXN_000549,2024-12-09 01:13:00,PART_0273,RECEIPT,4,20,24,
TXN_000550,2024-02-16 17:43:00,PART_0140,ISSUE,3,26,23,WO_04755
TXN_000551,2025-08-03 23:13:00,PART_0046,ISSUE,5,23,18,WO_04083
TXN_000552,2024-02-13 14:07:00,PART_0189,ISSUE,5,34,29,WO_08931
TXN_000553,2025-03-26 10:36:00,PART_0134,RECEIPT,2,37,39,
TXN_000554,2024-05-12 19:01:00,PART_0067,RECEIPT,7,39,46,
TXN_000555,2025-04-14 21:01:00,PART_0013,ISSUE,2,54,52,WO_05396
TXN_000556,2025-01-26 09:40:00,PART_0129,ISSUE,2,49,47,WO_02010
TXN_000557,2025-05-28 03:11:00,PART_0035,RECEIPT,1,40,41,
TXN_000558,2024-09-23 19:38:00,PART_0281,ISSUE,3,36,33,WO_03473
TXN_000559,2024-11-01 01:10:00,PART_0159,ISSUE,7,35,28,WO_04202
TXN_000560,2024-07-23 07:42:00,PART_0201,RECEIPT,5,22,27,
TXN_000561,2024-12-02 04:28:00,PART_0095,ADJUSTMENT,1,53,52,
TXN_000562,2024-03-24 06:52:00,PART_0164,ISSUE,2,15,13,WO_09952
TXN_000563,2024-03-12 20:47:00,PART_0175,ISSUE,4,41,37,WO_06864
TXN_000564,2024-07-07 04:45:00,PART_0256,ISSUE,3,50,47,WO_03943
TXN_000565,2025-01-01 10:12:00,PART_0143,RECEIPT,5,43,48,
TXN_000566,2024-06-12 18:04:00,PART_0089,ISSUE,8,55,47,WO_05392
TXN_000567,2025-09-10 04:48:00,PART_0007,ISSUE,1,2,1,WO_02540
TXN_000568,2025-06-04 14:42:00,PART_0232,RECEIPT,5,15,20,
TXN_000569,2025-05-24 09:55:00,PART_0060,ISSUE,7,8,1,WO_05322
TXN_000570,2024-12-18 01:34:00,PART_0293,ISSUE,1,13,12,WO_04693
TXN_000571,2025-06-05 14:25:00,PART_0090,ISSUE,8,44,36,WO_03271
TXN_000572,2025-06-21 20:27:00,PART_0103,ISSUE,4,53,49,WO_09271
TXN_000573,2024-02-28 13:39:00,PART_0186,ISSUE,7,22,15,WO_06318
TXN_000574,2024-02-28 10:44:00,PART_0093,RECEIPT,6,52,58,
TXN_000575,2025-07-01 16:26:00,PART_0153,ISSUE,7,59,52,WO_00167
TXN_000576,2024-07-09 00:57:00,PART_0111,ADJUSTMENT,2,2,4,
TXN_000577,2025-03-07 23:52:00,PART_0051,RECEIPT,4,57,61,
TXN_000578,2025-05-13 10:22:00,PART_0179,RECEIPT,3,20,23,
TXN_000579,2024-08-27 05:25:00,PART_0007,ISSUE,1,1,0,WO_07705
TXN_000580,2025-04-27 16:17:00,PART_0171,ISSUE,5,24,19,WO_08254
TXN_000581,2024-12-15 23:12:00,PART_0243,RECEIPT,2,22,24,
TXN_000582,2024-06-03 18:26:00,PART_0020,RECEIPT,1,1,2,
TXN_000583,2025-04-11 00:57:00,PART_0063,RECEIPT,5,38,43,
TXN_000584,2024-04-14 00:08:00,PART_0268,ISSUE,1,37,36,WO_05858
TXN_000585,2024-05-21 09:36:00,PART_0131,RECEIPT,6,29,35,
TXN_000586,2024-03-10 12:22:00,PART_0213,ISSUE,1,9,8,WO_09103
TXN_000587,2024-04-10 07:56:00,PART_0025,RECEIPT,6,9,15,
TXN_000588,2024-02-01 22:28:00,PART_0106,ISSUE,4,41,37,WO_01718
TXN_000589,2024-11-06 11:40:00,PART_0033,ISSUE,4,13,9,WO_00139
TXN_000590,2024-05-12 09:06:00,PART_0167,ISSUE,2,54,52,WO_07776
TXN_000591,2025-08-04 21:41:00,PART_0038,RECEIPT,5,24,29,
TXN_000592,2024-08-17 22:51:00,PART_0247,RECEIPT,7,49,56,
TXN_000593,2024-10-29 12:22:00,PART_0161,RECEIPT,3,11,14,
TXN_000594,2024-10-08 08:19:00,PART_0277,ISSUE,7,39,32,WO_07675
TXN_000595,2025-07-17 14:50:00,PART_0024,ISSUE,7,43,36,WO_06244
TXN_000596,2025-04-08 04:10:00,PART_0160,ISSUE,4,26,22,WO_03280
TXN_000597,2024-03-12 23:49:00,PART_0260,ISSUE,7,10,3,WO_09673
TXN_000598,2025-07-04 08:30:00,PART_0273,ISSUE,6,24,18,WO_06666
TXN_000599,2024-06-17 21:15:00,PART_0211,ISSUE,1,46,45,WO_01571
TXN_000600,2024-11-19 18:49:00,PART_0173,ISSUE,2,7,5,WO_00080
TXN_000601,2024-09-07 21:11:00,PART_0172,RECEIPT,3,33,36,
TXN_000602,2025-07-20 08:30:00,PART_0033,ISSUE,7,9,2,WO_09987
TXN_000603,2025-06-29 06:25:00,PART_0097,ISSUE,1,11,10,WO_05631
TXN_000604,2025-03-10 18:02:00,PART_0254,RECEIPT,2,38,40,
TXN_000605,2024-08-14 08:00:00,PART_0088,ADJUSTMENT,6,5,11,
TXN_000606,2024-02-06 01:51:00,PART_0041,ISSUE,4,11,7,WO_06554
TXN_000607,2024-05-24 01:25:00,PART_0266,ISSUE,5,51,46,WO_09280
TXN_000608,2024-12-18 00:56:00,PART_0062,ISSUE,7,9,2,WO_06383
TXN_000609,2025-07-03 22:13:00,PART_0031,RECEIPT,2,39,41,
TXN_000610,2025-03-06 23:23:00,PART_0024,ISSUE,6,36,30,WO_09772
TXN_000611,2024-08-10 23:29:00,PART_0211,RECEIPT,3,45,48,
TXN_000612,2025-05-07 00:01:00,PART_0265,ISSUE,4,23,19,WO_05702
TXN_000613,2025-05-31 06:46:00,PART_0164,RECEIPT,2,13,15,
TXN_000614,2024-06-13 18:35:00,PART_0291,ISSUE,2,65,63,WO_02228
TXN_000615,2025-04-15 09:44:00,PART_0063,ISSUE,2,43,41,WO_08473
TXN_000616,2025-06-20 04:00:00,PART_0063,ADJUSTMENT,1,41,40,
TXN_000617,2025-04-21 04:40:00,PART_0179,RECEIPT,2,23,25,
TXN_000618,2025-05-04 10:18:00,PART_0053,ISSUE,1,8,7,WO_02907
TXN_000619,2024-03-10 16:33:00,PART_0090,ISSUE,7,36,29,WO_06873
TXN_000620,2024-08-26 01:21:00,PART_0247,RECEIPT,1,56,57,
TXN_000621,2024-11-23 06:42:00,PART_0089,ISSUE,1,47,46,WO_03132
TXN_000622,2025-03-03 15:47:00,PART_0075,RECEIPT,5,25,30,
TXN_000623,2025-06-06 21:00:00,PART_0057,ISSUE,8,44,36,WO_00584
TXN_000624,2024-12-24 15:19:00,PART_0023,RECEIPT,8,39,47,
TXN_000625,2024-04-20 15:24:00,PART_0174,RECEIPT,2,20,22,
TXN_000626,2024-12-17 15:09:00,PART_0035,ISSUE,2,41,39,WO_06902
TXN_000627,2024-07-30 06:53:00,PART_0012,RECEIPT,1,28,29,
TXN_000628,2025-08-22 18:15:00,PART_0048,ISSUE,2,47,45,WO_02775
TXN_000629,2025-09-14 14:49:00,PART_0190,ISSUE,3,27,24,WO_09340
TXN_000630,2025-08-17 04:35:00,PART_0058,ISSUE,3,37,34,WO_02347
TXN_000631,2025-07-13 08:07:00,PART_0205,ISSUE,6,6,0,WO_02099
TXN_000632,2024-10-20 13:41:00,PART_0118,RECEIPT,2,47,49,
TXN_000633,2024-10-02 19:14:00,PART_0152,ISSUE,7,48,41,WO_01612
TXN_000634,2024-04-30 19:32:00,PART_0296,RECEIPT,7,10,17,
TXN_000635,2024-11-20 13:51:00,PART_0224,RECEIPT,5,8,13,
TXN_000636,2025-03-07 09:22:00,PART_0244,RECEIPT,6,49,55,
TXN_000637,2025-06-05 13:16:00,PART_0131,ISSUE,4,35,31,WO_06099
TXN_000638,2024-05-07 03:19:00,PART_0012,ISSUE,2,29,27,WO_00449
TXN_000639,2025-06-13 15:03:00,PART_0019,ISSUE,7,13,6,WO_05708
TXN_000640,2025-01-31 04:09:00,PART_0155,ISSUE,7,35,28,WO_05612
TXN_000641,2024-02-15 03:52:00,PART_0210,ISSUE,2,10,8,WO_02824
TXN_000642,2024-03-10 06:35:00,PART_0288,ISSUE,1,0,0,WO_07188
TXN_000643,2025-07-14 10:23:00,PART_0269,ISSUE,8,37,29,WO_01643
TXN_000644,2024-05-04 06:22:00,PART_0181,ISSUE,4,47,43,WO_07122
TXN_000645,2024-12-08 23:01:00,PART_0017,RECEIPT,5,13,18,
TXN_000646,2025-01-27 21:00:00,PART_0215,RECEIPT,6,4,10,
TXN_000647,2024-07-15 15:37:00,PART_0029,RECEIPT,1,28,29,
TXN_000648,2024-04-30 19:24:00,PART_0149,RECEIPT,7,55,62,
TXN_000649,2024-02-13 10:11:00,PART_0083,RECEIPT,3,19,22,
TXN_000650,2024-03-31 15:58:00,PART_0115,ADJUSTMENT,5,29,34,
TXN_000651,2025-04-16 15:03:00,PART_0261,RECEIPT,8,62,70,
TXN_000652,2025-03-13 03:51:00,PART_0119,ISSUE,4,30,26,WO_03814
TXN_000653,2025-05-21 11:02:00,PART_0061,RECEIPT,4,22,26,
TXN_000654,2024-12-14 05:07:00,PART_0186,RECEIPT,8,15,23,
TXN_000655,2025-07-07 20:43:00,PART_0150,ISSUE,8,12,4,WO_02869
TXN_000656,2025-06-28 01:35:00,PART_0136,ISSUE,1,34,33,WO_08920
TXN_000657,2024-10-04 13:10:00,PART_0066,RECEIPT,7,33,40,
TXN_000658,2025-09-15 23:39:00,PART_0101,RECEIPT,5,31,36,
TXN_000659,2025-04-21 17:23:00,PART_0022,RECEIPT,2,51,53,
TXN_000660,2025-04-10 21:47:00,PART_0213,RECEIPT,4,8,12,
TXN_000661,2024-06-07 21:08:00,PART_0157,RECEIPT,1,16,17,
TXN_000662,2024-12-17 21:38:00,PART_0151,ISSUE,3,33,30,WO_06524
TXN_000663,2024-11-26 02:18:00,PART_0224,ISSUE,8,13,5,WO_09893
TXN_000664,2025-06-28 05:49:00,PART_0298,RECEIPT,1,4,5,
TXN_000665,2024-10-25 23:29:00,PART_0057,ISSUE,4,36,32,WO_06257
TXN_000666,2024-04-15 01:48:00,PART_0082,RECEIPT,5,27,32,
TXN_000667,2025-06-07 04:49:00,PART_0246,ISSUE,4,11,7,WO_06436
TXN_000668,2024-01-11 19:32:00,PART_0094,RECEIPT,5,55,60,
TXN_000669,2024-11-28 11:44:00,PART_0093,ISSUE,6,58,52,WO_07955
TXN_000670,2024-06-26 08:34:00,PART_0267,ISSUE,5,51,46,WO_05332
TXN_000671,2025-01-08 03:04:00,PART_0151,ISSUE,7,30,23,WO_08922
TXN_000672,2025-06-21 02:00:00,PART_0184,RECEIPT,7,44,51,
TXN_000673,2024-08-10 08:57:00,PART_0012,RECEIPT,5,27,32,
TXN_000674,2024-07-26 23:30:00,PART_0116,ISSUE,4,16,12,WO_03112
TXN_000675,2025-08-05 18:18:00,PART_0049,ISSUE,5,24,19,WO_06073
TXN_000676,2025-06-25 21:38:00,PART_0018,ISSUE,3,3,0,WO_06249
TXN_000677,2024-04-23 10:14:00,PART_0052,ISSUE,5,35,30,WO_06922
TXN_000678,2024-05-25 01:26:00,PART_0059,ISSUE,7,11,4,WO_04847
TXN_000679,2024-08-20 16:57:00,PART_0282,RECEIPT,3,54,57,
TXN_000680,2025-07-21 14:16:00,PART_0146,ISSUE,7,50,43,WO_07657
TXN_000681,2024-01-05 10:13:00,PART_0036,ISSUE,7,24,17,WO_03032
TXN_000682,2024-10-05 18:23:00,PART_0144,ADJUSTMENT,5,0,0,
TXN_000683,2024-03-21 16:12:00,PART_0021,ISSUE,1,42,41,WO_03742
TXN_000684,2025-01-01 10:26:00,PART_0284,RECEIPT,1,44,45,
TXN_000685,2025-03-21 06:37:00,PART_0023,RECEIPT,5,47,52,
TXN_000686,2024-05-19 23:29:00,PART_0050,RECEIPT,6,0,6,
TXN_000687,2024-07-05 20:36:00,PART_0214,ISSUE,3,3,0,WO_08656
TXN_000688,2025-01-28 09:52:00,PART_0099,RECEIPT,1,20,21,
TXN_000689,2024-04-04 12:42:00,PART_0276,ISSUE,1,35,34,WO_08397
TXN_000690,2025-01-17 09:23:00,PART_0239,ISSUE,2,59,57,WO_00012
TXN_000691,2024-07-30 03:25:00,PART_0114,RECEIPT,7,59,66,
TXN_000692,2024-09-23 12:25:00,PART_0026,ISSUE,4,17,13,WO_05311
TXN_000693,2024-03-04 07:54:00,PART_0094,RECEIPT,6,60,66,
TXN_000694,2024-04-18 15:47:00,PART_0112,RECEIPT,4,37,41,
TXN_000695,2024-01-08 06:51:00,PART_0130,ISSUE,4,47,43,WO_00944
TXN_000696,2025-07-12 20:58:00,PART_0001,RECEIPT,8,12,20,
TXN_000697,2024-07-30 05:28:00,PART_0010,ISSUE,1,17,16,WO_01718
TXN_000698,2025-05-15 22:35:00,PART_0192,ISSUE,1,17,16,WO_00622
TXN_000699,2025-01-12 15:45:00,PART_0148,RECEIPT,1,66,67,
TXN_000700,2024-11-09 12:55:00,PART_0129,RECEIPT,4,47,51,
TXN_000701,2025-02-01 08:52:00,PART_0280,ISSUE,6,66,60,WO_04136
TXN_000702,2024-05-06 07:35:00,PART_0146,ADJUSTMENT,1,43,44,
TXN_000703,2024-02-27 17:37:00,PART_0119,RECEIPT,6,26,32,
TXN_000704,2025-06-01 00:23:00,PART_0117,ISSUE,7,18,11,WO_02644
TXN_000705,2025-07-03 18:46:00,PART_0015,ISSUE,1,31,30,WO_07939
TXN_000706,2025-02-23 09:01:00,PART_0158,ISSUE,3,18,15,WO_02040
TXN_000707,2025-06-16 12:40:00,PART_0065,ISSUE,4,17,13,WO_04109
TXN_000708,2024-05-16 09:54:00,PART_0042,ISSUE,4,57,53,WO_03821
TXN_000709,2025-03-29 14:20:00,PART_0085,RECEIPT,5,52,57,
TXN_000710,2024-09-24 20:06:00,PART_0272,RECEIPT,8,55,63,
TXN_000711,2024-06-14 05:14:00,PART_0079,ISSUE,6,9,3,WO_01607
TXN_000712,2025-06-26 16:45:00,PART_0127,ISSUE,3,3,0,WO_06208
TXN_000713,2025-06-04 22:05:00,PART_0235,RECEIPT,4,33,37,
TXN_000714,2024-01-14 05:22:00,PART_0206,RECEIPT,8,20,28,
TXN_000715,2024-12-15 21:30:00,PART_0230,ISSUE,8,10,2,WO_08113
TXN_000716,2025-09-04 17:42:00,PART_0283,ISSUE,7,25,18,WO_07119
TXN_000717,2025-07-09 15:31:00,PART_0010,ISSUE,6,16,10,WO_05680
TXN_000718,2025-04-13 04:58:00,PART_0203,RECEIPT,4,46,50,
TXN_000719,2024-10-12 13:28:00,PART_0296,RECEIPT,4,17,21,
TXN_000720,2024-07-04 02:39:00,PART_0138,RECEIPT,1,36,37,
TXN_000721,2025-06-13 12:03:00,PART_0046,ADJUSTMENT,5,18,23,
TXN_000722,2025-02-10 08:40:00,PART_0007,ISSUE,1,0,0,WO_07050
TXN_000723,2025-04-10 01:32:00,PART_0135,RECEIPT,5,33,38,
TXN_000724,2025-06-28 18:58:00,PART_0073,ADJUSTMENT,4,52,48,
TXN_000725,2024-07-07 21:00:00,PART_0214,ISSUE,1,0,0,WO_01656
TXN_000726,2024-07-18 04:27:00,PART_0008,RECEIPT,1,8,9,
TXN_000727,2024-08-02 10:46:00,PART_0079,RECEIPT,4,3,7,
TXN_000728,2024-04-26 22:15:00,PART_0024,RECEIPT,4,30,34,
TXN_000729,2024-11-05 20:37:00,PART_0110,RECEIPT,2,27,29,
TXN_000730,2024-02-08 11:41:00,PART_0258,RECEIPT,6,14,20,
TXN_000731,2025-01-07 01:02:00,PART_0190,ISSUE,7,24,17,WO_00369
TXN_000732,2024-12-02 11:06:00,PART_0007,ISSUE,1,0,0,WO_08956
TXN_000733,2025-09-10 04:13:00,PART_0248,RECEIPT,2,21,23,
TXN_000734,2025-04-11 17:07:00,PART_0256,ISSUE,1,47,46,WO_09212
TXN_000735,2025-04-07 18:25:00,PART_0047,RECEIPT,5,26,31,
TXN_000736,2025-06-17 02:41:00,PART_0215,ISSUE,2,10,8,WO_07970
TXN_000737,2025-03-18 09:33:00,PART_0065,RECEIPT,7,13,20,
TXN_000738,2024-06-14 00:42:00,PART_0248,ISSUE,1,23,22,WO_08797
TXN_000739,2025-06-11 07:41:00,PART_0002,RECEIPT,7,49,56,
TXN_000740,2025-04-21 02:15:00,PART_0220,ISSUE,8,35,27,WO_08465
TXN_000741,2024-07-22 11:21:00,PART_0236,RECEIPT,8,28,36,
TXN_000742,2024-08-23 09:21:00,PART_0085,RECEIPT,6,57,63,
TXN_000743,2024-01-21 11:41:00,PART_0044,ISSUE,1,42,41,WO_09279
TXN_000744,2025-08-20 16:12:00,PART_0008,RECEIPT,7,9,16,
TXN_000745,2025-06-23 11:39:00,PART_0125,ADJUSTMENT,8,25,33,
TXN_000746,2024-06-22 07:54:00,PART_0009,RECEIPT,8,31,39,
TXN_000747,2025-04-14 02:30:00,PART_0185,RECEIPT,1,48,49,
TXN_000748,2025-02-24 00:48:00,PART_0069,ISSUE,8,43,35,WO_06252
TXN_000749,2025-09-11 20:17:00,PART_0051,RECEIPT,1,61,62,
TXN_000750,2024-06-26 10:17:00,PART_0063,ISSUE,6,40,34,WO_04600
TXN_000751,2024-06-07 16:31:00,PART_0114,ISSUE,1,66,65,WO_03661
TXN_000752,2025-04-18 04:14:00,PART_0195,ISSUE,5,58,53,WO_08099
TXN_000753,2024-02-05 22:42:00,PART_0187,RECEIPT,3,28,31,
TXN_000754,2025-09-14 08:35:00,PART_0194,ISSUE,7,48,41,WO_03553
TXN_000755,2025-01-16 21:03:00,PART_0254,RECEIPT,8,40,48,
TXN_000756,2024-02-27 01:16:00,PART_0145,ISSUE,6,51,45,WO_01297
TXN_000757,2025-02-28 10:29:00,PART_0182,ADJUSTMENT,6,38,44,
TXN_000758,2025-03-24 01:10:00,PART_0067,ISSUE,5,46,41,WO_06739
TXN_000759,2024-09-30 23:13:00,PART_0262,RECEIPT,8,23,31,
TXN_000760,2024-04-27 05:32:00,PART_0142,ISSUE,4,12,8,WO_03483
TXN_000761,2025-04-28 04:45:00,PART_0008,RECEIPT,4,16,20,
TXN_000762,2025-01-28 13:33:00,PART_0119,ISSUE,7,32,25,WO_05515
TXN_000763,2024-08-14 18:39:00,PART_0245,RECEIPT,7,28,35,
TXN_000764,2025-05-30 23:04:00,PART_0277,ISSUE,2,32,30,WO_05167
TXN_000765,2025-02-15 08:34:00,PART_0178,ISSUE,8,31,23,WO_00124
TXN_000766,2024-12-17 20:26:00,PART_0116,ISSUE,5,12,7,WO_02990
TXN_000767,2024-03-28 03:45:00,PART_0110,RECEIPT,7,29,36,
TXN_000768,2024-11-30 00:43:00,PART_0078,ISSUE,4,45,41,WO_01377
TXN_000769,2024-11-22 08:41:00,PART_0112,RECEIPT,5,41,46,
TXN_000770,2024-04-09 05:21:00,PART_0176,RECEIPT,5,48,53,
TXN_000771,2024-07-05 15:06:00,PART_0150,RECEIPT,5,4,9,
TXN_000772,2025-06-02 17:08:00,PART_0124,RECEIPT,7,34,41,
TXN_000773,2024-12-08 16:05:00,PART_0163,ISSUE,2,56,54,WO_09296
TXN_000774,2025-02-15 02:51:00,PART_0285,ISSUE,4,55,51,WO_09185
TXN_000775,2024-10-10 11:07:00,PART_0211,ISSUE,4,48,44,WO_09507
TXN_000776,2024-01-16 10:31:00,PART_0091,RECEIPT,8,40,48,
TXN_000777,2024-12-27 19:38:00,PART_0235,RECEIPT,1,37,38,
TXN_000778,2024-01-21 20:36:00,PART_0111,ISSUE,4,4,0,WO_01912
TXN_000779,2024-07-06 21:30:00,PART_0098,ISSUE,7,51,44,WO_05772
TXN_000780,2024-08-16 06:49:00,PART_0269,RECEIPT,2,29,31,
TXN_000781,2024-08-31 10:14:00,PART_0038,ISSUE,7,29,22,WO_05822
TXN_000782,2025-02-02 22:22:00,PART_0057,ISSUE,3,32,29,WO_06965
TXN_000783,2024-12-14 13:10:00,PART_0191,ISSUE,5,9,4,WO_04522
TXN_000784,2024-02-19 10:46:00,PART_0173,ISSUE,5,5,0,WO_07064
TXN_000785,2025-09-01 06:24:00,PART_0150,ISSUE,7,9,2,WO_02051
TXN_000786,2024-03-20 00:56:00,PART_0273,ISSUE,1,18,17,WO_08091
TXN_000787,2024-08-08 10:40:00,PART_0239,ADJUSTMENT,1,57,56,
TXN_000788,2024-07-12 09:31:00,PART_0175,ISSUE,2,37,35,WO_00343
TXN_000789,2024-04-04 22:57:00,PART_0199,ISSUE,4,24,20,WO_08739
TXN_000790,2025-07-16 14:09:00,PART_0173,RECEIPT,8,0,8,
TXN_000791,2024-02-29 03:22:00,PART_0141,ISSUE,6,6,0,WO_06349
TXN_000792,2024-07-28 00:05:00,PART_0179,ISSUE,3,25,22,WO_08727
TXN_000793,2025-01-27 01:28:00,PART_0079,ISSUE,6,7,1,WO_00355
TXN_000794,2024-03-10 20:48:00,PART_0082,ADJUSTMENT,6,32,26,
TXN_000795,2024-02-04 15:14:00,PART_0094,RECEIPT,8,66,74,
TXN_000796,2024-12-31 20:43:00,PART_0092,ISSUE,1,6,5,WO_09730
TXN_000797,2024-04-19 20:40:00,PART_0137,ISSUE,4,44,40,WO_04426
TXN_000798,2025-03-26 00:19:00,PART_0093,ISSUE,6,52,46,WO_06394
TXN_000799,2025-08-23 11:29:00,PART_0254,ISSUE,1,48,47,WO_01915
TXN_000800,2025-07-09 11:30:00,PART_0085,ADJUSTMENT,6,63,69,
TXN_000801,2024-11-03 22:06:00,PART_0286,RECEIPT,5,41,46,
TXN_000802,2025-07-20 22:06:00,PART_0107,ISSUE,7,17,10,WO_02180
TXN_000803,2025-08-14 06:43:00,PART_0282,RECEIPT,7,57,64,
TXN_000804,2024-11-03 22:41:00,PART_0127,RECEIPT,1,0,1,
TXN_000805,2024-05-05 17:18:00,PART_0080,RECEIPT,4,7,11,
TXN_000806,2024-01-31 08:20:00,PART_0112,ISSUE,2,46,44,WO_04405
TXN_000807,2024-06-27 12:51:00,PART_0243,ISSUE,6,24,18,WO_03400
TXN_000808,2024-11-13 22:05:00,PART_0158,ISSUE,4,15,11,WO_00968
TXN_000809,2025-05-07 11:35:00,PART_0109,RECEIPT,2,24,26,
TXN_000810,2025-03-02 18:28:00,PART_0190,RECEIPT,8,17,25,
TXN_000811,2024-09-20 10:34:00,PART_0276,RECEIPT,8,34,42,
TXN_000812,2025-04-11 15:26:00,PART_0043,RECEIPT,2,66,68,
TXN_000813,2024-03-10 12:31:00,PART_0255,RECEIPT,5,39,44,
TXN_000814,2025-05-18 01:17:00,PART_0280,ISSUE,6,60,54,WO_00998
TXN_000815,2025-07-24 19:32:00,PART_0021,RECEIPT,8,41,49,
TXN_000816,2024-10-13 23:17:00,PART_0183,ISSUE,6,47,41,WO_02135
TXN_000817,2024-05-28 10:06:00,PART_0086,ISSUE,1,14,13,WO_07994
TXN_000818,2024-05-05 09:59:00,PART_0278,RECEIPT,7,12,19,
TXN_000819,2024-03-04 01:07:00,PART_0279,ADJUSTMENT,5,37,32,
TXN_000820,2024-06-30 15:18:00,PART_0224,ISSUE,3,5,2,WO_07390
TXN_000821,2024-10-15 07:49:00,PART_0158,ISSUE,2,11,9,WO_03694
TXN_000822,2024-01-17 15:23:00,PART_0051,ISSUE,4,62,58,WO_03860
TXN_000823,2024-03-19 04:17:00,PART_0029,ISSUE,8,29,21,WO_05505
TXN_000824,2024-07-09 02:11:00,PART_0038,ISSUE,7,22,15,WO_03694
TXN_000825,2025-01-05 10:12:00,PART_0054,ISSUE,6,60,54,WO_04391
TXN_000826,2025-04-29 11:21:00,PART_0040,RECEIPT,1,29,30,
TXN_000827,2025-02-05 13:21:00,PART_0267,ISSUE,8,46,38,WO_09213
TXN_000828,2024-10-01 19:32:00,PART_0092,ISSUE,3,5,2,WO_01550
TXN_000829,2024-08-23 17:43:00,PART_0243,ISSUE,8,18,10,WO_07044
TXN_000830,2024-06-04 21:41:00,PART_0188,RECEIPT,2,0,2,
TXN_000831,2025-05-13 08:10:00,PART_0137,ISSUE,3,40,37,WO_08332
TXN_000832,2024-05-15 06:05:00,PART_0121,RECEIPT,8,15,23,
TXN_000833,2025-01-22 23:30:00,PART_0048,ISSUE,7,45,38,WO_00147
TXN_000834,2025-06-04 07:27:00,PART_0299,ISSUE,7,19,12,WO_02833
TXN_000835,2025-01-04 05:11:00,PART_0071,ISSUE,8,40,32,WO_04578
TXN_000836,2024-04-28 16:37:00,PART_0079,RECEIPT,2,1,3,
TXN_000837,2024-05-20 15:22:00,PART_0264,ISSUE,4,35,31,WO_00486
TXN_000838,2024-01-10 09:12:00,PART_0064,ISSUE,6,35,29,WO_01327
TXN_000839,2024-11-29 23:19:00,PART_0300,RECEIPT,3,60,63,
TXN_000840,2024-02-11 12:29:00,PART_0140,ISSUE,6,23,17,WO_01335
TXN_000841,2024-11-20 22:32:00,PART_0190,ADJUSTMENT,2,25,27,
TXN_000842,2025-01-05 14:22:00,PART_0218,RECEIPT,3,30,33,
TXN_000843,2025-03-12 08:47:00,PART_0079,RECEIPT,2,3,5,
TXN_000844,2025-04-03 03:00:00,PART_0181,ISSUE,4,43,39,WO_05084
TXN_000845,2024-12-21 03:10:00,PART_0200,RECEIPT,5,12,17,
TXN_000846,2025-08-24 01:17:00,PART_0287,RECEIPT,7,36,43,
TXN_000847,2024-03-21 21:31:00,PART_0146,RECEIPT,3,44,47,
TXN_000848,2024-07-05 15:57:00,PART_0086,ISSUE,6,13,7,WO_03131
TXN_000849,2024-09-12 00:06:00,PART_0136,ISSUE,3,33,30,WO_07869
TXN_000850,2025-04-17 23:23:00,PART_0230,ISSUE,2,2,0,WO_06977
TXN_000851,2025-09-14 21:22:00,PART_0163,RECEIPT,7,54,61,
TXN_000852,2024-12-19 04:29:00,PART_0195,ISSUE,7,53,46,WO_08690
TXN_000853,2024-06-26 20:18:00,PART_0155,RECEIPT,3,28,31,
TXN_000854,2024-06-04 00:28:00,PART_0072,ISSUE,2,13,11,WO_02428
TXN_000855,2024-02-10 22:10:00,PART_0271,RECEIPT,5,52,57,
TXN_000856,2024-03-03 04:43:00,PART_0166,RECEIPT,8,6,14,
TXN_000857,2025-09-01 08:19:00,PART_0231,ISSUE,6,8,2,WO_00296
TXN_000858,2025-01-17 15:13:00,PART_0205,ADJUSTMENT,3,0,3,
TXN_000859,2024-01-12 00:32:00,PART_0030,ISSUE,6,39,33,WO_06416
TXN_000860,2025-09-12 16:49:00,PART_0147,RECEIPT,1,0,1,
TXN_000861,2024-12-03 21:25:00,PART_0054,RECEIPT,4,54,58,
TXN_000862,2024-05-12 13:51:00,PART_0033,RECEIPT,3,2,5,
TXN_000863,2025-07-23 11:11:00,PART_0005,ISSUE,1,51,50,WO_09464
TXN_000864,2025-07-23 15:19:00,PART_0029,ADJUSTMENT,3,21,18,
TXN_000865,2025-07-27 04:25:00,PART_0042,RECEIPT,6,53,59,
TXN_000866,2024-03-15 18:16:00,PART_0095,ISSUE,4,52,48,WO_05475
TXN_000867,2024-07-04 11:14:00,PART_0138,ISSUE,6,37,31,WO_08450
TXN_000868,2024-03-06 04:42:00,PART_0264,RECEIPT,3,31,34,
TXN_000869,2025-03-02 10:32:00,PART_0106,RECEIPT,6,37,43,
TXN_000870,2024-11-13 22:31:00,PART_0168,RECEIPT,5,47,52,
TXN_000871,2024-02-27 00:53:00,PART_0234,ISSUE,2,12,10,WO_00976
TXN_000872,2024-04-17 20:31:00,PART_0126,RECEIPT,3,36,39,
TXN_000873,2025-04-28 17:20:00,PART_0108,ISSUE,8,27,19,WO_07899
TXN_000874,2024-09-30 07:58:00,PART_0109,RECEIPT,6,26,32,
TXN_000875,2025-01-13 22:36:00,PART_0236,ISSUE,7,36,29,WO_02636
TXN_000876,2024-07-12 07:01:00,PART_0262,ISSUE,1,31,30,WO_06606
TXN_000877,2025-04-09 10:56:00,PART_0031,ISSUE,2,41,39,WO_04029
TXN_000878,2024-06-10 12:10:00,PART_0089,ISSUE,4,46,42,WO_05462
TXN_000879,2025-03-15 01:50:00,PART_0196,RECEIPT,6,25,31,
TXN_000880,2025-02-04 11:28:00,PART_0165,RECEIPT,6,8,14,
TXN_000881,2024-12-11 11:23:00,PART_0086,RECEIPT,7,7,14,
TXN_000882,2024-03-16 06:42:00,PART_0157,ISSUE,4,17,13,WO_00237
TXN_000883,2024-11-23 08:33:00,PART_0111,RECEIPT,1,0,1,
TXN_000884,2025-02-12 06:59:00,PART_0198,ISSUE,5,35,30,WO_08898
TXN_000885,2025-05-15 20:36:00,PART_0005,ADJUSTMENT,1,50,51,
TXN_000886,2024-04-16 05:56:00,PART_0278,RECEIPT,7,19,26,
TXN_000887,2024-01-25 10:00:00,PART_0286,ISSUE,5,46,41,WO_06768
TXN_000888,2025-04-19 14:14:00,PART_0034,RECEIPT,1,26,27,
TXN_000889,2025-01-27 20:37:00,PART_0074,ISSUE,5,21,16,WO_07525
TXN_000890,2025-07-10 17:25:00,PART_0151,RECEIPT,8,23,31,
TXN_000891,2024-09-26 02:22:00,PART_0159,RECEIPT,2,28,30,
TXN_000892,2025-08-24 05:58:00,PART_0010,ISSUE,3,10,7,WO_00531
TXN_000893,2024-03-19 07:26:00,PART_0158,RECEIPT,3,9,12,
TXN_000894,2025-03-28 15:56:00,PART_0296,ISSUE,8,21,13,WO_03879
TXN_000895,2024-06-18 11:17:00,PART_0070,ISSUE,5,17,12,WO_07099
TXN_000896,2025-07-10 13:12:00,PART_0200,ISSUE,4,17,13,WO_09510
TXN_000897,2024-12-30 04:56:00,PART_0115,ISSUE,7,34,27,WO_07887
TXN_000898,2025-08-18 13:27:00,PART_0163,ISSUE,2,61,59,WO_08252
TXN_000899,2024-07-22 23:54:00,PART_0021,ISSUE,4,49,45,WO_01215
TXN_000900,2025-07-29 16:11:00,PART_0045,RECEIPT,2,3,5,
TXN_000901,2025-01-22 20:09:00,PART_0176,RECEIPT,3,53,56,
TXN_000902,2025-09-06 05:31:00,PART_0117,RECEIPT,6,11,17,
TXN_000903,2024-12-11 12:48:00,PART_0167,ISSUE,4,52,48,WO_08796
TXN_000904,2025-04-30 17:08:00,PART_0251,ISSUE,5,45,40,WO_05680
TXN_000905,2024-03-31 08:30:00,PART_0166,ISSUE,8,14,6,WO_01392
TXN_000906,2025-06-26 17:53:00,PART_0259,ISSUE,2,25,23,WO_02386
TXN_000907,2024-09-27 05:20:00,PART_0200,ISSUE,4,13,9,WO_09116
TXN_000908,2024-07-19 16:41:00,PART_0082,ISSUE,3,26,23,WO_00092
TXN_000909,2024-05-16 18:26:00,PART_0022,ISSUE,3,53,50,WO_09356
TXN_000910,2024-01-04 17:26:00,PART_0054,RECEIPT,5,58,63,
TXN_000911,2025-09-14 16:29:00,PART_0272,ISSUE,3,63,60,WO_06456
TXN_000912,2024-03-25 22:48:00,PART_0244,ISSUE,5,55,50,WO_00300
TXN_000913,2024-06-08 07:48:00,PART_0129,RECEIPT,8,51,59,
TXN_000914,2024-02-10 09:23:00,PART_0216,ISSUE,4,29,25,WO_04857
TXN_000915,2024-06-17 21:55:00,PART_0278,ISSUE,8,26,18,WO_00849
TXN_000916,2025-02-07 21:09:00,PART_0160,RECEIPT,2,22,24,
TXN_000917,2024-11-29 08:45:00,PART_0008,ISSUE,4,20,16,WO_05851
TXN_000918,2024-02-11 19:47:00,PART_0110,ISSUE,5,36,31,WO_00711
TXN_000919,2024-09-18 16:10:00,PART_0103,ISSUE,1,49,48,WO_07451
TXN_000920,2024-08-16 22:11:00,PART_0242,RECEIPT,2,35,37,
TXN_000921,2025-08-07 14:41:00,PART_0098,RECEIPT,4,44,48,
TXN_000922,2024-03-06 14:51:00,PART_0020,ISSUE,2,2,0,WO_04734
TXN_000923,2025-01-13 03:37:00,PART_0161,ISSUE,6,14,8,WO_08920
TXN_000924,2024-06-29 12:35:00,PART_0173,ADJUSTMENT,2,8,6,
TXN_000925,2024-12-18 00:09:00,PART_0053,RECEIPT,2,7,9,
TXN_000926,2024-08-10 18:15:00,PART_0054,ISSUE,4,63,59,WO_08500
TXN_000927,2025-09-07 03:29:00,PART_0124,ADJUSTMENT,2,41,39,
TXN_000928,2024-10-08 01:27:00,PART_0100,RECEIPT,7,21,28,
TXN_000929,2024-07-02 03:50:00,PART_0011,ISSUE,8,44,36,WO_04798
TXN_000930,2025-07-04 00:17:00,PART_0150,RECEIPT,3,2,5,
TXN_000931,2025-05-26 14:03:00,PART_0165,ISSUE,7,14,7,WO_07574
TXN_000932,2024-09-14 02:19:00,PART_0019,ISSUE,6,6,0,WO_02309
TXN_000933,2025-05-25 21:14:00,PART_0063,RECEIPT,7,34,41,
TXN_000934,2024-04-07 17:42:00,PART_0127,RECEIPT,1,1,2,
TXN_000935,2024-08-07 09:05:00,PART_0280,ISSUE,1,54,53,WO_06584
TXN_000936,2024-01-24 14:25:00,PART_0019,ISSUE,1,0,0,WO_09403
TXN_000937,2024-11-03 19:41:00,PART_0271,ISSUE,3,57,54,WO_01307
TXN_000938,2025-07-13 09:02:00,PART_0123,ISSUE,6,27,21,WO_09826
TXN_000939,2024-06-10 06:51:00,PART_0033,ISSUE,3,5,2,WO_09015
TXN_000940,2025-07-28 23:06:00,PART_0206,ISSUE,5,28,23,WO_06902
TXN_000941,2024-03-16 09:51:00,PART_0124,ISSUE,7,39,32,WO_04436
TXN_000942,2024-04-12 07:48:00,PART_0112,ISSUE,4,44,40,WO_09609
TXN_000943,2024-10-26 08:24:00,PART_0004,ISSUE,6,37,31,WO_02018
TXN_000944,2025-09-05 01:29:00,PART_0007,ISSUE,1,0,0,WO_01619
TXN_000945,2025-05-13 19:24:00,PART_0168,ISSUE,5,52,47,WO_07335
TXN_000946,2024-08-24 11:26:00,PART_0223,ISSUE,3,3,0,WO_03664
TXN_000947,2025-06-16 08:57:00,PART_0108,RECEIPT,1,19,20,
TXN_000948,2024-09-05 03:03:00,PART_0072,ISSUE,4,11,7,WO_03369
TXN_000949,2024-07-29 11:59:00,PART_0276,ISSUE,2,42,40,WO_08201
TXN_000950,2024-08-21 08:50:00,PART_0260,RECEIPT,1,3,4,
TXN_000951,2025-05-11 13:13:00,PART_0263,ISSUE,3,55,52,WO_02375
TXN_000952,2024-09-25 13:51:00,PART_0196,ISSUE,2,31,29,WO_03449
TXN_000953,2024-03-10 09:07:00,PART_0255,ISSUE,6,44,38,WO_00753
TXN_000954,2024-05-10 08:20:00,PART_0133,ISSUE,4,55,51,WO_05051
TXN_000955,2025-04-29 06:20:00,PART_0055,ISSUE,4,49,45,WO_03749
TXN_000956,2025-04-24 05:54:00,PART_0033,ISSUE,1,2,1,WO_05295
TXN_000957,2025-08-06 15:28:00,PART_0032,ISSUE,7,30,23,WO_07278
TXN_000958,2024-04-03 18:58:00,PART_0181,ISSUE,6,39,33,WO_02583
TXN_000959,2025-08-20 00:18:00,PART_0073,RECEIPT,8,48,56,
TXN_000960,2024-12-13 23:48:00,PART_0124,RECEIPT,4,32,36,
TXN_000961,2024-07-19 02:28:00,PART_0032,RECEIPT,4,23,27,
TXN_000962,2025-07-19 00:17:00,PART_0081,ISSUE,4,11,7,WO_08289
TXN_000963,2024-03-03 22:18:00,PART_0298,ISSUE,1,5,4,WO_03304
TXN_000964,2025-08-12 18:21:00,PART_0099,ISSUE,8,21,13,WO_08046
TXN_000965,2024-07-09 11:03:00,PART_0231,RECEIPT,6,2,8,
TXN_000966,2024-08-27 13:00:00,PART_0162,ISSUE,1,27,26,WO_02057
TXN_000967,2025-03-05 19:22:00,PART_0129,ISSUE,7,59,52,WO_07304
TXN_000968,2025-03-10 07:01:00,PART_0110,ISSUE,4,31,27,WO_06788
TXN_000969,2024-06-16 15:53:00,PART_0060,ISSUE,1,1,0,WO_01717
TXN_000970,2025-08-15 11:07:00,PART_0242,ISSUE,4,37,33,WO_03523
TXN_000971,2025-04-12 12:14:00,PART_0114,ISSUE,8,65,57,WO_01040
TXN_000972,2025-08-19 12:01:00,PART_0115,ISSUE,5,27,22,WO_07406
TXN_000973,2024-11-17 08:38:00,PART_0131,ISSUE,1,31,30,WO_09592
TXN_000974,2024-09-25 02:23:00,PART_0178,RECEIPT,8,23,31,
TXN_000975,2024-12-06 03:22:00,PART_0208,ISSUE,3,8,5,WO_00761
TXN_000976,2025-01-29 01:50:00,PART_0221,RECEIPT,8,38,46,
TXN_000977,2024-01-07 23:44:00,PART_0187,ADJUSTMENT,2,31,33,
TXN_000978,2025-07-22 05:29:00,PART_0184,ISSUE,3,51,48,WO_08602
TXN_000979,2024-06-15 08:34:00,PART_0093,ISSUE,8,46,38,WO_03813
TXN_000980,2025-09-06 01:30:00,PART_0221,ISSUE,3,46,43,WO_01222
TXN_000981,2025-06-22 00:53:00,PART_0131,ISSUE,1,30,29,WO_03730
TXN_000982,2025-07-19 08:18:00,PART_0185,ADJUSTMENT,5,49,44,
TXN_000983,2025-06-01 07:36:00,PART_0061,ISSUE,8,26,18,WO_01087
TXN_000984,2025-04-19 23:13:00,PART_0143,ISSUE,4,48,44,WO_06025
TXN_000985,2024-11-12 03:54:00,PART_0059,ISSUE,4,4,0,WO_03104
TXN_000986,2025-09-03 12:25:00,PART_0082,RECEIPT,1,23,24,
TXN_000987,2025-04-17 19:35:00,PART_0045,ISSUE,4,5,1,WO_00885
TXN_000988,2024-05-17 12:09:00,PART_0173,RECEIPT,5,6,11,
TXN_000989,2024-05-06 22:25:00,PART_0160,ISSUE,6,24,18,WO_04978
TXN_000990,2024-12-28 22:39:00,PART_0247,ISSUE,8,57,49,WO_00302
TXN_000991,2024-05-11 11:18:00,PART_0163,RECEIPT,1,59,60,
TXN_000992,2024-12-01 05:38:00,PART_0228,ISSUE,6,22,16,WO_02194
TXN_000993,2024-06-26 01:01:00,PART_0194,RECEIPT,7,41,48,
TXN_000994,2024-01-01 11:18:00,PART_0087,ISSUE,8,41,33,WO_08243
TXN_000995,2025-03-03 21:34:00,PART_0288,RECEIPT,1,0,1,
TXN_000996,2024-12-17 20:37:00,PART_0137,ISSUE,5,37,32,WO_06746
TXN_000997,2024-01-21 10:53:00,PART_0043,ISSUE,1,68,67,WO_02557
TXN_000998,2024-02-18 04:18:00,PART_0077,RECEIPT,7,21,28,
TXN_000999,2024-07-23 18:22:00,PART_0181,RECEIPT,6,33,39,
TXN_001000,2025-04-25 16:38:00,PART_0134,RECEIPT,4,39,43,
TXN_001001,2024-03-03 16:25:00,PART_0108,RECEIPT,7,20,27,
TXN_001002,2024-08-19 08:31:00,PART_0168,ISSUE,7,47,40,WO_04369
TXN_001003,2024-01-20 19:54:00,PART_0252,RECEIPT,7,11,18,
TXN_001004,2025-05-17 02:09:00,PART_0100,ISSUE,8,28,20,WO_04139
TXN_001005,2025-02-28 04:39:00,PART_0091,RECEIPT,1,48,49,
TXN_001006,2024-07-03 03:51:00,PART_0266,RECEIPT,5,46,51,
TXN_001007,2024-07-01 06:36:00,PART_0180,ISSUE,4,24,20,WO_04883
TXN_001008,2024-04-28 21:36:00,PART_0137,ISSUE,7,32,25,WO_04138
TXN_001009,2024-08-06 14:18:00,PART_0191,ISSUE,4,4,0,WO_02159
TXN_001010,2025-05-16 12:08:00,PART_0245,ISSUE,2,35,33,WO_00286
TXN_001011,2024-06-24 02:32:00,PART_0201,RECEIPT,8,27,35,
TXN_001012,2025-03-20 03:31:00,PART_0039,ISSUE,2,34,32,WO_02098
TXN_001013,2025-07-24 13:12:00,PART_0113,RECEIPT,3,54,57,
TXN_001014,2024-04-10 04:05:00,PART_0224,ISSUE,2,2,0,WO_05908
TXN_001015,2025-05-13 18:40:00,PART_0131,RECEIPT,1,29,30,
TXN_001016,2025-02-25 21:47:00,PART_0168,ISSUE,2,40,38,WO_05230
TXN_001017,2024-09-30 05:32:00,PART_0005,ISSUE,2,51,49,WO_05003
TXN_001018,2025-03-02 17:34:00,PART_0069,RECEIPT,5,35,40,
TXN_001019,2024-04-07 12:51:00,PART_0220,RECEIPT,5,27,32,
TXN_001020,2024-09-29 01:42:00,PART_0023,ISSUE,1,52,51,WO_01843
TXN_001021,2024-07-02 05:08:00,PART_0098,ISSUE,1,48,47,WO_05227
TXN_001022,2025-06-27 04:12:00,PART_0060,ISSUE,1,0,0,WO_01522
TXN_001023,2024-08-11 03:57:00,PART_0048,RECEIPT,7,38,45,
TXN_001024,2025-06-09 15:42:00,PART_0221,ISSUE,4,43,39,WO_03152
TXN_001025,2025-03-03 15:10:00,PART_0021,RECEIPT,4,45,49,
TXN_001026,2024-08-30 21:28:00,PART_0260,ISSUE,4,4,0,WO_07550
TXN_001027,2024-07-18 18:44:00,PART_0106,ISSUE,1,43,42,WO_08050
TXN_001028,2024-05-10 21:24:00,PART_0041,RECEIPT,8,7,15,
TXN_001029,2024-01-23 23:22:00,PART_0131,ISSUE,3,30,27,WO_04722
TXN_001030,2024-04-13 16:14:00,PART_0234,ISSUE,5,10,5,WO_03161
TXN_001031,2024-04-14 21:29:00,PART_0232,ISSUE,6,20,14,WO_03428
TXN_001032,2024-12-10 23:32:00,PART_0099,ISSUE,1,13,12,WO_03774
TXN_001033,2024-12-29 00:13:00,PART_0130,ISSUE,5,43,38,WO_03376
TXN_001034,2024-02-22 12:04:00,PART_0080,ISSUE,7,11,4,WO_08701
TXN_001035,2025-08-30 09:53:00,PART_0021,RECEIPT,1,49,50,
TXN_001036,2024-04-22 01:27:00,PART_0134,ISSUE,1,43,42,WO_08299
TXN_001037,2025-01-16 05:10:00,PART_0008,ISSUE,3,16,13,WO_08864
TXN_001038,2024-09-07 02:47:00,PART_0071,RECEIPT,5,32,37,
TXN_001039,2025-04-28 08:38:00,PART_0228,RECEIPT,6,16,22,
TXN_001040,2024-01-13 08:31:00,PART_0096,ISSUE,8,71,63,WO_04758
TXN_001041,2025-05-14 20:07:00,PART_0164,ISSUE,6,15,9,WO_03814
TXN_001042,2025-01-26 05:31:00,PART_0242,ISSUE,3,33,30,WO_00102
TXN_001043,2025-08-15 10:46:00,PART_0057,ISSUE,2,29,27,WO_07761
TXN_001044,2024-09-21 00:57:00,PART_0237,ISSUE,2,23,21,WO_05798
TXN_001045,2024-01-13 08:21:00,PART_0060,ISSUE,1,0,0,WO_01691
TXN_001046,2024-09-20 09:26:00,PART_0272,ISSUE,7,60,53,WO_06639
TXN_001047,2025-08-30 05:49:00,PART_0203,ISSUE,7,50,43,WO_01015
TXN_001048,2024-01-21 22:37:00,PART_0135,ISSUE,1,38,37,WO_08519
TXN_001049,2024-03-19 02:10:00,PART_0062,ISSUE,2,2,0,WO_02054
TXN_001050,2025-08-11 07:09:00,PART_0053,ISSUE,1,9,8,WO_02198
TXN_001051,2024-07-02 05:01:00,PART_0159,ISSUE,2,30,28,WO_07743
TXN_001052,2024-01-20 04:41:00,PART_0100,ISSUE,6,20,14,WO_09786
TXN_001053,2024-12-10 19:27:00,PART_0103,ISSUE,5,48,43,WO_08226
TXN_001054,2024-07-03 06:10:00,PART_0219,ISSUE,1,31,30,WO_01626
TXN_001055,2024-06-30 20:20:00,PART_0136,ISSUE,5,30,25,WO_04878
TXN_001056,2025-02-07 23:41:00,PART_0208,ISSUE,3,5,2,WO_01983
TXN_001057,2024-07-15 15:26:00,PART_0167,RECEIPT,2,48,50,
TXN_001058,2024-05-07 00:23:00,PART_0082,RECEIPT,3,24,27,
TXN_001059,2024-08-03 07:09:00,PART_0024,RECEIPT,7,34,41,
TXN_001060,2025-01-25 12:03:00,PART_0080,ISSUE,3,4,1,WO_01835
TXN_001061,2024-10-31 16:21:00,PART_0113,RECEIPT,1,57,58,
TXN_001062,2024-11-09 01:58:00,PART_0066,RECEIPT,5,40,45,
TXN_001063,2025-03-09 17:22:00,PART_0191,RECEIPT,1,0,1,
TXN_001064,2024-07-13 10:15:00,PART_0093,ISSUE,3,38,35,WO_08544
TXN_001065,2024-05-08 15:01:00,PART_0204,RECEIPT,2,46,48,
TXN_001066,2024-12-22 13:45:00,PART_0209,ISSUE,8,20,12,WO_01128
TXN_001067,2025-07-04 05:26:00,PART_0084,RECEIPT,2,1,3,
TXN_001068,2025-04-22 11:40:00,PART_0156,ISSUE,6,40,34,WO_08542
TXN_001069,2025-05-01 14:58:00,PART_0088,ISSUE,3,11,8,WO_05625
TXN_001070,2024-06-25 08:54:00,PART_0031,RECEIPT,7,39,46,
TXN_001071,2024-07-02 09:13:00,PART_0250,ISSUE,4,17,13,WO_09776
TXN_001072,2025-07-28 20:30:00,PART_0266,RECEIPT,7,51,58,
TXN_001073,2024-06-29 08:00:00,PART_0276,ISSUE,6,40,34,WO_00837
TXN_001074,2024-02-01 10:08:00,PART_0206,ISSUE,7,23,16,WO_01150
TXN_001075,2025-05-16 13:45:00,PART_0232,ISSUE,8,14,6,WO_06165
TXN_001076,2025-08-04 07:02:00,PART_0220,ISSUE,5,32,27,WO_00981
TXN_001077,2025-03-04 11:29:00,PART_0048,ISSUE,4,45,41,WO_07459
TXN_001078,2025-09-11 16:38:00,PART_0029,ISSUE,4,18,14,WO_07190
TXN_001079,2025-01-21 20:01:00,PART_0063,ISSUE,4,41,37,WO_06476
TXN_001080,2024-01-30 12:49:00,PART_0095,RECEIPT,8,48,56,
TXN_001081,2025-02-04 17:51:00,PART_0195,ISSUE,3,46,43,WO_05208
TXN_001082,2025-03-31 01:19:00,PART_0053,ISSUE,6,8,2,WO_04936
TXN_001083,2025-03-11 15:23:00,PART_0282,ISSUE,4,64,60,WO_04190
TXN_001084,2024-01-18 22:43:00,PART_0022,RECEIPT,1,50,51,
TXN_001085,2024-10-24 00:49:00,PART_0238,RECEIPT,6,5,11,
TXN_001086,2025-03-16 11:22:00,PART_0148,RECEIPT,5,67,72,
TXN_001087,2024-02-22 01:16:00,PART_0145,ISSUE,5,45,40,WO_03218
TXN_001088,2024-07-27 19:43:00,PART_0258,ADJUSTMENT,7,20,27,
TXN_001089,2024-08-02 08:21:00,PART_0064,ISSUE,5,29,24,WO_03137
TXN_001090,2024-04-27 01:44:00,PART_0029,RECEIPT,2,14,16,
TXN_001091,2024-09-23 02:58:00,PART_0185,RECEIPT,2,44,46,
TXN_001092,2025-09-04 06:08:00,PART_0084,RECEIPT,8,3,11,
TXN_001093,2025-02-16 12:39:00,PART_0222,RECEIPT,3,11,14,
TXN_001094,2024-02-20 09:24:00,PART_0076,RECEIPT,6,34,40,
TXN_001095,2025-07-27 19:52:00,PART_0181,ISSUE,1,39,38,WO_09925
TXN_001096,2025-05-15 18:25:00,PART_0248,ISSUE,2,22,20,WO_04944
TXN_001097,2024-09-27 20:29:00,PART_0053,ISSUE,1,2,1,WO_01583
TXN_001098,2024-02-27 11:41:00,PART_0002,ADJUSTMENT,7,56,49,
TXN_001099,2024-04-15 15:43:00,PART_0087,ISSUE,1,33,32,WO_07032
TXN_001100,2025-04-21 14:43:00,PART_0202,RECEIPT,7,57,64,
TXN_001101,2025-06-18 19:02:00,PART_0109,RECEIPT,5,32,37,
TXN_001102,2025-01-24 13:32:00,PART_0137,RECEIPT,1,25,26,
TXN_001103,2024-05-28 10:47:00,PART_0157,RECEIPT,7,13,20,
TXN_001104,2025-08-30 22:08:00,PART_0156,RECEIPT,5,34,39,
TXN_001105,2024-01-07 19:35:00,PART_0035,RECEIPT,4,39,43,
TXN_001106,2025-06-22 02:02:00,PART_0105,RECEIPT,2,35,37,
TXN_001107,2025-08-09 16:48:00,PART_0195,ISSUE,1,43,42,WO_02899
TXN_001108,2025-04-09 23:10:00,PART_0019,ISSUE,1,0,0,WO_01631
TXN_001109,2024-03-05 17:05:00,PART_0160,ISSUE,8,18,10,WO_03130
TXN_001110,2024-03-06 12:06:00,PART_0158,RECEIPT,6,12,18,
TXN_001111,2024-09-19 10:54:00,PART_0030,ISSUE,2,33,31,WO_05573
TXN_001112,2024-05-29 06:45:00,PART_0091,ISSUE,8,49,41,WO_03812
TXN_001113,2024-06-18 21:04:00,PART_0040,ISSUE,7,30,23,WO_03923
TXN_001114,2025-08-22 11:22:00,PART_0167,ISSUE,1,50,49,WO_06558
TXN_001115,2024-10-28 08:59:00,PART_0045,ISSUE,1,1,0,WO_03329
TXN_001116,2025-03-27 21:28:00,PART_0199,ISSUE,4,20,16,WO_09538
TXN_001117,2024-10-20 20:29:00,PART_0246,RECEIPT,3,7,10,
TXN_001118,2024-05-06 14:02:00,PART_0246,ADJUSTMENT,7,10,3,
TXN_001119,2025-05-27 19:22:00,PART_0079,RECEIPT,4,5,9,
TXN_001120,2025-04-15 08:31:00,PART_0267,RECEIPT,7,38,45,
TXN_001121,2025-09-16 23:37:00,PART_0276,RECEIPT,6,34,40,
TXN_001122,2024-10-11 19:28:00,PART_0275,ISSUE,4,53,49,WO_02956
TXN_001123,2025-08-18 12:22:00,PART_0185,RECEIPT,1,46,47,
TXN_001124,2024-10-16 21:26:00,PART_0024,ISSUE,3,41,38,WO_02001
TXN_001125,2024-05-22 13:48:00,PART_0180,ADJUSTMENT,8,20,28,
TXN_001126,2024-03-27 00:33:00,PART_0254,RECEIPT,3,47,50,
TXN_001127,2025-03-06 22:39:00,PART_0171,RECEIPT,8,19,27,
TXN_001128,2024-02-08 20:30:00,PART_0296,RECEIPT,7,13,20,
TXN_001129,2025-07-22 11:50:00,PART_0231,RECEIPT,8,8,16,
TXN_001130,2024-11-09 22:28:00,PART_0109,RECEIPT,5,37,42,
TXN_001131,2024-04-24 16:11:00,PART_0062,RECEIPT,8,0,8,
TXN_001132,2024-08-14 13:57:00,PART_0055,ISSUE,3,45,42,WO_05672
TXN_001133,2024-07-01 18:20:00,PART_0217,RECEIPT,1,53,54,
TXN_001134,2024-02-14 09:03:00,PART_0011,ISSUE,5,36,31,WO_01852
TXN_001135,2024-02-13 19:18:00,PART_0055,ADJUSTMENT,7,42,49,
TXN_001136,2024-10-14 15:24:00,PART_0141,RECEIPT,3,0,3,
TXN_001137,2025-08-20 17:26:00,PART_0071,ISSUE,8,37,29,WO_09067
TXN_001138,2024-02-01 03:52:00,PART_0183,ISSUE,4,41,37,WO_09861
TXN_001139,2025-05-27 20:55:00,PART_0190,RECEIPT,2,27,29,
TXN_001140,2025-06-03 23:50:00,PART_0241,RECEIPT,2,37,39,
TXN_001141,2024-05-12 09:46:00,PART_0294,ISSUE,5,14,9,WO_03298
TXN_001142,2024-04-17 10:13:00,PART_0289,ISSUE,6,53,47,WO_07284
TXN_001143,2025-08-25 09:46:00,PART_0247,ISSUE,1,49,48,WO_07278
TXN_001144,2024-06-19 16:47:00,PART_0247,RECEIPT,3,48,51,
TXN_001145,2024-08-04 02:59:00,PART_0299,ISSUE,3,12,9,WO_09014
TXN_001146,2025-03-28 06:03:00,PART_0270,RECEIPT,2,42,44,
TXN_001147,2025-06-10 04:58:00,PART_0069,RECEIPT,2,40,42,
TXN_001148,2025-04-09 09:52:00,PART_0295,RECEIPT,3,55,58,
TXN_001149,2024-07-01 20:05:00,PART_0003,ISSUE,2,25,23,WO_00160
TXN_001150,2024-07-08 13:06:00,PART_0092,RECEIPT,8,2,10,
TXN_001151,2025-07-02 16:03:00,PART_0173,ISSUE,8,11,3,WO_06881
TXN_001152,2024-10-13 22:52:00,PART_0260,ISSUE,1,0,0,WO_04597
TXN_001153,2024-08-31 08:19:00,PART_0198,ISSUE,2,30,28,WO_05070
TXN_001154,2025-06-26 01:24:00,PART_0148,RECEIPT,2,72,74,
TXN_001155,2025-09-06 20:13:00,PART_0187,ISSUE,1,33,32,WO_03539
TXN_001156,2025-02-09 18:44:00,PART_0098,RECEIPT,5,47,52,
TXN_001157,2024-11-08 20:39:00,PART_0281,ISSUE,1,33,32,WO_04629
TXN_001158,2024-03-17 09:06:00,PART_0267,RECEIPT,5,45,50,
TXN_001159,2024-02-22 09:53:00,PART_0107,RECEIPT,3,10,13,
TXN_001160,2025-06-16 22:17:00,PART_0136,ADJUSTMENT,4,25,21,
TXN_001161,2025-03-05 21:23:00,PART_0013,RECEIPT,8,52,60,
TXN_001162,2024-05-22 04:12:00,PART_0053,ISSUE,1,1,0,WO_05622
TXN_001163,2024-03-02 13:10:00,PART_0204,ISSUE,3,48,45,WO_06578
TXN_001164,2024-04-20 00:42:00,PART_0281,ISSUE,1,32,31,WO_03968
TXN_001165,2025-01-19 20:21:00,PART_0169,RECEIPT,4,6,10,
TXN_001166,2024-02-22 03:15:00,PART_0159,ISSUE,7,28,21,WO_05797
TXN_001167,2024-04-29 16:30:00,PART_0269,ADJUSTMENT,2,31,29,
TXN_001168,2024-03-04 03:05:00,PART_0277,ISSUE,1,30,29,WO_07379
TXN_001169,2024-01-15 18:34:00,PART_0247,RECEIPT,4,51,55,
TXN_001170,2024-03-20 19:24:00,PART_0134,ISSUE,6,42,36,WO_07937
TXN_001171,2024-07-18 19:48:00,PART_0058,RECEIPT,5,34,39,
TXN_001172,2024-06-04 14:34:00,PART_0217,ISSUE,8,54,46,WO_00056
TXN_001173,2024-07-26 05:56:00,PART_0230,ISSUE,1,0,0,WO_01101
TXN_001174,2024-04-07 01:56:00,PART_0041,ISSUE,3,15,12,WO_05670
TXN_001175,2025-04-14 02:40:00,PART_0029,RECEIPT,4,16,20,
TXN_001176,2025-02-08 14:15:00,PART_0299,RECEIPT,8,9,17,
TXN_001177,2024-04-10 06:33:00,PART_0054,ISSUE,2,59,57,WO_03084
TXN_001178,2024-11-12 05:27:00,PART_0272,RECEIPT,3,53,56,
TXN_001179,2024-06-04 12:46:00,PART_0175,ISSUE,5,35,30,WO_00571
TXN_001180,2025-06-24 16:08:00,PART_0261,ISSUE,3,70,67,WO_00037
TXN_001181,2024-01-23 21:03:00,PART_0230,ISSUE,1,0,0,WO_09506
TXN_001182,2024-08-03 19:17:00,PART_0240,ISSUE,6,6,0,WO_00607
TXN_001183,2024-07-19 22:03:00,PART_0233,ISSUE,1,41,40,WO_06610
TXN_001184,2024-03-22 14:18:00,PART_0225,RECEIPT,2,44,46,
TXN_001185,2025-02-17 05:57:00,PART_0258,ISSUE,4,27,23,WO_03894
TXN_001186,2025-08-11 10:05:00,PART_0068,ISSUE,4,49,45,WO_00148
TXN_001187,2024-02-12 20:14:00,PART_0215,ISSUE,7,8,1,WO_08620
TXN_001188,2025-08-04 16:24:00,PART_0152,RECEIPT,6,41,47,
TXN_001189,2024-10-06 22:18:00,PART_0120,ISSUE,4,17,13,WO_02626
TXN_001190,2024-10-08 15:05:00,PART_0144,ISSUE,1,0,0,WO_05703
TXN_001191,2024-02-06 20:17:00,PART_0194,ISSUE,6,48,42,WO_05434
TXN_001192,2024-06-11 15:32:00,PART_0230,ISSUE,1,0,0,WO_08088
TXN_001193,2024-11-30 03:45:00,PART_0026,ISSUE,1,13,12,WO_07586
TXN_001194,2025-02-19 13:54:00,PART_0148,ADJUSTMENT,4,74,78,
TXN_001195,2025-05-24 03:55:00,PART_0273,ISSUE,4,17,13,WO_05246
TXN_001196,2024-05-01 14:25:00,PART_0030,RECEIPT,4,31,35,
TXN_001197,2024-06-02 01:59:00,PART_0063,ISSUE,2,37,35,WO_03888
TXN_001198,2025-02-12 18:37:00,PART_0118,ISSUE,5,49,44,WO_02229
TXN_001199,2024-02-14 11:17:00,PART_0080,ISSUE,1,1,0,WO_04603
TXN_001200,2024-06-18 13:35:00,PART_0287,RECEIPT,3,43,46,
TXN_001201,2025-03-31 16:15:00,PART_0011,ISSUE,5,31,26,WO_02856
TXN_001202,2025-06-21 14:55:00,PART_0258,ISSUE,4,23,19,WO_05291
TXN_001203,2024-12-20 21:01:00,PART_0176,ISSUE,8,56,48,WO_01344
TXN_001204,2024-05-15 00:44:00,PART_0166,ISSUE,4,6,2,WO_08453
TXN_001205,2024-04-25 04:02:00,PART_0295,ADJUSTMENT,7,58,51,
TXN_001206,2024-02-16 21:52:00,PART_0193,ISSUE,2,17,15,WO_02775
TXN_001207,2025-07-16 05:38:00,PART_0176,RECEIPT,6,48,54,
TXN_001208,2024-02-08 03:20:00,PART_0267,RECEIPT,7,50,57,
TXN_001209,2025-08-17 02:40:00,PART_0285,ISSUE,6,51,45,WO_00839
TXN_001210,2025-05-23 09:37:00,PART_0275,ISSUE,1,49,48,WO_04076
TXN_001211,2024-12-18 18:23:00,PART_0120,ISSUE,5,13,8,WO_06712
TXN_001212,2024-09-18 23:39:00,PART_0166,RECEIPT,3,2,5,
TXN_001213,2025-07-25 12:33:00,PART_0246,RECEIPT,4,3,7,
TXN_001214,2024-05-04 12:17:00,PART_0095,RECEIPT,7,56,63,
TXN_001215,2024-09-19 16:42:00,PART_0242,ISSUE,2,30,28,WO_01740
TXN_001216,2024-07-02 19:16:00,PART_0100,RECEIPT,5,14,19,
TXN_001217,2024-01-28 04:17:00,PART_0230,RECEIPT,2,0,2,
TXN_001218,2024-08-29 08:05:00,PART_0229,ISSUE,5,45,40,WO_04619
TXN_001219,2025-08-10 09:41:00,PART_0071,RECEIPT,8,29,37,
TXN_001220,2025-01-13 05:58:00,PART_0060,RECEIPT,5,0,5,
TXN_001221,2024-07-27 13:52:00,PART_0236,ISSUE,4,29,25,WO_05896
TXN_001222,2024-04-23 22:21:00,PART_0186,ISSUE,5,23,18,WO_01098
TXN_001223,2025-01-03 06:44:00,PART_0047,ISSUE,1,31,30,WO_07376
TXN_001224,2025-05-03 16:10:00,PART_0283,ISSUE,7,18,11,WO_03827
TXN_001225,2024-10-18 02:12:00,PART_0076,ISSUE,8,40,32,WO_02777
TXN_001226,2024-04-16 15:09:00,PART_0037,ISSUE,3,7,4,WO_00966
TXN_001227,2024-07-09 12:55:00,PART_0084,ADJUSTMENT,3,11,14,
TXN_001228,2024-08-14 14:34:00,PART_0126,ISSUE,3,39,36,WO_01793
TXN_001229,2024-11-13 09:55:00,PART_0247,ISSUE,5,55,50,WO_09232
TXN_001230,2025-01-20 05:20:00,PART_0082,RECEIPT,5,27,32,
TXN_001231,2024-06-12 22:02:00,PART_0235,ISSUE,6,38,32,WO_08685
TXN_001232,2025-01-23 17:20:00,PART_0060,ISSUE,1,5,4,WO_03476
TXN_001233,2024-10-08 17:12:00,PART_0252,ISSUE,4,18,14,WO_04996
TXN_001234,2024-10-20 14:45:00,PART_0293,ISSUE,3,12,9,WO_08284
TXN_001235,2024-05-06 12:21:00,PART_0029,ISSUE,1,20,19,WO_01364
TXN_001236,2025-06-18 00:05:00,PART_0270,ISSUE,8,44,36,WO_07215
TXN_001237,2025-07-17 16:16:00,PART_0080,ISSUE,1,0,0,WO_00619
TXN_001238,2025-06-14 23:54:00,PART_0065,ISSUE,6,20,14,WO_09574
TXN_001239,2025-01-18 06:27:00,PART_0092,ISSUE,2,10,8,WO_05066
TXN_001240,2024-05-27 00:54:00,PART_0081,ISSUE,6,7,1,WO_00467
TXN_001241,2025-05-01 19:48:00,PART_0048,ISSUE,7,41,34,WO_05475
TXN_001242,2024-09-04 03:57:00,PART_0159,ISSUE,8,21,13,WO_06187
TXN_001243,2025-04-13 02:48:00,PART_0112,RECEIPT,4,40,44,
TXN_001244,2024-03-25 02:05:00,PART_0266,ISSUE,4,58,54,WO_09987
TXN_001245,2024-10-15 02:52:00,PART_0179,ISSUE,2,22,20,WO_06521
TXN_001246,2025-09-12 12:50:00,PART_0234,ISSUE,5,5,0,WO_08675
TXN_001247,2024-06-16 16:57:00,PART_0173,ISSUE,3,3,0,WO_06729
TXN_001248,2024-10-25 20:25:00,PART_0087,ISSUE,1,32,31,WO_04914
TXN_001249,2024-06-20 18:24:00,PART_0240,ISSUE,1,0,0,WO_06907
TXN_001250,2024-03-20 13:50:00,PART_0191,RECEIPT,6,1,7,
TXN_001251,2024-04-07 15:00:00,PART_0017,RECEIPT,2,18,20,
TXN_001252,2024-06-13 08:28:00,PART_0261,ISSUE,2,67,65,WO_09530
TXN_001253,2025-02-26 13:48:00,PART_0106,RECEIPT,7,42,49,
TXN_001254,2024-02-21 03:52:00,PART_0127,RECEIPT,7,2,9,
TXN_001255,2024-04-02 02:58:00,PART_0277,RECEIPT,3,29,32,
TXN_001256,2024-04-11 15:56:00,PART_0240,RECEIPT,6,0,6,
TXN_001257,2024-03-13 06:27:00,PART_0220,RECEIPT,1,27,28,
TXN_001258,2024-07-13 20:40:00,PART_0004,ISSUE,7,31,24,WO_09711
TXN_001259,2025-07-04 14:10:00,PART_0140,ISSUE,8,17,9,WO_08018
TXN_001260,2025-08-13 19:08:00,PART_0035,ISSUE,1,43,42,WO_06545
TXN_001261,2025-07-10 10:47:00,PART_0287,ISSUE,4,46,42,WO_05632
TXN_001262,2025-03-22 06:24:00,PART_0126,RECEIPT,6,36,42,
TXN_001263,2025-07-06 23:21:00,PART_0264,RECEIPT,1,34,35,
TXN_001264,2024-03-09 05:36:00,PART_0083,RECEIPT,1,22,23,
TXN_001265,2025-08-05 14:37:00,PART_0188,ISSUE,2,2,0,WO_03323
TXN_001266,2024-11-17 12:55:00,PART_0231,RECEIPT,3,16,19,
TXN_001267,2025-09-08 21:33:00,PART_0043,ISSUE,2,67,65,WO_09340
TXN_001268,2024-05-26 15:09:00,PART_0215,ISSUE,1,1,0,WO_04970
TXN_001269,2024-06-02 17:27:00,PART_0254,ISSUE,8,50,42,WO_05710
TXN_001270,2024-03-09 02:27:00,PART_0032,ISSUE,2,27,25,WO_08224
TXN_001271,2025-02-20 03:36:00,PART_0015,ISSUE,6,30,24,WO_02470
TXN_001272,2025-06-13 21:32:00,PART_0051,ISSUE,2,58,56,WO_03733
TXN_001273,2024-09-03 07:10:00,PART_0242,RECEIPT,1,28,29,
TXN_001274,2025-01-14 19:32:00,PART_0028,RECEIPT,5,11,16,
TXN_001275,2024-09-04 03:28:00,PART_0133,ISSUE,1,51,50,WO_00713
TXN_001276,2025-02-13 19:18:00,PART_0020,ISSUE,1,0,0,WO_02883
TXN_001277,2025-08-30 13:12:00,PART_0263,ISSUE,8,52,44,WO_00072
TXN_001278,2025-07-04 06:40:00,PART_0122,RECEIPT,7,19,26,
TXN_001279,2024-07-28 01:55:00,PART_0233,ISSUE,6,40,34,WO_07666
TXN_001280,2024-08-20 06:32:00,PART_0047,ADJUSTMENT,2,30,28,
TXN_001281,2025-05-11 20:07:00,PART_0287,RECEIPT,6,42,48,
TXN_001282,2025-08-30 06:36:00,PART_0179,RECEIPT,2,20,22,
TXN_001283,2024-02-28 12:09:00,PART_0185,ISSUE,4,47,43,WO_00738
TXN_001284,2024-07-10 22:58:00,PART_0152,ISSUE,6,47,41,WO_00752
TXN_001285,2025-02-11 02:41:00,PART_0145,ISSUE,8,40,32,WO_04706
TXN_001286,2025-05-21 09:37:00,PART_0229,ISSUE,2,40,38,WO_05194
TXN_001287,2025-03-16 23:41:00,PART_0057,ISSUE,3,27,24,WO_03573
TXN_001288,2025-03-25 13:08:00,PART_0151,ISSUE,6,31,25,WO_04836
TXN_001289,2025-08-30 12:04:00,PART_0145,RECEIPT,2,32,34,
TXN_001290,2024-06-02 06:20:00,PART_0272,ISSUE,1,56,55,WO_01053
TXN_001291,2025-06-06 17:24:00,PART_0055,RECEIPT,8,49,57,
TXN_001292,2025-03-04 20:18:00,PART_0011,RECEIPT,8,26,34,
TXN_001293,2025-07-19 00:51:00,PART_0030,RECEIPT,1,35,36,
TXN_001294,2025-05-25 09:58:00,PART_0248,RECEIPT,2,20,22,
TXN_001295,2024-09-19 08:17:00,PART_0235,ISSUE,1,32,31,WO_01344
TXN_001296,2024-08-03 18:27:00,PART_0041,ISSUE,5,12,7,WO_01293
TXN_001297,2024-08-07 00:01:00,PART_0162,RECEIPT,7,26,33,
TXN_001298,2024-06-21 17:23:00,PART_0255,ISSUE,4,38,34,WO_02078
TXN_001299,2024-11-01 01:08:00,PART_0190,RECEIPT,5,29,34,
TXN_001300,2025-03-31 15:35:00,PART_0146,ISSUE,1,47,46,WO_04912
TXN_001301,2025-02-04 18:53:00,PART_0020,RECEIPT,6,0,6,
TXN_001302,2024-01-07 22:17:00,PART_0099,ISSUE,4,12,8,WO_07697
TXN_001303,2024-01-06 12:27:00,PART_0217,ISSUE,1,46,45,WO_05069
TXN_001304,2024-01-06 01:06:00,PART_0046,ISSUE,4,23,19,WO_08451
TXN_001305,2025-09-12 04:28:00,PART_0104,RECEIPT,2,37,39,
TXN_001306,2024-01-01 02:23:00,PART_0254,RECEIPT,4,42,46,
TXN_001307,2024-11-16 11:13:00,PART_0084,ISSUE,7,14,7,WO_05817
TXN_001308,2024-05-14 20:45:00,PART_0238,RECEIPT,2,11,13,
TXN_001309,2025-06-16 05:00:00,PART_0018,ISSUE,1,0,0,WO_04546
TXN_001310,2024-02-06 16:14:00,PART_0149,ISSUE,4,62,58,WO_01069
TXN_001311,2025-04-04 21:29:00,PART_0183,ISSUE,4,37,33,WO_00719
TXN_001312,2024-08-12 06:39:00,PART_0226,ISSUE,6,35,29,WO_07261
TXN_001313,2024-07-18 04:28:00,PART_0163,ISSUE,5,60,55,WO_07615
TXN_001314,2024-05-20 11:07:00,PART_0211,RECEIPT,5,44,49,
TXN_001315,2024-09-27 12:53:00,PART_0201,RECEIPT,8,35,43,
TXN_001316,2025-07-16 20:14:00,PART_0044,ISSUE,2,41,39,WO_05266
TXN_001317,2024-08-23 18:29:00,PART_0173,RECEIPT,1,0,1,
TXN_001318,2024-02-28 11:35:00,PART_0207,RECEIPT,7,43,50,
TXN_001319,2024-06-27 18:25:00,PART_0134,ISSUE,8,36,28,WO_06175
TXN_001320,2025-02-05 15:59:00,PART_0159,ISSUE,1,13,12,WO_01928
TXN_001321,2025-04-16 13:16:00,PART_0247,RECEIPT,8,50,58,
TXN_001322,2024-08-06 00:24:00,PART_0118,RECEIPT,8,44,52,
TXN_001323,2025-04-06 03:23:00,PART_0196,RECEIPT,3,29,32,
TXN_001324,2025-06-03 14:15:00,PART_0144,ISSUE,1,0,0,WO_07529
TXN_001325,2025-04-26 12:30:00,PART_0198,ISSUE,3,28,25,WO_03474
TXN_001326,2025-06-20 03:37:00,PART_0082,RECEIPT,2,32,34,
TXN_001327,2025-03-09 12:55:00,PART_0094,ISSUE,6,74,68,WO_07130
TXN_001328,2024-12-02 02:02:00,PART_0273,RECEIPT,3,13,16,
TXN_001329,2024-04-03 01:39:00,PART_0226,ISSUE,4,29,25,WO_02088
TXN_001330,2025-04-15 09:16:00,PART_0193,ISSUE,8,15,7,WO_06928
TXN_001331,2025-03-14 21:35:00,PART_0300,ISSUE,6,63,57,WO_09765
TXN_001332,2024-06-08 21:30:00,PART_0242,ADJUSTMENT,2,29,31,
TXN_001333,2025-03-21 14:20:00,PART_0257,ISSUE,5,46,41,WO_03893
TXN_001334,2025-02-06 19:32:00,PART_0235,ISSUE,2,31,29,WO_06232
TXN_001335,2025-02-13 05:53:00,PART_0062,ISSUE,3,8,5,WO_03464
TXN_001336,2025-05-02 04:27:00,PART_0201,RECEIPT,8,43,51,
TXN_001337,2024-12-23 18:34:00,PART_0136,ISSUE,7,21,14,WO_04743
TXN_001338,2025-07-29 19:22:00,PART_0035,RECEIPT,5,42,47,
TXN_001339,2025-08-16 02:06:00,PART_0061,RECEIPT,1,18,19,
TXN_001340,2025-04-24 16:18:00,PART_0231,ISSUE,7,19,12,WO_01512
TXN_001341,2024-12-23 04:19:00,PART_0249,RECEIPT,3,31,34,
TXN_001342,2025-08-18 09:43:00,PART_0013,RECEIPT,4,60,64,
TXN_001343,2024-07-31 05:22:00,PART_0234,ISSUE,1,0,0,WO_01778
TXN_001344,2024-12-14 13:45:00,PART_0106,ISSUE,8,49,41,WO_01608
TXN_001345,2025-06-01 10:39:00,PART_0140,ADJUSTMENT,1,9,10,
TXN_001346,2024-04-09 09:03:00,PART_0213,RECEIPT,5,12,17,
TXN_001347,2025-02-16 14:56:00,PART_0289,ISSUE,8,47,39,WO_02104
TXN_001348,2024-07-21 20:51:00,PART_0215,ISSUE,1,0,0,WO_05764
TXN_001349,2024-04-26 13:44:00,PART_0231,ISSUE,1,12,11,WO_04279
TXN_001350,2025-08-25 10:51:00,PART_0063,ISSUE,5,35,30,WO_07609
TXN_001351,2024-04-16 22:56:00,PART_0081,ISSUE,1,1,0,WO_09789
TXN_001352,2024-07-03 07:20:00,PART_0108,ISSUE,8,27,19,WO_06007
TXN_001353,2025-08-20 21:04:00,PART_0156,ISSUE,3,39,36,WO_04840
TXN_001354,2025-01-07 22:14:00,PART_0190,RECEIPT,1,34,35,
TXN_001355,2025-04-27 20:16:00,PART_0076,RECEIPT,3,32,35,
TXN_001356,2025-05-09 18:11:00,PART_0194,ISSUE,8,42,34,WO_01413
TXN_001357,2024-07-26 11:30:00,PART_0026,ISSUE,6,12,6,WO_01304
TXN_001358,2024-03-08 06:59:00,PART_0170,RECEIPT,4,22,26,
TXN_001359,2025-03-01 03:29:00,PART_0076,RECEIPT,3,35,38,
TXN_001360,2025-01-08 22:19:00,PART_0158,ISSUE,1,18,17,WO_02676
TXN_001361,2024-01-06 00:00:00,PART_0069,ISSUE,7,42,35,WO_06054
TXN_001362,2024-09-16 17:09:00,PART_0221,RECEIPT,6,39,45,
TXN_001363,2025-08-26 15:15:00,PART_0175,RECEIPT,7,30,37,
TXN_001364,2025-03-19 15:42:00,PART_0233,ISSUE,4,34,30,WO_01422
TXN_001365,2025-08-23 03:12:00,PART_0152,ISSUE,6,41,35,WO_06012
TXN_001366,2024-03-18 07:11:00,PART_0089,RECEIPT,1,42,43,
TXN_001367,2024-10-05 06:58:00,PART_0218,RECEIPT,3,33,36,
TXN_001368,2025-08-01 00:45:00,PART_0139,ISSUE,3,7,4,WO_07217
TXN_001369,2025-07-03 16:29:00,PART_0037,RECEIPT,2,4,6,
TXN_001370,2024-10-06 07:09:00,PART_0011,RECEIPT,4,34,38,
TXN_001371,2024-04-09 12:29:00,PART_0094,ISSUE,3,68,65,WO_02443
TXN_001372,2025-03-28 12:56:00,PART_0157,ISSUE,5,20,15,WO_08824
TXN_001373,2024-12-10 14:06:00,PART_0168,RECEIPT,7,38,45,
TXN_001374,2024-11-08 11:42:00,PART_0097,RECEIPT,3,10,13,
TXN_001375,2025-07-14 17:30:00,PART_0012,ISSUE,5,32,27,WO_09256
TXN_001376,2025-08-04 00:13:00,PART_0280,ISSUE,3,53,50,WO_01587
TXN_001377,2024-10-03 09:48:00,PART_0098,ISSUE,1,52,51,WO_03699
TXN_001378,2024-01-17 23:50:00,PART_0111,ISSUE,1,1,0,WO_07051
TXN_001379,2025-03-19 13:35:00,PART_0110,ISSUE,5,27,22,WO_02019
TXN_001380,2025-04-01 05:21:00,PART_0258,ISSUE,4,19,15,WO_04047
TXN_001381,2024-02-13 07:07:00,PART_0111,ISSUE,1,0,0,WO_00767
TXN_001382,2024-02-19 04:43:00,PART_0240,ISSUE,5,6,1,WO_08205
TXN_001383,2025-05-01 00:10:00,PART_0221,ISSUE,7,45,38,WO_06278
TXN_001384,2024-04-10 21:43:00,PART_0132,ISSUE,8,28,20,WO_00169
TXN_001385,2024-10-12 03:08:00,PART_0299,ISSUE,3,17,14,WO_00682
TXN_001386,2024-08-18 07:15:00,PART_0222,RECEIPT,1,14,15,
TXN_001387,2024-07-02 16:18:00,PART_0229,ISSUE,7,38,31,WO_08336
TXN_001388,2024-06-26 17:49:00,PART_0197,ISSUE,6,32,26,WO_02595
TXN_001389,2024-10-16 05:40:00,PART_0027,RECEIPT,8,48,56,
TXN_001390,2024-03-24 02:08:00,PART_0238,ISSUE,8,13,5,WO_03654
TXN_001391,2024-02-29 15:04:00,PART_0114,ISSUE,3,57,54,WO_08088
TXN_001392,2024-03-09 18:19:00,PART_0239,ISSUE,1,56,55,WO_02942
TXN_001393,2025-02-08 00:46:00,PART_0172,ADJUSTMENT,2,36,38,
TXN_001394,2025-04-11 20:17:00,PART_0027,ISSUE,4,56,52,WO_03739
TXN_001395,2025-05-15 09:31:00,PART_0270,ISSUE,5,36,31,WO_00854
TXN_001396,2024-07-14 12:55:00,PART_0253,ISSUE,5,27,22,WO_01153
TXN_001397,2025-03-14 13:12:00,PART_0122,ISSUE,6,26,20,WO_02506
TXN_001398,2024-08-14 13:55:00,PART_0200,RECEIPT,8,9,17,
TXN_001399,2025-06-09 00:49:00,PART_0149,RECEIPT,5,58,63,
TXN_001400,2025-01-27 07:10:00,PART_0231,RECEIPT,3,11,14,
TXN_001401,2024-07-04 13:00:00,PART_0141,ISSUE,3,3,0,WO_00101
TXN_001402,2024-06-10 02:36:00,PART_0136,ISSUE,5,14,9,WO_01981
TXN_001403,2025-01-28 04:41:00,PART_0218,ISSUE,3,36,33,WO_03907
TXN_001404,2024-11-17 22:01:00,PART_0027,ISSUE,7,52,45,WO_04107
TXN_001405,2025-08-05 10:53:00,PART_0222,RECEIPT,5,15,20,
TXN_001406,2024-07-09 16:49:00,PART_0154,ISSUE,1,37,36,WO_02193
TXN_001407,2025-05-12 07:25:00,PART_0032,ISSUE,5,25,20,WO_07657
TXN_001408,2025-02-09 07:49:00,PART_0158,ISSUE,8,17,9,WO_07572
TXN_001409,2025-04-21 17:29:00,PART_0068,ISSUE,4,45,41,WO_02612
TXN_001410,2024-12-25 21:49:00,PART_0218,ISSUE,1,33,32,WO_04901
TXN_001411,2025-04-23 03:23:00,PART_0018,RECEIPT,5,0,5,
TXN_001412,2025-08-17 14:31:00,PART_0108,ISSUE,5,19,14,WO_04126
TXN_001413,2025-08-23 18:23:00,PART_0195,ISSUE,2,42,40,WO_05036
TXN_001414,2025-02-13 17:10:00,PART_0239,RECEIPT,8,55,63,
TXN_001415,2025-03-22 02:56:00,PART_0204,ISSUE,3,45,42,WO_01348
TXN_001416,2025-03-17 08:56:00,PART_0111,ISSUE,1,0,0,WO_09254
TXN_001417,2024-11-29 00:10:00,PART_0109,RECEIPT,5,42,47,
TXN_001418,2025-04-08 00:51:00,PART_0169,ISSUE,5,10,5,WO_01346
TXN_001419,2025-07-25 00:35:00,PART_0254,RECEIPT,2,46,48,
TXN_001420,2024-12-25 11:57:00,PART_0281,RECEIPT,2,31,33,
TXN_001421,2024-01-26 03:36:00,PART_0244,RECEIPT,2,50,52,
TXN_001422,2024-07-24 22:46:00,PART_0051,ISSUE,5,56,51,WO_05790
TXN_001423,2024-05-03 11:37:00,PART_0216,ISSUE,3,25,22,WO_08343
TXN_001424,2024-08-11 07:41:00,PART_0200,ISSUE,8,17,9,WO_09760
TXN_001425,2024-07-17 07:41:00,PART_0246,ISSUE,7,7,0,WO_00235
TXN_001426,2024-11-24 15:42:00,PART_0135,RECEIPT,8,37,45,
TXN_001427,2024-09-19 02:04:00,PART_0177,ISSUE,6,39,33,WO_04669
TXN_001428,2025-03-28 10:46:00,PART_0124,ISSUE,6,36,30,WO_02798
TXN_001429,2024-08-26 21:55:00,PART_0282,RECEIPT,6,60,66,
TXN_001430,2025-09-03 20:17:00,PART_0113,ISSUE,4,58,54,WO_05012
TXN_001431,2025-05-02 01:42:00,PART_0166,RECEIPT,7,5,12,
TXN_001432,2024-07-05 05:54:00,PART_0248,RECEIPT,2,22,24,
TXN_001433,2025-05-08 02:25:00,PART_0038,RECEIPT,6,15,21,
TXN_001434,2024-08-27 14:35:00,PART_0237,RECEIPT,6,21,27,
TXN_001435,2025-08-04 23:57:00,PART_0094,ISSUE,6,65,59,WO_07415
TXN_001436,2024-03-21 06:52:00,PART_0163,ISSUE,3,55,52,WO_02908
TXN_001437,2025-04-23 01:45:00,PART_0300,ADJUSTMENT,2,57,55,
TXN_001438,2024-08-30 02:55:00,PART_0123,ISSUE,1,21,20,WO_07367
TXN_001439,2024-03-04 01:16:00,PART_0154,ISSUE,3,36,33,WO_09647
TXN_001440,2025-05-26 19:45:00,PART_0207,ISSUE,2,50,48,WO_07526
TXN_001441,2024-12-04 00:18:00,PART_0152,ISSUE,6,35,29,WO_00256
TXN_001442,2025-07-03 10:02:00,PART_0253,ISSUE,3,22,19,WO_01982
TXN_001443,2025-08-03 12:29:00,PART_0072,RECEIPT,8,7,15,
TXN_001444,2025-08-12 18:11:00,PART_0254,ISSUE,8,48,40,WO_09566
TXN_001445,2025-02-22 08:31:00,PART_0267,ISSUE,4,57,53,WO_09324
TXN_001446,2025-03-14 01:00:00,PART_0166,RECEIPT,6,12,18,
TXN_001447,2025-01-11 04:52:00,PART_0032,RECEIPT,4,20,24,
TXN_001448,2025-05-05 09:13:00,PART_0016,RECEIPT,5,8,13,
TXN_001449,2024-07-02 23:02:00,PART_0251,RECEIPT,3,40,43,
TXN_001450,2024-09-30 17:23:00,PART_0214,RECEIPT,7,0,7,
TXN_001451,2024-10-19 14:19:00,PART_0052,ISSUE,1,30,29,WO_08361
TXN_001452,2024-03-19 15:16:00,PART_0108,ISSUE,4,14,10,WO_02233
TXN_001453,2024-04-15 21:11:00,PART_0201,ISSUE,5,51,46,WO_02581
TXN_001454,2024-01-22 22:01:00,PART_0010,RECEIPT,7,7,14,
TXN_001455,2025-07-27 12:49:00,PART_0215,ISSUE,1,0,0,WO_05726
TXN_001456,2025-05-14 18:55:00,PART_0038,RECEIPT,6,21,27,
TXN_001457,2025-07-28 11:27:00,PART_0137,ISSUE,8,26,18,WO_09842
TXN_001458,2024-08-29 08:37:00,PART_0137,ISSUE,3,18,15,WO_03541
TXN_001459,2024-05-17 00:07:00,PART_0180,RECEIPT,4,28,32,
TXN_001460,2025-08-20 02:03:00,PART_0028,RECEIPT,6,16,22,
TXN_001461,2024-09-26 21:01:00,PART_0144,ISSUE,1,0,0,WO_06709
TXN_001462,2024-01-22 01:13:00,PART_0182,ISSUE,3,44,41,WO_03211
TXN_001463,2025-01-10 02:27:00,PART_0252,ISSUE,2,14,12,WO_02954
TXN_001464,2025-01-01 02:42:00,PART_0249,RECEIPT,5,34,39,
TXN_001465,2025-03-31 12:41:00,PART_0082,ISSUE,4,34,30,WO_05386
TXN_001466,2024-03-14 00:36:00,PART_0107,RECEIPT,3,13,16,
TXN_001467,2024-07-02 16:38:00,PART_0018,RECEIPT,8,5,13,
TXN_001468,2025-03-13 06:26:00,PART_0094,ISSUE,2,59,57,WO_04947
TXN_001469,2024-09-06 02:25:00,PART_0042,ISSUE,1,59,58,WO_08452
TXN_001470,2024-05-06 00:20:00,PART_0279,ISSUE,7,32,25,WO_04338
TXN_001471,2025-03-24 00:23:00,PART_0113,RECEIPT,1,54,55,
TXN_001472,2024-12-06 10:47:00,PART_0093,ADJUSTMENT,7,35,28,
TXN_001473,2024-02-27 00:04:00,PART_0117,RECEIPT,4,17,21,
TXN_001474,2025-07-03 22:28:00,PART_0274,RECEIPT,4,20,24,
TXN_001475,2025-08-21 00:22:00,PART_0060,ISSUE,4,4,0,WO_06692
TXN_001476,2025-02-02 20:26:00,PART_0059,ISSUE,1,0,0,WO_07784
TXN_001477,2025-01-10 21:42:00,PART_0096,RECEIPT,3,63,66,
TXN_001478,2024-07-07 06:24:00,PART_0096,RECEIPT,2,66,68,
TXN_001479,2025-01-30 03:43:00,PART_0129,ISSUE,4,52,48,WO_02809
TXN_001480,2025-04-01 01:10:00,PART_0197,RECEIPT,5,26,31,
TXN_001481,2025-05-13 04:09:00,PART_0147,ISSUE,1,1,0,WO_03985
TXN_001482,2025-01-21 22:37:00,PART_0180,RECEIPT,8,32,40,
TXN_001483,2024-04-12 16:48:00,PART_0292,RECEIPT,6,27,33,
TXN_001484,2025-08-15 22:52:00,PART_0170,ADJUSTMENT,2,26,28,
TXN_001485,2024-06-02 03:54:00,PART_0203,ISSUE,3,43,40,WO_09687
TXN_001486,2024-05-30 13:25:00,PART_0158,ISSUE,3,9,6,WO_02839
TXN_001487,2024-07-09 02:39:00,PART_0090,ISSUE,7,29,22,WO_03115
TXN_001488,2025-09-14 22:39:00,PART_0048,ISSUE,2,34,32,WO_02149
TXN_001489,2024-10-27 01:31:00,PART_0086,RECEIPT,6,14,20,
TXN_001490,2024-08-12 04:08:00,PART_0185,ISSUE,4,43,39,WO_04892
TXN_001491,2024-12-19 15:28:00,PART_0160,ISSUE,5,10,5,WO_09302
TXN_001492,2024-12-14 19:35:00,PART_0156,ISSUE,5,36,31,WO_07706
TXN_001493,2024-05-28 03:10:00,PART_0061,RECEIPT,3,19,22,
TXN_001494,2024-12-19 23:51:00,PART_0013,ISSUE,3,64,61,WO_05239
TXN_001495,2024-03-18 12:00:00,PART_0104,ISSUE,2,39,37,WO_09312
TXN_001496,2025-02-15 05:08:00,PART_0240,ISSUE,1,1,0,WO_04572
TXN_001497,2024-08-09 19:58:00,PART_0294,ADJUSTMENT,2,9,7,
TXN_001498,2024-01-27 00:39:00,PART_0048,ISSUE,2,32,30,WO_08392
TXN_001499,2024-07-02 19:54:00,PART_0040,ISSUE,6,23,17,WO_05648
TXN_001500,2025-03-25 01:04:00,PART_0138,RECEIPT,2,31,33,
TXN_001501,2025-07-08 15:46:00,PART_0067,ISSUE,2,41,39,WO_06082
TXN_001502,2025-04-10 09:28:00,PART_0023,RECEIPT,6,51,57,
TXN_001503,2024-01-25 15:37:00,PART_0047,RECEIPT,5,28,33,
TXN_001504,2025-08-14 23:32:00,PART_0015,ADJUSTMENT,7,24,31,
TXN_001505,2024-01-24 21:32:00,PART_0030,RECEIPT,6,36,42,
TXN_001506,2024-11-18 12:23:00,PART_0024,ADJUSTMENT,2,38,40,
TXN_001507,2024-09-07 09:07:00,PART_0101,ISSUE,7,36,29,WO_06398
TXN_001508,2024-11-19 01:03:00,PART_0215,ISSUE,1,0,0,WO_07824
TXN_001509,2024-03-12 13:41:00,PART_0153,ADJUSTMENT,6,52,58,
TXN_001510,2024-06-22 08:49:00,PART_0011,ISSUE,1,38,37,WO_04351
TXN_001511,2024-12-31 13:12:00,PART_0274,RECEIPT,7,24,31,
TXN_001512,2025-07-06 21:43:00,PART_0168,ADJUSTMENT,2,45,47,
TXN_001513,2024-12-09 14:53:00,PART_0205,RECEIPT,4,3,7,
TXN_001514,2024-12-14 05:29:00,PART_0026,ADJUSTMENT,7,6,0,
TXN_001515,2025-05-31 07:21:00,PART_0220,ISSUE,5,28,23,WO_08509
TXN_001516,2025-06-23 12:39:00,PART_0128,ISSUE,6,11,5,WO_02678
TXN_001517,2024-05-10 18:59:00,PART_0026,ISSUE,1,0,0,WO_07801
TXN_001518,2025-08-24 12:24:00,PART_0132,ISSUE,6,20,14,WO_08082
TXN_001519,2025-08-16 11:31:00,PART_0221,ISSUE,2,38,36,WO_09308
TXN_001520,2024-09-28 10:10:00,PART_0095,ISSUE,2,63,61,WO_00704
TXN_001521,2025-01-17 18:08:00,PART_0025,ISSUE,2,15,13,WO_03509
TXN_001522,2024-10-23 22:04:00,PART_0278,RECEIPT,7,18,25,
TXN_001523,2024-10-24 16:46:00,PART_0169,ISSUE,4,5,1,WO_02503
TXN_001524,2024-08-18 07:41:00,PART_0129,ADJUSTMENT,1,48,49,
TXN_001525,2025-05-22 22:56:00,PART_0029,ISSUE,1,19,18,WO_04972
TXN_001526,2024-08-03 02:57:00,PART_0224,RECEIPT,7,0,7,
TXN_001527,2024-02-29 07:12:00,PART_0114,ISSUE,1,54,53,WO_04018
TXN_001528,2025-06-22 04:13:00,PART_0181,ISSUE,6,38,32,WO_04743
TXN_001529,2024-07-16 19:46:00,PART_0233,ISSUE,7,30,23,WO_02185
TXN_001530,2025-02-09 19:07:00,PART_0296,RECEIPT,3,20,23,
TXN_001531,2025-03-11 20:09:00,PART_0156,ISSUE,4,31,27,WO_08099
TXN_001532,2024-10-03 10:19:00,PART_0205,RECEIPT,2,7,9,
TXN_001533,2024-03-21 22:58:00,PART_0183,ISSUE,8,33,25,WO_04181
TXN_001534,2024-07-12 14:09:00,PART_0099,RECEIPT,6,8,14,
TXN_001535,2024-10-13 17:12:00,PART_0066,RECEIPT,6,45,51,
TXN_001536,2025-01-23 10:50:00,PART_0008,ISSUE,1,13,12,WO_08413
TXN_001537,2025-06-20 20:15:00,PART_0046,RECEIPT,2,19,21,
TXN_001538,2024-07-13 22:00:00,PART_0237,RECEIPT,8,27,35,
TXN_001539,2024-06-22 12:00:00,PART_0171,ISSUE,2,27,25,WO_00152
TXN_001540,2025-01-05 15:11:00,PART_0094,ISSUE,7,57,50,WO_02294
TXN_001541,2024-09-02 01:43:00,PART_0054,ISSUE,7,57,50,WO_04067
TXN_001542,2024-05-08 02:21:00,PART_0155,RECEIPT,7,31,38,
TXN_001543,2025-07-17 19:49:00,PART_0273,RECEIPT,2,16,18,
TXN_001544,2024-07-03 21:01:00,PART_0075,ISSUE,2,30,28,WO_00731
TXN_001545,2024-10-25 03:40:00,PART_0082,ISSUE,1,30,29,WO_07185
TXN_001546,2025-05-09 06:47:00,PART_0074,ISSUE,5,16,11,WO_06272
TXN_001547,2024-05-03 14:05:00,PART_0067,ISSUE,5,39,34,WO_09689
TXN_001548,2024-04-09 19:44:00,PART_0019,RECEIPT,5,0,5,
TXN_001549,2025-04-23 23:46:00,PART_0117,ISSUE,3,21,18,WO_09596
TXN_001550,2024-04-18 13:02:00,PART_0132,ISSUE,3,14,11,WO_09178
TXN_001551,2024-10-30 21:06:00,PART_0173,RECEIPT,2,1,3,
TXN_001552,2025-05-27 00:27:00,PART_0122,RECEIPT,4,20,24,
TXN_001553,2024-08-28 08:41:00,PART_0021,ISSUE,4,50,46,WO_04882
TXN_001554,2024-11-12 13:56:00,PART_0041,RECEIPT,4,7,11,
TXN_001555,2025-05-03 19:55:00,PART_0214,RECEIPT,7,7,14,
TXN_001556,2024-09-20 08:23:00,PART_0087,RECEIPT,7,31,38,
TXN_001557,2025-07-18 05:47:00,PART_0194,RECEIPT,5,34,39,
TXN_001558,2024-11-04 10:10:00,PART_0016,ISSUE,3,13,10,WO_01278
TXN_001559,2024-09-18 20:17:00,PART_0181,ADJUSTMENT,7,32,25,
TXN_001560,2024-06-13 04:45:00,PART_0290,ISSUE,7,32,25,WO_02224
TXN_001561,2025-08-31 13:18:00,PART_0291,ISSUE,1,63,62,WO_00512
TXN_001562,2024-03-11 14:16:00,PART_0005,ISSUE,7,49,42,WO_01144
TXN_001563,2024-08-07 07:01:00,PART_0138,RECEIPT,6,33,39,
TXN_001564,2025-02-05 20:08:00,PART_0063,ISSUE,8,30,22,WO_02357
TXN_001565,2025-01-02 14:01:00,PART_0203,ISSUE,6,40,34,WO_00460
TXN_001566,2024-04-02 03:04:00,PART_0154,ISSUE,8,33,25,WO_03862
TXN_001567,2025-02-18 12:41:00,PART_0204,ISSUE,7,42,35,WO_03056
TXN_001568,2024-01-16 00:21:00,PART_0215,RECEIPT,4,0,4,
TXN_001569,2025-03-12 02:31:00,PART_0091,ISSUE,2,41,39,WO_01675
TXN_001570,2024-12-05 13:56:00,PART_0012,ADJUSTMENT,6,27,33,
TXN_001571,2024-07-19 02:22:00,PART_0155,ISSUE,6,38,32,WO_04195
TXN_001572,2024-07-01 11:28:00,PART_0020,RECEIPT,1,6,7,
TXN_001573,2025-05-11 06:15:00,PART_0006,ISSUE,1,52,51,WO_04938
TXN_001574,2025-06-12 02:19:00,PART_0098,ISSUE,7,51,44,WO_04206
TXN_001575,2025-02-17 09:48:00,PART_0179,ISSUE,7,22,15,WO_04508
TXN_001576,2024-02-03 16:58:00,PART_0183,RECEIPT,4,25,29,
TXN_001577,2024-10-12 07:31:00,PART_0248,ISSUE,1,24,23,WO_07102
TXN_001578,2024-02-22 09:17:00,PART_0158,RECEIPT,1,6,7,
TXN_001579,2025-03-13 13:11:00,PART_0124,ISSUE,8,30,22,WO_00212
TXN_001580,2025-01-13 21:42:00,PART_0074,ISSUE,6,11,5,WO_06719
TXN_001581,2024-08-07 03:48:00,PART_0044,ISSUE,2,39,37,WO_03041
TXN_001582,2025-07-17 17:54:00,PART_0265,ISSUE,5,19,14,WO_04175
TXN_001583,2025-03-11 17:21:00,PART_0119,ISSUE,3,25,22,WO_02613
TXN_001584,2024-10-18 00:39:00,PART_0109,ISSUE,8,47,39,WO_06091
TXN_001585,2025-07-18 02:54:00,PART_0187,RECEIPT,7,32,39,
TXN_001586,2025-04-08 09:59:00,PART_0188,RECEIPT,2,0,2,
TXN_001587,2024-11-26 08:29:00,PART_0240,RECEIPT,3,0,3,
TXN_001588,2024-09-05 12:33:00,PART_0288,RECEIPT,2,1,3,
TXN_001589,2025-06-17 17:30:00,PART_0007,ISSUE,1,0,0,WO_06431
TXN_001590,2025-04-19 11:49:00,PART_0175,RECEIPT,3,37,40,
TXN_001591,2025-08-23 14:01:00,PART_0081,ISSUE,1,0,0,WO_09462
TXN_001592,2024-09-12 10:50:00,PART_0054,RECEIPT,2,50,52,
TXN_001593,2024-05-05 10:45:00,PART_0053,ISSUE,1,0,0,WO_02614
TXN_001594,2025-08-30 07:24:00,PART_0121,ISSUE,1,23,22,WO_03681
TXN_001595,2024-04-24 07:34:00,PART_0021,ISSUE,6,46,40,WO_03198
TXN_001596,2025-07-06 01:10:00,PART_0131,ISSUE,5,27,22,WO_08360
TXN_001597,2025-05-16 09:41:00,PART_0018,RECEIPT,2,13,15,
TXN_001598,2024-02-20 01:28:00,PART_0100,RECEIPT,8,19,27,
TXN_001599,2024-05-20 15:20:00,PART_0128,ISSUE,1,5,4,WO_01898
TXN_001600,2024-08-14 05:42:00,PART_0049,ISSUE,1,19,18,WO_05199
TXN_001601,2024-05-31 23:46:00,PART_0085,ISSUE,5,69,64,WO_06805
TXN_001602,2024-05-30 13:05:00,PART_0074,ISSUE,2,5,3,WO_07723
TXN_001603,2025-03-31 07:44:00,PART_0090,RECEIPT,8,22,30,
TXN_001604,2024-10-02 04:40:00,PART_0102,ISSUE,6,40,34,WO_00997
TXN_001605,2024-07-20 02:09:00,PART_0062,ISSUE,1,5,4,WO_06631
TXN_001606,2024-05-07 11:52:00,PART_0294,ISSUE,7,7,0,WO_07653
TXN_001607,2024-07-20 08:04:00,PART_0241,ISSUE,2,39,37,WO_06979
TXN_001608,2025-01-16 18:06:00,PART_0023,ISSUE,3,57,54,WO_07125
TXN_001609,2025-02-16 13:30:00,PART_0093,ISSUE,7,28,21,WO_07952
TXN_001610,2024-06-24 08:33:00,PART_0018,RECEIPT,6,15,21,
TXN_001611,2024-10-17 14:55:00,PART_0193,ISSUE,3,7,4,WO_09057
TXN_001612,2024-04-07 19:52:00,PART_0221,RECEIPT,5,36,41,
TXN_001613,2024-05-30 15:43:00,PART_0161,ADJUSTMENT,6,8,14,
TXN_001614,2024-02-13 15:52:00,PART_0260,RECEIPT,7,0,7,
TXN_001615,2024-03-03 19:50:00,PART_0179,RECEIPT,5,15,20,
TXN_001616,2025-05-24 19:45:00,PART_0190,ISSUE,7,35,28,WO_07508
TXN_001617,2024-05-21 13:19:00,PART_0186,ISSUE,5,18,13,WO_08978
TXN_001618,2025-04-15 13:31:00,PART_0205,RECEIPT,6,9,15,
TXN_001619,2024-07-14 15:41:00,PART_0167,ISSUE,7,49,42,WO_08064
TXN_001620,2024-04-11 23:10:00,PART_0085,ISSUE,8,64,56,WO_09143
TXN_001621,2024-11-13 10:21:00,PART_0035,ADJUSTMENT,8,47,55,
TXN_001622,2024-05-08 16:57:00,PART_0028,ISSUE,8,22,14,WO_01656
TXN_001623,2024-10-07 21:49:00,PART_0046,ADJUSTMENT,7,21,28,
TXN_001624,2025-06-22 04:14:00,PART_0107,ISSUE,5,16,11,WO_08055
TXN_001625,2025-03-18 22:36:00,PART_0238,ISSUE,3,5,2,WO_09735
TXN_001626,2024-08-07 10:53:00,PART_0207,ISSUE,5,48,43,WO_07729
TXN_001627,2024-05-22 03:50:00,PART_0169,ISSUE,1,1,0,WO_08468
TXN_001628,2025-03-21 11:51:00,PART_0071,ISSUE,6,37,31,WO_05608
TXN_001629,2025-03-23 10:22:00,PART_0282,RECEIPT,1,66,67,
TXN_001630,2024-06-14 13:13:00,PART_0264,ISSUE,7,35,28,WO_06957
TXN_001631,2024-07-19 22:05:00,PART_0100,RECEIPT,8,27,35,
TXN_001632,2025-03-10 04:44:00,PART_0195,ISSUE,2,40,38,WO_06092
TXN_001633,2024-03-04 00:02:00,PART_0030,ISSUE,5,42,37,WO_09200
TXN_001634,2024-04-23 12:13:00,PART_0297,ISSUE,7,48,41,WO_09536
TXN_001635,2024-08-18 07:23:00,PART_0013,ISSUE,5,61,56,WO_05599
TXN_001636,2024-05-26 11:47:00,PART_0030,RECEIPT,6,37,43,
TXN_001637,2025-02-06 22:39:00,PART_0040,ISSUE,3,17,14,WO_03174
TXN_001638,2024-03-28 13:32:00,PART_0155,ISSUE,7,32,25,WO_06578
TXN_001639,2024-05-18 02:46:00,PART_0263,RECEIPT,5,44,49,
TXN_001640,2025-04-29 19:20:00,PART_0294,RECEIPT,2,0,2,
TXN_001641,2024-04-16 00:06:00,PART_0068,RECEIPT,8,41,49,
TXN_001642,2024-08-10 11:11:00,PART_0047,RECEIPT,7,33,40,
TXN_001643,2025-06-28 13:41:00,PART_0001,ISSUE,3,20,17,WO_04016
TXN_001644,2024-09-08 01:29:00,PART_0261,ISSUE,8,65,57,WO_08872
TXN_001645,2025-08-18 00:01:00,PART_0135,ISSUE,2,45,43,WO_08218
TXN_001646,2025-01-30 12:27:00,PART_0083,ISSUE,2,23,21,WO_07697
TXN_001647,2025-01-25 11:50:00,PART_0011,ISSUE,2,37,35,WO_00163
TXN_001648,2024-01-08 21:27:00,PART_0119,ISSUE,4,22,18,WO_07299
TXN_001649,2025-03-19 04:35:00,PART_0181,ISSUE,2,25,23,WO_04569
TXN_001650,2024-10-05 09:01:00,PART_0273,RECEIPT,7,18,25,
TXN_001651,2025-07-23 13:26:00,PART_0012,ISSUE,6,33,27,WO_07529
TXN_001652,2025-06-15 07:34:00,PART_0010,ISSUE,3,14,11,WO_08229
TXN_001653,2024-03-02 17:43:00,PART_0284,ADJUSTMENT,4,45,49,
TXN_001654,2024-05-05 09:15:00,PART_0221,ISSUE,7,41,34,WO_09186
TXN_001655,2025-08-14 13:20:00,PART_0019,RECEIPT,3,5,8,
TXN_001656,2025-07-11 06:49:00,PART_0293,ISSUE,6,9,3,WO_06992
TXN_001657,2025-03-04 07:17:00,PART_0035,ISSUE,1,55,54,WO_04818
TXN_001658,2025-08-03 06:13:00,PART_0269,RECEIPT,7,29,36,
TXN_001659,2024-12-24 12:17:00,PART_0099,ISSUE,7,14,7,WO_07855
TXN_001660,2024-09-20 05:59:00,PART_0053,RECEIPT,4,0,4,
TXN_001661,2024-04-18 15:57:00,PART_0003,ISSUE,6,23,17,WO_01598
TXN_001662,2024-01-12 09:29:00,PART_0076,RECEIPT,5,38,43,
TXN_001663,2025-06-19 14:26:00,PART_0155,RECEIPT,7,25,32,
TXN_001664,2025-04-18 11:25:00,PART_0124,ISSUE,3,22,19,WO_07135
TXN_001665,2024-12-25 06:38:00,PART_0140,ISSUE,7,10,3,WO_00690
TXN_001666,2024-01-15 02:36:00,PART_0027,ISSUE,3,45,42,WO_01127
TXN_001667,2024-10-10 03:56:00,PART_0189,ISSUE,5,29,24,WO_08048
TXN_001668,2024-10-18 17:50:00,PART_0168,ISSUE,4,47,43,WO_01773
TXN_001669,2024-12-02 14:40:00,PART_0265,ISSUE,2,14,12,WO_01835
TXN_001670,2025-05-10 23:19:00,PART_0254,ISSUE,3,40,37,WO_06677
TXN_001671,2024-05-16 01:23:00,PART_0057,ISSUE,3,24,21,WO_07685
TXN_001672,2024-01-10 19:53:00,PART_0132,RECEIPT,3,11,14,
TXN_001673,2024-09-22 05:49:00,PART_0243,ISSUE,4,10,6,WO_02896
TXN_001674,2025-01-12 03:23:00,PART_0102,ISSUE,1,34,33,WO_09943
TXN_001675,2025-05-29 20:29:00,PART_0269,ISSUE,5,36,31,WO_04543
TXN_001676,2025-08-23 06:09:00,PART_0081,RECEIPT,1,0,1,
TXN_001677,2025-07-08 01:49:00,PART_0030,ISSUE,3,43,40,WO_09878
TXN_001678,2025-04-20 01:37:00,PART_0211,RECEIPT,3,49,52,
TXN_001679,2024-08-06 19:13:00,PART_0113,ISSUE,6,55,49,WO_05152
TXN_001680,2025-09-14 07:43:00,PART_0059,ISSUE,1,0,0,WO_05037
TXN_001681,2025-02-22 13:22:00,PART_0270,ISSUE,4,31,27,WO_03539
TXN_001682,2025-05-09 19:17:00,PART_0107,ISSUE,6,11,5,WO_00238
TXN_001683,2025-01-24 08:55:00,PART_0259,RECEIPT,5,23,28,
TXN_001684,2025-01-08 20:03:00,PART_0147,ISSUE,1,0,0,WO_07817
TXN_001685,2024-09-22 00:32:00,PART_0100,ISSUE,6,35,29,WO_07678
TXN_001686,2024-07-28 13:00:00,PART_0035,RECEIPT,6,54,60,
TXN_001687,2024-06-21 22:37:00,PART_0082,RECEIPT,5,29,34,
TXN_001688,2024-05-26 04:40:00,PART_0256,ISSUE,3,46,43,WO_08061
TXN_001689,2025-06-12 18:31:00,PART_0248,RECEIPT,3,23,26,
TXN_001690,2025-07-04 19:08:00,PART_0149,ISSUE,6,63,57,WO_09930
TXN_001691,2024-05-30 23:51:00,PART_0076,ISSUE,3,43,40,WO_03004
TXN_001692,2025-08-30 11:19:00,PART_0226,ISSUE,3,25,22,WO_08360
TXN_001693,2024-09-18 01:19:00,PART_0224,ISSUE,6,7,1,WO_06576
TXN_001694,2025-05-15 03:22:00,PART_0068,ISSUE,7,49,42,WO_00672
TXN_001695,2024-06-21 21:45:00,PART_0185,RECEIPT,3,39,42,
TXN_001696,2025-02-07 13:52:00,PART_0109,RECEIPT,2,39,41,
TXN_001697,2024-10-24 21:41:00,PART_0267,RECEIPT,4,53,57,
TXN_001698,2024-07-25 18:50:00,PART_0110,ISSUE,7,22,15,WO_00143
TXN_001699,2025-03-08 20:39:00,PART_0281,ISSUE,1,33,32,WO_03659
TXN_001700,2025-02-10 22:41:00,PART_0147,RECEIPT,1,0,1,
TXN_001701,2025-08-20 22:01:00,PART_0281,RECEIPT,8,32,40,
TXN_001702,2024-02-21 01:12:00,PART_0106,RECEIPT,4,41,45,
TXN_001703,2025-07-24 19:39:00,PART_0045,RECEIPT,5,0,5,
TXN_001704,2024-02-09 03:24:00,PART_0192,ISSUE,3,16,13,WO_02690
TXN_001705,2024-11-29 04:49:00,PART_0260,RECEIPT,6,7,13,
TXN_001706,2024-07-19 23:34:00,PART_0282,ISSUE,8,67,59,WO_05362
TXN_001707,2024-05-11 11:40:00,PART_0235,RECEIPT,8,29,37,
TXN_001708,2024-09-17 09:19:00,PART_0256,RECEIPT,3,43,46,
TXN_001709,2024-06-06 11:04:00,PART_0063,ISSUE,6,22,16,WO_04317
TXN_001710,2025-08-21 13:51:00,PART_0182,ISSUE,8,41,33,WO_05959
TXN_001711,2024-06-01 21:52:00,PART_0183,RECEIPT,5,29,34,
TXN_001712,2024-11-02 09:39:00,PART_0161,ISSUE,7,14,7,WO_06977
TXN_001713,2025-05-19 16:43:00,PART_0220,ISSUE,2,23,21,WO_03067
TXN_001714,2025-06-17 19:11:00,PART_0047,ISSUE,6,40,34,WO_08667
TXN_001715,2024-08-27 11:57:00,PART_0182,ADJUSTMENT,2,33,35,
TXN_001716,2024-12-13 00:42:00,PART_0057,ISSUE,4,21,17,WO_03608
TXN_001717,2024-06-24 16:40:00,PART_0030,RECEIPT,8,40,48,
TXN_001718,2024-08-01 18:26:00,PART_0034,RECEIPT,7,27,34,
TXN_001719,2024-12-14 14:40:00,PART_0017,ISSUE,3,20,17,WO_06685
TXN_001720,2025-02-12 00:11:00,PART_0033,ISSUE,1,1,0,WO_09592
TXN_001721,2024-08-02 06:32:00,PART_0003,ISSUE,3,17,14,WO_02807
TXN_001722,2024-09-11 16:00:00,PART_0232,ISSUE,6,6,0,WO_01412
TXN_001723,2025-08-30 11:09:00,PART_0226,RECEIPT,4,22,26,
TXN_001724,2024-11-13 12:39:00,PART_0091,ISSUE,5,39,34,WO_02065
TXN_001725,2024-01-08 17:11:00,PART_0293,ISSUE,2,3,1,WO_01079
TXN_001726,2025-03-18 12:45:00,PART_0026,ISSUE,1,0,0,WO_05893
TXN_001727,2025-01-08 13:31:00,PART_0281,ISSUE,8,40,32,WO_07741
TXN_001728,2024-09-13 17:02:00,PART_0054,ISSUE,5,52,47,WO_08612
TXN_001729,2025-08-07 05:41:00,PART_0252,ISSUE,1,12,11,WO_09398
TXN_001730,2024-12-11 16:22:00,PART_0141,RECEIPT,6,0,6,
TXN_001731,2024-05-10 13:25:00,PART_0180,RECEIPT,7,40,47,
TXN_001732,2025-06-20 22:52:00,PART_0237,ISSUE,1,35,34,WO_03253
TXN_001733,2024-05-18 14:50:00,PART_0158,ISSUE,2,7,5,WO_04400
TXN_001734,2024-01-05 17:01:00,PART_0057,ISSUE,6,17,11,WO_00290
TXN_001735,2025-08-14 00:50:00,PART_0284,ISSUE,1,49,48,WO_08696
TXN_001736,2024-11-24 18:34:00,PART_0186,ISSUE,4,13,9,WO_05768
TXN_001737,2024-01-04 03:49:00,PART_0157,ISSUE,2,15,13,WO_02188
TXN_001738,2025-02-08 04:54:00,PART_0156,ISSUE,5,27,22,WO_08248
TXN_001739,2024-09-29 14:12:00,PART_0034,ISSUE,6,34,28,WO_01428
TXN_001740,2024-08-05 23:40:00,PART_0175,RECEIPT,3,40,43,
TXN_001741,2024-01-14 02:39:00,PART_0249,RECEIPT,7,39,46,
TXN_001742,2025-05-01 00:32:00,PART_0282,RECEIPT,5,59,64,
TXN_001743,2024-09-18 04:06:00,PART_0258,RECEIPT,3,15,18,
TXN_001744,2024-12-11 16:45:00,PART_0269,ISSUE,5,31,26,WO_05938
TXN_001745,2025-03-13 15:25:00,PART_0256,RECEIPT,7,46,53,
TXN_001746,2024-10-01 09:38:00,PART_0296,RECEIPT,7,23,30,
TXN_001747,2024-05-26 07:24:00,PART_0216,ISSUE,1,22,21,WO_00564
TXN_001748,2024-10-28 13:37:00,PART_0201,ISSUE,1,46,45,WO_09815
TXN_001749,2025-02-19 19:47:00,PART_0122,RECEIPT,3,24,27,
TXN_001750,2025-06-03 05:17:00,PART_0277,ISSUE,2,32,30,WO_05907
TXN_001751,2024-12-31 16:21:00,PART_0191,ISSUE,7,7,0,WO_08449
TXN_001752,2025-04-05 21:03:00,PART_0036,ISSUE,2,17,15,WO_09267
TXN_001753,2024-05-20 05:51:00,PART_0274,ISSUE,1,31,30,WO_06325
TXN_001754,2024-12-15 20:36:00,PART_0171,ISSUE,4,25,21,WO_09461
TXN_001755,2024-03-19 07:21:00,PART_0253,ISSUE,8,19,11,WO_03143
TXN_001756,2024-07-07 10:54:00,PART_0209,ISSUE,8,12,4,WO_06790
TXN_001757,2025-08-03 08:55:00,PART_0012,RECEIPT,3,27,30,
TXN_001758,2025-02-08 19:01:00,PART_0097,RECEIPT,7,13,20,
TXN_001759,2024-05-15 22:44:00,PART_0265,ISSUE,3,12,9,WO_00720
TXN_001760,2025-04-20 21:59:00,PART_0144,RECEIPT,7,0,7,
TXN_001761,2024-12-20 00:04:00,PART_0178,ISSUE,2,31,29,WO_09250
TXN_001762,2025-09-03 11:27:00,PART_0106,ISSUE,4,45,41,WO_06351
TXN_001763,2024-03-03 22:45:00,PART_0129,RECEIPT,8,49,57,
TXN_001764,2025-07-04 13:26:00,PART_0088,ISSUE,1,8,7,WO_08989
TXN_001765,2025-01-19 12:07:00,PART_0262,RECEIPT,7,30,37,
TXN_001766,2024-04-12 10:32:00,PART_0232,ISSUE,1,0,0,WO_03765
TXN_001767,2024-05-24 00:03:00,PART_0235,ISSUE,3,37,34,WO_01026
TXN_001768,2024-09-16 21:31:00,PART_0225,RECEIPT,3,46,49,
TXN_001769,2025-08-26 11:34:00,PART_0008,ISSUE,7,12,5,WO_06862
TXN_001770,2024-06-03 13:38:00,PART_0096,RECEIPT,7,68,75,
TXN_001771,2025-03-11 10:11:00,PART_0118,RECEIPT,2,52,54,
TXN_001772,2024-10-21 22:41:00,PART_0296,RECEIPT,3,30,33,
TXN_001773,2024-12-15 04:59:00,PART_0128,ISSUE,1,4,3,WO_05535
TXN_001774,2025-02-26 04:19:00,PART_0069,ISSUE,7,35,28,WO_00269
TXN_001775,2025-05-23 07:56:00,PART_0029,RECEIPT,2,18,20,
TXN_001776,2025-06-03 14:47:00,PART_0212,RECEIPT,1,13,14,
TXN_001777,2025-08-15 12:13:00,PART_0230,ADJUSTMENT,7,2,9,
TXN_001778,2025-04-24 03:37:00,PART_0283,ISSUE,6,11,5,WO_01103
TXN_001779,2024-12-23 19:22:00,PART_0172,RECEIPT,5,38,43,
TXN_001780,2024-05-21 11:02:00,PART_0216,ISSUE,2,21,19,WO_06005
TXN_001781,2024-10-25 05:22:00,PART_0270,RECEIPT,2,27,29,
TXN_001782,2025-08-03 17:27:00,PART_0267,ISSUE,5,57,52,WO_03085
TXN_001783,2024-02-23 23:06:00,PART_0170,RECEIPT,4,28,32,
TXN_001784,2024-06-21 16:46:00,PART_0059,RECEIPT,1,0,1,
TXN_001785,2024-09-13 08:10:00,PART_0114,ISSUE,8,53,45,WO_09840
TXN_001786,2024-07-18 19:46:00,PART_0146,ISSUE,7,46,39,WO_02177
TXN_001787,2025-04-06 16:36:00,PART_0013,ISSUE,5,56,51,WO_03571
TXN_001788,2025-08-29 13:07:00,PART_0213,ISSUE,8,17,9,WO_09086
TXN_001789,2024-08-30 09:23:00,PART_0173,ISSUE,3,3,0,WO_02621
TXN_001790,2025-08-16 03:25:00,PART_0069,RECEIPT,1,28,29,
TXN_001791,2024-07-06 18:15:00,PART_0270,ISSUE,6,29,23,WO_04046
TXN_001792,2024-02-10 00:05:00,PART_0187,RECEIPT,2,39,41,
TXN_001793,2025-01-10 08:40:00,PART_0209,ADJUSTMENT,5,4,0,
TXN_001794,2024-05-26 11:41:00,PART_0077,ISSUE,2,28,26,WO_08906
TXN_001795,2025-09-04 23:16:00,PART_0118,ISSUE,5,54,49,WO_09953
TXN_001796,2024-04-20 15:06:00,PART_0171,ISSUE,7,21,14,WO_08853
TXN_001797,2025-08-16 07:02:00,PART_0219,RECEIPT,6,30,36,
TXN_001798,2025-05-12 20:29:00,PART_0246,RECEIPT,3,0,3,
TXN_001799,2025-01-31 09:04:00,PART_0116,ISSUE,2,7,5,WO_09016
TXN_001800,2025-09-01 12:46:00,PART_0278,ISSUE,4,25,21,WO_06926
TXN_001801,2024-02-25 22:02:00,PART_0117,RECEIPT,7,18,25,
TXN_001802,2024-08-26 09:21:00,PART_0220,RECEIPT,2,21,23,
TXN_001803,2024-10-15 20:48:00,PART_0223,ISSUE,1,0,0,WO_04013
TXN_001804,2024-08-21 21:58:00,PART_0106,ISSUE,2,41,39,WO_08451
TXN_001805,2024-03-08 20:27:00,PART_0211,ISSUE,8,52,44,WO_05904
TXN_001806,2025-01-02 12:18:00,PART_0129,ISSUE,8,57,49,WO_04763
TXN_001807,2024-06-15 16:43:00,PART_0249,ISSUE,8,46,38,WO_04009
TXN_001808,2025-08-28 01:25:00,PART_0060,ISSUE,1,0,0,WO_09552
TXN_001809,2024-09-10 19:39:00,PART_0136,RECEIPT,3,9,12,
TXN_001810,2025-06-17 13:45:00,PART_0195,ISSUE,3,38,35,WO_00398
TXN_001811,2024-10-15 05:09:00,PART_0262,ISSUE,4,37,33,WO_06957
TXN_001812,2024-11-30 21:16:00,PART_0218,ADJUSTMENT,2,32,34,
TXN_001813,2024-07-17 05:33:00,PART_0197,ISSUE,5,31,26,WO_09683
TXN_001814,2024-01-30 22:11:00,PART_0238,ISSUE,2,2,0,WO_08288
TXN_001815,2025-03-29 10:45:00,PART_0192,RECEIPT,1,13,14,
TXN_001816,2024-01-18 09:51:00,PART_0006,ISSUE,4,51,47,WO_05018
TXN_001817,2025-09-09 11:05:00,PART_0196,ISSUE,1,32,31,WO_02254
TXN_001818,2025-07-13 08:28:00,PART_0192,ISSUE,3,14,11,WO_03711
TXN_001819,2024-10-22 23:48:00,PART_0024,RECEIPT,5,40,45,
TXN_001820,2025-09-02 22:31:00,PART_0269,ISSUE,4,26,22,WO_00284
TXN_001821,2025-04-08 11:30:00,PART_0161,RECEIPT,4,7,11,
TXN_001822,2024-09-07 17:06:00,PART_0099,ADJUSTMENT,3,7,10,
TXN_001823,2025-01-24 01:15:00,PART_0014,ISSUE,1,15,14,WO_04612
TXN_001824,2024-09-12 16:55:00,PART_0158,RECEIPT,5,5,10,
TXN_001825,2025-05-20 06:11:00,PART_0103,ISSUE,2,43,41,WO_04784
TXN_001826,2024-01-15 19:00:00,PART_0096,RECEIPT,5,75,80,
TXN_001827,2024-02-16 16:08:00,PART_0024,RECEIPT,7,45,52,
TXN_001828,2025-06-24 22:03:00,PART_0283,ISSUE,4,5,1,WO_07863
TXN_001829,2024-06-02 01:47:00,PART_0154,ISSUE,5,25,20,WO_02813
TXN_001830,2024-11-04 17:51:00,PART_0217,ISSUE,3,45,42,WO_08301
TXN_001831,2025-01-10 16:25:00,PART_0039,ISSUE,6,32,26,WO_06615
TXN_001832,2024-10-20 16:33:00,PART_0017,RECEIPT,4,17,21,
TXN_001833,2025-02-03 01:23:00,PART_0181,RECEIPT,7,23,30,
TXN_001834,2024-02-04 01:22:00,PART_0023,RECEIPT,5,54,59,
TXN_001835,2025-03-04 16:16:00,PART_0195,ISSUE,7,35,28,WO_08991
TXN_001836,2024-07-19 12:56:00,PART_0066,ISSUE,7,51,44,WO_09986
TXN_001837,2024-05-02 12:59:00,PART_0165,ISSUE,7,7,0,WO_01543
TXN_001838,2025-05-05 12:52:00,PART_0198,RECEIPT,5,25,30,
TXN_001839,2025-04-11 07:52:00,PART_0140,ISSUE,3,3,0,WO_09025
TXN_001840,2024-12-16 13:42:00,PART_0212,ISSUE,5,14,9,WO_09347
TXN_001841,2025-06-14 09:51:00,PART_0033,ISSUE,1,0,0,WO_01770
TXN_001842,2024-09-26 11:26:00,PART_0056,RECEIPT,2,55,57,
TXN_001843,2024-08-25 08:20:00,PART_0276,ISSUE,7,40,33,WO_09789
TXN_001844,2024-10-09 21:11:00,PART_0274,RECEIPT,5,30,35,
TXN_001845,2025-02-10 01:51:00,PART_0269,RECEIPT,7,22,29,
TXN_001846,2025-07-28 22:03:00,PART_0266,ISSUE,6,54,48,WO_03348
TXN_001847,2024-03-30 09:22:00,PART_0079,ISSUE,7,9,2,WO_02226
TXN_001848,2024-09-07 02:46:00,PART_0089,RECEIPT,1,43,44,
TXN_001849,2024-06-15 06:21:00,PART_0060,ISSUE,1,0,0,WO_04018
TXN_001850,2024-01-14 11:58:00,PART_0101,ISSUE,8,29,21,WO_00996
TXN_001851,2024-10-09 00:55:00,PART_0008,RECEIPT,2,5,7,
TXN_001852,2024-09-16 20:20:00,PART_0079,ISSUE,2,2,0,WO_07996
TXN_001853,2024-09-25 00:24:00,PART_0155,RECEIPT,1,32,33,
TXN_001854,2025-07-06 20:18:00,PART_0225,ISSUE,3,49,46,WO_02749
TXN_001855,2024-11-25 12:07:00,PART_0172,ISSUE,8,43,35,WO_01451
TXN_001856,2025-02-02 02:34:00,PART_0216,ISSUE,2,19,17,WO_05764
TXN_001857,2025-08-06 18:17:00,PART_0015,ADJUSTMENT,5,31,26,
TXN_001858,2025-04-26 23:32:00,PART_0230,ISSUE,6,9,3,WO_00647
TXN_001859,2024-10-03 17:42:00,PART_0022,ISSUE,2,51,49,WO_00439
TXN_001860,2024-07-11 16:24:00,PART_0115,ISSUE,3,22,19,WO_09119
TXN_001861,2025-05-14 09:18:00,PART_0164,ISSUE,7,9,2,WO_04146
TXN_001862,2024-06-27 17:31:00,PART_0222,RECEIPT,2,20,22,
TXN_001863,2024-04-23 07:49:00,PART_0216,RECEIPT,8,17,25,
TXN_001864,2024-05-01 23:26:00,PART_0169,ISSUE,1,0,0,WO_08506
TXN_001865,2025-06-23 15:56:00,PART_0300,ISSUE,5,55,50,WO_04586
TXN_001866,2024-08-24 21:13:00,PART_0193,RECEIPT,4,4,8,
TXN_001867,2024-03-03 19:11:00,PART_0047,RECEIPT,6,34,40,
TXN_001868,2025-01-17 13:51:00,PART_0107,ADJUSTMENT,7,5,12,
TXN_001869,2025-05-28 14:33:00,PART_0285,ISSUE,5,45,40,WO_06599
TXN_001870,2024-07-26 19:25:00,PART_0255,ADJUSTMENT,5,34,39,
TXN_001871,2024-02-14 21:03:00,PART_0273,ISSUE,5,25,20,WO_04156
TXN_001872,2025-07-11 16:25:00,PART_0139,ISSUE,1,4,3,WO_02930
TXN_001873,2025-04-27 19:53:00,PART_0010,ISSUE,6,11,5,WO_09955
TXN_001874,2024-02-18 02:58:00,PART_0270,ISSUE,6,23,17,WO_07202
TXN_001875,2024-07-23 15:57:00,PART_0014,ISSUE,5,14,9,WO_04380
TXN_001876,2025-03-17 16:10:00,PART_0184,ISSUE,5,48,43,WO_02237
TXN_001877,2024-09-30 13:33:00,PART_0009,RECEIPT,2,39,41,
TXN_001878,2025-05-11 04:46:00,PART_0091,RECEIPT,3,34,37,
TXN_001879,2024-05-25 15:44:00,PART_0205,ISSUE,3,15,12,WO_03651
TXN_001880,2024-05-26 07:45:00,PART_0078,ISSUE,6,41,35,WO_08836
TXN_001881,2025-06-03 17:45:00,PART_0056,ISSUE,8,57,49,WO_06567
TXN_001882,2024-08-28 05:38:00,PART_0165,ISSUE,1,0,0,WO_05941
TXN_001883,2024-02-11 22:51:00,PART_0025,RECEIPT,5,13,18,
TXN_001884,2024-03-18 17:02:00,PART_0274,RECEIPT,1,35,36,
TXN_001885,2025-05-06 03:24:00,PART_0166,ISSUE,4,18,14,WO_09904
TXN_001886,2024-06-16 23:09:00,PART_0211,ISSUE,4,44,40,WO_04585
TXN_001887,2025-03-28 08:39:00,PART_0146,RECEIPT,2,39,41,
TXN_001888,2025-01-12 12:45:00,PART_0212,ISSUE,3,9,6,WO_08217
TXN_001889,2024-09-14 00:28:00,PART_0240,ISSUE,3,3,0,WO_06925
TXN_001890,2024-09-28 23:15:00,PART_0249,ISSUE,5,38,33,WO_09552
TXN_001891,2025-03-30 21:13:00,PART_0265,ISSUE,3,9,6,WO_01969
TXN_001892,2025-03-09 16:12:00,PART_0179,ISSUE,5,20,15,WO_01955
TXN_001893,2024-04-25 12:23:00,PART_0236,ADJUSTMENT,1,25,26,
TXN_001894,2025-02-06 03:18:00,PART_0085,ISSUE,1,56,55,WO_00753
TXN_001895,2024-05-02 20:16:00,PART_0235,RECEIPT,5,34,39,
TXN_001896,2024-12-28 16:14:00,PART_0177,ISSUE,8,33,25,WO_08045
TXN_001897,2025-06-21 11:38:00,PART_0115,ISSUE,5,19,14,WO_09331
TXN_001898,2024-11-05 11:15:00,PART_0286,ISSUE,7,41,34,WO_01616
TXN_001899,2024-04-24 16:34:00,PART_0263,RECEIPT,8,49,57,
TXN_001900,2024-02-06 18:42:00,PART_0050,ISSUE,6,6,0,WO_08293
TXN_001901,2025-04-13 10:31:00,PART_0005,ADJUSTMENT,4,42,38,
TXN_001902,2024-05-31 10:25:00,PART_0242,ISSUE,6,31,25,WO_07818
TXN_001903,2024-08-24 15:47:00,PART_0022,ISSUE,8,49,41,WO_07146
TXN_001904,2025-06-09 09:41:00,PART_0125,RECEIPT,8,33,41,
TXN_001905,2025-05-14 00:19:00,PART_0135,RECEIPT,5,43,48,
TXN_001906,2024-09-01 08:34:00,PART_0114,ISSUE,4,45,41,WO_06578
TXN_001907,2025-06-25 14:49:00,PART_0033,RECEIPT,5,0,5,
TXN_001908,2024-03-09 20:15:00,PART_0225,RECEIPT,8,46,54,
TXN_001909,2025-03-25 11:40:00,PART_0002,ISSUE,3,49,46,WO_05524
TXN_001910,2025-08-24 22:01:00,PART_0300,RECEIPT,3,50,53,
TXN_001911,2024-01-04 04:11:00,PART_0267,RECEIPT,5,52,57,
TXN_001912,2024-12-30 00:44:00,PART_0204,RECEIPT,8,35,43,
TXN_001913,2024-12-30 13:07:00,PART_0087,ISSUE,8,38,30,WO_01299
TXN_001914,2025-06-29 20:54:00,PART_0129,RECEIPT,4,49,53,
TXN_001915,2025-05-12 18:37:00,PART_0061,ISSUE,5,22,17,WO_02913
TXN_001916,2024-08-05 05:24:00,PART_0120,RECEIPT,1,8,9,
TXN_001917,2024-12-22 17:59:00,PART_0051,RECEIPT,6,51,57,
TXN_001918,2025-07-10 15:45:00,PART_0188,RECEIPT,6,2,8,
TXN_001919,2025-02-28 07:26:00,PART_0001,RECEIPT,8,17,25,
TXN_001920,2024-06-23 04:55:00,PART_0288,ISSUE,3,3,0,WO_06722
TXN_001921,2025-01-14 05:28:00,PART_0196,ISSUE,1,31,30,WO_06674
TXN_001922,2024-09-12 00:36:00,PART_0105,RECEIPT,2,37,39,
TXN_001923,2024-12-07 10:46:00,PART_0206,RECEIPT,3,16,19,
TXN_001924,2025-03-21 04:53:00,PART_0156,ISSUE,1,22,21,WO_06304
TXN_001925,2025-08-24 21:44:00,PART_0009,ADJUSTMENT,4,41,37,
TXN_001926,2025-03-26 17:22:00,PART_0217,RECEIPT,4,42,46,
TXN_001927,2024-01-24 09:22:00,PART_0182,RECEIPT,3,35,38,
TXN_001928,2024-04-04 12:57:00,PART_0116,ISSUE,3,5,2,WO_04197
TXN_001929,2025-08-10 08:47:00,PART_0133,ISSUE,5,50,45,WO_02445
TXN_001930,2024-01-09 17:19:00,PART_0157,ISSUE,6,13,7,WO_01662
TXN_001931,2025-03-27 10:10:00,PART_0266,RECEIPT,4,48,52,
TXN_001932,2025-01-07 13:25:00,PART_0002,RECEIPT,5,46,51,
TXN_001933,2024-06-06 04:39:00,PART_0173,RECEIPT,1,0,1,
TXN_001934,2024-01-07 05:09:00,PART_0080,RECEIPT,1,0,1,
TXN_001935,2024-05-05 01:05:00,PART_0179,RECEIPT,2,15,17,
TXN_001936,2025-05-05 15:51:00,PART_0256,ISSUE,3,53,50,WO_03704
TXN_001937,2024-05-13 08:32:00,PART_0253,RECEIPT,7,11,18,
TXN_001938,2024-06-06 17:37:00,PART_0198,RECEIPT,6,30,36,
TXN_001939,2024-03-26 18:23:00,PART_0198,ISSUE,8,36,28,WO_09292
TXN_001940,2024-01-04 06:34:00,PART_0271,RECEIPT,3,54,57,
TXN_001941,2025-07-27 01:17:00,PART_0298,ISSUE,4,4,0,WO_07991
TXN_001942,2025-07-30 08:44:00,PART_0284,ISSUE,6,48,42,WO_02573
TXN_001943,2024-10-17 23:31:00,PART_0213,ISSUE,1,9,8,WO_06726
TXN_001944,2025-08-28 11:51:00,PART_0177,RECEIPT,2,25,27,
TXN_001945,2024-11-10 09:10:00,PART_0172,ADJUSTMENT,4,35,39,
TXN_001946,2025-04-30 18:13:00,PART_0009,RECEIPT,2,37,39,
TXN_001947,2025-01-07 07:14:00,PART_0135,ISSUE,6,48,42,WO_06165
TXN_001948,2025-09-06 18:19:00,PART_0124,ISSUE,3,19,16,WO_05748
TXN_001949,2025-03-26 04:48:00,PART_0188,ISSUE,5,8,3,WO_05969
TXN_001950,2024-02-14 15:33:00,PART_0011,ISSUE,2,35,33,WO_01845
TXN_001951,2024-07-21 04:42:00,PART_0151,ISSUE,1,25,24,WO_04255
TXN_001952,2025-04-28 21:58:00,PART_0145,RECEIPT,4,34,38,
TXN_001953,2024-05-14 10:33:00,PART_0254,ISSUE,5,37,32,WO_04090
TXN_001954,2025-03-31 00:06:00,PART_0271,ISSUE,1,57,56,WO_01186
TXN_001955,2024-08-27 12:20:00,PART_0212,ISSUE,6,6,0,WO_02737
TXN_001956,2025-06-03 21:34:00,PART_0251,RECEIPT,7,43,50,
TXN_001957,2024-02-18 06:41:00,PART_0070,ISSUE,1,12,11,WO_01619
TXN_001958,2025-02-10 03:47:00,PART_0281,ISSUE,6,32,26,WO_09605
TXN_001959,2025-04-18 02:01:00,PART_0233,RECEIPT,1,23,24,
TXN_001960,2024-02-16 12:57:00,PART_0111,ISSUE,1,0,0,WO_09371
TXN_001961,2025-07-02 02:51:00,PART_0195,ISSUE,4,28,24,WO_00103
TXN_001962,2025-07-16 13:07:00,PART_0060,ISSUE,1,0,0,WO_06274
TXN_001963,2024-09-18 11:14:00,PART_0012,ISSUE,5,30,25,WO_01289
TXN_001964,2024-12-16 15:37:00,PART_0167,ISSUE,7,42,35,WO_02200
TXN_001965,2024-02-10 01:48:00,PART_0024,ISSUE,5,52,47,WO_05215
TXN_001966,2025-03-13 10:54:00,PART_0069,ISSUE,2,29,27,WO_02863
TXN_001967,2024-02-25 10:15:00,PART_0139,ISSUE,3,3,0,WO_09927
TXN_001968,2025-02-04 23:53:00,PART_0101,RECEIPT,1,21,22,
TXN_001969,2025-02-12 00:58:00,PART_0027,ISSUE,1,42,41,WO_02535
TXN_001970,2025-06-29 18:57:00,PART_0001,RECEIPT,8,25,33,
TXN_001971,2024-08-12 09:07:00,PART_0114,ISSUE,2,41,39,WO_01637
TXN_001972,2025-07-12 06:02:00,PART_0251,RECEIPT,6,50,56,
TXN_001973,2024-04-02 20:47:00,PART_0215,RECEIPT,4,4,8,
TXN_001974,2025-05-01 17:33:00,PART_0112,ADJUSTMENT,5,44,49,
TXN_001975,2025-03-03 23:53:00,PART_0218,ISSUE,6,34,28,WO_09210
TXN_001976,2024-09-22 00:05:00,PART_0066,ADJUSTMENT,8,44,52,
TXN_001977,2024-09-30 15:56:00,PART_0175,RECEIPT,6,43,49,
TXN_001978,2024-03-25 19:08:00,PART_0207,ISSUE,2,43,41,WO_02516
TXN_001979,2025-02-03 04:23:00,PART_0071,ADJUSTMENT,3,31,34,
TXN_001980,2024-07-20 15:32:00,PART_0015,ISSUE,5,26,21,WO_03591
TXN_001981,2025-05-18 15:50:00,PART_0103,ISSUE,6,41,35,WO_05562
TXN_001982,2024-03-03 20:02:00,PART_0037,RECEIPT,2,6,8,
TXN_001983,2024-08-23 05:50:00,PART_0066,RECEIPT,6,52,58,
TXN_001984,2025-03-31 08:05:00,PART_0214,RECEIPT,3,14,17,
TXN_001985,2024-12-20 16:47:00,PART_0081,ISSUE,1,1,0,WO_01002
TXN_001986,2025-09-05 03:35:00,PART_0286,RECEIPT,1,34,35,
TXN_001987,2025-01-06 13:27:00,PART_0118,ISSUE,1,49,48,WO_02029
TXN_001988,2024-10-25 06:06:00,PART_0062,ISSUE,4,4,0,WO_01049
TXN_001989,2025-08-23 05:42:00,PART_0039,RECEIPT,2,26,28,
TXN_001990,2025-07-11 00:41:00,PART_0117,ISSUE,7,25,18,WO_01280
TXN_001991,2024-03-26 08:57:00,PART_0021,RECEIPT,6,40,46,
TXN_001992,2024-01-17 10:20:00,PART_0203,ISSUE,5,34,29,WO_01962
TXN_001993,2024-07-07 16:47:00,PART_0279,ISSUE,6,25,19,WO_09375
TXN_001994,2024-04-03 14:50:00,PART_0114,RECEIPT,6,39,45,
TXN_001995,2025-02-13 11:12:00,PART_0014,RECEIPT,6,9,15,
TXN_001996,2024-02-03 21:21:00,PART_0056,ISSUE,7,49,42,WO_08430
TXN_001997,2024-05-04 02:21:00,PART_0297,RECEIPT,3,41,44,
TXN_001998,2024-02-02 12:58:00,PART_0148,RECEIPT,2,78,80,
TXN_001999,2025-08-07 08:45:00,PART_0136,ISSUE,7,12,5,WO_08311
TXN_002000,2024-11-26 08:20:00,PART_0281,RECEIPT,6,26,32,
TXN_002001,2024-02-01 02:06:00,PART_0268,RECEIPT,4,36,40,
TXN_002002,2024-01-18 09:06:00,PART_0160,RECEIPT,5,5,10,
TXN_002003,2025-07-15 09:56:00,PART_0102,RECEIPT,2,33,35,
TXN_002004,2025-08-03 16:40:00,PART_0073,RECEIPT,2,56,58,
TXN_002005,2025-07-23 17:48:00,PART_0050,ISSUE,1,0,0,WO_05902
TXN_002006,2024-06-29 09:33:00,PART_0031,ADJUSTMENT,2,46,48,
TXN_002007,2024-02-06 14:54:00,PART_0067,ADJUSTMENT,6,34,40,
TXN_002008,2024-12-02 11:15:00,PART_0114,ISSUE,2,45,43,WO_09255
TXN_002009,2024-09-25 00:59:00,PART_0252,RECEIPT,1,11,12,
TXN_002010,2024-07-13 16:28:00,PART_0023,ISSUE,8,59,51,WO_08690
TXN_002011,2025-01-31 23:50:00,PART_0070,RECEIPT,1,11,12,
TXN_002012,2025-07-18 09:11:00,PART_0144,RECEIPT,3,7,10,
TXN_002013,2025-07-15 17:18:00,PART_0168,RECEIPT,8,43,51,
TXN_002014,2025-03-04 08:22:00,PART_0177,ISSUE,7,27,20,WO_08038
TXN_002015,2025-08-12 09:04:00,PART_0088,ISSUE,3,7,4,WO_05376
TXN_002016,2024-05-30 21:55:00,PART_0027,RECEIPT,7,41,48,
TXN_002017,2024-03-08 16:08:00,PART_0129,RECEIPT,8,53,61,
TXN_002018,2024-05-24 00:46:00,PART_0048,ISSUE,4,30,26,WO_01973
TXN_002019,2025-02-06 20:39:00,PART_0148,RECEIPT,2,80,82,
TXN_002020,2024-01-28 12:54:00,PART_0197,ISSUE,5,26,21,WO_02745
TXN_002021,2024-04-08 11:54:00,PART_0193,ISSUE,5,8,3,WO_03191
TXN_002022,2024-10-08 21:46:00,PART_0026,RECEIPT,6,0,6,
TXN_002023,2025-03-02 06:21:00,PART_0050,ISSUE,1,0,0,WO_01580
TXN_002024,2025-04-24 12:52:00,PART_0066,RECEIPT,4,58,62,
TXN_002025,2025-03-01 11:52:00,PART_0106,ISSUE,1,39,38,WO_00137
TXN_002026,2024-11-10 14:11:00,PART_0299,ISSUE,5,14,9,WO_05390
TXN_002027,2024-10-06 19:15:00,PART_0049,ADJUSTMENT,5,18,13,
TXN_002028,2025-06-06 00:35:00,PART_0031,RECEIPT,7,48,55,
TXN_002029,2025-07-16 05:56:00,PART_0077,ISSUE,3,26,23,WO_08047
TXN_002030,2025-08-25 21:41:00,PART_0277,ADJUSTMENT,6,30,24,
TXN_002031,2025-01-12 22:01:00,PART_0289,RECEIPT,3,39,42,
TXN_002032,2024-04-17 00:24:00,PART_0148,ISSUE,5,82,77,WO_04415
TXN_002033,2024-11-24 14:49:00,PART_0226,RECEIPT,8,26,34,
TXN_002034,2025-01-13 02:53:00,PART_0095,RECEIPT,3,61,64,
TXN_002035,2024-04-23 19:39:00,PART_0121,ISSUE,5,22,17,WO_04354
TXN_002036,2024-07-31 03:10:00,PART_0222,RECEIPT,8,22,30,
TXN_002037,2025-01-02 16:39:00,PART_0038,ISSUE,6,27,21,WO_08327
TXN_002038,2024-11-26 18:13:00,PART_0187,ISSUE,4,41,37,WO_07973
TXN_002039,2024-11-22 18:50:00,PART_0039,RECEIPT,6,28,34,
TXN_002040,2024-05-06 14:20:00,PART_0240,ISSUE,1,0,0,WO_08011
TXN_002041,2024-09-09 01:09:00,PART_0233,RECEIPT,6,24,30,
TXN_002042,2024-02-18 18:25:00,PART_0022,ISSUE,2,41,39,WO_09123
TXN_002043,2025-08-18 21:49:00,PART_0283,ISSUE,1,1,0,WO_06549
TXN_002044,2024-06-01 18:44:00,PART_0054,ISSUE,1,47,46,WO_04843
TXN_002045,2024-07-08 08:55:00,PART_0061,ISSUE,7,17,10,WO_06938
TXN_002046,2024-08-23 22:02:00,PART_0105,RECEIPT,4,39,43,
TXN_002047,2024-10-08 01:06:00,PART_0143,RECEIPT,2,44,46,
TXN_002048,2025-09-14 11:43:00,PART_0204,ISSUE,7,43,36,WO_07434
TXN_002049,2025-07-01 08:49:00,PART_0190,RECEIPT,5,28,33,
TXN_002050,2024-10-20 17:39:00,PART_0001,ISSUE,2,33,31,WO_07322
TXN_002051,2024-05-11 22:38:00,PART_0216,RECEIPT,5,25,30,
TXN_002052,2024-04-10 06:40:00,PART_0129,RECEIPT,6,61,67,
TXN_002053,2025-09-04 07:17:00,PART_0276,ISSUE,5,33,28,WO_05264
TXN_002054,2025-03-03 10:03:00,PART_0165,RECEIPT,6,0,6,
TXN_002055,2024-04-21 13:48:00,PART_0116,ISSUE,2,2,0,WO_03858
TXN_002056,2024-12-05 22:50:00,PART_0060,ISSUE,1,0,0,WO_06825
TXN_002057,2025-08-21 11:53:00,PART_0285,RECEIPT,6,40,46,
TXN_002058,2024-07-02 05:24:00,PART_0296,RECEIPT,2,33,35,
TXN_002059,2024-07-15 16:11:00,PART_0283,ISSUE,1,0,0,WO_00617
TXN_002060,2024-09-24 02:48:00,PART_0005,RECEIPT,5,38,43,
TXN_002061,2024-10-29 01:23:00,PART_0264,RECEIPT,6,28,34,
TXN_002062,2024-03-23 07:43:00,PART_0076,ADJUSTMENT,3,40,37,
TXN_002063,2025-08-19 21:17:00,PART_0300,ISSUE,1,53,52,WO_08294
TXN_002064,2025-07-12 11:07:00,PART_0019,RECEIPT,4,8,12,
TXN_002065,2024-05-23 13:19:00,PART_0167,ADJUSTMENT,4,35,31,
TXN_002066,2025-02-18 09:00:00,PART_0226,RECEIPT,8,34,42,
TXN_002067,2025-03-30 17:27:00,PART_0244,RECEIPT,8,52,60,
TXN_002068,2025-04-04 12:03:00,PART_0275,ISSUE,5,48,43,WO_08650
TXN_002069,2024-07-27 13:13:00,PART_0216,ISSUE,7,30,23,WO_01136
TXN_002070,2024-08-12 16:55:00,PART_0171,ISSUE,1,14,13,WO_03535
TXN_002071,2024-01-12 18:25:00,PART_0053,ISSUE,4,4,0,WO_03389
TXN_002072,2025-06-12 18:08:00,PART_0285,ISSUE,8,46,38,WO_08425
TXN_002073,2024-12-07 11:07:00,PART_0151,RECEIPT,8,24,32,
TXN_002074,2024-02-13 21:11:00,PART_0252,RECEIPT,3,12,15,
TXN_002075,2025-03-22 17:42:00,PART_0092,ISSUE,4,8,4,WO_07477
TXN_002076,2024-12-03 18:17:00,PART_0168,ISSUE,1,51,50,WO_09325
TXN_002077,2024-10-13 15:46:00,PART_0052,RECEIPT,7,29,36,
TXN_002078,2024-08-10 09:49:00,PART_0287,ISSUE,4,48,44,WO_03586
TXN_002079,2024-08-02 21:34:00,PART_0248,RECEIPT,8,26,34,
TXN_002080,2024-07-18 03:57:00,PART_0155,ISSUE,5,33,28,WO_07478
TXN_002081,2024-04-22 14:39:00,PART_0182,ISSUE,3,38,35,WO_05801
TXN_002082,2024-06-22 09:04:00,PART_0280,RECEIPT,4,50,54,
TXN_002083,2024-10-18 05:41:00,PART_0076,ISSUE,2,37,35,WO_00356
TXN_002084,2024-04-20 01:54:00,PART_0136,ISSUE,5,5,0,WO_06023
TXN_002085,2025-03-23 00:39:00,PART_0005,RECEIPT,1,43,44,
TXN_002086,2025-02-23 07:22:00,PART_0212,RECEIPT,7,0,7,
TXN_002087,2025-04-24 10:36:00,PART_0062,ADJUSTMENT,6,0,6,
TXN_002088,2025-08-04 19:31:00,PART_0197,RECEIPT,3,21,24,
TXN_002089,2025-03-31 11:08:00,PART_0216,RECEIPT,7,23,30,
TXN_002090,2024-05-01 14:28:00,PART_0182,RECEIPT,1,35,36,
TXN_002091,2024-03-31 12:45:00,PART_0222,RECEIPT,4,30,34,
TXN_002092,2024-12-13 00:51:00,PART_0020,ISSUE,7,7,0,WO_00114
TXN_002093,2025-05-08 06:07:00,PART_0121,ISSUE,6,17,11,WO_02981
TXN_002094,2025-07-07 11:26:00,PART_0011,RECEIPT,6,33,39,
TXN_002095,2024-08-12 08:48:00,PART_0006,RECEIPT,2,47,49,
TXN_002096,2024-12-24 14:03:00,PART_0001,ADJUSTMENT,3,31,34,
TXN_002097,2024-12-08 21:43:00,PART_0094,RECEIPT,7,50,57,
TXN_002098,2024-07-24 00:00:00,PART_0196,ISSUE,7,30,23,WO_09106
TXN_002099,2025-02-01 14:06:00,PART_0046,RECEIPT,6,28,34,
TXN_002100,2025-02-16 00:24:00,PART_0277,ISSUE,1,24,23,WO_08521
TXN_002101,2025-05-31 17:39:00,PART_0299,ISSUE,7,9,2,WO_08803
TXN_002102,2025-02-28 01:43:00,PART_0194,ISSUE,1,39,38,WO_08275
TXN_002103,2024-11-23 02:44:00,PART_0248,ISSUE,1,34,33,WO_03214
TXN_002104,2025-07-26 00:13:00,PART_0261,ISSUE,8,57,49,WO_06783
TXN_002105,2024-01-21 17:46:00,PART_0083,RECEIPT,7,21,28,
TXN_002106,2024-12-15 23:15:00,PART_0041,ISSUE,8,11,3,WO_03553
TXN_002107,2025-05-16 23:01:00,PART_0197,RECEIPT,7,24,31,
TXN_002108,2024-01-18 13:23:00,PART_0181,ISSUE,2,30,28,WO_08803
TXN_002109,2024-09-12 09:52:00,PART_0156,RECEIPT,5,21,26,
TXN_002110,2025-08-11 22:33:00,PART_0145,ISSUE,5,38,33,WO_00615
TXN_002111,2024-01-25 13:09:00,PART_0159,RECEIPT,3,12,15,
TXN_002112,2025-02-21 21:43:00,PART_0028,ISSUE,5,14,9,WO_06542
TXN_002113,2024-09-15 10:37:00,PART_0001,ISSUE,6,34,28,WO_07596
TXN_002114,2024-07-12 01:31:00,PART_0235,RECEIPT,6,39,45,
TXN_002115,2025-08-26 20:28:00,PART_0297,ISSUE,2,44,42,WO_06137
TXN_002116,2024-02-21 11:34:00,PART_0235,RECEIPT,7,45,52,
TXN_002117,2024-11-07 03:47:00,PART_0212,ISSUE,2,7,5,WO_03322
TXN_002118,2025-08-23 16:53:00,PART_0136,ISSUE,1,0,0,WO_07223
TXN_002119,2024-03-14 13:28:00,PART_0073,RECEIPT,6,58,64,
TXN_002120,2024-04-05 04:13:00,PART_0141,ADJUSTMENT,8,6,0,
TXN_002121,2024-11-30 10:14:00,PART_0092,ADJUSTMENT,6,4,0,
TXN_002122,2024-12-06 11:18:00,PART_0167,ISSUE,8,31,23,WO_00543
TXN_002123,2025-07-19 03:05:00,PART_0245,ISSUE,8,33,25,WO_06752
TXN_002124,2024-03-23 14:26:00,PART_0191,ISSUE,1,0,0,WO_04305
TXN_002125,2025-03-22 15:26:00,PART_0289,ISSUE,2,42,40,WO_08366
TXN_002126,2025-05-24 23:39:00,PART_0049,RECEIPT,7,13,20,
TXN_002127,2024-03-20 22:11:00,PART_0213,ISSUE,7,8,1,WO_03073
TXN_002128,2024-07-29 06:17:00,PART_0095,ISSUE,1,64,63,WO_01039
TXN_002129,2024-10-27 22:55:00,PART_0271,RECEIPT,4,56,60,
TXN_002130,2024-09-14 17:52:00,PART_0200,RECEIPT,4,9,13,
TXN_002131,2024-01-30 17:47:00,PART_0040,RECEIPT,8,14,22,
TXN_002132,2025-09-01 04:02:00,PART_0240,ISSUE,1,0,0,WO_04832
TXN_002133,2025-01-25 16:40:00,PART_0035,ISSUE,2,60,58,WO_01367
TXN_002134,2024-03-05 09:39:00,PART_0186,RECEIPT,5,9,14,
TXN_002135,2024-06-02 22:21:00,PART_0053,RECEIPT,8,0,8,
TXN_002136,2024-11-22 18:58:00,PART_0165,ISSUE,1,6,5,WO_03142
TXN_002137,2025-04-19 11:19:00,PART_0286,ISSUE,7,35,28,WO_00026
TXN_002138,2024-12-03 01:42:00,PART_0183,ISSUE,3,34,31,WO_00981
TXN_002139,2024-07-19 04:59:00,PART_0200,ISSUE,7,13,6,WO_07781
TXN_002140,2024-10-20 12:47:00,PART_0031,RECEIPT,7,55,62,
TXN_002141,2024-07-09 07:34:00,PART_0020,ADJUSTMENT,1,0,1,
TXN_002142,2024-02-21 08:38:00,PART_0002,ISSUE,1,51,50,WO_07507
TXN_002143,2024-11-26 04:35:00,PART_0237,RECEIPT,7,34,41,
TXN_002144,2025-04-06 22:43:00,PART_0025,ISSUE,2,18,16,WO_04565
TXN_002145,2024-06-21 15:19:00,PART_0082,ISSUE,2,34,32,WO_09916
TXN_002146,2025-02-21 13:44:00,PART_0190,RECEIPT,1,33,34,
TXN_002147,2025-05-16 22:29:00,PART_0037,ISSUE,8,8,0,WO_04780
TXN_002148,2025-09-07 04:30:00,PART_0073,ISSUE,5,64,59,WO_04939
TXN_002149,2025-04-08 20:46:00,PART_0150,ISSUE,2,5,3,WO_06381
TXN_002150,2024-02-02 00:59:00,PART_0209,RECEIPT,6,0,6,
TXN_002151,2024-08-20 16:38:00,PART_0123,RECEIPT,4,20,24,
TXN_002152,2025-03-16 13:54:00,PART_0071,RECEIPT,6,34,40,
TXN_002153,2025-05-24 23:32:00,PART_0087,RECEIPT,1,30,31,
TXN_002154,2025-08-11 14:28:00,PART_0081,RECEIPT,6,0,6,
TXN_002155,2025-04-13 00:27:00,PART_0080,ISSUE,1,1,0,WO_04239
TXN_002156,2024-07-30 16:40:00,PART_0112,RECEIPT,3,49,52,
TXN_002157,2025-04-28 21:08:00,PART_0044,ISSUE,6,37,31,WO_09988
TXN_002158,2025-03-05 03:07:00,PART_0249,RECEIPT,5,33,38,
TXN_002159,2024-10-06 09:19:00,PART_0042,RECEIPT,1,58,59,
TXN_002160,2024-04-24 15:23:00,PART_0300,ISSUE,3,52,49,WO_07363
TXN_002161,2024-01-27 22:58:00,PART_0264,ISSUE,5,34,29,WO_09532
TXN_002162,2025-03-01 04:59:00,PART_0056,ISSUE,7,42,35,WO_05983
TXN_002163,2024-08-22 16:41:00,PART_0029,RECEIPT,8,20,28,
TXN_002164,2025-05-03 07:09:00,PART_0047,RECEIPT,1,40,41,
TXN_002165,2025-04-17 12:11:00,PART_0074,RECEIPT,7,3,10,
TXN_002166,2025-03-29 14:43:00,PART_0035,RECEIPT,8,58,66,
TXN_002167,2024-09-23 07:49:00,PART_0056,RECEIPT,8,35,43,
TXN_002168,2024-03-11 22:26:00,PART_0234,RECEIPT,1,0,1,
TXN_002169,2025-08-22 13:24:00,PART_0229,RECEIPT,1,31,32,
TXN_002170,2024-12-10 01:29:00,PART_0234,ADJUSTMENT,4,1,0,
TXN_002171,2024-10-04 23:15:00,PART_0033,ISSUE,5,5,0,WO_04472
TXN_002172,2024-01-03 13:10:00,PART_0173,ISSUE,1,1,0,WO_08035
TXN_002173,2024-03-23 17:09:00,PART_0115,RECEIPT,6,14,20,
TXN_002174,2024-01-03 08:37:00,PART_0185,ADJUSTMENT,5,42,47,
TXN_002175,2024-02-12 00:25:00,PART_0267,ISSUE,1,57,56,WO_05274
TXN_002176,2025-05-20 00:40:00,PART_0203,ISSUE,7,29,22,WO_04271
TXN_002177,2024-12-18 13:02:00,PART_0254,ISSUE,7,32,25,WO_03855
TXN_002178,2025-01-18 21:42:00,PART_0121,ISSUE,1,11,10,WO_08178
TXN_002179,2025-07-09 08:27:00,PART_0108,RECEIPT,1,10,11,
TXN_002180,2024-12-24 11:44:00,PART_0072,ADJUSTMENT,7,15,8,
TXN_002181,2025-01-26 01:01:00,PART_0052,ISSUE,2,36,34,WO_07271
TXN_002182,2025-01-25 01:13:00,PART_0120,ISSUE,7,9,2,WO_07018
TXN_002183,2025-06-18 12:19:00,PART_0268,ISSUE,7,40,33,WO_01668
TXN_002184,2024-06-30 04:39:00,PART_0161,ADJUSTMENT,6,11,5,
TXN_002185,2024-09-29 17:46:00,PART_0298,ISSUE,1,0,0,WO_09486
TXN_002186,2024-06-08 01:16:00,PART_0069,ISSUE,8,27,19,WO_03415
TXN_002187,2024-05-08 08:25:00,PART_0230,ISSUE,3,3,0,WO_05574
TXN_002188,2024-03-28 18:10:00,PART_0068,ADJUSTMENT,4,42,38,
TXN_002189,2024-11-03 17:22:00,PART_0163,ISSUE,7,52,45,WO_09030
TXN_002190,2024-04-14 11:31:00,PART_0292,ISSUE,4,33,29,WO_04034
TXN_002191,2024-04-22 06:49:00,PART_0185,RECEIPT,7,47,54,
TXN_002192,2025-03-29 18:40:00,PART_0187,ISSUE,4,37,33,WO_05864
TXN_002193,2025-03-20 20:10:00,PART_0168,ISSUE,2,50,48,WO_07192
TXN_002194,2024-06-22 04:26:00,PART_0042,RECEIPT,6,59,65,
TXN_002195,2025-04-17 16:32:00,PART_0284,ISSUE,8,42,34,WO_04241
TXN_002196,2025-06-12 03:18:00,PART_0284,RECEIPT,6,34,40,
TXN_002197,2024-11-18 04:33:00,PART_0262,RECEIPT,7,33,40,
TXN_002198,2024-05-31 03:39:00,PART_0189,ISSUE,7,24,17,WO_00652
TXN_002199,2024-07-20 23:35:00,PART_0204,RECEIPT,8,36,44,
TXN_002200,2025-07-16 15:13:00,PART_0282,RECEIPT,8,64,72,
TXN_002201,2024-02-24 23:37:00,PART_0221,RECEIPT,7,34,41,
TXN_002202,2025-02-03 05:23:00,PART_0056,ISSUE,2,43,41,WO_07690
TXN_002203,2025-09-15 03:36:00,PART_0243,RECEIPT,8,6,14,
TXN_002204,2025-07-28 14:54:00,PART_0281,RECEIPT,4,32,36,
TXN_002205,2024-10-27 16:50:00,PART_0225,ISSUE,4,54,50,WO_08926
TXN_002206,2025-09-12 22:57:00,PART_0048,ISSUE,4,26,22,WO_03418
TXN_002207,2024-05-20 11:18:00,PART_0245,ISSUE,4,25,21,WO_08687
TXN_002208,2024-10-14 17:25:00,PART_0064,RECEIPT,2,24,26,
TXN_002209,2024-04-29 02:00:00,PART_0207,RECEIPT,4,41,45,
TXN_002210,2024-07-26 12:08:00,PART_0009,ISSUE,4,39,35,WO_05301
TXN_002211,2025-05-30 17:40:00,PART_0287,ISSUE,1,44,43,WO_02288
TXN_002212,2025-01-17 16:12:00,PART_0169,ISSUE,1,0,0,WO_02686
TXN_002213,2025-03-09 14:36:00,PART_0116,ISSUE,1,0,0,WO_09212
TXN_002214,2024-02-04 14:01:00,PART_0272,ADJUSTMENT,1,55,56,
TXN_002215,2024-12-31 02:51:00,PART_0226,RECEIPT,5,42,47,
TXN_002216,2024-12-29 02:16:00,PART_0175,RECEIPT,3,49,52,
TXN_002217,2025-04-01 07:58:00,PART_0299,ISSUE,2,2,0,WO_05583
TXN_002218,2024-05-03 00:15:00,PART_0168,RECEIPT,5,48,53,
TXN_002219,2024-03-19 14:37:00,PART_0154,ISSUE,5,20,15,WO_00697
TXN_002220,2024-04-15 09:05:00,PART_0073,ISSUE,4,59,55,WO_00795
TXN_002221,2024-03-29 11:43:00,PART_0054,RECEIPT,7,46,53,
TXN_002222,2024-08-06 22:04:00,PART_0024,ISSUE,6,47,41,WO_04353
TXN_002223,2024-11-07 22:02:00,PART_0115,ADJUSTMENT,7,20,13,
TXN_002224,2024-02-02 23:57:00,PART_0147,ISSUE,1,1,0,WO_05169
TXN_002225,2025-07-19 14:11:00,PART_0014,ISSUE,8,15,7,WO_03399
TXN_002226,2024-07-15 09:02:00,PART_0104,ISSUE,7,37,30,WO_09700
TXN_002227,2025-07-06 16:31:00,PART_0238,RECEIPT,8,0,8,
TXN_002228,2025-09-06 11:43:00,PART_0200,ISSUE,2,6,4,WO_08262
TXN_002229,2025-01-30 17:21:00,PART_0201,RECEIPT,2,45,47,
TXN_002230,2025-07-23 10:24:00,PART_0013,ISSUE,1,51,50,WO_04696
TXN_002231,2024-01-25 00:52:00,PART_0162,ISSUE,2,33,31,WO_05489
TXN_002232,2025-05-05 10:39:00,PART_0026,ISSUE,5,6,1,WO_03241
TXN_002233,2024-01-12 07:25:00,PART_0058,ISSUE,6,39,33,WO_02975
TXN_002234,2024-01-11 00:55:00,PART_0141,ISSUE,1,0,0,WO_08036
TXN_002235,2024-01-08 08:55:00,PART_0157,ISSUE,4,7,3,WO_08534
TXN_002236,2024-12-21 06:35:00,PART_0124,ISSUE,7,16,9,WO_06360
TXN_002237,2024-10-06 19:30:00,PART_0068,ISSUE,6,38,32,WO_02927
TXN_002238,2025-09-13 07:04:00,PART_0115,ISSUE,4,13,9,WO_02603
TXN_002239,2024-12-22 10:43:00,PART_0071,ISSUE,1,40,39,WO_02024
TXN_002240,2024-04-06 04:30:00,PART_0256,ISSUE,6,50,44,WO_09037
TXN_002241,2024-03-19 02:31:00,PART_0251,ADJUSTMENT,4,56,52,
TXN_002242,2024-10-16 11:17:00,PART_0087,RECEIPT,6,31,37,
TXN_002243,2025-02-15 23:45:00,PART_0181,RECEIPT,7,28,35,
TXN_002244,2025-07-18 22:43:00,PART_0035,RECEIPT,2,66,68,
TXN_002245,2025-06-27 18:36:00,PART_0176,ISSUE,3,54,51,WO_00684
TXN_002246,2024-04-27 13:27:00,PART_0193,ISSUE,3,3,0,WO_05418
TXN_002247,2024-09-16 11:39:00,PART_0037,RECEIPT,2,0,2,
TXN_002248,2025-05-19 23:16:00,PART_0137,ISSUE,4,15,11,WO_06584
TXN_002249,2025-08-19 20:31:00,PART_0242,ISSUE,4,25,21,WO_05260
TXN_002250,2025-02-21 15:08:00,PART_0193,ISSUE,1,0,0,WO_02932
TXN_002251,2025-03-23 10:20:00,PART_0144,RECEIPT,4,10,14,
TXN_002252,2024-05-07 17:35:00,PART_0057,RECEIPT,6,11,17,
TXN_002253,2024-08-06 23:55:00,PART_0215,ISSUE,4,8,4,WO_03363
TXN_002254,2024-06-18 18:30:00,PART_0122,RECEIPT,8,27,35,
TXN_002255,2024-05-07 06:09:00,PART_0147,RECEIPT,2,0,2,
TXN_002256,2025-01-18 20:11:00,PART_0230,ISSUE,1,0,0,WO_08481
TXN_002257,2025-06-16 00:39:00,PART_0079,ISSUE,1,0,0,WO_06342
TXN_002258,2024-03-17 04:47:00,PART_0034,ISSUE,5,28,23,WO_04955
TXN_002259,2024-10-27 09:51:00,PART_0156,ISSUE,6,26,20,WO_02249
TXN_002260,2025-01-21 23:11:00,PART_0130,ISSUE,5,38,33,WO_03418
TXN_002261,2025-07-25 16:02:00,PART_0231,ISSUE,8,14,6,WO_05943
TXN_002262,2025-05-26 22:04:00,PART_0178,RECEIPT,7,29,36,
TXN_002263,2024-07-12 12:39:00,PART_0159,RECEIPT,4,15,19,
TXN_002264,2024-08-18 11:31:00,PART_0223,RECEIPT,8,0,8,
TXN_002265,2024-10-02 22:10:00,PART_0209,ISSUE,6,6,0,WO_07066
TXN_002266,2024-02-24 07:41:00,PART_0097,RECEIPT,7,20,27,
TXN_002267,2024-10-01 12:42:00,PART_0130,ISSUE,8,33,25,WO_02746
TXN_002268,2024-06-11 15:52:00,PART_0286,RECEIPT,8,28,36,
TXN_002269,2025-06-08 23:23:00,PART_0089,ISSUE,5,44,39,WO_05956
TXN_002270,2025-03-12 05:13:00,PART_0009,ISSUE,2,35,33,WO_01982
TXN_002271,2025-02-18 14:21:00,PART_0069,RECEIPT,1,19,20,
TXN_002272,2025-04-07 14:18:00,PART_0124,RECEIPT,4,9,13,
TXN_002273,2024-05-13 15:28:00,PART_0045,ISSUE,4,5,1,WO_03939
TXN_002274,2024-05-28 23:20:00,PART_0295,RECEIPT,2,51,53,
TXN_002275,2024-08-11 15:50:00,PART_0250,ISSUE,2,13,11,WO_01496
TXN_002276,2024-11-07 11:49:00,PART_0270,RECEIPT,3,17,20,
TXN_002277,2025-08-31 05:48:00,PART_0040,ISSUE,5,22,17,WO_07463
TXN_002278,2024-12-19 19:48:00,PART_0217,ISSUE,4,46,42,WO_08220
TXN_002279,2025-07-01 12:13:00,PART_0021,ISSUE,5,46,41,WO_01950
TXN_002280,2025-03-11 00:17:00,PART_0155,ISSUE,6,28,22,WO_06880
TXN_002281,2025-04-03 01:48:00,PART_0028,RECEIPT,6,9,15,
TXN_002282,2025-03-12 01:29:00,PART_0183,RECEIPT,3,31,34,
TXN_002283,2024-02-02 23:39:00,PART_0093,RECEIPT,3,21,24,
TXN_002284,2024-07-30 16:19:00,PART_0057,ISSUE,8,17,9,WO_04305
TXN_002285,2024-02-24 06:23:00,PART_0113,RECEIPT,5,49,54,
TXN_002286,2024-04-11 10:24:00,PART_0232,ISSUE,1,0,0,WO_05550
TXN_002287,2024-01-16 20:56:00,PART_0087,RECEIPT,2,37,39,
TXN_002288,2025-06-28 04:19:00,PART_0263,RECEIPT,5,57,62,
TXN_002289,2024-05-27 16:42:00,PART_0092,ISSUE,1,0,0,WO_02546
TXN_002290,2025-01-06 01:57:00,PART_0171,ISSUE,5,13,8,WO_06975
TXN_002291,2024-05-03 13:45:00,PART_0217,ISSUE,5,42,37,WO_09701
TXN_002292,2024-08-23 08:52:00,PART_0186,RECEIPT,3,14,17,
TXN_002293,2025-02-03 00:06:00,PART_0174,RECEIPT,1,22,23,
TXN_002294,2025-08-21 22:59:00,PART_0001,ISSUE,5,28,23,WO_05054
TXN_002295,2025-06-18 11:22:00,PART_0158,RECEIPT,1,10,11,
TXN_002296,2024-01-04 10:58:00,PART_0245,RECEIPT,1,21,22,
TXN_002297,2024-03-08 17:18:00,PART_0015,ISSUE,3,21,18,WO_04405
TXN_002298,2024-12-30 18:25:00,PART_0164,RECEIPT,7,2,9,
TXN_002299,2025-04-10 23:58:00,PART_0264,ISSUE,4,29,25,WO_02791
TXN_002300,2024-04-23 18:13:00,PART_0295,ISSUE,7,53,46,WO_08707
TXN_002301,2024-06-23 12:08:00,PART_0224,ISSUE,1,1,0,WO_05446
TXN_002302,2025-05-12 01:27:00,PART_0263,RECEIPT,5,62,67,
TXN_002303,2024-03-23 17:06:00,PART_0107,RECEIPT,1,12,13,
TXN_002304,2024-03-22 22:35:00,PART_0290,ADJUSTMENT,1,25,26,
TXN_002305,2025-06-05 10:30:00,PART_0020,ISSUE,1,1,0,WO_03835
TXN_002306,2024-09-16 01:11:00,PART_0224,RECEIPT,2,0,2,
TXN_002307,2024-10-25 15:38:00,PART_0223,ISSUE,1,8,7,WO_04570
TXN_002308,2024-03-13 10:05:00,PART_0229,ISSUE,8,32,24,WO_07236
TXN_002309,2025-05-23 14:13:00,PART_0093,ISSUE,4,24,20,WO_08926
TXN_002310,2025-08-03 03:04:00,PART_0286,ISSUE,2,36,34,WO_05708
TXN_002311,2024-04-05 17:02:00,PART_0073,ISSUE,4,55,51,WO_07507
TXN_002312,2024-07-22 23:57:00,PART_0052,RECEIPT,7,34,41,
TXN_002313,2025-09-15 12:13:00,PART_0195,RECEIPT,1,24,25,
TXN_002314,2024-10-26 22:30:00,PART_0049,RECEIPT,3,20,23,
TXN_002315,2024-01-15 19:05:00,PART_0265,ISSUE,6,6,0,WO_08940
TXN_002316,2024-12-26 02:48:00,PART_0150,ISSUE,3,3,0,WO_01547
TXN_002317,2024-11-21 13:39:00,PART_0284,ISSUE,3,40,37,WO_07901
TXN_002318,2025-03-29 14:30:00,PART_0298,RECEIPT,2,0,2,
TXN_002319,2024-07-16 06:18:00,PART_0077,ISSUE,5,23,18,WO_00154
TXN_002320,2024-03-08 21:42:00,PART_0167,RECEIPT,3,23,26,
TXN_002321,2024-08-18 05:29:00,PART_0161,RECEIPT,3,5,8,
TXN_002322,2024-05-02 15:34:00,PART_0069,ISSUE,6,20,14,WO_08101
TXN_002323,2024-03-28 03:09:00,PART_0062,RECEIPT,1,6,7,
TXN_002324,2025-04-19 05:55:00,PART_0238,ISSUE,7,8,1,WO_08760
TXN_002325,2024-09-22 14:59:00,PART_0122,RECEIPT,1,35,36,
TXN_002326,2025-07-26 23:08:00,PART_0115,ISSUE,1,9,8,WO_09674
TXN_002327,2025-08-04 10:25:00,PART_0092,ISSUE,1,0,0,WO_07205
TXN_002328,2025-04-27 09:53:00,PART_0281,ADJUSTMENT,2,36,38,
TXN_002329,2024-06-24 12:56:00,PART_0134,ISSUE,5,28,23,WO_08817
TXN_002330,2024-07-30 00:58:00,PART_0134,ISSUE,4,23,19,WO_06904
TXN_002331,2024-12-03 17:35:00,PART_0096,ISSUE,4,80,76,WO_04689
TXN_002332,2024-01-06 09:02:00,PART_0241,ADJUSTMENT,4,37,33,
TXN_002333,2024-07-06 21:53:00,PART_0206,ISSUE,6,19,13,WO_00259
TXN_002334,2025-03-26 18:23:00,PART_0148,RECEIPT,1,77,78,
TXN_002335,2024-01-21 06:35:00,PART_0012,ADJUSTMENT,6,25,31,
TXN_002336,2024-12-02 11:58:00,PART_0113,ISSUE,1,54,53,WO_07621
TXN_002337,2025-06-18 16:08:00,PART_0211,ISSUE,6,40,34,WO_02472
TXN_002338,2024-01-21 23:30:00,PART_0022,ISSUE,1,39,38,WO_06093
TXN_002339,2025-06-24 21:50:00,PART_0252,RECEIPT,5,15,20,
TXN_002340,2025-03-01 23:25:00,PART_0254,ISSUE,5,25,20,WO_07135
TXN_002341,2024-09-22 11:13:00,PART_0253,RECEIPT,3,18,21,
TXN_002342,2024-12-27 09:58:00,PART_0106,ISSUE,8,38,30,WO_04184
TXN_002343,2025-04-27 09:26:00,PART_0285,RECEIPT,2,38,40,
TXN_002344,2024-10-27 10:35:00,PART_0091,ISSUE,8,37,29,WO_07538
TXN_002345,2024-01-03 13:18:00,PART_0061,ISSUE,3,10,7,WO_02184
TXN_002346,2024-12-06 21:50:00,PART_0225,ISSUE,2,50,48,WO_07416
TXN_002347,2024-01-03 18:26:00,PART_0212,ISSUE,5,5,0,WO_02214
TXN_002348,2025-03-02 05:07:00,PART_0103,ISSUE,5,35,30,WO_02012
TXN_002349,2024-12-05 14:09:00,PART_0149,RECEIPT,3,57,60,
TXN_002350,2025-02-19 08:40:00,PART_0255,ISSUE,4,39,35,WO_05202
TXN_002351,2025-08-05 12:24:00,PART_0157,ISSUE,1,3,2,WO_07664
TXN_002352,2024-05-08 04:57:00,PART_0072,RECEIPT,6,8,14,
TXN_002353,2024-12-19 20:13:00,PART_0125,ISSUE,4,41,37,WO_00057
TXN_002354,2024-08-20 09:56:00,PART_0193,RECEIPT,5,0,5,
TXN_002355,2024-02-08 12:47:00,PART_0118,RECEIPT,2,48,50,
TXN_002356,2024-05-12 19:45:00,PART_0240,ISSUE,1,0,0,WO_05385
TXN_002357,2025-07-25 03:49:00,PART_0064,ISSUE,3,26,23,WO_00426
TXN_002358,2024-04-03 04:17:00,PART_0245,RECEIPT,1,22,23,
TXN_002359,2025-06-26 15:02:00,PART_0040,ISSUE,3,17,14,WO_05905
TXN_002360,2024-05-31 15:52:00,PART_0130,ISSUE,8,25,17,WO_06652
TXN_002361,2024-12-05 08:57:00,PART_0071,ISSUE,8,39,31,WO_04847
TXN_002362,2025-06-02 03:02:00,PART_0065,RECEIPT,6,14,20,
TXN_002363,2024-05-10 03:34:00,PART_0109,ISSUE,5,41,36,WO_01018
TXN_002364,2025-09-11 03:22:00,PART_0102,ADJUSTMENT,8,35,27,
TXN_002365,2024-07-13 02:04:00,PART_0260,ISSUE,2,13,11,WO_08577
TXN_002366,2025-07-15 14:28:00,PART_0037,RECEIPT,1,2,3,
TXN_002367,2025-03-26 23:42:00,PART_0119,ISSUE,2,18,16,WO_08122
TXN_002368,2025-01-20 09:15:00,PART_0255,ISSUE,7,35,28,WO_09975
TXN_002369,2024-08-17 01:58:00,PART_0189,ISSUE,4,17,13,WO_09719
TXN_002370,2025-06-25 22:41:00,PART_0208,RECEIPT,8,2,10,
TXN_002371,2024-07-06 04:21:00,PART_0190,ISSUE,8,34,26,WO_09486
TXN_002372,2025-07-29 14:02:00,PART_0069,RECEIPT,1,14,15,
TXN_002373,2025-09-14 05:28:00,PART_0214,RECEIPT,4,17,21,
TXN_002374,2025-05-21 05:05:00,PART_0042,RECEIPT,3,65,68,
TXN_002375,2025-07-01 17:13:00,PART_0162,ISSUE,1,31,30,WO_00669
TXN_002376,2025-03-07 06:19:00,PART_0036,RECEIPT,3,15,18,
TXN_002377,2024-09-09 23:52:00,PART_0164,ISSUE,4,9,5,WO_05141
TXN_002378,2024-10-16 23:54:00,PART_0168,ISSUE,7,53,46,WO_00809
TXN_002379,2025-01-19 23:56:00,PART_0240,RECEIPT,7,0,7,
TXN_002380,2025-04-09 20:57:00,PART_0200,ADJUSTMENT,6,4,0,
TXN_002381,2024-12-08 02:24:00,PART_0160,RECEIPT,6,10,16,
TXN_002382,2025-05-26 02:16:00,PART_0034,ISSUE,1,23,22,WO_00978
TXN_002383,2024-07-10 02:50:00,PART_0128,ISSUE,3,3,0,WO_04997
TXN_002384,2025-08-29 03:22:00,PART_0122,ISSUE,8,36,28,WO_07554
TXN_002385,2024-01-15 15:41:00,PART_0260,RECEIPT,5,11,16,
TXN_002386,2024-05-22 17:11:00,PART_0003,ADJUSTMENT,6,14,8,
TXN_002387,2024-10-12 19:03:00,PART_0258,ISSUE,5,18,13,WO_02454
TXN_002388,2024-09-20 03:28:00,PART_0295,ISSUE,7,46,39,WO_02187
TXN_002389,2025-09-06 00:52:00,PART_0131,RECEIPT,5,22,27,
TXN_002390,2024-03-16 21:28:00,PART_0067,ISSUE,7,40,33,WO_07338
TXN_002391,2024-07-16 15:29:00,PART_0204,ISSUE,3,44,41,WO_08549
TXN_002392,2025-08-18 13:37:00,PART_0112,ISSUE,8,52,44,WO_05479
TXN_002393,2025-03-24 04:10:00,PART_0248,ISSUE,2,33,31,WO_04971
TXN_002394,2025-05-26 03:19:00,PART_0267,ISSUE,7,56,49,WO_05777
TXN_002395,2024-01-09 21:22:00,PART_0299,RECEIPT,7,0,7,
TXN_002396,2024-02-23 11:55:00,PART_0043,ISSUE,3,65,62,WO_03808
TXN_002397,2025-06-05 04:21:00,PART_0156,ISSUE,7,20,13,WO_02292
TXN_002398,2025-06-23 03:58:00,PART_0187,RECEIPT,3,33,36,
TXN_002399,2024-05-08 16:52:00,PART_0086,RECEIPT,5,20,25,
TXN_002400,2024-03-30 22:13:00,PART_0161,ISSUE,8,8,0,WO_04094
TXN_002401,2024-05-15 03:45:00,PART_0109,RECEIPT,2,36,38,
TXN_002402,2025-01-22 14:31:00,PART_0124,ISSUE,3,13,10,WO_08361
TXN_002403,2025-04-11 00:10:00,PART_0291,ISSUE,5,62,57,WO_01120
TXN_002404,2025-08-14 23:52:00,PART_0154,RECEIPT,6,15,21,
TXN_002405,2024-05-09 07:25:00,PART_0134,RECEIPT,8,19,27,
TXN_002406,2024-05-13 02:42:00,PART_0152,ISSUE,1,29,28,WO_03715
TXN_002407,2024-05-05 21:47:00,PART_0001,ISSUE,1,23,22,WO_07722
TXN_002408,2024-11-26 00:12:00,PART_0001,ISSUE,2,22,20,WO_09179
TXN_002409,2024-11-21 18:07:00,PART_0220,ISSUE,1,23,22,WO_01421
TXN_002410,2025-03-23 16:53:00,PART_0070,RECEIPT,2,12,14,
TXN_002411,2025-04-19 20:00:00,PART_0256,RECEIPT,3,44,47,
TXN_002412,2024-03-09 09:26:00,PART_0180,ISSUE,3,47,44,WO_03572
TXN_002413,2025-02-22 10:08:00,PART_0124,ISSUE,1,10,9,WO_09672
TXN_002414,2024-07-15 20:48:00,PART_0265,RECEIPT,1,0,1,
TXN_002415,2024-09-09 21:47:00,PART_0078,RECEIPT,8,35,43,
TXN_002416,2025-05-22 20:54:00,PART_0065,ISSUE,2,20,18,WO_06177
TXN_002417,2025-04-19 10:49:00,PART_0255,ISSUE,2,28,26,WO_06380
TXN_002418,2025-09-08 12:44:00,PART_0103,ISSUE,6,30,24,WO_00222
TXN_002419,2024-08-13 15:16:00,PART_0026,ISSUE,1,1,0,WO_04271
TXN_002420,2024-09-05 05:37:00,PART_0005,ISSUE,8,44,36,WO_07765
TXN_002421,2024-10-16 13:41:00,PART_0173,ISSUE,1,0,0,WO_02472
TXN_002422,2025-03-02 06:00:00,PART_0027,ISSUE,4,48,44,WO_06163
TXN_002423,2024-09-09 21:07:00,PART_0230,RECEIPT,2,0,2,
TXN_002424,2024-10-12 04:30:00,PART_0100,RECEIPT,6,29,35,
TXN_002425,2024-04-24 20:02:00,PART_0053,RECEIPT,3,8,11,
TXN_002426,2025-02-17 23:19:00,PART_0298,ISSUE,2,2,0,WO_02810
TXN_002427,2025-03-14 11:09:00,PART_0257,ISSUE,2,41,39,WO_00102
TXN_002428,2024-06-10 17:29:00,PART_0009,RECEIPT,3,33,36,
TXN_002429,2024-08-14 22:33:00,PART_0092,ISSUE,1,0,0,WO_09225
TXN_002430,2024-11-09 06:19:00,PART_0116,ADJUSTMENT,1,0,1,
TXN_002431,2024-09-13 14:42:00,PART_0028,RECEIPT,5,15,20,
TXN_002432,2025-04-02 19:13:00,PART_0164,RECEIPT,4,5,9,
TXN_002433,2024-03-09 06:00:00,PART_0251,RECEIPT,5,52,57,
TXN_002434,2024-05-29 02:16:00,PART_0196,ISSUE,5,23,18,WO_05240
TXN_002435,2024-06-08 14:43:00,PART_0294,ISSUE,2,2,0,WO_01912
TXN_002436,2025-02-23 05:33:00,PART_0115,ISSUE,1,8,7,WO_06996
TXN_002437,2025-08-31 03:41:00,PART_0089,ISSUE,2,39,37,WO_01317
TXN_002438,2024-04-11 09:16:00,PART_0053,RECEIPT,3,11,14,
TXN_002439,2024-11-23 20:52:00,PART_0021,RECEIPT,2,41,43,
TXN_002440,2025-04-15 07:32:00,PART_0266,RECEIPT,4,52,56,
TXN_002441,2025-01-26 02:29:00,PART_0037,ISSUE,1,3,2,WO_01977
TXN_002442,2024-08-04 12:21:00,PART_0118,RECEIPT,7,50,57,
TXN_002443,2025-09-05 11:27:00,PART_0128,RECEIPT,2,0,2,
TXN_002444,2025-04-12 17:26:00,PART_0014,ISSUE,2,7,5,WO_01275
TXN_002445,2024-03-19 01:51:00,PART_0199,RECEIPT,4,16,20,
TXN_002446,2025-08-18 03:16:00,PART_0285,RECEIPT,6,40,46,
TXN_002447,2025-08-23 15:05:00,PART_0072,RECEIPT,1,14,15,
TXN_002448,2025-01-15 22:48:00,PART_0286,RECEIPT,2,34,36,
TXN_002449,2024-12-06 22:24:00,PART_0220,RECEIPT,7,22,29,
TXN_002450,2024-06-26 01:12:00,PART_0245,RECEIPT,1,23,24,
TXN_002451,2025-06-30 13:26:00,PART_0050,ISSUE,1,0,0,WO_01833
TXN_002452,2025-01-23 10:44:00,PART_0009,RECEIPT,7,36,43,
TXN_002453,2024-10-27 07:13:00,PART_0098,ADJUSTMENT,4,44,48,
TXN_002454,2024-04-03 23:14:00,PART_0103,RECEIPT,2,24,26,
TXN_002455,2024-10-25 08:26:00,PART_0023,ISSUE,2,51,49,WO_01930
TXN_002456,2025-01-31 09:12:00,PART_0267,RECEIPT,4,49,53,
TXN_002457,2025-07-12 22:15:00,PART_0157,ISSUE,2,2,0,WO_05876
TXN_002458,2024-03-10 00:08:00,PART_0130,ISSUE,7,17,10,WO_07074
TXN_002459,2024-05-22 02:10:00,PART_0036,RECEIPT,1,18,19,
TXN_002460,2025-04-21 12:38:00,PART_0076,ISSUE,8,35,27,WO_03565
TXN_002461,2025-03-01 11:42:00,PART_0029,ISSUE,3,28,25,WO_06862
TXN_002462,2024-03-17 00:14:00,PART_0146,ISSUE,5,41,36,WO_09088
TXN_002463,2024-09-08 03:19:00,PART_0052,ISSUE,3,41,38,WO_06380
TXN_002464,2025-05-17 08:17:00,PART_0124,ISSUE,2,9,7,WO_02473
TXN_002465,2025-06-22 14:03:00,PART_0125,RECEIPT,5,37,42,
TXN_002466,2025-08-10 18:29:00,PART_0242,RECEIPT,3,21,24,
TXN_002467,2025-04-30 14:18:00,PART_0224,ISSUE,1,2,1,WO_08796
TXN_002468,2024-11-07 03:21:00,PART_0186,ISSUE,7,17,10,WO_04943
TXN_002469,2024-09-19 01:28:00,PART_0095,ISSUE,1,63,62,WO_02497
TXN_002470,2024-09-13 15:18:00,PART_0041,ISSUE,3,3,0,WO_03036
TXN_002471,2024-10-15 02:17:00,PART_0105,RECEIPT,7,43,50,
TXN_002472,2025-07-24 00:03:00,PART_0261,RECEIPT,4,49,53,
TXN_002473,2024-02-25 06:08:00,PART_0277,ISSUE,3,23,20,WO_06366
TXN_002474,2024-08-22 19:01:00,PART_0218,RECEIPT,6,28,34,
TXN_002475,2024-03-11 04:55:00,PART_0024,RECEIPT,7,41,48,
TXN_002476,2024-07-23 13:37:00,PART_0207,ISSUE,1,45,44,WO_09911
TXN_002477,2025-04-18 09:02:00,PART_0107,ISSUE,4,13,9,WO_00950
TXN_002478,2024-07-04 22:06:00,PART_0095,ISSUE,8,62,54,WO_06240
TXN_002479,2025-08-30 17:41:00,PART_0264,ISSUE,3,25,22,WO_09896
TXN_002480,2024-08-05 04:47:00,PART_0227,RECEIPT,4,51,55,
TXN_002481,2025-08-07 23:02:00,PART_0172,RECEIPT,1,39,40,
TXN_002482,2024-06-12 19:43:00,PART_0005,ISSUE,7,36,29,WO_02064
TXN_002483,2025-05-12 05:15:00,PART_0235,ISSUE,5,52,47,WO_03510
TXN_002484,2024-07-31 10:12:00,PART_0008,ISSUE,2,7,5,WO_09169
TXN_002485,2024-01-03 02:58:00,PART_0274,RECEIPT,8,36,44,
TXN_002486,2025-01-19 04:39:00,PART_0219,ISSUE,1,36,35,WO_06535
TXN_002487,2025-06-10 11:32:00,PART_0155,RECEIPT,4,22,26,
TXN_002488,2025-05-18 12:02:00,PART_0244,RECEIPT,7,60,67,
TXN_002489,2024-09-22 14:32:00,PART_0103,ISSUE,7,26,19,WO_01791
TXN_002490,2025-05-17 16:04:00,PART_0283,ISSUE,1,0,0,WO_07862
TXN_002491,2024-04-23 10:35:00,PART_0232,RECEIPT,5,0,5,
TXN_002492,2025-04-15 08:06:00,PART_0181,ISSUE,2,35,33,WO_04310
TXN_002493,2025-06-01 09:00:00,PART_0047,RECEIPT,1,41,42,
TXN_002494,2024-04-22 10:47:00,PART_0135,ISSUE,1,42,41,WO_00356
TXN_002495,2024-06-21 16:31:00,PART_0086,RECEIPT,2,25,27,
TXN_002496,2025-01-13 03:08:00,PART_0298,ISSUE,1,0,0,WO_00380
TXN_002497,2025-06-02 19:04:00,PART_0183,ISSUE,2,34,32,WO_07502
TXN_002498,2024-03-05 18:05:00,PART_0144,RECEIPT,8,14,22,
TXN_002499,2024-10-08 21:50:00,PART_0174,ISSUE,4,23,19,WO_04602
TXN_002500,2025-03-02 20:39:00,PART_0177,ISSUE,3,20,17,WO_03259
TXN_002501,2025-03-19 21:28:00,PART_0213,ISSUE,1,1,0,WO_06006
TXN_002502,2024-10-15 10:44:00,PART_0259,ADJUSTMENT,3,28,31,
TXN_002503,2024-03-11 10:12:00,PART_0291,ISSUE,5,57,52,WO_00451
TXN_002504,2025-08-13 09:57:00,PART_0259,RECEIPT,4,31,35,
TXN_002505,2025-07-11 10:33:00,PART_0259,ISSUE,7,35,28,WO_07395
TXN_002506,2025-02-02 19:27:00,PART_0169,RECEIPT,7,0,7,
TXN_002507,2024-04-13 23:28:00,PART_0116,ISSUE,1,1,0,WO_06865
TXN_002508,2024-05-31 04:39:00,PART_0061,RECEIPT,1,7,8,
TXN_002509,2025-03-21 11:24:00,PART_0180,ISSUE,2,44,42,WO_05666
TXN_002510,2024-05-16 03:08:00,PART_0157,ISSUE,1,0,0,WO_01524
TXN_002511,2024-07-12 13:51:00,PART_0069,ISSUE,3,15,12,WO_07129
TXN_002512,2024-05-18 09:31:00,PART_0100,ISSUE,4,35,31,WO_04298
TXN_002513,2025-08-05 16:52:00,PART_0136,ISSUE,1,0,0,WO_06602
TXN_002514,2025-05-07 00:36:00,PART_0146,ISSUE,8,36,28,WO_08635
TXN_002515,2024-04-10 09:13:00,PART_0288,ISSUE,1,0,0,WO_05219
TXN_002516,2025-08-12 18:56:00,PART_0075,ISSUE,4,28,24,WO_07002
TXN_002517,2024-04-23 04:10:00,PART_0141,ISSUE,1,0,0,WO_02613
TXN_002518,2024-05-10 19:19:00,PART_0095,ISSUE,4,54,50,WO_00289
TXN_002519,2025-06-12 02:29:00,PART_0010,RECEIPT,5,5,10,
TXN_002520,2024-08-14 21:38:00,PART_0146,ISSUE,8,28,20,WO_03379
TXN_002521,2024-02-09 11:25:00,PART_0154,ISSUE,1,21,20,WO_00231
TXN_002522,2025-03-15 13:00:00,PART_0032,RECEIPT,2,24,26,
TXN_002523,2024-07-13 04:13:00,PART_0148,ADJUSTMENT,5,78,83,
TXN_002524,2025-05-26 11:15:00,PART_0031,RECEIPT,7,62,69,
TXN_002525,2025-02-05 20:01:00,PART_0051,ISSUE,5,57,52,WO_08375
TXN_002526,2024-08-06 22:16:00,PART_0216,RECEIPT,2,30,32,
TXN_002527,2024-10-15 05:53:00,PART_0038,ISSUE,5,21,16,WO_04737
TXN_002528,2024-03-23 12:48:00,PART_0086,ISSUE,3,27,24,WO_02984
TXN_002529,2024-09-25 15:47:00,PART_0239,ISSUE,3,63,60,WO_07157
TXN_002530,2024-12-27 05:54:00,PART_0121,RECEIPT,8,10,18,
TXN_002531,2024-12-25 13:55:00,PART_0147,ISSUE,2,2,0,WO_08072
TXN_002532,2025-07-18 23:46:00,PART_0001,ISSUE,5,20,15,WO_01250
TXN_002533,2025-02-26 08:58:00,PART_0276,ISSUE,3,28,25,WO_06088
TXN_002534,2024-09-24 21:37:00,PART_0114,ISSUE,5,43,38,WO_02610
TXN_002535,2024-09-20 00:57:00,PART_0166,ISSUE,5,14,9,WO_08108
TXN_002536,2024-02-25 22:28:00,PART_0013,ISSUE,1,50,49,WO_09032
TXN_002537,2025-06-12 22:39:00,PART_0166,ISSUE,3,9,6,WO_01514
TXN_002538,2025-07-15 07:40:00,PART_0016,RECEIPT,6,10,16,
TXN_002539,2024-10-27 15:01:00,PART_0235,ISSUE,7,47,40,WO_03823
TXN_002540,2024-03-03 07:52:00,PART_0160,RECEIPT,8,16,24,
TXN_002541,2025-03-09 01:11:00,PART_0261,ADJUSTMENT,2,53,51,
TXN_002542,2024-06-24 22:29:00,PART_0026,RECEIPT,8,0,8,
TXN_002543,2024-10-18 09:56:00,PART_0191,RECEIPT,1,0,1,
TXN_002544,2024-10-28 15:51:00,PART_0284,ADJUSTMENT,1,37,36,
TXN_002545,2024-07-11 22:34:00,PART_0205,RECEIPT,6,12,18,
TXN_002546,2024-11-07 16:36:00,PART_0212,ISSUE,1,0,0,WO_05404
TXN_002547,2025-03-10 23:04:00,PART_0066,ISSUE,5,62,57,WO_05949
TXN_002548,2024-09-13 15:46:00,PART_0012,RECEIPT,1,31,32,
TXN_002549,2024-06-16 19:59:00,PART_0289,ISSUE,6,40,34,WO_02771
TXN_002550,2024-09-24 05:09:00,PART_0015,ISSUE,2,18,16,WO_00351
TXN_002551,2024-01-28 02:53:00,PART_0156,RECEIPT,3,13,16,
TXN_002552,2024-10-18 17:07:00,PART_0053,ISSUE,4,14,10,WO_00176
TXN_002553,2024-02-11 17:08:00,PART_0070,ISSUE,4,14,10,WO_00081
TXN_002554,2024-09-24 08:05:00,PART_0258,ISSUE,1,13,12,WO_02052
TXN_002555,2024-03-14 17:23:00,PART_0091,RECEIPT,1,29,30,
TXN_002556,2024-05-03 17:03:00,PART_0218,ISSUE,8,34,26,WO_06395
TXN_002557,2024-09-25 02:07:00,PART_0270,RECEIPT,4,20,24,
TXN_002558,2025-05-09 05:27:00,PART_0256,ISSUE,1,47,46,WO_01383
TXN_002559,2024-08-03 08:20:00,PART_0152,RECEIPT,7,28,35,
TXN_002560,2025-07-18 11:38:00,PART_0072,ISSUE,7,15,8,WO_00794
TXN_002561,2025-02-24 17:02:00,PART_0298,RECEIPT,4,0,4,
TXN_002562,2024-09-14 16:40:00,PART_0291,RECEIPT,4,52,56,
TXN_002563,2025-01-23 01:03:00,PART_0132,ISSUE,3,14,11,WO_03512
TXN_002564,2024-08-07 08:23:00,PART_0121,RECEIPT,6,18,24,
TXN_002565,2025-04-08 06:47:00,PART_0152,ADJUSTMENT,7,35,28,
TXN_002566,2024-10-03 03:46:00,PART_0066,ISSUE,4,57,53,WO_09970
TXN_002567,2024-03-21 13:13:00,PART_0137,ISSUE,6,11,5,WO_06515
TXN_002568,2024-04-27 04:47:00,PART_0239,ISSUE,7,60,53,WO_09131
TXN_002569,2024-02-06 04:36:00,PART_0088,RECEIPT,3,4,7,
TXN_002570,2024-10-14 21:59:00,PART_0120,ISSUE,2,2,0,WO_07495
TXN_002571,2025-08-19 18:04:00,PART_0290,ADJUSTMENT,1,26,25,
TXN_002572,2025-01-22 04:59:00,PART_0026,ADJUSTMENT,4,8,12,
TXN_002573,2024-12-20 11:01:00,PART_0027,ISSUE,2,44,42,WO_01218
TXN_002574,2024-08-30 18:38:00,PART_0269,RECEIPT,7,29,36,
TXN_002575,2024-06-24 12:19:00,PART_0275,RECEIPT,6,43,49,
TXN_002576,2024-03-05 09:53:00,PART_0178,RECEIPT,1,36,37,
TXN_002577,2024-11-25 20:40:00,PART_0285,ISSUE,3,46,43,WO_07027
TXN_002578,2025-08-15 20:02:00,PART_0092,ISSUE,1,0,0,WO_01683
TXN_002579,2025-08-03 12:33:00,PART_0020,ADJUSTMENT,8,0,8,
TXN_002580,2024-10-21 12:16:00,PART_0031,ISSUE,7,69,62,WO_01819
TXN_002581,2025-06-10 20:26:00,PART_0180,ISSUE,3,42,39,WO_03397
TXN_002582,2024-04-25 17:18:00,PART_0165,RECEIPT,6,5,11,
TXN_002583,2024-05-29 14:09:00,PART_0281,ISSUE,6,38,32,WO_08708
TXN_002584,2024-08-28 15:24:00,PART_0163,ISSUE,5,45,40,WO_05642
TXN_002585,2024-04-08 05:13:00,PART_0261,RECEIPT,1,51,52,
TXN_002586,2024-09-19 18:25:00,PART_0001,ISSUE,2,15,13,WO_09249
TXN_002587,2024-04-19 12:56:00,PART_0046,RECEIPT,7,34,41,
TXN_002588,2024-09-16 20:18:00,PART_0247,RECEIPT,8,58,66,
TXN_002589,2024-11-27 20:22:00,PART_0026,ISSUE,8,12,4,WO_03582
TXN_002590,2024-12-12 23:18:00,PART_0274,ISSUE,3,44,41,WO_01892
TXN_002591,2024-12-16 06:01:00,PART_0155,ISSUE,4,26,22,WO_09818
TXN_002592,2024-04-17 05:26:00,PART_0170,RECEIPT,1,32,33,
TXN_002593,2024-12-25 14:03:00,PART_0117,RECEIPT,1,18,19,
TXN_002594,2025-05-04 18:58:00,PART_0273,ISSUE,6,20,14,WO_05383
TXN_002595,2024-08-20 11:28:00,PART_0004,ISSUE,6,24,18,WO_07371
TXN_002596,2024-11-19 22:32:00,PART_0050,ISSUE,1,0,0,WO_01125
TXN_002597,2025-03-01 13:19:00,PART_0004,ISSUE,6,18,12,WO_09176
TXN_002598,2025-01-29 11:04:00,PART_0224,ISSUE,1,1,0,WO_06674
TXN_002599,2025-06-17 18:16:00,PART_0081,ISSUE,6,6,0,WO_09901
TXN_002600,2024-07-07 10:33:00,PART_0297,ISSUE,4,42,38,WO_08675
TXN_002601,2024-12-13 01:52:00,PART_0288,ISSUE,1,0,0,WO_08652
TXN_002602,2024-03-01 09:26:00,PART_0263,RECEIPT,7,67,74,
TXN_002603,2025-01-01 14:39:00,PART_0180,ISSUE,4,39,35,WO_09368
TXN_002604,2025-05-13 00:01:00,PART_0123,RECEIPT,3,24,27,
TXN_002605,2025-07-02 01:10:00,PART_0139,ISSUE,1,0,0,WO_08447
TXN_002606,2024-10-07 16:58:00,PART_0096,RECEIPT,5,76,81,
TXN_002607,2024-08-28 03:45:00,PART_0116,ISSUE,1,0,0,WO_01209
TXN_002608,2024-07-12 01:20:00,PART_0096,ISSUE,3,81,78,WO_09496
TXN_002609,2024-09-09 00:43:00,PART_0073,ISSUE,2,51,49,WO_01860
TXN_002610,2024-09-30 17:28:00,PART_0235,RECEIPT,4,40,44,
TXN_002611,2025-06-18 17:58:00,PART_0048,RECEIPT,1,22,23,
TXN_002612,2024-02-06 14:46:00,PART_0198,ISSUE,3,28,25,WO_04246
TXN_002613,2024-01-18 16:42:00,PART_0182,ISSUE,3,36,33,WO_09961
TXN_002614,2024-10-21 19:36:00,PART_0214,RECEIPT,3,21,24,
TXN_002615,2024-12-08 07:22:00,PART_0084,ISSUE,7,7,0,WO_09283
TXN_002616,2025-05-29 13:56:00,PART_0245,ISSUE,8,24,16,WO_05071
TXN_002617,2024-09-01 23:31:00,PART_0060,RECEIPT,7,0,7,
TXN_002618,2025-04-27 08:46:00,PART_0041,RECEIPT,3,0,3,
TXN_002619,2025-07-16 19:02:00,PART_0147,RECEIPT,2,0,2,
TXN_002620,2024-06-17 15:58:00,PART_0060,RECEIPT,6,7,13,
TXN_002621,2025-04-09 02:00:00,PART_0250,RECEIPT,7,11,18,
TXN_002622,2024-08-10 22:34:00,PART_0270,RECEIPT,1,24,25,
TXN_002623,2024-03-16 06:50:00,PART_0022,RECEIPT,7,38,45,
TXN_002624,2025-04-27 22:58:00,PART_0170,RECEIPT,5,33,38,
TXN_002625,2024-02-14 08:06:00,PART_0251,ISSUE,6,57,51,WO_08934
TXN_002626,2024-06-19 07:09:00,PART_0181,RECEIPT,5,33,38,
TXN_002627,2024-01-02 10:30:00,PART_0294,RECEIPT,2,0,2,
TXN_002628,2024-02-18 14:42:00,PART_0002,ISSUE,8,50,42,WO_00385
TXN_002629,2025-04-28 20:54:00,PART_0070,ISSUE,8,10,2,WO_09520
TXN_002630,2025-09-15 07:50:00,PART_0206,RECEIPT,8,13,21,
TXN_002631,2024-04-07 21:49:00,PART_0239,RECEIPT,6,53,59,
TXN_002632,2024-11-14 09:50:00,PART_0159,ISSUE,4,19,15,WO_01516
TXN_002633,2025-05-13 19:15:00,PART_0204,ISSUE,4,41,37,WO_09571
TXN_002634,2024-03-14 11:53:00,PART_0074,ISSUE,1,10,9,WO_07337
TXN_002635,2024-09-10 07:57:00,PART_0244,ISSUE,1,67,66,WO_06152
TXN_002636,2025-06-20 10:22:00,PART_0012,ISSUE,7,32,25,WO_01170
TXN_002637,2024-05-11 05:36:00,PART_0080,RECEIPT,8,0,8,
TXN_002638,2024-02-09 01:46:00,PART_0215,RECEIPT,2,4,6,
TXN_002639,2024-07-18 07:32:00,PART_0094,ISSUE,6,57,51,WO_05962
TXN_002640,2025-02-16 15:59:00,PART_0266,ISSUE,6,56,50,WO_02705
TXN_002641,2024-06-29 07:54:00,PART_0198,ADJUSTMENT,7,25,32,
TXN_002642,2025-02-15 10:41:00,PART_0264,ISSUE,8,22,14,WO_03549
TXN_002643,2024-09-13 06:22:00,PART_0043,ISSUE,6,62,56,WO_02504
TXN_002644,2024-03-03 21:23:00,PART_0168,RECEIPT,8,46,54,
TXN_002645,2024-11-27 10:04:00,PART_0149,ISSUE,4,60,56,WO_00899
TXN_002646,2024-11-09 11:31:00,PART_0275,ISSUE,7,49,42,WO_03735
TXN_002647,2024-04-12 22:30:00,PART_0205,RECEIPT,4,18,22,
TXN_002648,2024-01-26 01:56:00,PART_0067,RECEIPT,5,33,38,
TXN_002649,2024-06-24 09:34:00,PART_0082,ISSUE,6,32,26,WO_03558
TXN_002650,2024-05-31 00:12:00,PART_0204,ISSUE,5,37,32,WO_04547
TXN_002651,2025-09-01 03:58:00,PART_0016,ISSUE,7,16,9,WO_04552
TXN_002652,2024-03-16 19:40:00,PART_0297,ISSUE,8,38,30,WO_02318
TXN_002653,2024-10-20 18:13:00,PART_0062,ADJUSTMENT,2,7,5,
TXN_002654,2025-06-02 02:44:00,PART_0013,ISSUE,6,49,43,WO_05224
TXN_002655,2024-06-30 00:41:00,PART_0070,ISSUE,2,2,0,WO_04884
TXN_002656,2025-02-09 01:03:00,PART_0035,RECEIPT,4,68,72,
TXN_002657,2024-05-05 07:24:00,PART_0230,ISSUE,2,2,0,WO_05105
TXN_002658,2025-08-05 17:09:00,PART_0049,ISSUE,7,23,16,WO_03219
TXN_002659,2024-02-21 14:52:00,PART_0220,ISSUE,4,29,25,WO_03683
TXN_002660,2025-03-16 08:53:00,PART_0213,ISSUE,1,0,0,WO_04604
TXN_002661,2024-04-16 01:37:00,PART_0186,ISSUE,1,10,9,WO_06401
TXN_002662,2024-05-14 02:15:00,PART_0144,ISSUE,7,22,15,WO_08835
TXN_002663,2024-06-25 09:00:00,PART_0109,RECEIPT,5,38,43,
TXN_002664,2024-06-22 19:13:00,PART_0299,RECEIPT,2,7,9,
TXN_002665,2024-11-10 18:58:00,PART_0246,RECEIPT,3,3,6,
TXN_002666,2024-07-12 05:22:00,PART_0196,ISSUE,1,18,17,WO_08980
TXN_002667,2025-05-13 10:08:00,PART_0228,ISSUE,6,22,16,WO_00240
TXN_002668,2025-05-26 14:52:00,PART_0023,ISSUE,7,49,42,WO_00711
TXN_002669,2025-04-05 08:32:00,PART_0179,ISSUE,7,17,10,WO_03659
TXN_002670,2024-09-04 20:00:00,PART_0266,ISSUE,3,50,47,WO_07856
TXN_002671,2024-11-16 03:58:00,PART_0218,RECEIPT,8,26,34,
TXN_002672,2024-03-11 11:38:00,PART_0211,ISSUE,3,34,31,WO_06685
TXN_002673,2024-02-21 20:02:00,PART_0176,RECEIPT,7,51,58,
TXN_002674,2025-02-15 03:14:00,PART_0050,ISSUE,1,0,0,WO_06404
TXN_002675,2025-08-26 19:18:00,PART_0140,RECEIPT,1,0,1,
TXN_002676,2025-08-17 23:36:00,PART_0152,ISSUE,6,28,22,WO_00776
TXN_002677,2025-01-06 14:46:00,PART_0020,ISSUE,4,8,4,WO_05661
TXN_002678,2025-01-17 06:37:00,PART_0057,RECEIPT,8,9,17,
TXN_002679,2024-06-12 23:10:00,PART_0260,ISSUE,2,16,14,WO_00947
TXN_002680,2025-01-26 12:26:00,PART_0089,ISSUE,7,37,30,WO_01531
TXN_002681,2025-04-17 22:49:00,PART_0128,ISSUE,2,2,0,WO_07851
TXN_002682,2024-04-29 14:24:00,PART_0104,ISSUE,8,30,22,WO_07006
TXN_002683,2025-06-28 15:03:00,PART_0078,RECEIPT,7,43,50,
TXN_002684,2024-07-15 12:36:00,PART_0215,ISSUE,6,6,0,WO_02075
TXN_002685,2025-01-04 04:32:00,PART_0094,ISSUE,1,51,50,WO_04483
TXN_002686,2025-09-10 16:27:00,PART_0110,ISSUE,5,15,10,WO_07631
TXN_002687,2024-05-28 19:42:00,PART_0233,ISSUE,4,30,26,WO_05671
TXN_002688,2025-08-09 19:37:00,PART_0210,ISSUE,6,8,2,WO_08405
TXN_002689,2025-08-23 16:10:00,PART_0034,ISSUE,5,22,17,WO_03838
TXN_002690,2025-08-11 19:52:00,PART_0035,ISSUE,1,72,71,WO_07438
TXN_002691,2025-09-15 08:43:00,PART_0282,ISSUE,8,72,64,WO_02725
TXN_002692,2024-09-05 04:08:00,PART_0270,ISSUE,3,25,22,WO_02278
TXN_002693,2024-10-14 09:31:00,PART_0089,ISSUE,7,30,23,WO_01758
TXN_002694,2025-01-27 20:14:00,PART_0057,RECEIPT,1,17,18,
TXN_002695,2024-07-29 12:11:00,PART_0168,RECEIPT,5,54,59,
TXN_002696,2024-07-27 00:14:00,PART_0159,RECEIPT,2,15,17,
TXN_002697,2024-08-13 07:02:00,PART_0190,ISSUE,5,26,21,WO_02089
TXN_002698,2024-04-13 23:41:00,PART_0078,RECEIPT,2,50,52,
TXN_002699,2025-06-28 17:35:00,PART_0175,ISSUE,3,52,49,WO_05989
TXN_002700,2025-05-03 23:07:00,PART_0109,ISSUE,8,43,35,WO_02949
TXN_002701,2024-07-31 14:20:00,PART_0124,ISSUE,5,7,2,WO_04258
TXN_002702,2024-06-21 04:38:00,PART_0087,ISSUE,1,39,38,WO_00935
TXN_002703,2024-04-12 18:01:00,PART_0229,RECEIPT,2,24,26,
TXN_002704,2025-09-13 17:42:00,PART_0252,RECEIPT,4,20,24,
TXN_002705,2024-01-07 20:54:00,PART_0220,RECEIPT,2,25,27,
TXN_002706,2024-10-06 08:15:00,PART_0068,RECEIPT,4,32,36,
TXN_002707,2024-06-16 13:49:00,PART_0092,RECEIPT,4,0,4,
TXN_002708,2024-02-22 12:19:00,PART_0015,RECEIPT,1,16,17,
TXN_002709,2025-02-26 08:00:00,PART_0011,RECEIPT,1,39,40,
TXN_002710,2024-03-19 00:19:00,PART_0161,ISSUE,1,0,0,WO_03678
TXN_002711,2025-09-15 20:42:00,PART_0244,ISSUE,8,66,58,WO_03848
TXN_002712,2024-02-07 04:11:00,PART_0282,RECEIPT,1,64,65,
TXN_002713,2025-01-25 13:04:00,PART_0235,RECEIPT,2,44,46,
TXN_002714,2024-08-08 18:15:00,PART_0227,ISSUE,3,55,52,WO_02805
TXN_002715,2025-05-02 07:42:00,PART_0148,RECEIPT,7,83,90,
TXN_002716,2025-03-31 01:17:00,PART_0077,RECEIPT,1,18,19,
TXN_002717,2025-05-19 17:10:00,PART_0149,RECEIPT,5,56,61,
TXN_002718,2024-11-04 11:22:00,PART_0183,ISSUE,8,32,24,WO_05910
TXN_002719,2024-10-17 06:52:00,PART_0210,ADJUSTMENT,5,2,7,
TXN_002720,2024-10-01 03:01:00,PART_0033,RECEIPT,7,0,7,
TXN_002721,2024-08-15 00:59:00,PART_0026,ISSUE,4,4,0,WO_01163
TXN_002722,2024-02-19 18:40:00,PART_0245,ISSUE,3,16,13,WO_06617
TXN_002723,2024-09-15 17:56:00,PART_0247,ISSUE,8,66,58,WO_00415
TXN_002724,2024-11-21 17:31:00,PART_0170,RECEIPT,3,38,41,
TXN_002725,2025-05-15 19:19:00,PART_0204,ISSUE,1,32,31,WO_06869
TXN_002726,2024-04-30 10:17:00,PART_0139,RECEIPT,3,0,3,
TXN_002727,2024-10-14 21:57:00,PART_0128,ADJUSTMENT,8,0,0,
TXN_002728,2024-12-31 00:17:00,PART_0162,ISSUE,6,30,24,WO_00020
TXN_002729,2025-09-09 13:12:00,PART_0137,ISSUE,5,5,0,WO_09090
TXN_002730,2025-05-26 14:49:00,PART_0051,ISSUE,5,52,47,WO_08355
TXN_002731,2025-08-01 07:39:00,PART_0064,ISSUE,1,23,22,WO_01974
TXN_002732,2024-10-28 10:35:00,PART_0061,ISSUE,4,8,4,WO_06842
TXN_002733,2025-03-24 06:03:00,PART_0294,ISSUE,2,2,0,WO_09848
TXN_002734,2025-07-13 12:58:00,PART_0037,RECEIPT,1,2,3,
TXN_002735,2024-02-18 18:40:00,PART_0148,ISSUE,6,90,84,WO_06733
TXN_002736,2025-05-21 06:25:00,PART_0273,ISSUE,1,14,13,WO_09355
TXN_002737,2025-06-18 17:52:00,PART_0259,ISSUE,8,28,20,WO_06438
TXN_002738,2025-06-12 18:00:00,PART_0199,RECEIPT,2,20,22,
TXN_002739,2025-09-02 23:13:00,PART_0130,ISSUE,7,10,3,WO_04187
TXN_002740,2024-05-13 19:22:00,PART_0164,ISSUE,5,9,4,WO_06279
TXN_002741,2024-11-14 22:20:00,PART_0091,ISSUE,8,30,22,WO_09542
TXN_002742,2024-03-28 10:36:00,PART_0253,ISSUE,2,21,19,WO_04679
TXN_002743,2024-04-17 05:51:00,PART_0142,ISSUE,3,8,5,WO_09829
TXN_002744,2025-08-23 16:24:00,PART_0240,RECEIPT,7,7,14,
TXN_002745,2024-04-23 07:34:00,PART_0044,RECEIPT,4,31,35,
TXN_002746,2024-08-12 22:03:00,PART_0079,ISSUE,1,0,0,WO_03766
TXN_002747,2024-09-01 23:05:00,PART_0023,RECEIPT,6,42,48,
TXN_002748,2024-09-15 03:06:00,PART_0100,ISSUE,2,31,29,WO_05906
TXN_002749,2024-05-07 23:29:00,PART_0227,ISSUE,2,52,50,WO_01782
TXN_002750,2024-01-28 01:16:00,PART_0134,ISSUE,2,27,25,WO_00900
TXN_002751,2024-06-30 23:37:00,PART_0255,ISSUE,4,26,22,WO_01790
TXN_002752,2024-03-07 13:53:00,PART_0022,ISSUE,1,45,44,WO_03061
TXN_002753,2024-06-30 19:58:00,PART_0295,ISSUE,3,39,36,WO_03607
TXN_002754,2024-12-16 17:57:00,PART_0102,RECEIPT,1,27,28,
TXN_002755,2025-01-12 13:52:00,PART_0095,ISSUE,6,50,44,WO_08779
TXN_002756,2025-04-15 01:01:00,PART_0242,RECEIPT,6,24,30,
TXN_002757,2024-04-20 07:37:00,PART_0032,ISSUE,1,26,25,WO_09768
TXN_002758,2025-06-20 21:50:00,PART_0208,RECEIPT,4,10,14,
TXN_002759,2024-05-01 02:30:00,PART_0103,ISSUE,4,19,15,WO_00902
TXN_002760,2025-06-13 17:57:00,PART_0087,RECEIPT,5,38,43,
TXN_002761,2024-02-21 12:27:00,PART_0265,ISSUE,1,1,0,WO_09369
TXN_002762,2025-06-22 19:13:00,PART_0224,ISSUE,1,0,0,WO_01997
TXN_002763,2024-04-13 18:34:00,PART_0126,ISSUE,8,42,34,WO_06836
TXN_002764,2024-09-09 21:13:00,PART_0012,ISSUE,7,25,18,WO_07102
TXN_002765,2025-07-13 01:21:00,PART_0004,RECEIPT,6,12,18,
TXN_002766,2024-02-23 07:37:00,PART_0208,RECEIPT,6,14,20,
TXN_002767,2024-07-19 09:50:00,PART_0158,RECEIPT,3,11,14,
TXN_002768,2024-03-06 12:48:00,PART_0100,ISSUE,3,29,26,WO_02972
TXN_002769,2024-02-23 12:05:00,PART_0131,RECEIPT,6,27,33,
TXN_002770,2024-10-23 00:49:00,PART_0009,ISSUE,3,43,40,WO_02214
TXN_002771,2025-06-16 23:21:00,PART_0264,ISSUE,6,14,8,WO_03162
TXN_002772,2024-12-31 14:42:00,PART_0282,RECEIPT,3,65,68,
TXN_002773,2025-03-31 05:56:00,PART_0033,ISSUE,7,7,0,WO_09619
TXN_002774,2025-09-12 20:23:00,PART_0123,ISSUE,3,27,24,WO_08576
TXN_002775,2025-07-05 17:13:00,PART_0071,ISSUE,4,31,27,WO_01612
TXN_002776,2025-04-26 05:13:00,PART_0123,ADJUSTMENT,3,24,27,
TXN_002777,2024-01-01 00:16:00,PART_0239,ISSUE,6,59,53,WO_09099
TXN_002778,2024-11-13 05:35:00,PART_0116,ISSUE,1,0,0,WO_02514
TXN_002779,2025-09-08 08:21:00,PART_0074,RECEIPT,1,9,10,
TXN_002780,2024-12-19 16:37:00,PART_0020,RECEIPT,2,4,6,
TXN_002781,2024-07-06 04:35:00,PART_0146,ISSUE,7,20,13,WO_01384
TXN_002782,2024-01-19 01:39:00,PART_0228,RECEIPT,5,16,21,
TXN_002783,2024-04-20 00:21:00,PART_0234,RECEIPT,6,0,6,
TXN_002784,2024-03-30 08:22:00,PART_0234,RECEIPT,1,6,7,
TXN_002785,2025-08-03 03:26:00,PART_0177,ISSUE,6,17,11,WO_03713
TXN_002786,2024-01-10 07:29:00,PART_0152,ADJUSTMENT,8,22,14,
TXN_002787,2025-02-20 23:13:00,PART_0024,ISSUE,2,48,46,WO_04755
TXN_002788,2024-09-22 08:14:00,PART_0173,ISSUE,1,0,0,WO_08225
TXN_002789,2024-08-26 06:31:00,PART_0092,ISSUE,4,4,0,WO_02147
TXN_002790,2024-02-05 17:21:00,PART_0162,ISSUE,8,24,16,WO_05603
TXN_002791,2024-09-20 10:01:00,PART_0094,RECEIPT,3,50,53,
TXN_002792,2024-03-17 02:18:00,PART_0243,ISSUE,3,14,11,WO_02057
TXN_002793,2024-07-18 18:18:00,PART_0273,RECEIPT,5,13,18,
TXN_002794,2024-02-19 07:41:00,PART_0167,RECEIPT,3,26,29,
TXN_002795,2024-01-14 14:26:00,PART_0093,ISSUE,4,20,16,WO_05191
TXN_002796,2025-05-19 07:29:00,PART_0131,ISSUE,3,33,30,WO_09711
TXN_002797,2025-03-09 06:12:00,PART_0054,ISSUE,1,53,52,WO_07230
TXN_002798,2024-12-04 00:30:00,PART_0193,ISSUE,3,5,2,WO_01244
TXN_002799,2025-05-14 18:46:00,PART_0249,ISSUE,3,38,35,WO_09349
TXN_002800,2024-06-27 12:33:00,PART_0272,RECEIPT,2,56,58,
TXN_002801,2024-10-31 14:38:00,PART_0016,RECEIPT,3,9,12,
TXN_002802,2025-07-09 15:48:00,PART_0129,RECEIPT,7,67,74,
TXN_002803,2024-08-12 12:40:00,PART_0154,ADJUSTMENT,5,20,25,
TXN_002804,2024-05-01 08:57:00,PART_0131,ISSUE,6,30,24,WO_04652
TXN_002805,2024-05-02 12:35:00,PART_0190,RECEIPT,4,21,25,
TXN_002806,2024-09-02 05:57:00,PART_0107,ISSUE,4,9,5,WO_07302
TXN_002807,2024-05-26 09:55:00,PART_0253,RECEIPT,3,19,22,
TXN_002808,2024-05-11 06:16:00,PART_0014,ISSUE,4,5,1,WO_04439
TXN_002809,2024-12-23 18:34:00,PART_0292,RECEIPT,2,29,31,
TXN_002810,2025-08-29 00:16:00,PART_0175,RECEIPT,7,49,56,
TXN_002811,2025-02-23 01:19:00,PART_0122,ISSUE,3,28,25,WO_04643
TXN_002812,2024-04-15 14:58:00,PART_0224,ISSUE,1,0,0,WO_00208
TXN_002813,2024-01-31 11:03:00,PART_0207,ISSUE,7,44,37,WO_05210
TXN_002814,2024-07-31 07:14:00,PART_0266,RECEIPT,7,47,54,
TXN_002815,2025-03-06 16:05:00,PART_0037,RECEIPT,6,3,9,
TXN_002816,2024-03-29 11:28:00,PART_0094,ISSUE,7,53,46,WO_03896
TXN_002817,2024-06-25 15:50:00,PART_0257,RECEIPT,5,39,44,
TXN_002818,2025-07-17 17:13:00,PART_0290,ISSUE,1,25,24,WO_09983
TXN_002819,2024-01-21 17:58:00,PART_0214,ISSUE,2,24,22,WO_01494
TXN_002820,2025-06-03 06:01:00,PART_0296,ISSUE,6,35,29,WO_02352
TXN_002821,2025-06-27 21:27:00,PART_0208,RECEIPT,7,20,27,
TXN_002822,2024-06-11 22:34:00,PART_0109,RECEIPT,3,35,38,
TXN_002823,2025-06-09 00:55:00,PART_0255,ADJUSTMENT,2,22,20,
TXN_002824,2024-01-03 05:44:00,PART_0297,ISSUE,5,30,25,WO_02829
TXN_002825,2024-05-04 19:33:00,PART_0019,RECEIPT,3,12,15,
TXN_002826,2025-01-19 17:01:00,PART_0085,RECEIPT,6,55,61,
TXN_002827,2025-04-14 05:15:00,PART_0003,ISSUE,7,8,1,WO_09675
TXN_002828,2025-09-07 08:31:00,PART_0029,ISSUE,1,25,24,WO_09813
TXN_002829,2024-12-17 02:55:00,PART_0068,ISSUE,7,36,29,WO_02033
TXN_002830,2024-08-05 04:54:00,PART_0122,RECEIPT,3,25,28,
TXN_002831,2024-05-20 04:37:00,PART_0210,RECEIPT,7,7,14,
TXN_002832,2024-04-16 17:39:00,PART_0105,RECEIPT,1,50,51,
TXN_002833,2025-08-01 00:00:00,PART_0171,RECEIPT,5,8,13,
TXN_002834,2024-11-08 09:34:00,PART_0300,ISSUE,4,49,45,WO_04944
TXN_002835,2024-07-04 14:06:00,PART_0152,ISSUE,4,14,10,WO_06724
TXN_002836,2024-01-14 18:26:00,PART_0054,RECEIPT,3,52,55,
TXN_002837,2024-01-10 19:05:00,PART_0103,ISSUE,6,15,9,WO_08002
TXN_002838,2025-07-25 19:09:00,PART_0123,RECEIPT,8,27,35,
TXN_002839,2024-05-02 10:52:00,PART_0151,ISSUE,3,32,29,WO_09565
TXN_002840,2024-12-04 21:33:00,PART_0142,ISSUE,4,5,1,WO_09100
TXN_002841,2025-07-15 14:07:00,PART_0058,ISSUE,4,33,29,WO_07510
TXN_002842,2024-04-25 03:31:00,PART_0116,RECEIPT,2,0,2,
TXN_002843,2025-09-15 00:19:00,PART_0042,ISSUE,4,68,64,WO_06606
TXN_002844,2025-08-21 20:23:00,PART_0189,ISSUE,4,13,9,WO_02248
TXN_002845,2024-12-02 23:11:00,PART_0052,ISSUE,3,38,35,WO_05531
TXN_002846,2024-05-03 20:45:00,PART_0190,RECEIPT,5,25,30,
TXN_002847,2024-10-29 05:31:00,PART_0197,ISSUE,3,31,28,WO_05980
TXN_002848,2024-04-19 05:19:00,PART_0027,ISSUE,3,42,39,WO_02908
TXN_002849,2025-05-20 21:58:00,PART_0098,ISSUE,1,48,47,WO_05684
TXN_002850,2025-02-04 20:38:00,PART_0121,ISSUE,7,24,17,WO_04690
TXN_002851,2024-09-01 09:30:00,PART_0233,ISSUE,8,26,18,WO_07358
TXN_002852,2024-10-26 14:44:00,PART_0219,ISSUE,1,35,34,WO_07549
TXN_002853,2025-04-29 17:52:00,PART_0179,ISSUE,5,10,5,WO_00178
TXN_002854,2025-01-01 09:13:00,PART_0224,RECEIPT,3,0,3,
TXN_002855,2024-05-19 00:32:00,PART_0038,RECEIPT,2,16,18,
TXN_002856,2024-08-31 18:57:00,PART_0019,ISSUE,8,15,7,WO_02852
TXN_002857,2025-08-02 09:30:00,PART_0079,ISSUE,1,0,0,WO_09988
TXN_002858,2024-05-06 14:18:00,PART_0211,RECEIPT,6,31,37,
TXN_002859,2025-01-25 14:43:00,PART_0027,ISSUE,2,39,37,WO_08116
TXN_002860,2024-04-18 06:47:00,PART_0003,ISSUE,1,1,0,WO_06738
TXN_002861,2025-06-19 01:06:00,PART_0233,RECEIPT,5,18,23,
TXN_002862,2025-05-08 18:51:00,PART_0268,RECEIPT,8,33,41,
TXN_002863,2024-08-30 20:18:00,PART_0238,ISSUE,1,1,0,WO_02511
TXN_002864,2024-12-01 08:29:00,PART_0295,RECEIPT,1,36,37,
TXN_002865,2024-07-31 19:31:00,PART_0052,ISSUE,4,35,31,WO_08960
TXN_002866,2024-10-21 06:24:00,PART_0002,ISSUE,8,42,34,WO_05749
TXN_002867,2024-07-24 22:03:00,PART_0090,ISSUE,4,30,26,WO_04044
TXN_002868,2025-09-13 10:31:00,PART_0081,RECEIPT,1,0,1,
TXN_002869,2024-05-06 11:37:00,PART_0027,ISSUE,1,37,36,WO_09104
TXN_002870,2024-05-19 07:22:00,PART_0252,ISSUE,7,24,17,WO_08759
TXN_002871,2025-05-01 12:10:00,PART_0178,RECEIPT,5,37,42,
TXN_002872,2025-04-26 20:58:00,PART_0164,RECEIPT,1,4,5,
TXN_002873,2024-02-23 09:56:00,PART_0049,ISSUE,3,16,13,WO_03400
TXN_002874,2024-02-06 05:26:00,PART_0254,ADJUSTMENT,4,20,24,
TXN_002875,2024-06-22 13:47:00,PART_0171,RECEIPT,6,13,19,
TXN_002876,2024-12-04 02:54:00,PART_0009,RECEIPT,2,40,42,
TXN_002877,2024-08-29 23:21:00,PART_0247,ISSUE,2,58,56,WO_01342
TXN_002878,2024-07-12 15:21:00,PART_0027,ISSUE,8,36,28,WO_05667
TXN_002879,2025-02-17 01:17:00,PART_0143,RECEIPT,2,46,48,
TXN_002880,2024-03-30 01:54:00,PART_0279,RECEIPT,4,19,23,
TXN_002881,2025-06-21 06:38:00,PART_0239,RECEIPT,6,53,59,
TXN_002882,2025-01-15 20:51:00,PART_0269,ISSUE,3,36,33,WO_03868
TXN_002883,2024-07-18 02:02:00,PART_0275,ISSUE,8,42,34,WO_01784
TXN_002884,2024-02-20 14:59:00,PART_0264,RECEIPT,5,8,13,
TXN_002885,2025-05-03 07:08:00,PART_0250,RECEIPT,3,18,21,
TXN_002886,2024-07-09 04:54:00,PART_0218,ADJUSTMENT,8,34,26,
TXN_002887,2025-01-03 21:43:00,PART_0172,ISSUE,3,40,37,WO_01209
TXN_002888,2024-01-31 03:51:00,PART_0017,ISSUE,7,21,14,WO_08549
TXN_002889,2025-07-06 01:51:00,PART_0136,ADJUSTMENT,4,0,0,
TXN_002890,2024-07-18 08:42:00,PART_0150,ISSUE,1,0,0,WO_06740
TXN_002891,2025-01-26 07:18:00,PART_0022,RECEIPT,2,44,46,
TXN_002892,2025-03-18 17:26:00,PART_0282,RECEIPT,7,68,75,
TXN_002893,2024-08-30 15:00:00,PART_0121,ISSUE,3,17,14,WO_08416
TXN_002894,2025-05-09 04:28:00,PART_0032,ISSUE,7,25,18,WO_07239
TXN_002895,2024-06-27 07:07:00,PART_0242,RECEIPT,1,30,31,
TXN_002896,2024-10-28 19:01:00,PART_0250,RECEIPT,2,21,23,
TXN_002897,2025-04-01 16:39:00,PART_0260,ISSUE,4,14,10,WO_06583
TXN_002898,2025-07-21 23:10:00,PART_0239,ISSUE,3,59,56,WO_01919
TXN_002899,2025-08-20 21:18:00,PART_0014,ISSUE,1,1,0,WO_00153
TXN_002900,2025-02-05 13:17:00,PART_0090,ISSUE,6,26,20,WO_03800
TXN_002901,2025-02-03 07:04:00,PART_0065,ISSUE,7,18,11,WO_09460
TXN_002902,2024-12-04 16:04:00,PART_0039,ISSUE,2,34,32,WO_02254
TXN_002903,2024-10-24 20:30:00,PART_0285,RECEIPT,6,43,49,
TXN_002904,2025-04-20 06:45:00,PART_0061,ISSUE,4,4,0,WO_09229
TXN_002905,2025-07-27 06:02:00,PART_0254,ISSUE,3,24,21,WO_06361
TXN_002906,2025-08-23 11:39:00,PART_0212,ADJUSTMENT,7,0,7,
TXN_002907,2025-07-01 06:16:00,PART_0248,RECEIPT,6,31,37,
TXN_002908,2024-02-11 19:16:00,PART_0288,ISSUE,1,0,0,WO_01181
TXN_002909,2024-10-09 05:31:00,PART_0067,RECEIPT,5,38,43,
TXN_002910,2025-07-17 05:59:00,PART_0037,ISSUE,2,9,7,WO_01250
TXN_002911,2025-01-30 04:35:00,PART_0277,ISSUE,7,20,13,WO_05682
TXN_002912,2024-02-10 22:19:00,PART_0293,RECEIPT,1,1,2,
TXN_002913,2025-01-01 18:01:00,PART_0139,RECEIPT,3,3,6,
TXN_002914,2025-05-15 16:49:00,PART_0235,RECEIPT,5,46,51,
TXN_002915,2025-08-11 18:01:00,PART_0161,RECEIPT,8,0,8,
TXN_002916,2025-04-14 04:08:00,PART_0003,ADJUSTMENT,1,0,1,
TXN_002917,2024-03-03 20:28:00,PART_0255,ADJUSTMENT,5,20,25,
TXN_002918,2025-03-02 00:06:00,PART_0292,ISSUE,1,31,30,WO_06557
TXN_002919,2024-06-08 08:32:00,PART_0167,RECEIPT,7,29,36,
TXN_002920,2025-02-27 00:26:00,PART_0015,ISSUE,4,17,13,WO_08149
TXN_002921,2024-12-07 20:04:00,PART_0274,RECEIPT,8,41,49,
TXN_002922,2025-03-23 09:16:00,PART_0001,ISSUE,1,13,12,WO_05373
TXN_002923,2024-01-29 20:46:00,PART_0156,ISSUE,1,16,15,WO_07358
TXN_002924,2024-09-12 02:26:00,PART_0272,RECEIPT,2,58,60,
TXN_002925,2024-06-06 10:40:00,PART_0199,ISSUE,3,22,19,WO_07184
TXN_002926,2024-12-13 20:51:00,PART_0116,RECEIPT,2,2,4,
TXN_002927,2024-08-06 14:42:00,PART_0214,ISSUE,5,22,17,WO_05574
TXN_002928,2024-11-11 01:00:00,PART_0202,RECEIPT,8,64,72,
TXN_002929,2024-02-25 18:44:00,PART_0082,ISSUE,4,26,22,WO_08805
TXN_002930,2024-03-23 23:52:00,PART_0125,RECEIPT,4,42,46,
TXN_002931,2025-02-02 04:10:00,PART_0060,ISSUE,7,13,6,WO_09769
TXN_002932,2024-08-15 15:06:00,PART_0049,ISSUE,8,13,5,WO_01864
TXN_002933,2024-10-22 19:01:00,PART_0282,RECEIPT,8,75,83,
TXN_002934,2024-05-19 18:43:00,PART_0074,RECEIPT,8,10,18,
TXN_002935,2024-09-15 18:51:00,PART_0207,RECEIPT,5,37,42,
TXN_002936,2024-08-21 19:33:00,PART_0138,RECEIPT,8,39,47,
TXN_002937,2024-05-05 06:00:00,PART_0263,ISSUE,5,74,69,WO_05571
TXN_002938,2025-09-14 19:20:00,PART_0206,ISSUE,6,21,15,WO_03529
TXN_002939,2024-01-21 02:42:00,PART_0042,ISSUE,3,64,61,WO_09387
TXN_002940,2024-06-07 21:01:00,PART_0186,ISSUE,5,9,4,WO_01734
TXN_002941,2025-07-11 21:58:00,PART_0300,RECEIPT,2,45,47,
TXN_002942,2025-07-12 07:19:00,PART_0132,RECEIPT,5,11,16,
TXN_002943,2025-03-13 01:08:00,PART_0136,ISSUE,1,0,0,WO_02644
TXN_002944,2024-04-05 18:10:00,PART_0238,ISSUE,1,0,0,WO_00235
TXN_002945,2025-03-22 20:44:00,PART_0132,RECEIPT,8,16,24,
TXN_002946,2024-12-15 13:37:00,PART_0005,RECEIPT,2,29,31,
TXN_002947,2024-03-24 23:53:00,PART_0233,RECEIPT,8,23,31,
TXN_002948,2024-02-22 22:34:00,PART_0221,ISSUE,5,41,36,WO_07779
TXN_002949,2024-04-15 20:14:00,PART_0033,RECEIPT,3,0,3,
TXN_002950,2025-04-01 23:28:00,PART_0116,ISSUE,4,4,0,WO_03105
TXN_002951,2025-08-04 20:18:00,PART_0026,RECEIPT,3,0,3,
TXN_002952,2024-01-11 03:39:00,PART_0003,ISSUE,1,1,0,WO_02190
TXN_002953,2024-09-20 07:18:00,PART_0135,ISSUE,4,41,37,WO_07520
TXN_002954,2024-01-15 16:46:00,PART_0248,ISSUE,6,37,31,WO_00190
TXN_002955,2024-07-06 12:26:00,PART_0204,ISSUE,5,31,26,WO_06156
TXN_002956,2024-09-12 04:16:00,PART_0196,ISSUE,3,17,14,WO_06058
TXN_002957,2025-03-16 05:15:00,PART_0128,ISSUE,1,0,0,WO_06232
TXN_002958,2025-05-13 09:34:00,PART_0124,ADJUSTMENT,8,2,0,
TXN_002959,2025-07-22 23:55:00,PART_0117,ISSUE,1,19,18,WO_01919
TXN_002960,2025-06-01 16:34:00,PART_0022,ISSUE,2,46,44,WO_02439
TXN_002961,2024-05-05 09:35:00,PART_0243,ISSUE,4,11,7,WO_07699
TXN_002962,2024-08-12 00:01:00,PART_0248,RECEIPT,6,31,37,
TXN_002963,2024-02-14 09:31:00,PART_0216,ISSUE,1,32,31,WO_05060
TXN_002964,2025-08-29 01:50:00,PART_0133,ISSUE,2,45,43,WO_03079
TXN_002965,2024-02-17 16:17:00,PART_0296,ISSUE,2,29,27,WO_07066
TXN_002966,2024-10-19 16:06:00,PART_0108,RECEIPT,4,11,15,
TXN_002967,2024-12-29 19:02:00,PART_0099,RECEIPT,8,10,18,
TXN_002968,2024-09-07 13:39:00,PART_0263,RECEIPT,4,69,73,
TXN_002969,2024-05-03 19:38:00,PART_0189,ISSUE,3,9,6,WO_03827
TXN_002970,2025-04-20 22:40:00,PART_0157,RECEIPT,1,0,1,
TXN_002971,2024-04-01 11:58:00,PART_0056,ISSUE,3,41,38,WO_08526
TXN_002972,2025-05-15 05:56:00,PART_0048,RECEIPT,8,23,31,
TXN_002973,2024-07-16 07:25:00,PART_0251,ISSUE,5,51,46,WO_02718
TXN_002974,2024-04-19 11:30:00,PART_0276,RECEIPT,2,25,27,
TXN_002975,2024-12-21 22:51:00,PART_0169,ISSUE,6,7,1,WO_07991
TXN_002976,2024-05-14 17:41:00,PART_0143,ADJUSTMENT,8,48,40,
TXN_002977,2024-06-14 20:27:00,PART_0144,RECEIPT,4,15,19,
TXN_002978,2024-08-05 02:09:00,PART_0040,ISSUE,3,14,11,WO_03814
TXN_002979,2024-12-14 19:39:00,PART_0047,RECEIPT,7,42,49,
TXN_002980,2024-05-13 14:40:00,PART_0165,ISSUE,5,11,6,WO_05868
TXN_002981,2025-05-14 21:19:00,PART_0095,ISSUE,7,44,37,WO_07174
TXN_002982,2024-03-02 12:07:00,PART_0227,ISSUE,5,50,45,WO_09357
TXN_002983,2025-06-29 11:14:00,PART_0147,ISSUE,2,2,0,WO_09621
TXN_002984,2025-02-13 04:42:00,PART_0135,ADJUSTMENT,7,37,44,
TXN_002985,2024-10-09 09:57:00,PART_0281,ISSUE,1,32,31,WO_04228
TXN_002986,2024-07-30 00:29:00,PART_0112,ISSUE,1,44,43,WO_01308
TXN_002987,2025-06-24 06:25:00,PART_0090,ISSUE,4,20,16,WO_05566
TXN_002988,2024-01-23 08:50:00,PART_0033,ISSUE,3,3,0,WO_01306
TXN_002989,2025-06-26 12:20:00,PART_0050,RECEIPT,2,0,2,
TXN_002990,2025-06-19 08:49:00,PART_0136,RECEIPT,2,0,2,
TXN_002991,2024-06-28 23:16:00,PART_0224,ISSUE,3,3,0,WO_02617
TXN_002992,2025-07-07 17:06:00,PART_0176,ISSUE,3,58,55,WO_04067
TXN_002993,2024-07-24 07:20:00,PART_0224,RECEIPT,2,0,2,
TXN_002994,2024-05-18 10:02:00,PART_0184,RECEIPT,1,43,44,
TXN_002995,2024-08-09 09:31:00,PART_0187,ADJUSTMENT,5,36,31,
TXN_002996,2024-10-25 11:39:00,PART_0198,ISSUE,5,32,27,WO_02272
TXN_002997,2024-03-08 01:49:00,PART_0048,RECEIPT,5,31,36,
TXN_002998,2025-03-11 06:48:00,PART_0081,RECEIPT,3,1,4,
TXN_002999,2024-10-04 06:58:00,PART_0075,RECEIPT,8,24,32,
TXN_003000,2024-05-13 02:08:00,PART_0161,ISSUE,8,8,0,WO_07253
TXN_003001,2025-01-21 09:02:00,PART_0209,RECEIPT,4,0,4,
TXN_003002,2024-04-19 09:57:00,PART_0122,ISSUE,6,28,22,WO_05140
TXN_003003,2024-05-03 08:15:00,PART_0280,RECEIPT,7,54,61,
TXN_003004,2024-01-25 11:56:00,PART_0275,ISSUE,6,34,28,WO_05404
TXN_003005,2024-01-10 12:28:00,PART_0203,RECEIPT,2,22,24,
TXN_003006,2025-03-12 10:49:00,PART_0247,ISSUE,8,56,48,WO_03465
TXN_003007,2024-11-17 03:25:00,PART_0141,RECEIPT,1,0,1,
TXN_003008,2025-06-05 06:50:00,PART_0085,ISSUE,1,61,60,WO_08342
TXN_003009,2024-09-16 07:18:00,PART_0211,RECEIPT,2,37,39,
TXN_003010,2024-02-01 21:51:00,PART_0064,ADJUSTMENT,3,22,25,
TXN_003011,2025-02-22 09:28:00,PART_0109,RECEIPT,2,38,40,
TXN_003012,2025-02-11 17:05:00,PART_0002,ISSUE,3,34,31,WO_07741
TXN_003013,2024-07-04 14:37:00,PART_0271,ADJUSTMENT,3,60,57,
TXN_003014,2024-07-21 09:16:00,PART_0036,RECEIPT,5,19,24,
TXN_003015,2025-08-12 00:05:00,PART_0082,RECEIPT,8,22,30,
TXN_003016,2025-04-11 05:24:00,PART_0271,ISSUE,1,57,56,WO_04330
TXN_003017,2024-11-19 22:05:00,PART_0159,ISSUE,8,17,9,WO_04593
TXN_003018,2024-07-04 19:01:00,PART_0126,RECEIPT,4,34,38,
TXN_003019,2024-07-06 15:39:00,PART_0103,ISSUE,3,9,6,WO_02120
TXN_003020,2025-01-05 03:37:00,PART_0285,ISSUE,6,49,43,WO_01751
TXN_003021,2024-02-10 23:27:00,PART_0237,ISSUE,7,41,34,WO_01299
TXN_003022,2024-11-16 06:15:00,PART_0098,ISSUE,5,47,42,WO_04745
TXN_003023,2024-12-15 01:54:00,PART_0221,RECEIPT,1,36,37,
TXN_003024,2024-03-12 21:14:00,PART_0253,ADJUSTMENT,6,22,16,
TXN_003025,2024-09-04 17:18:00,PART_0041,ISSUE,3,3,0,WO_06685
TXN_003026,2025-08-07 22:56:00,PART_0007,ISSUE,1,0,0,WO_00474
TXN_003027,2025-05-23 13:02:00,PART_0225,ISSUE,2,48,46,WO_06139
TXN_003028,2024-07-02 16:10:00,PART_0236,RECEIPT,2,26,28,
TXN_003029,2024-05-01 17:18:00,PART_0281,ISSUE,8,31,23,WO_03947
TXN_003030,2024-08-08 19:51:00,PART_0085,RECEIPT,8,60,68,
TXN_003031,2025-03-29 10:02:00,PART_0297,ADJUSTMENT,5,25,20,
TXN_003032,2025-07-10 12:05:00,PART_0021,ISSUE,5,43,38,WO_07012
TXN_003033,2024-11-18 11:47:00,PART_0142,RECEIPT,6,1,7,
TXN_003034,2024-07-19 12:34:00,PART_0129,ISSUE,6,74,68,WO_09978
TXN_003035,2024-12-08 02:25:00,PART_0169,ISSUE,1,1,0,WO_09477
TXN_003036,2025-04-22 00:41:00,PART_0258,RECEIPT,1,12,13,
TXN_003037,2024-11-11 02:34:00,PART_0264,RECEIPT,7,13,20,
TXN_003038,2025-06-21 14:09:00,PART_0271,ISSUE,7,56,49,WO_06368
TXN_003039,2024-06-21 12:13:00,PART_0129,RECEIPT,5,68,73,
TXN_003040,2024-09-15 09:02:00,PART_0264,ISSUE,2,20,18,WO_00113
TXN_003041,2025-03-25 21:58:00,PART_0253,ISSUE,4,16,12,WO_04246
TXN_003042,2024-03-03 13:46:00,PART_0284,ADJUSTMENT,5,36,31,
TXN_003043,2025-02-17 12:12:00,PART_0264,ISSUE,8,18,10,WO_02490
TXN_003044,2024-09-29 07:30:00,PART_0181,ISSUE,8,38,30,WO_06890
TXN_003045,2024-01-12 08:58:00,PART_0044,ISSUE,1,35,34,WO_01540
TXN_003046,2025-08-05 17:56:00,PART_0169,RECEIPT,8,0,8,
TXN_003047,2024-10-14 17:37:00,PART_0174,ISSUE,5,19,14,WO_00661
TXN_003048,2025-06-26 11:21:00,PART_0021,ISSUE,7,38,31,WO_06654
TXN_003049,2024-09-05 21:28:00,PART_0206,ISSUE,6,15,9,WO_04990
TXN_003050,2024-09-26 07:45:00,PART_0291,ISSUE,4,56,52,WO_04827
TXN_003051,2024-04-09 14:06:00,PART_0240,ISSUE,5,14,9,WO_08514
TXN_003052,2025-05-10 23:39:00,PART_0199,ADJUSTMENT,6,19,13,
TXN_003053,2024-10-29 05:29:00,PART_0107,RECEIPT,5,5,10,
TXN_003054,2025-08-17 01:55:00,PART_0165,ISSUE,3,6,3,WO_06204
TXN_003055,2025-01-23 08:24:00,PART_0057,ISSUE,4,18,14,WO_03735
TXN_003056,2024-04-16 18:43:00,PART_0233,ISSUE,4,31,27,WO_07474
TXN_003057,2024-06-28 02:18:00,PART_0047,ISSUE,3,49,46,WO_07924
TXN_003058,2024-05-06 01:29:00,PART_0009,RECEIPT,1,42,43,
TXN_003059,2024-02-24 22:16:00,PART_0084,RECEIPT,6,0,6,
TXN_003060,2025-02-16 09:20:00,PART_0111,ISSUE,1,0,0,WO_08619
TXN_003061,2024-10-15 18:24:00,PART_0132,ISSUE,3,24,21,WO_07316
TXN_003062,2024-03-15 08:36:00,PART_0014,RECEIPT,8,0,8,
TXN_003063,2024-09-23 14:35:00,PART_0009,ISSUE,6,43,37,WO_03183
TXN_003064,2025-08-04 13:20:00,PART_0178,ISSUE,8,42,34,WO_04895
TXN_003065,2025-01-08 04:17:00,PART_0143,RECEIPT,3,40,43,
TXN_003066,2025-08-12 00:26:00,PART_0050,RECEIPT,1,2,3,
TXN_003067,2025-03-28 14:52:00,PART_0153,ISSUE,2,58,56,WO_07298
TXN_003068,2024-03-23 17:53:00,PART_0181,RECEIPT,2,30,32,
TXN_003069,2025-05-25 20:51:00,PART_0210,RECEIPT,2,14,16,
TXN_003070,2024-08-03 02:17:00,PART_0243,ISSUE,7,7,0,WO_09031
TXN_003071,2025-05-19 11:48:00,PART_0093,RECEIPT,7,16,23,
TXN_003072,2024-09-23 05:48:00,PART_0032,ISSUE,5,18,13,WO_07504
TXN_003073,2024-06-22 12:22:00,PART_0015,ISSUE,5,13,8,WO_06824
TXN_003074,2024-12-04 09:04:00,PART_0038,RECEIPT,6,18,24,
TXN_003075,2025-06-30 01:54:00,PART_0135,RECEIPT,1,44,45,
TXN_003076,2024-08-25 07:32:00,PART_0249,ADJUSTMENT,5,35,40,
TXN_003077,2025-04-20 02:13:00,PART_0071,ISSUE,8,27,19,WO_07800
TXN_003078,2025-08-06 06:54:00,PART_0259,ISSUE,3,20,17,WO_00392
TXN_003079,2025-06-10 10:27:00,PART_0187,ISSUE,8,31,23,WO_09525
TXN_003080,2025-03-02 09:08:00,PART_0249,ISSUE,6,40,34,WO_04200
TXN_003081,2025-09-03 02:53:00,PART_0011,ISSUE,4,40,36,WO_08038
TXN_003082,2025-05-09 02:13:00,PART_0270,ISSUE,3,22,19,WO_07896
TXN_003083,2025-07-20 10:10:00,PART_0053,RECEIPT,5,10,15,
TXN_003084,2024-11-17 20:28:00,PART_0003,ISSUE,1,0,0,WO_08554
TXN_003085,2024-01-29 03:19:00,PART_0232,ISSUE,5,5,0,WO_01119
TXN_003086,2024-11-16 20:29:00,PART_0229,ISSUE,4,26,22,WO_02560
TXN_003087,2024-04-10 00:16:00,PART_0205,ISSUE,5,22,17,WO_05549
TXN_003088,2024-06-29 14:18:00,PART_0034,RECEIPT,4,17,21,
TXN_003089,2024-10-23 19:46:00,PART_0127,ADJUSTMENT,4,9,5,
TXN_003090,2024-04-03 01:43:00,PART_0038,RECEIPT,5,24,29,
TXN_003091,2025-05-12 06:48:00,PART_0031,ISSUE,5,62,57,WO_06513
TXN_003092,2024-07-09 22:14:00,PART_0275,RECEIPT,3,28,31,
TXN_003093,2024-10-02 09:27:00,PART_0187,RECEIPT,7,23,30,
TXN_003094,2025-08-19 15:43:00,PART_0171,RECEIPT,4,19,23,
TXN_003095,2025-08-29 20:39:00,PART_0113,RECEIPT,6,53,59,
TXN_003096,2025-06-23 02:38:00,PART_0008,RECEIPT,4,5,9,
TXN_003097,2024-06-15 17:18:00,PART_0260,ISSUE,4,10,6,WO_05417
TXN_003098,2025-09-05 02:57:00,PART_0284,ISSUE,5,31,26,WO_03716
TXN_003099,2025-09-11 21:28:00,PART_0270,ISSUE,2,19,17,WO_04209
TXN_003100,2024-04-22 05:18:00,PART_0127,ADJUSTMENT,7,5,12,
TXN_003101,2025-03-08 15:42:00,PART_0002,ISSUE,5,31,26,WO_01725
TXN_003102,2024-08-07 14:05:00,PART_0211,RECEIPT,5,39,44,
TXN_003103,2024-12-22 17:04:00,PART_0055,RECEIPT,7,57,64,
TXN_003104,2024-11-27 15:03:00,PART_0283,RECEIPT,7,0,7,
TXN_003105,2025-03-11 04:29:00,PART_0142,RECEIPT,1,7,8,
TXN_003106,2024-08-03 00:37:00,PART_0057,RECEIPT,3,14,17,
TXN_003107,2025-06-13 02:39:00,PART_0031,ISSUE,5,57,52,WO_05186
TXN_003108,2024-01-21 13:48:00,PART_0122,ISSUE,7,22,15,WO_00956
TXN_003109,2024-09-03 13:23:00,PART_0064,RECEIPT,1,25,26,
TXN_003110,2024-06-09 16:59:00,PART_0131,RECEIPT,4,24,28,
TXN_003111,2024-11-07 01:30:00,PART_0001,ISSUE,7,12,5,WO_00920
TXN_003112,2024-12-22 03:17:00,PART_0285,ISSUE,1,43,42,WO_04963
TXN_003113,2025-04-27 20:57:00,PART_0037,ISSUE,1,7,6,WO_01183
TXN_003114,2024-10-08 06:30:00,PART_0254,RECEIPT,7,21,28,
TXN_003115,2024-11-26 10:56:00,PART_0247,ISSUE,8,48,40,WO_06699
TXN_003116,2025-04-13 16:46:00,PART_0129,ISSUE,3,73,70,WO_09289
TXN_003117,2025-02-26 04:18:00,PART_0087,RECEIPT,8,43,51,
TXN_003118,2024-12-09 03:58:00,PART_0021,RECEIPT,3,31,34,
TXN_003119,2024-11-24 21:28:00,PART_0100,RECEIPT,8,26,34,
TXN_003120,2025-09-08 03:22:00,PART_0094,ISSUE,8,46,38,WO_04833
TXN_003121,2025-04-09 13:14:00,PART_0196,RECEIPT,5,14,19,
TXN_003122,2024-07-15 09:28:00,PART_0009,RECEIPT,6,37,43,
TXN_003123,2024-06-14 06:37:00,PART_0132,RECEIPT,8,21,29,
TXN_003124,2024-05-10 01:53:00,PART_0102,RECEIPT,8,28,36,
TXN_003125,2024-04-03 00:55:00,PART_0014,ISSUE,6,8,2,WO_07521
TXN_003126,2025-05-23 07:01:00,PART_0271,ISSUE,3,49,46,WO_06428
TXN_003127,2025-06-28 02:17:00,PART_0143,ADJUSTMENT,4,43,47,
TXN_003128,2024-02-05 06:08:00,PART_0092,RECEIPT,5,0,5,
TXN_003129,2025-02-18 02:55:00,PART_0166,RECEIPT,7,6,13,
TXN_003130,2025-05-24 07:10:00,PART_0169,RECEIPT,8,8,16,
TXN_003131,2024-04-20 14:49:00,PART_0019,ISSUE,5,7,2,WO_02336
TXN_003132,2025-03-10 06:27:00,PART_0237,RECEIPT,7,34,41,
TXN_003133,2024-10-30 08:40:00,PART_0053,ISSUE,6,15,9,WO_04250
TXN_003134,2024-01-13 02:28:00,PART_0261,RECEIPT,1,52,53,
TXN_003135,2024-11-04 09:46:00,PART_0023,ISSUE,6,48,42,WO_06696
TXN_003136,2024-02-11 20:24:00,PART_0155,RECEIPT,6,22,28,
TXN_003137,2024-03-01 12:41:00,PART_0084,ISSUE,4,6,2,WO_09345
TXN_003138,2024-04-29 09:26:00,PART_0002,RECEIPT,8,26,34,
TXN_003139,2024-12-29 01:28:00,PART_0239,ISSUE,2,56,54,WO_01948
TXN_003140,2024-12-28 21:38:00,PART_0238,RECEIPT,1,0,1,
TXN_003141,2024-09-30 15:18:00,PART_0158,ISSUE,6,14,8,WO_04023
TXN_003142,2024-08-17 21:07:00,PART_0136,ISSUE,2,2,0,WO_07683
TXN_003143,2025-03-13 10:31:00,PART_0220,ISSUE,3,27,24,WO_02094
TXN_003144,2024-07-01 14:16:00,PART_0135,ISSUE,1,45,44,WO_04483
TXN_003145,2024-12-20 14:38:00,PART_0025,RECEIPT,8,16,24,
TXN_003146,2025-05-06 23:31:00,PART_0187,ISSUE,3,30,27,WO_09089
TXN_003147,2024-01-24 17:56:00,PART_0060,ISSUE,3,6,3,WO_06649
TXN_003148,2025-01-16 21:01:00,PART_0142,RECEIPT,8,8,16,
TXN_003149,2025-06-13 02:40:00,PART_0262,RECEIPT,6,40,46,
TXN_003150,2024-05-01 12:49:00,PART_0120,ISSUE,1,0,0,WO_09044
TXN_003151,2025-08-27 15:39:00,PART_0212,ISSUE,3,7,4,WO_04751
TXN_003152,2025-05-23 15:20:00,PART_0071,ISSUE,5,19,14,WO_00119
TXN_003153,2024-09-27 21:05:00,PART_0190,RECEIPT,5,30,35,
TXN_003154,2024-11-08 17:18:00,PART_0056,ISSUE,8,38,30,WO_00162
TXN_003155,2025-06-13 20:40:00,PART_0259,RECEIPT,3,17,20,
TXN_003156,2024-11-05 05:11:00,PART_0057,RECEIPT,6,17,23,
TXN_003157,2025-05-01 16:50:00,PART_0231,RECEIPT,7,6,13,
TXN_003158,2025-01-21 13:26:00,PART_0041,ISSUE,1,0,0,WO_01992
TXN_003159,2025-06-22 10:01:00,PART_0129,RECEIPT,3,70,73,
TXN_003160,2024-03-03 17:34:00,PART_0111,ISSUE,1,0,0,WO_01213
TXN_003161,2024-02-07 07:22:00,PART_0130,ISSUE,3,3,0,WO_09289
TXN_003162,2024-07-02 17:02:00,PART_0246,RECEIPT,8,6,14,
TXN_003163,2024-12-16 06:42:00,PART_0275,ISSUE,4,31,27,WO_03213
TXN_003164,2024-11-02 18:07:00,PART_0226,ISSUE,3,47,44,WO_04606
TXN_003165,2025-05-14 18:32:00,PART_0166,ISSUE,4,13,9,WO_05156
TXN_003166,2024-01-09 01:24:00,PART_0104,RECEIPT,6,22,28,
TXN_003167,2024-09-28 08:26:00,PART_0273,ADJUSTMENT,8,18,26,
TXN_003168,2025-01-06 06:17:00,PART_0203,RECEIPT,7,24,31,
TXN_003169,2024-08-19 01:36:00,PART_0151,ISSUE,7,29,22,WO_03235
TXN_003170,2024-12-25 13:55:00,PART_0187,RECEIPT,4,27,31,
TXN_003171,2025-04-12 11:46:00,PART_0134,RECEIPT,8,25,33,
TXN_003172,2025-08-09 09:01:00,PART_0257,ISSUE,1,44,43,WO_02722
TXN_003173,2024-05-06 12:40:00,PART_0140,RECEIPT,2,1,3,
TXN_003174,2025-01-28 19:39:00,PART_0262,RECEIPT,3,46,49,
TXN_003175,2025-04-12 20:41:00,PART_0148,RECEIPT,4,84,88,
TXN_003176,2025-03-02 05:47:00,PART_0216,ISSUE,8,31,23,WO_09606
TXN_003177,2025-08-24 16:23:00,PART_0164,ADJUSTMENT,8,5,13,
TXN_003178,2024-09-05 22:06:00,PART_0164,RECEIPT,7,13,20,
TXN_003179,2025-09-14 18:51:00,PART_0074,RECEIPT,1,18,19,
TXN_003180,2025-04-12 18:53:00,PART_0219,RECEIPT,1,34,35,
TXN_003181,2024-11-05 05:34:00,PART_0119,RECEIPT,3,16,19,
TXN_003182,2024-07-02 14:43:00,PART_0037,RECEIPT,6,6,12,
TXN_003183,2024-01-23 19:27:00,PART_0013,ISSUE,1,43,42,WO_05507
TXN_003184,2025-07-01 08:50:00,PART_0294,ISSUE,1,0,0,WO_03245
TXN_003185,2024-05-30 21:25:00,PART_0175,RECEIPT,7,56,63,
TXN_003186,2025-08-13 03:12:00,PART_0001,ISSUE,5,5,0,WO_06640
TXN_003187,2024-03-07 02:22:00,PART_0283,RECEIPT,8,7,15,
TXN_003188,2024-01-15 17:08:00,PART_0171,RECEIPT,2,23,25,
TXN_003189,2025-06-05 18:30:00,PART_0127,RECEIPT,6,12,18,
TXN_003190,2025-07-16 12:16:00,PART_0109,ISSUE,5,40,35,WO_04241
TXN_003191,2025-06-06 19:15:00,PART_0089,ISSUE,2,23,21,WO_09731
TXN_003192,2024-10-31 15:35:00,PART_0041,RECEIPT,6,0,6,
TXN_003193,2024-05-01 14:57:00,PART_0124,ADJUSTMENT,8,0,8,
TXN_003194,2024-07-17 20:11:00,PART_0151,ISSUE,5,22,17,WO_04936
TXN_003195,2024-09-15 14:11:00,PART_0099,RECEIPT,7,18,25,
TXN_003196,2024-12-28 19:30:00,PART_0140,ISSUE,3,3,0,WO_01832
TXN_003197,2024-07-24 04:38:00,PART_0149,ADJUSTMENT,6,61,55,
TXN_003198,2025-05-30 07:44:00,PART_0088,ADJUSTMENT,2,7,9,
TXN_003199,2025-03-24 07:46:00,PART_0087,RECEIPT,4,51,55,
TXN_003200,2024-11-17 11:26:00,PART_0216,RECEIPT,1,23,24,
TXN_003201,2025-03-13 14:15:00,PART_0272,ISSUE,7,60,53,WO_09590
TXN_003202,2024-10-26 22:54:00,PART_0286,ISSUE,5,36,31,WO_08844
TXN_003203,2025-06-22 16:54:00,PART_0158,RECEIPT,2,8,10,
TXN_003204,2024-12-26 01:41:00,PART_0199,ISSUE,1,13,12,WO_08678
TXN_003205,2024-09-06 14:11:00,PART_0118,ISSUE,5,57,52,WO_01579
TXN_003206,2024-02-29 14:36:00,PART_0066,ISSUE,8,53,45,WO_04981
TXN_003207,2025-08-26 07:31:00,PART_0156,RECEIPT,2,15,17,
TXN_003208,2024-01-05 15:48:00,PART_0286,ISSUE,6,31,25,WO_05613
TXN_003209,2024-06-26 10:37:00,PART_0296,ISSUE,4,27,23,WO_08080
TXN_003210,2024-04-22 08:34:00,PART_0153,ISSUE,5,56,51,WO_06986
TXN_003211,2025-01-12 21:35:00,PART_0106,RECEIPT,2,30,32,
TXN_003212,2024-08-16 20:26:00,PART_0078,RECEIPT,3,52,55,
TXN_003213,2024-08-12 06:34:00,PART_0045,ISSUE,1,1,0,WO_09506
TXN_003214,2024-09-28 12:53:00,PART_0017,ISSUE,6,14,8,WO_06086
TXN_003215,2024-07-09 13:29:00,PART_0243,ISSUE,1,0,0,WO_03940
TXN_003216,2025-08-29 23:04:00,PART_0119,ADJUSTMENT,8,19,27,
TXN_003217,2025-08-07 09:24:00,PART_0299,ISSUE,7,9,2,WO_08453
TXN_003218,2024-08-29 07:51:00,PART_0133,RECEIPT,3,43,46,
TXN_003219,2025-01-05 23:14:00,PART_0013,ISSUE,1,42,41,WO_09856
TXN_003220,2024-09-28 15:29:00,PART_0165,RECEIPT,3,3,6,
TXN_003221,2025-01-16 18:31:00,PART_0255,ISSUE,2,25,23,WO_07027
TXN_003222,2024-10-20 05:27:00,PART_0174,ISSUE,5,14,9,WO_09099
TXN_003223,2024-05-09 02:44:00,PART_0300,ISSUE,8,47,39,WO_07709
TXN_003224,2024-08-03 23:19:00,PART_0130,ISSUE,1,0,0,WO_03728
TXN_003225,2025-06-29 22:06:00,PART_0124,ISSUE,3,8,5,WO_00263
TXN_003226,2024-03-30 16:07:00,PART_0219,ISSUE,4,35,31,WO_00276
TXN_003227,2024-07-09 03:26:00,PART_0181,ISSUE,1,32,31,WO_03683
TXN_003228,2025-05-14 00:03:00,PART_0291,RECEIPT,4,52,56,
TXN_003229,2025-07-26 10:14:00,PART_0065,ISSUE,4,11,7,WO_02874
TXN_003230,2024-02-14 02:29:00,PART_0251,ISSUE,1,46,45,WO_05950
TXN_003231,2024-09-03 16:23:00,PART_0228,RECEIPT,3,21,24,
TXN_003232,2025-06-07 18:12:00,PART_0111,ISSUE,1,0,0,WO_00420
TXN_003233,2024-11-06 19:01:00,PART_0004,ISSUE,2,18,16,WO_05160
TXN_003234,2024-05-23 00:31:00,PART_0213,RECEIPT,4,0,4,
TXN_003235,2024-06-10 14:06:00,PART_0075,ISSUE,8,32,24,WO_00132
TXN_003236,2024-03-13 11:06:00,PART_0204,ISSUE,7,26,19,WO_09692
TXN_003237,2024-01-06 11:56:00,PART_0269,ISSUE,6,33,27,WO_00788
TXN_003238,2024-05-01 02:24:00,PART_0082,ISSUE,6,30,24,WO_02227
TXN_003239,2024-08-07 06:05:00,PART_0156,RECEIPT,3,17,20,
TXN_003240,2025-01-06 11:35:00,PART_0237,RECEIPT,3,41,44,
TXN_003241,2025-04-21 22:34:00,PART_0143,ISSUE,3,47,44,WO_09503
TXN_003242,2024-02-10 13:57:00,PART_0270,ISSUE,7,17,10,WO_08076
TXN_003243,2024-01-10 17:23:00,PART_0196,ISSUE,4,19,15,WO_09889
TXN_003244,2024-08-29 08:14:00,PART_0083,ISSUE,1,28,27,WO_00707
TXN_003245,2024-08-08 17:45:00,PART_0180,ISSUE,3,35,32,WO_08832
TXN_003246,2024-08-03 20:52:00,PART_0294,ISSUE,1,0,0,WO_04696
TXN_003247,2024-07-04 22:46:00,PART_0101,ISSUE,5,22,17,WO_00108
TXN_003248,2025-06-20 12:34:00,PART_0145,RECEIPT,4,33,37,
TXN_003249,2024-05-16 19:28:00,PART_0138,ISSUE,5,47,42,WO_08081
TXN_003250,2025-05-18 21:40:00,PART_0038,ISSUE,3,29,26,WO_04777
TXN_003251,2025-07-26 10:16:00,PART_0173,ISSUE,1,0,0,WO_02861
TXN_003252,2024-01-30 18:18:00,PART_0070,ADJUSTMENT,5,0,0,
TXN_003253,2024-02-03 12:37:00,PART_0108,ISSUE,5,15,10,WO_00029
TXN_003254,2025-01-03 19:49:00,PART_0165,ISSUE,6,6,0,WO_07512
TXN_003255,2025-01-16 07:41:00,PART_0271,ISSUE,6,46,40,WO_03449
TXN_003256,2025-03-04 17:23:00,PART_0185,RECEIPT,7,54,61,
TXN_003257,2024-04-04 07:42:00,PART_0133,ISSUE,6,46,40,WO_03314
TXN_003258,2025-09-08 11:37:00,PART_0251,ISSUE,6,45,39,WO_06634
TXN_003259,2024-12-10 23:25:00,PART_0045,ISSUE,1,0,0,WO_04091
TXN_003260,2025-06-23 14:59:00,PART_0071,ISSUE,8,14,6,WO_01909
TXN_003261,2024-03-17 06:53:00,PART_0127,ISSUE,4,18,14,WO_01980
TXN_003262,2025-01-06 04:37:00,PART_0105,RECEIPT,2,51,53,
TXN_003263,2024-01-16 04:48:00,PART_0014,ISSUE,1,2,1,WO_04902
TXN_003264,2024-02-14 02:32:00,PART_0126,ISSUE,2,38,36,WO_08264
TXN_003265,2024-02-16 19:49:00,PART_0045,RECEIPT,5,0,5,
TXN_003266,2024-03-17 19:34:00,PART_0164,RECEIPT,4,20,24,
TXN_003267,2024-05-10 12:34:00,PART_0028,ISSUE,5,20,15,WO_07475
TXN_003268,2024-03-11 01:48:00,PART_0073,RECEIPT,6,49,55,
TXN_003269,2024-04-14 08:35:00,PART_0170,RECEIPT,7,41,48,
TXN_003270,2025-02-02 15:01:00,PART_0200,ISSUE,1,0,0,WO_01929
TXN_003271,2024-09-05 14:19:00,PART_0091,RECEIPT,8,22,30,
TXN_003272,2024-11-22 02:24:00,PART_0144,ISSUE,4,19,15,WO_03634
TXN_003273,2025-05-18 22:10:00,PART_0290,ISSUE,2,24,22,WO_08775
TXN_003274,2025-03-21 18:11:00,PART_0208,ISSUE,7,27,20,WO_00138
TXN_003275,2024-09-21 05:43:00,PART_0164,ISSUE,4,24,20,WO_02770
TXN_003276,2025-07-04 14:24:00,PART_0263,RECEIPT,5,73,78,
TXN_003277,2024-08-30 16:57:00,PART_0209,ISSUE,4,4,0,WO_04152
TXN_003278,2024-06-16 03:38:00,PART_0140,ISSUE,1,0,0,WO_09475
TXN_003279,2024-12-26 08:20:00,PART_0129,RECEIPT,8,73,81,
TXN_003280,2025-07-24 21:25:00,PART_0114,ISSUE,3,38,35,WO_01878
TXN_003281,2025-08-03 17:28:00,PART_0103,ISSUE,1,6,5,WO_01805
TXN_003282,2024-02-21 22:00:00,PART_0099,ISSUE,8,25,17,WO_00934
TXN_003283,2025-02-13 19:31:00,PART_0132,ISSUE,2,29,27,WO_09049
TXN_003284,2024-04-02 17:39:00,PART_0250,ISSUE,8,23,15,WO_06642
TXN_003285,2025-08-16 05:39:00,PART_0071,ISSUE,2,6,4,WO_06920
TXN_003286,2024-10-14 06:57:00,PART_0246,ISSUE,7,14,7,WO_05598
TXN_003287,2024-02-12 04:35:00,PART_0197,ISSUE,1,28,27,WO_02971
TXN_003288,2024-03-13 00:06:00,PART_0097,ISSUE,2,27,25,WO_03962
TXN_003289,2024-12-19 02:01:00,PART_0156,ISSUE,7,20,13,WO_01869
TXN_003290,2024-12-28 07:42:00,PART_0075,RECEIPT,5,24,29,
TXN_003291,2024-06-07 18:10:00,PART_0286,RECEIPT,3,25,28,
TXN_003292,2025-06-25 16:00:00,PART_0128,ISSUE,1,0,0,WO_07288
TXN_003293,2024-07-09 05:20:00,PART_0224,RECEIPT,8,2,10,
TXN_003294,2025-03-10 13:42:00,PART_0016,RECEIPT,5,12,17,
TXN_003295,2024-05-20 02:30:00,PART_0050,ISSUE,3,3,0,WO_00463
TXN_003296,2024-09-04 05:57:00,PART_0225,ISSUE,6,46,40,WO_05854
TXN_003297,2024-10-19 13:24:00,PART_0241,ISSUE,6,33,27,WO_09052
TXN_003298,2024-10-29 01:26:00,PART_0158,RECEIPT,3,10,13,
TXN_003299,2024-11-13 12:29:00,PART_0226,RECEIPT,8,44,52,
TXN_003300,2024-12-30 21:56:00,PART_0157,RECEIPT,2,1,3,
TXN_003301,2024-01-10 22:27:00,PART_0264,RECEIPT,4,10,14,
TXN_003302,2025-07-31 10:02:00,PART_0135,ISSUE,6,44,38,WO_07389
TXN_003303,2024-10-09 15:20:00,PART_0271,RECEIPT,1,40,41,
TXN_003304,2025-06-22 21:31:00,PART_0143,ISSUE,1,44,43,WO_00673
TXN_003305,2025-06-21 06:40:00,PART_0060,ISSUE,3,3,0,WO_06047
TXN_003306,2024-03-19 02:36:00,PART_0106,RECEIPT,8,32,40,
TXN_003307,2024-12-07 23:57:00,PART_0059,RECEIPT,1,1,2,
TXN_003308,2025-07-17 05:29:00,PART_0054,ISSUE,2,55,53,WO_06545
TXN_003309,2024-06-15 18:04:00,PART_0120,ISSUE,1,0,0,WO_08431
TXN_003310,2025-05-13 08:27:00,PART_0220,RECEIPT,8,24,32,
TXN_003311,2024-08-07 12:01:00,PART_0167,ADJUSTMENT,2,36,38,
TXN_003312,2025-02-04 00:32:00,PART_0146,RECEIPT,7,13,20,
TXN_003313,2024-10-29 01:03:00,PART_0173,ISSUE,1,0,0,WO_06395
TXN_003314,2024-04-09 08:42:00,PART_0287,ADJUSTMENT,4,43,39,
TXN_003315,2024-03-07 12:36:00,PART_0148,ISSUE,4,88,84,WO_05985
TXN_003316,2024-11-24 13:15:00,PART_0174,ISSUE,4,9,5,WO_06100
TXN_003317,2024-01-15 02:38:00,PART_0149,ISSUE,4,55,51,WO_05969
TXN_003318,2025-08-10 19:33:00,PART_0137,ISSUE,1,0,0,WO_01051
TXN_003319,2024-03-29 05:30:00,PART_0077,ISSUE,7,19,12,WO_03285
TXN_003320,2025-09-05 15:11:00,PART_0018,ISSUE,6,21,15,WO_04734
TXN_003321,2024-02-09 11:44:00,PART_0058,ISSUE,1,29,28,WO_01097
TXN_003322,2024-07-29 18:15:00,PART_0168,ISSUE,7,59,52,WO_06874
TXN_003323,2024-07-26 23:01:00,PART_0292,ADJUSTMENT,4,30,26,
TXN_003324,2024-01-10 18:33:00,PART_0106,ISSUE,4,40,36,WO_02850
TXN_003325,2024-06-13 20:16:00,PART_0048,RECEIPT,5,36,41,
TXN_003326,2024-09-04 12:51:00,PART_0026,ISSUE,3,3,0,WO_06961
TXN_003327,2025-05-13 23:00:00,PART_0130,RECEIPT,2,0,2,
TXN_003328,2024-02-10 09:41:00,PART_0079,RECEIPT,8,0,8,
TXN_003329,2024-08-03 16:13:00,PART_0276,RECEIPT,1,27,28,
TXN_003330,2024-10-11 05:09:00,PART_0067,ISSUE,2,43,41,WO_06770
TXN_003331,2024-01-15 21:18:00,PART_0067,RECEIPT,1,41,42,
TXN_003332,2025-04-05 18:25:00,PART_0116,RECEIPT,7,0,7,
TXN_003333,2025-01-18 09:33:00,PART_0223,RECEIPT,8,7,15,
TXN_003334,2024-02-23 09:01:00,PART_0062,RECEIPT,8,5,13,
TXN_003335,2024-06-19 14:19:00,PART_0242,ISSUE,6,31,25,WO_02236
TXN_003336,2025-06-22 05:02:00,PART_0064,ISSUE,2,26,24,WO_03798
TXN_003337,2025-02-05 21:28:00,PART_0116,ISSUE,1,7,6,WO_06313
TXN_003338,2024-05-27 19:33:00,PART_0109,ISSUE,6,35,29,WO_05448
TXN_003339,2024-02-03 09:37:00,PART_0219,RECEIPT,5,31,36,
TXN_003340,2024-03-02 22:25:00,PART_0109,RECEIPT,7,29,36,
TXN_003341,2024-03-12 10:04:00,PART_0107,RECEIPT,7,10,17,
TXN_003342,2024-01-05 08:35:00,PART_0239,RECEIPT,2,54,56,
TXN_003343,2025-08-10 21:18:00,PART_0230,RECEIPT,4,0,4,
TXN_003344,2024-07-24 06:47:00,PART_0114,RECEIPT,1,35,36,
TXN_003345,2024-03-30 10:30:00,PART_0267,ISSUE,1,53,52,WO_08227
TXN_003346,2024-07-15 21:00:00,PART_0053,ISSUE,4,9,5,WO_03914
TXN_003347,2025-07-15 18:00:00,PART_0113,RECEIPT,5,59,64,
TXN_003348,2024-10-29 09:06:00,PART_0148,ISSUE,1,84,83,WO_06731
TXN_003349,2024-03-21 03:06:00,PART_0048,RECEIPT,1,41,42,
TXN_003350,2024-09-14 06:59:00,PART_0058,ISSUE,5,28,23,WO_09001
TXN_003351,2025-03-02 07:33:00,PART_0067,ISSUE,2,42,40,WO_03779
TXN_003352,2024-09-30 13:52:00,PART_0053,RECEIPT,6,5,11,
TXN_003353,2024-10-26 05:11:00,PART_0009,RECEIPT,5,43,48,
TXN_003354,2025-02-20 02:14:00,PART_0282,RECEIPT,3,83,86,
TXN_003355,2024-10-19 22:59:00,PART_0163,RECEIPT,7,40,47,
TXN_003356,2025-06-26 21:07:00,PART_0048,RECEIPT,5,42,47,
TXN_003357,2025-05-02 23:22:00,PART_0088,ISSUE,6,9,3,WO_05053
TXN_003358,2024-03-28 23:41:00,PART_0016,RECEIPT,1,17,18,
TXN_003359,2024-07-03 10:33:00,PART_0074,RECEIPT,8,19,27,
TXN_003360,2024-06-18 00:28:00,PART_0043,ISSUE,8,56,48,WO_05628
TXN_003361,2025-07-16 11:01:00,PART_0268,ISSUE,7,41,34,WO_04736
TXN_003362,2025-03-15 20:52:00,PART_0097,RECEIPT,3,25,28,
TXN_003363,2024-03-28 22:35:00,PART_0206,ISSUE,8,9,1,WO_03900
TXN_003364,2025-01-25 20:45:00,PART_0249,ISSUE,5,34,29,WO_04247
TXN_003365,2025-03-15 13:24:00,PART_0060,ISSUE,1,0,0,WO_05977
TXN_003366,2025-04-25 05:55:00,PART_0022,ISSUE,2,44,42,WO_04539
TXN_003367,2025-03-31 22:18:00,PART_0255,ISSUE,6,23,17,WO_02704
TXN_003368,2024-09-29 13:25:00,PART_0143,ADJUSTMENT,6,43,49,
TXN_003369,2024-11-29 12:56:00,PART_0067,ISSUE,3,40,37,WO_08871
TXN_003370,2025-07-12 09:23:00,PART_0145,ISSUE,8,37,29,WO_02869
TXN_003371,2025-04-17 20:23:00,PART_0092,RECEIPT,2,5,7,
TXN_003372,2024-05-19 08:24:00,PART_0095,ISSUE,4,37,33,WO_02711
TXN_003373,2024-09-04 02:14:00,PART_0197,ADJUSTMENT,7,27,20,
TXN_003374,2024-12-09 07:09:00,PART_0168,ISSUE,2,52,50,WO_00637
TXN_003375,2025-02-06 11:22:00,PART_0289,RECEIPT,2,34,36,
TXN_003376,2025-05-23 13:25:00,PART_0211,ISSUE,5,44,39,WO_08174
TXN_003377,2025-01-23 11:43:00,PART_0274,RECEIPT,4,49,53,
TXN_003378,2024-11-27 05:40:00,PART_0149,ISSUE,8,51,43,WO_03170
TXN_003379,2024-09-13 06:54:00,PART_0168,RECEIPT,8,50,58,
TXN_003380,2025-04-27 08:28:00,PART_0291,RECEIPT,6,56,62,
TXN_003381,2024-12-15 12:10:00,PART_0266,ISSUE,2,54,52,WO_03593
TXN_003382,2025-08-16 09:40:00,PART_0070,ISSUE,1,0,0,WO_02607
TXN_003383,2025-08-08 19:02:00,PART_0231,ISSUE,4,13,9,WO_06300
TXN_003384,2024-08-07 19:31:00,PART_0274,ISSUE,7,53,46,WO_07860
TXN_003385,2024-06-18 20:29:00,PART_0139,RECEIPT,3,6,9,
TXN_003386,2024-04-10 15:01:00,PART_0041,RECEIPT,8,6,14,
TXN_003387,2024-05-30 16:36:00,PART_0039,ISSUE,3,32,29,WO_06201
TXN_003388,2024-06-05 16:30:00,PART_0168,RECEIPT,1,58,59,
TXN_003389,2024-05-31 11:52:00,PART_0148,ISSUE,6,83,77,WO_00564
TXN_003390,2024-07-06 13:37:00,PART_0057,ISSUE,7,23,16,WO_09630
TXN_003391,2024-04-09 14:39:00,PART_0014,ISSUE,1,1,0,WO_06305
TXN_003392,2025-03-01 03:49:00,PART_0066,RECEIPT,3,45,48,
TXN_003393,2024-01-25 20:03:00,PART_0095,RECEIPT,5,33,38,
TXN_003394,2025-01-19 19:07:00,PART_0140,RECEIPT,2,0,2,
TXN_003395,2025-01-01 11:25:00,PART_0189,ISSUE,5,6,1,WO_08587
TXN_003396,2024-10-30 09:53:00,PART_0212,RECEIPT,1,4,5,
TXN_003397,2025-01-17 04:04:00,PART_0201,ISSUE,1,47,46,WO_04728
TXN_003398,2025-05-04 05:36:00,PART_0203,RECEIPT,3,31,34,
TXN_003399,2025-03-29 00:51:00,PART_0045,RECEIPT,1,5,6,
TXN_003400,2024-08-05 10:33:00,PART_0281,ISSUE,3,23,20,WO_08085
TXN_003401,2024-09-06 07:39:00,PART_0142,RECEIPT,4,16,20,
TXN_003402,2025-03-06 08:21:00,PART_0226,RECEIPT,1,52,53,
TXN_003403,2025-08-11 23:32:00,PART_0105,RECEIPT,3,53,56,
TXN_003404,2025-08-06 10:44:00,PART_0081,RECEIPT,1,4,5,
TXN_003405,2025-09-03 10:52:00,PART_0079,ISSUE,8,8,0,WO_06866
TXN_003406,2025-02-22 16:46:00,PART_0196,RECEIPT,2,15,17,
TXN_003407,2024-09-10 04:49:00,PART_0003,ISSUE,1,0,0,WO_04708
TXN_003408,2024-10-08 13:30:00,PART_0079,ISSUE,1,0,0,WO_08167
TXN_003409,2024-12-29 20:25:00,PART_0239,ISSUE,3,56,53,WO_00539
TXN_003410,2025-09-07 04:08:00,PART_0230,RECEIPT,1,4,5,
TXN_003411,2025-04-11 00:57:00,PART_0100,ISSUE,5,34,29,WO_06857
TXN_003412,2024-12-03 06:10:00,PART_0264,ISSUE,8,14,6,WO_01088
TXN_003413,2025-09-09 21:59:00,PART_0190,ISSUE,6,35,29,WO_06058
TXN_003414,2024-12-29 10:31:00,PART_0230,ISSUE,5,5,0,WO_09572
TXN_003415,2024-09-12 04:13:00,PART_0071,RECEIPT,5,4,9,
TXN_003416,2025-08-14 03:25:00,PART_0221,RECEIPT,4,37,41,
TXN_003417,2025-07-12 23:24:00,PART_0208,ISSUE,8,20,12,WO_03115
TXN_003418,2024-05-24 09:05:00,PART_0064,ISSUE,3,24,21,WO_09384
TXN_003419,2025-03-14 08:59:00,PART_0229,RECEIPT,2,22,24,
TXN_003420,2025-04-07 10:54:00,PART_0089,ISSUE,8,21,13,WO_02062
TXN_003421,2024-05-12 12:58:00,PART_0097,RECEIPT,3,28,31,
TXN_003422,2024-11-18 08:16:00,PART_0140,ISSUE,1,2,1,WO_00262
TXN_003423,2025-08-16 07:30:00,PART_0115,RECEIPT,5,7,12,
TXN_003424,2025-03-07 02:28:00,PART_0104,ISSUE,5,28,23,WO_07116
TXN_003425,2024-04-11 11:39:00,PART_0067,RECEIPT,6,37,43,
TXN_003426,2024-08-27 01:49:00,PART_0122,RECEIPT,8,15,23,
TXN_003427,2024-03-22 16:08:00,PART_0210,ISSUE,1,16,15,WO_07033
TXN_003428,2025-08-10 15:10:00,PART_0270,ISSUE,7,10,3,WO_01188
TXN_003429,2025-07-03 20:48:00,PART_0271,ADJUSTMENT,7,41,34,
TXN_003430,2024-04-26 06:48:00,PART_0075,ISSUE,3,29,26,WO_01764
TXN_003431,2024-07-16 14:58:00,PART_0181,ISSUE,4,31,27,WO_07172
TXN_003432,2024-05-15 15:04:00,PART_0132,ISSUE,2,27,25,WO_09458
TXN_003433,2024-09-30 03:40:00,PART_0102,ISSUE,4,36,32,WO_03277
TXN_003434,2024-04-14 03:59:00,PART_0070,RECEIPT,4,0,4,
TXN_003435,2025-02-04 21:57:00,PART_0068,ISSUE,6,29,23,WO_05088
TXN_003436,2024-03-19 22:48:00,PART_0030,ISSUE,8,48,40,WO_08961
TXN_003437,2024-09-22 04:34:00,PART_0101,ISSUE,5,17,12,WO_01067
TXN_003438,2025-08-13 03:03:00,PART_0057,ISSUE,5,16,11,WO_06964
TXN_003439,2025-05-09 17:11:00,PART_0082,RECEIPT,1,24,25,
TXN_003440,2025-08-23 10:59:00,PART_0087,RECEIPT,6,55,61,
TXN_003441,2024-07-17 10:24:00,PART_0040,ISSUE,5,11,6,WO_07404
TXN_003442,2024-03-14 22:47:00,PART_0053,RECEIPT,2,11,13,
TXN_003443,2025-04-08 10:12:00,PART_0033,ISSUE,1,0,0,WO_08462
TXN_003444,2024-08-14 11:52:00,PART_0060,ISSUE,1,0,0,WO_09183
TXN_003445,2024-08-12 17:40:00,PART_0240,RECEIPT,7,9,16,
TXN_003446,2025-03-04 03:30:00,PART_0255,RECEIPT,1,17,18,
TXN_003447,2024-05-27 14:15:00,PART_0152,ISSUE,4,10,6,WO_06969
TXN_003448,2024-01-27 04:25:00,PART_0005,ISSUE,5,31,26,WO_05061
TXN_003449,2024-11-26 02:19:00,PART_0237,ISSUE,4,44,40,WO_02161
TXN_003450,2024-03-23 05:55:00,PART_0074,ISSUE,8,27,19,WO_09967
TXN_003451,2024-04-14 08:48:00,PART_0171,ISSUE,6,25,19,WO_06876
TXN_003452,2024-06-30 17:39:00,PART_0058,ISSUE,8,23,15,WO_04949
TXN_003453,2025-05-06 18:19:00,PART_0253,ADJUSTMENT,7,12,5,
TXN_003454,2025-07-26 00:30:00,PART_0148,ADJUSTMENT,3,77,74,
TXN_003455,2024-09-17 20:50:00,PART_0077,RECEIPT,6,12,18,
TXN_003456,2025-04-30 07:49:00,PART_0292,ISSUE,6,26,20,WO_05809
TXN_003457,2024-11-28 13:49:00,PART_0276,ISSUE,4,28,24,WO_00016
TXN_003458,2025-02-06 18:32:00,PART_0169,ADJUSTMENT,8,16,24,
TXN_003459,2024-05-06 14:48:00,PART_0138,RECEIPT,8,42,50,
TXN_003460,2024-08-17 03:09:00,PART_0010,RECEIPT,1,10,11,
TXN_003461,2024-11-03 02:33:00,PART_0002,RECEIPT,5,34,39,
TXN_003462,2025-07-15 17:21:00,PART_0292,RECEIPT,4,20,24,
TXN_003463,2024-11-01 00:02:00,PART_0107,ISSUE,4,17,13,WO_00307
TXN_003464,2025-05-11 23:22:00,PART_0009,RECEIPT,1,48,49,
TXN_003465,2025-09-10 11:34:00,PART_0257,ISSUE,1,43,42,WO_00877
TXN_003466,2025-01-25 08:04:00,PART_0122,RECEIPT,4,23,27,
TXN_003467,2025-02-04 16:38:00,PART_0286,RECEIPT,2,28,30,
TXN_003468,2024-01-03 02:17:00,PART_0039,RECEIPT,4,29,33,
TXN_003469,2024-07-19 01:08:00,PART_0008,RECEIPT,6,9,15,
TXN_003470,2024-10-04 06:45:00,PART_0148,ISSUE,5,74,69,WO_06743
TXN_003471,2025-03-09 06:33:00,PART_0222,RECEIPT,6,34,40,
TXN_003472,2024-02-07 10:58:00,PART_0095,RECEIPT,3,38,41,
TXN_003473,2025-07-20 23:23:00,PART_0240,RECEIPT,4,16,20,
TXN_003474,2025-08-01 06:12:00,PART_0291,RECEIPT,4,62,66,
TXN_003475,2025-05-14 04:38:00,PART_0173,ISSUE,1,0,0,WO_00785
TXN_003476,2024-09-23 02:12:00,PART_0243,ISSUE,1,0,0,WO_07752
TXN_003477,2024-07-28 02:51:00,PART_0226,ISSUE,5,53,48,WO_09496
TXN_003478,2024-06-05 04:41:00,PART_0237,ISSUE,3,40,37,WO_03390
TXN_003479,2024-01-03 14:46:00,PART_0295,RECEIPT,1,37,38,
TXN_003480,2024-07-13 14:11:00,PART_0143,ISSUE,1,49,48,WO_00070
TXN_003481,2025-09-07 19:29:00,PART_0131,ISSUE,1,28,27,WO_00492
TXN_003482,2024-06-23 10:35:00,PART_0201,ISSUE,3,46,43,WO_02980
TXN_003483,2025-06-18 16:26:00,PART_0096,RECEIPT,1,78,79,
TXN_003484,2024-04-26 12:12:00,PART_0178,RECEIPT,3,34,37,
TXN_003485,2024-07-13 01:28:00,PART_0254,ISSUE,4,28,24,WO_00314
TXN_003486,2024-05-06 17:27:00,PART_0098,ISSUE,2,42,40,WO_02473
TXN_003487,2025-08-17 05:49:00,PART_0251,ISSUE,4,39,35,WO_04397
TXN_003488,2024-03-03 04:00:00,PART_0085,ISSUE,7,68,61,WO_04317
TXN_003489,2024-08-16 22:53:00,PART_0025,RECEIPT,6,24,30,
TXN_003490,2024-07-21 16:20:00,PART_0134,ISSUE,7,33,26,WO_06783
TXN_003491,2024-01-22 12:20:00,PART_0103,RECEIPT,7,5,12,
TXN_003492,2025-04-30 14:17:00,PART_0213,ISSUE,2,4,2,WO_08801
TXN_003493,2024-02-23 17:49:00,PART_0021,ISSUE,7,34,27,WO_08508
TXN_003494,2025-01-29 13:11:00,PART_0125,ISSUE,8,46,38,WO_06276
TXN_003495,2025-02-04 17:46:00,PART_0188,ISSUE,3,3,0,WO_08093
TXN_003496,2024-12-02 01:36:00,PART_0166,RECEIPT,2,9,11,
TXN_003497,2024-10-07 07:59:00,PART_0083,ISSUE,3,27,24,WO_09756
TXN_003498,2024-09-18 09:23:00,PART_0127,ISSUE,5,14,9,WO_08043
TXN_003499,2024-01-29 01:12:00,PART_0189,RECEIPT,2,1,3,
TXN_003500,2024-09-27 06:13:00,PART_0075,ISSUE,6,26,20,WO_06144
TXN_003501,2025-08-03 14:52:00,PART_0196,RECEIPT,8,17,25,
TXN_003502,2024-10-23 04:36:00,PART_0014,ISSUE,1,0,0,WO_04843
TXN_003503,2025-05-23 15:14:00,PART_0192,ADJUSTMENT,8,11,19,
TXN_003504,2024-04-27 00:10:00,PART_0113,ISSUE,8,64,56,WO_09344
TXN_003505,2025-04-28 09:40:00,PART_0001,ISSUE,1,0,0,WO_00204
TXN_003506,2024-10-18 14:56:00,PART_0207,ISSUE,2,42,40,WO_07887
TXN_003507,2025-01-14 11:32:00,PART_0174,RECEIPT,1,5,6,
TXN_003508,2025-09-13 01:14:00,PART_0037,ISSUE,1,12,11,WO_06249
TXN_003509,2024-03-28 23:05:00,PART_0129,ISSUE,2,81,79,WO_08997
TXN_003510,2025-09-07 09:58:00,PART_0114,RECEIPT,8,36,44,
TXN_003511,2025-04-25 07:41:00,PART_0028,ISSUE,8,15,7,WO_05481
TXN_003512,2024-08-08 18:26:00,PART_0078,ISSUE,8,55,47,WO_01235
TXN_003513,2024-06-02 16:59:00,PART_0007,ISSUE,1,0,0,WO_08805
TXN_003514,2025-02-21 13:18:00,PART_0149,ISSUE,4,43,39,WO_02130
TXN_003515,2025-07-27 18:29:00,PART_0089,ISSUE,7,13,6,WO_03382
TXN_003516,2025-06-01 18:19:00,PART_0152,RECEIPT,8,6,14,
TXN_003517,2024-02-02 20:42:00,PART_0015,RECEIPT,8,8,16,
TXN_003518,2024-10-29 23:09:00,PART_0185,RECEIPT,3,61,64,
TXN_003519,2024-09-27 00:25:00,PART_0234,ISSUE,5,7,2,WO_02828
TXN_003520,2025-05-27 01:05:00,PART_0003,ISSUE,1,0,0,WO_04927
TXN_003521,2025-03-27 17:13:00,PART_0211,ISSUE,4,39,35,WO_06958
TXN_003522,2024-09-16 21:44:00,PART_0192,RECEIPT,8,19,27,
TXN_003523,2024-07-31 21:07:00,PART_0288,RECEIPT,5,0,5,
TXN_003524,2024-04-01 01:08:00,PART_0218,ISSUE,4,26,22,WO_01141
TXN_003525,2025-08-26 07:05:00,PART_0288,ISSUE,1,5,4,WO_03462
TXN_003526,2024-12-20 12:50:00,PART_0163,ISSUE,8,47,39,WO_01159
TXN_003527,2025-05-22 20:19:00,PART_0009,ADJUSTMENT,2,49,51,
TXN_003528,2024-03-23 10:47:00,PART_0046,RECEIPT,1,41,42,
TXN_003529,2025-09-06 01:57:00,PART_0044,ISSUE,4,34,30,WO_04342
TXN_003530,2024-04-17 16:04:00,PART_0295,RECEIPT,2,38,40,
TXN_003531,2025-04-07 07:21:00,PART_0223,ISSUE,3,15,12,WO_09176
TXN_003532,2024-11-04 23:54:00,PART_0053,ISSUE,8,13,5,WO_03484
TXN_003533,2025-03-05 22:35:00,PART_0206,RECEIPT,4,1,5,
TXN_003534,2024-02-10 21:44:00,PART_0084,ISSUE,2,2,0,WO_08871
TXN_003535,2024-08-08 05:06:00,PART_0044,ISSUE,1,30,29,WO_01737
TXN_003536,2025-02-17 14:46:00,PART_0088,ISSUE,1,3,2,WO_00445
TXN_003537,2024-10-20 03:26:00,PART_0176,RECEIPT,5,55,60,
TXN_003538,2025-06-19 13:56:00,PART_0114,ISSUE,7,44,37,WO_05884
TXN_003539,2024-02-22 12:47:00,PART_0023,ISSUE,3,42,39,WO_08349
TXN_003540,2024-08-06 09:52:00,PART_0155,ISSUE,6,28,22,WO_03129
TXN_003541,2024-02-07 01:08:00,PART_0043,ISSUE,7,48,41,WO_09008
TXN_003542,2024-02-25 07:47:00,PART_0191,RECEIPT,1,1,2,
TXN_003543,2025-02-06 16:31:00,PART_0032,ISSUE,3,13,10,WO_04076
TXN_003544,2025-04-21 00:05:00,PART_0209,RECEIPT,4,0,4,
TXN_003545,2024-08-13 14:33:00,PART_0179,ADJUSTMENT,6,5,11,
TXN_003546,2025-03-18 13:06:00,PART_0048,ISSUE,5,47,42,WO_05263
TXN_003547,2025-06-02 10:50:00,PART_0117,ISSUE,3,18,15,WO_03769
TXN_003548,2024-09-02 18:05:00,PART_0191,RECEIPT,5,2,7,
TXN_003549,2024-09-10 00:23:00,PART_0153,ISSUE,1,51,50,WO_07958
TXN_003550,2024-04-05 12:07:00,PART_0210,ISSUE,7,15,8,WO_04580
TXN_003551,2025-05-21 12:31:00,PART_0038,RECEIPT,1,26,27,
TXN_003552,2024-05-25 17:18:00,PART_0226,ADJUSTMENT,5,48,53,
TXN_003553,2025-03-30 17:08:00,PART_0038,ISSUE,1,27,26,WO_06533
TXN_003554,2025-02-04 06:02:00,PART_0126,ISSUE,2,36,34,WO_04079
TXN_003555,2024-06-06 13:38:00,PART_0219,ISSUE,2,36,34,WO_06979
TXN_003556,2024-11-11 03:15:00,PART_0180,ISSUE,8,32,24,WO_07597
TXN_003557,2024-07-13 08:18:00,PART_0298,ISSUE,4,4,0,WO_08709
TXN_003558,2025-02-15 17:05:00,PART_0050,ADJUSTMENT,8,0,8,
TXN_003559,2024-05-26 22:53:00,PART_0121,RECEIPT,7,14,21,
TXN_003560,2024-05-11 13:43:00,PART_0029,RECEIPT,6,24,30,
TXN_003561,2024-02-08 12:15:00,PART_0185,RECEIPT,1,64,65,
TXN_003562,2024-12-28 17:35:00,PART_0007,ISSUE,1,0,0,WO_00006
TXN_003563,2024-04-10 02:03:00,PART_0035,ISSUE,6,71,65,WO_05472
TXN_003564,2024-07-26 00:53:00,PART_0073,ISSUE,5,55,50,WO_08831
TXN_003565,2024-05-29 08:01:00,PART_0149,ISSUE,6,39,33,WO_04946
TXN_003566,2025-03-29 17:13:00,PART_0157,RECEIPT,7,3,10,
TXN_003567,2024-09-06 11:32:00,PART_0133,RECEIPT,3,40,43,
TXN_003568,2024-08-09 06:08:00,PART_0116,ISSUE,6,6,0,WO_07177
TXN_003569,2025-07-19 20:11:00,PART_0023,ISSUE,3,39,36,WO_04185
TXN_003570,2025-05-25 10:43:00,PART_0277,RECEIPT,4,13,17,
TXN_003571,2024-12-03 19:00:00,PART_0020,ISSUE,1,6,5,WO_05153
TXN_003572,2024-01-24 00:19:00,PART_0128,ISSUE,1,0,0,WO_02252
TXN_003573,2024-08-30 03:19:00,PART_0081,RECEIPT,1,5,6,
TXN_003574,2024-04-23 06:16:00,PART_0140,ISSUE,1,1,0,WO_02896
TXN_003575,2025-06-07 04:21:00,PART_0296,ISSUE,1,23,22,WO_02710
TXN_003576,2025-04-29 15:25:00,PART_0136,ISSUE,1,0,0,WO_07380
TXN_003577,2024-05-26 14:58:00,PART_0212,RECEIPT,6,5,11,
TXN_003578,2024-12-11 21:40:00,PART_0133,ISSUE,2,43,41,WO_08853
TXN_003579,2024-10-27 09:33:00,PART_0047,RECEIPT,3,46,49,
TXN_003580,2024-12-22 10:37:00,PART_0089,ISSUE,4,6,2,WO_04671
TXN_003581,2025-07-06 12:17:00,PART_0023,ISSUE,4,36,32,WO_06034
TXN_003582,2025-06-29 09:46:00,PART_0107,RECEIPT,4,13,17,
TXN_003583,2024-08-15 05:57:00,PART_0278,RECEIPT,6,21,27,
TXN_003584,2024-01-20 23:15:00,PART_0278,ISSUE,3,27,24,WO_00403
TXN_003585,2024-04-08 05:21:00,PART_0158,ISSUE,4,13,9,WO_07391
TXN_003586,2024-11-04 05:04:00,PART_0008,ISSUE,5,15,10,WO_08789
TXN_003587,2024-08-18 19:07:00,PART_0300,ISSUE,6,39,33,WO_02748
TXN_003588,2024-04-14 17:47:00,PART_0220,RECEIPT,1,32,33,
TXN_003589,2024-09-23 13:01:00,PART_0281,RECEIPT,3,20,23,
TXN_003590,2025-06-20 00:10:00,PART_0285,RECEIPT,6,42,48,
TXN_003591,2025-02-25 23:20:00,PART_0072,RECEIPT,6,8,14,
TXN_003592,2025-06-03 12:40:00,PART_0280,ISSUE,7,61,54,WO_01811
TXN_003593,2025-09-04 15:57:00,PART_0065,RECEIPT,6,7,13,
TXN_003594,2024-03-19 04:38:00,PART_0157,ISSUE,1,10,9,WO_08191
TXN_003595,2024-07-24 13:56:00,PART_0119,ISSUE,7,27,20,WO_00256
TXN_003596,2025-04-11 06:56:00,PART_0138,ISSUE,7,50,43,WO_05152
TXN_003597,2025-01-28 22:33:00,PART_0034,ISSUE,4,21,17,WO_05472
TXN_003598,2025-08-08 00:19:00,PART_0192,ISSUE,7,27,20,WO_08921
TXN_003599,2025-06-03 21:44:00,PART_0211,RECEIPT,5,35,40,
TXN_003600,2025-03-05 00:31:00,PART_0293,ISSUE,2,2,0,WO_03073
TXN_003601,2024-06-16 06:38:00,PART_0199,RECEIPT,4,12,16,
TXN_003602,2024-07-23 19:20:00,PART_0137,RECEIPT,3,0,3,
TXN_003603,2025-02-17 19:45:00,PART_0036,RECEIPT,5,24,29,
TXN_003604,2024-05-29 07:52:00,PART_0204,RECEIPT,6,19,25,
TXN_003605,2025-04-09 16:08:00,PART_0237,RECEIPT,7,37,44,
TXN_003606,2025-07-28 04:58:00,PART_0050,ISSUE,2,8,6,WO_02675
TXN_003607,2024-01-24 23:37:00,PART_0207,RECEIPT,7,40,47,
TXN_003608,2024-03-18 18:27:00,PART_0148,RECEIPT,8,69,77,
TXN_003609,2025-08-29 15:24:00,PART_0176,ISSUE,4,60,56,WO_03807
TXN_003610,2024-03-07 17:17:00,PART_0017,ISSUE,2,8,6,WO_05148
TXN_003611,2025-08-19 15:01:00,PART_0249,ISSUE,8,29,21,WO_05215
TXN_003612,2025-03-28 18:19:00,PART_0190,RECEIPT,1,29,30,
TXN_003613,2024-05-26 07:41:00,PART_0047,ADJUSTMENT,2,49,47,
TXN_003614,2024-06-22 04:00:00,PART_0263,ISSUE,1,78,77,WO_07710
TXN_003615,2025-08-22 08:45:00,PART_0264,RECEIPT,1,6,7,
TXN_003616,2024-12-01 02:21:00,PART_0248,ISSUE,4,37,33,WO_00870
TXN_003617,2024-07-26 18:02:00,PART_0269,ISSUE,5,27,22,WO_06702
TXN_003618,2025-03-12 13:01:00,PART_0250,ISSUE,4,15,11,WO_08875
TXN_003619,2024-03-20 20:52:00,PART_0034,ISSUE,8,17,9,WO_00823
TXN_003620,2025-08-19 16:15:00,PART_0216,ADJUSTMENT,8,24,32,
TXN_003621,2025-09-05 08:19:00,PART_0247,ISSUE,2,40,38,WO_02191
TXN_003622,2025-05-02 05:44:00,PART_0151,RECEIPT,1,17,18,
TXN_003623,2024-10-17 02:42:00,PART_0119,ISSUE,1,20,19,WO_07770
TXN_003624,2025-09-01 09:37:00,PART_0281,ISSUE,4,23,19,WO_02978
TXN_003625,2025-08-02 09:06:00,PART_0186,ISSUE,4,4,0,WO_03878
TXN_003626,2025-07-11 05:57:00,PART_0209,ISSUE,4,4,0,WO_01008
TXN_003627,2024-11-14 10:32:00,PART_0214,ISSUE,4,17,13,WO_02427
TXN_003628,2025-08-31 10:15:00,PART_0048,ISSUE,1,42,41,WO_09556
TXN_003629,2024-10-09 15:50:00,PART_0260,ISSUE,5,6,1,WO_04846
TXN_003630,2024-02-29 17:47:00,PART_0078,ISSUE,8,47,39,WO_07321
TXN_003631,2025-03-03 02:34:00,PART_0127,ISSUE,6,9,3,WO_00375
TXN_003632,2025-06-21 08:30:00,PART_0094,RECEIPT,7,38,45,
TXN_003633,2024-01-17 21:04:00,PART_0282,ISSUE,1,86,85,WO_00170
TXN_003634,2024-08-19 08:25:00,PART_0206,RECEIPT,5,5,10,
TXN_003635,2024-10-21 00:14:00,PART_0260,ISSUE,1,1,0,WO_02842
TXN_003636,2024-12-23 13:58:00,PART_0077,RECEIPT,3,18,21,
TXN_003637,2024-11-12 14:19:00,PART_0053,ISSUE,2,5,3,WO_08793
TXN_003638,2024-01-25 23:47:00,PART_0259,ADJUSTMENT,7,20,13,
TXN_003639,2024-01-03 14:36:00,PART_0124,RECEIPT,7,5,12,
TXN_003640,2025-06-27 07:10:00,PART_0245,RECEIPT,8,13,21,
TXN_003641,2024-05-24 15:22:00,PART_0268,ISSUE,8,34,26,WO_04292
TXN_003642,2024-04-30 12:24:00,PART_0014,ISSUE,1,0,0,WO_05564
TXN_003643,2024-12-16 08:48:00,PART_0082,ADJUSTMENT,8,25,33,
TXN_003644,2025-09-14 17:53:00,PART_0222,ISSUE,3,40,37,WO_06775
TXN_003645,2024-09-29 02:49:00,PART_0159,ISSUE,4,9,5,WO_09448
TXN_003646,2025-05-19 02:13:00,PART_0058,RECEIPT,5,15,20,
TXN_003647,2025-01-28 03:27:00,PART_0192,ISSUE,4,20,16,WO_06955
TXN_003648,2024-11-15 22:35:00,PART_0022,RECEIPT,4,42,46,
TXN_003649,2025-04-20 22:13:00,PART_0242,RECEIPT,8,25,33,
TXN_003650,2024-08-09 13:15:00,PART_0178,RECEIPT,6,37,43,
TXN_003651,2024-09-25 13:03:00,PART_0048,ISSUE,2,41,39,WO_06461
TXN_003652,2024-10-14 21:15:00,PART_0256,RECEIPT,8,46,54,
TXN_003653,2024-01-01 12:53:00,PART_0075,RECEIPT,6,20,26,
TXN_003654,2025-01-05 13:15:00,PART_0278,ISSUE,3,24,21,WO_04542
TXN_003655,2025-01-11 14:38:00,PART_0199,ISSUE,4,16,12,WO_04206
TXN_003656,2025-01-19 06:08:00,PART_0075,RECEIPT,7,26,33,
TXN_003657,2024-04-21 06:20:00,PART_0039,ISSUE,4,33,29,WO_01958
TXN_003658,2024-11-01 04:04:00,PART_0139,ISSUE,1,9,8,WO_00126
TXN_003659,2024-07-05 00:38:00,PART_0208,ISSUE,7,12,5,WO_07172
TXN_003660,2024-07-10 05:33:00,PART_0192,RECEIPT,5,16,21,
TXN_003661,2025-06-22 12:16:00,PART_0041,RECEIPT,6,14,20,
TXN_003662,2024-07-12 05:15:00,PART_0300,ISSUE,6,33,27,WO_06772
TXN_003663,2025-09-03 16:11:00,PART_0164,RECEIPT,8,20,28,
TXN_003664,2024-06-12 06:26:00,PART_0144,ISSUE,4,15,11,WO_02038
TXN_003665,2025-05-21 22:44:00,PART_0235,RECEIPT,5,51,56,
TXN_003666,2024-06-11 10:10:00,PART_0220,ISSUE,5,33,28,WO_02306
TXN_003667,2024-03-21 04:10:00,PART_0250,ISSUE,5,11,6,WO_05879
TXN_003668,2024-11-05 10:43:00,PART_0125,ISSUE,8,38,30,WO_00873
TXN_003669,2025-08-01 12:45:00,PART_0173,RECEIPT,4,0,4,
TXN_003670,2024-07-31 16:03:00,PART_0284,ISSUE,6,26,20,WO_00485
TXN_003671,2024-08-21 08:32:00,PART_0139,RECEIPT,1,8,9,
TXN_003672,2025-01-08 14:44:00,PART_0194,RECEIPT,1,38,39,
TXN_003673,2025-07-29 19:21:00,PART_0148,RECEIPT,8,77,85,
TXN_003674,2024-12-30 17:05:00,PART_0147,RECEIPT,5,0,5,
TXN_003675,2024-07-21 11:58:00,PART_0119,ISSUE,5,19,14,WO_00829
TXN_003676,2024-03-08 01:06:00,PART_0015,ADJUSTMENT,4,16,20,
TXN_003677,2024-10-18 21:26:00,PART_0284,ISSUE,5,20,15,WO_05151
TXN_003678,2025-06-29 17:39:00,PART_0040,ISSUE,1,6,5,WO_07015
TXN_003679,2024-04-28 18:51:00,PART_0240,ISSUE,8,20,12,WO_05551
TXN_003680,2024-04-10 08:39:00,PART_0181,ISSUE,4,27,23,WO_04214
TXN_003681,2025-04-16 13:22:00,PART_0097,ISSUE,5,31,26,WO_05029
TXN_003682,2025-07-11 20:45:00,PART_0300,ISSUE,2,27,25,WO_01807
TXN_003683,2024-08-13 21:26:00,PART_0153,ISSUE,7,50,43,WO_00816
TXN_003684,2024-08-09 11:54:00,PART_0057,ISSUE,3,11,8,WO_00406
TXN_003685,2024-11-21 03:09:00,PART_0104,ISSUE,2,23,21,WO_01589
TXN_003686,2024-05-24 20:54:00,PART_0192,RECEIPT,5,21,26,
TXN_003687,2025-05-20 01:55:00,PART_0272,RECEIPT,1,53,54,
TXN_003688,2025-02-07 09:02:00,PART_0219,ISSUE,2,34,32,WO_03993
TXN_003689,2024-07-03 14:18:00,PART_0192,ISSUE,4,26,22,WO_09309
TXN_003690,2025-06-04 14:42:00,PART_0191,ADJUSTMENT,8,7,0,
TXN_003691,2025-05-16 20:29:00,PART_0288,ADJUSTMENT,6,4,10,
TXN_003692,2025-08-21 14:31:00,PART_0108,RECEIPT,8,10,18,
TXN_003693,2024-12-25 05:43:00,PART_0210,RECEIPT,1,8,9,
TXN_003694,2025-01-02 10:59:00,PART_0066,ISSUE,7,48,41,WO_04261
TXN_003695,2024-04-02 21:36:00,PART_0127,RECEIPT,8,3,11,
TXN_003696,2024-03-29 13:34:00,PART_0272,RECEIPT,7,54,61,
TXN_003697,2024-04-03 07:49:00,PART_0218,RECEIPT,1,22,23,
TXN_003698,2025-04-16 21:54:00,PART_0130,ADJUSTMENT,2,2,0,
TXN_003699,2024-10-31 10:20:00,PART_0080,ADJUSTMENT,2,8,10,
TXN_003700,2024-04-07 01:56:00,PART_0276,RECEIPT,7,24,31,
TXN_003701,2025-05-01 04:41:00,PART_0102,ISSUE,7,32,25,WO_05650
TXN_003702,2025-04-20 14:22:00,PART_0230,RECEIPT,5,0,5,
TXN_003703,2024-03-07 12:46:00,PART_0163,ISSUE,7,39,32,WO_03771
TXN_003704,2024-08-31 04:18:00,PART_0103,RECEIPT,4,12,16,
TXN_003705,2024-11-15 19:03:00,PART_0031,RECEIPT,4,52,56,
TXN_003706,2024-11-17 20:18:00,PART_0108,ISSUE,5,18,13,WO_01162
TXN_003707,2024-04-10 01:41:00,PART_0206,RECEIPT,4,10,14,
TXN_003708,2025-01-10 23:35:00,PART_0186,ISSUE,1,0,0,WO_06609
TXN_003709,2025-08-26 08:56:00,PART_0088,ISSUE,2,2,0,WO_04322
TXN_003710,2024-03-01 22:50:00,PART_0004,ISSUE,7,16,9,WO_09114
TXN_003711,2024-10-05 00:45:00,PART_0049,ISSUE,3,5,2,WO_03367
TXN_003712,2024-04-02 00:00:00,PART_0285,ISSUE,2,48,46,WO_07226
TXN_003713,2024-10-21 17:18:00,PART_0033,ISSUE,1,0,0,WO_06651
TXN_003714,2025-08-05 14:19:00,PART_0241,ISSUE,2,27,25,WO_08374
TXN_003715,2025-05-29 14:40:00,PART_0180,RECEIPT,1,24,25,
TXN_003716,2025-05-10 18:30:00,PART_0234,ISSUE,2,2,0,WO_04553
TXN_003717,2025-01-31 02:25:00,PART_0232,RECEIPT,7,0,7,
TXN_003718,2024-06-12 05:22:00,PART_0018,RECEIPT,5,15,20,
TXN_003719,2024-03-07 20:55:00,PART_0195,ISSUE,5,25,20,WO_02218
TXN_003720,2024-10-31 08:07:00,PART_0117,RECEIPT,7,15,22,
TXN_003721,2025-01-25 15:17:00,PART_0263,ISSUE,7,77,70,WO_00309
TXN_003722,2025-07-26 21:52:00,PART_0004,ISSUE,7,9,2,WO_02783
TXN_003723,2025-03-17 22:58:00,PART_0209,ISSUE,1,0,0,WO_01760
TXN_003724,2025-01-06 06:40:00,PART_0210,RECEIPT,8,9,17,
TXN_003725,2024-01-23 19:31:00,PART_0241,ISSUE,1,25,24,WO_05609
TXN_003726,2024-04-24 00:26:00,PART_0031,ISSUE,7,56,49,WO_02690
TXN_003727,2024-12-22 12:49:00,PART_0284,ISSUE,6,15,9,WO_08870
TXN_003728,2024-02-14 13:35:00,PART_0138,ISSUE,6,43,37,WO_08408
TXN_003729,2025-06-12 06:56:00,PART_0224,ISSUE,1,10,9,WO_03005
TXN_003730,2024-08-26 07:12:00,PART_0172,ISSUE,8,37,29,WO_01891
TXN_003731,2025-03-11 16:20:00,PART_0081,ISSUE,2,6,4,WO_03761
TXN_003732,2024-12-28 12:21:00,PART_0268,RECEIPT,4,26,30,
TXN_003733,2025-07-16 03:35:00,PART_0200,RECEIPT,5,0,5,
TXN_003734,2024-07-10 07:18:00,PART_0135,ISSUE,1,38,37,WO_00562
TXN_003735,2024-06-15 16:26:00,PART_0252,ISSUE,7,17,10,WO_05569
TXN_003736,2024-10-15 05:56:00,PART_0072,ADJUSTMENT,7,14,21,
TXN_003737,2024-07-23 06:00:00,PART_0094,ISSUE,7,45,38,WO_03456
TXN_003738,2025-08-22 14:44:00,PART_0194,ISSUE,6,39,33,WO_08762
TXN_003739,2024-10-30 22:48:00,PART_0001,RECEIPT,6,0,6,
TXN_003740,2024-05-05 09:39:00,PART_0193,RECEIPT,4,2,6,
TXN_003741,2025-08-19 17:32:00,PART_0036,ISSUE,7,29,22,WO_04146
TXN_003742,2024-06-03 00:26:00,PART_0249,ISSUE,4,21,17,WO_01449
TXN_003743,2024-08-28 10:43:00,PART_0148,RECEIPT,1,85,86,
TXN_003744,2025-02-23 22:58:00,PART_0259,RECEIPT,6,13,19,
TXN_003745,2025-02-08 03:15:00,PART_0132,RECEIPT,2,25,27,
TXN_003746,2024-11-28 05:49:00,PART_0025,RECEIPT,5,30,35,
TXN_003747,2024-06-11 11:21:00,PART_0030,RECEIPT,2,40,42,
TXN_003748,2024-01-10 01:09:00,PART_0298,ISSUE,1,0,0,WO_00741
TXN_003749,2024-05-13 20:23:00,PART_0259,ISSUE,3,19,16,WO_04058
TXN_003750,2025-06-07 21:07:00,PART_0230,ISSUE,3,5,2,WO_08616
TXN_003751,2024-12-26 18:05:00,PART_0228,ISSUE,6,24,18,WO_05159
TXN_003752,2024-06-14 05:15:00,PART_0098,RECEIPT,3,40,43,
TXN_003753,2025-04-30 14:22:00,PART_0144,ISSUE,4,11,7,WO_02275
TXN_003754,2024-03-16 23:31:00,PART_0184,RECEIPT,5,44,49,
TXN_003755,2024-12-31 10:18:00,PART_0147,RECEIPT,3,5,8,
TXN_003756,2024-10-30 06:20:00,PART_0165,ISSUE,1,0,0,WO_05295
TXN_003757,2024-04-01 07:22:00,PART_0221,ISSUE,8,41,33,WO_01927
TXN_003758,2024-04-05 05:00:00,PART_0158,RECEIPT,1,9,10,
TXN_003759,2024-08-08 10:09:00,PART_0075,ISSUE,6,33,27,WO_00834
TXN_003760,2025-03-20 15:45:00,PART_0147,ISSUE,5,8,3,WO_09328
TXN_003761,2025-03-04 11:00:00,PART_0233,ISSUE,1,27,26,WO_04621
TXN_003762,2024-01-19 08:52:00,PART_0168,ADJUSTMENT,5,59,64,
TXN_003763,2024-04-08 01:31:00,PART_0094,ISSUE,1,38,37,WO_08937
TXN_003764,2024-09-17 16:19:00,PART_0297,RECEIPT,3,20,23,
TXN_003765,2024-04-04 11:23:00,PART_0139,RECEIPT,5,9,14,
TXN_003766,2025-05-20 23:31:00,PART_0050,ISSUE,2,6,4,WO_04975
TXN_003767,2025-07-17 03:47:00,PART_0290,ISSUE,4,22,18,WO_00127
TXN_003768,2024-02-08 13:32:00,PART_0200,ISSUE,5,5,0,WO_06170
TXN_003769,2024-08-27 05:48:00,PART_0060,ISSUE,1,0,0,WO_03825
TXN_003770,2025-09-06 21:29:00,PART_0292,ISSUE,7,24,17,WO_00648
TXN_003771,2024-12-09 14:23:00,PART_0145,ISSUE,2,29,27,WO_09074
TXN_003772,2025-03-24 20:22:00,PART_0145,RECEIPT,2,27,29,
TXN_003773,2024-10-26 16:20:00,PART_0162,RECEIPT,8,16,24,
TXN_003774,2024-12-23 19:26:00,PART_0220,ISSUE,2,28,26,WO_08018
TXN_003775,2024-03-19 15:27:00,PART_0216,ISSUE,5,32,27,WO_00749
TXN_003776,2025-06-01 16:59:00,PART_0100,ISSUE,7,29,22,WO_03506
TXN_003777,2024-06-02 23:47:00,PART_0252,ISSUE,5,10,5,WO_05878
TXN_003778,2024-04-10 10:35:00,PART_0077,RECEIPT,8,21,29,
TXN_003779,2025-01-06 06:54:00,PART_0198,RECEIPT,3,27,30,
TXN_003780,2025-02-12 18:55:00,PART_0067,ISSUE,4,43,39,WO_02070
TXN_003781,2024-10-28 19:00:00,PART_0223,ISSUE,6,12,6,WO_05920
TXN_003782,2024-01-26 01:43:00,PART_0037,RECEIPT,3,11,14,
TXN_003783,2024-06-26 11:02:00,PART_0153,RECEIPT,2,43,45,
TXN_003784,2025-08-13 18:43:00,PART_0250,ISSUE,6,6,0,WO_02412
TXN_003785,2024-02-19 17:25:00,PART_0178,RECEIPT,1,43,44,
TXN_003786,2024-05-23 04:22:00,PART_0118,ISSUE,1,52,51,WO_06107
TXN_003787,2024-07-28 07:59:00,PART_0284,ISSUE,3,9,6,WO_05991
TXN_003788,2025-06-12 04:19:00,PART_0247,ISSUE,3,38,35,WO_04162
TXN_003789,2025-07-12 03:46:00,PART_0209,ISSUE,1,0,0,WO_00445
TXN_003790,2025-09-04 05:53:00,PART_0213,ISSUE,2,2,0,WO_02913
TXN_003791,2024-07-08 04:14:00,PART_0268,RECEIPT,3,30,33,
TXN_003792,2025-06-22 15:55:00,PART_0062,ISSUE,5,13,8,WO_00743
TXN_003793,2024-11-06 02:45:00,PART_0062,ISSUE,8,8,0,WO_00862
TXN_003794,2025-07-23 01:41:00,PART_0186,ISSUE,1,0,0,WO_09455
TXN_003795,2024-02-20 21:29:00,PART_0246,RECEIPT,6,7,13,
TXN_003796,2024-08-22 12:38:00,PART_0186,RECEIPT,3,0,3,
TXN_003797,2024-11-12 09:00:00,PART_0279,ISSUE,5,23,18,WO_07858
TXN_003798,2025-08-25 07:11:00,PART_0261,RECEIPT,3,53,56,
TXN_003799,2024-07-28 21:56:00,PART_0026,ISSUE,1,0,0,WO_05035
TXN_003800,2025-08-22 22:47:00,PART_0275,ADJUSTMENT,3,27,24,
TXN_003801,2025-05-06 19:06:00,PART_0250,ISSUE,1,0,0,WO_04462
TXN_003802,2024-05-01 12:48:00,PART_0106,ISSUE,7,36,29,WO_05790
TXN_003803,2024-02-04 15:10:00,PART_0036,RECEIPT,4,22,26,
TXN_003804,2025-02-14 11:44:00,PART_0253,RECEIPT,3,5,8,
TXN_003805,2025-05-29 15:19:00,PART_0039,ISSUE,8,29,21,WO_00903
TXN_003806,2025-08-05 05:59:00,PART_0177,ISSUE,4,11,7,WO_07988
TXN_003807,2024-03-11 04:43:00,PART_0058,RECEIPT,4,20,24,
TXN_003808,2025-08-02 00:02:00,PART_0217,ISSUE,8,37,29,WO_09694
TXN_003809,2025-06-28 03:19:00,PART_0069,RECEIPT,7,12,19,
TXN_003810,2024-12-26 02:49:00,PART_0164,ISSUE,5,28,23,WO_01844
TXN_003811,2024-03-02 01:02:00,PART_0240,ISSUE,3,12,9,WO_03568
TXN_003812,2025-06-11 23:01:00,PART_0279,RECEIPT,7,18,25,
TXN_003813,2024-07-09 00:41:00,PART_0150,RECEIPT,1,0,1,
TXN_003814,2025-04-11 00:17:00,PART_0054,ISSUE,6,53,47,WO_04645
TXN_003815,2024-05-21 05:03:00,PART_0071,ISSUE,2,9,7,WO_06359
TXN_003816,2024-04-07 01:57:00,PART_0289,RECEIPT,7,36,43,
TXN_003817,2025-09-08 10:48:00,PART_0091,ISSUE,7,30,23,WO_04591
TXN_003818,2025-08-04 07:43:00,PART_0264,RECEIPT,2,7,9,
TXN_003819,2025-04-01 10:53:00,PART_0118,ISSUE,6,51,45,WO_03024
TXN_003820,2025-01-29 20:15:00,PART_0270,RECEIPT,7,3,10,
TXN_003821,2024-01-01 22:08:00,PART_0047,RECEIPT,1,47,48,
TXN_003822,2024-12-29 21:54:00,PART_0116,ISSUE,1,0,0,WO_07915
TXN_003823,2024-07-03 23:12:00,PART_0244,RECEIPT,3,58,61,
TXN_003824,2025-03-08 14:09:00,PART_0106,ISSUE,5,29,24,WO_10000
TXN_003825,2025-03-27 05:31:00,PART_0023,ADJUSTMENT,5,32,27,
TXN_003826,2024-08-15 17:09:00,PART_0272,ISSUE,1,61,60,WO_06521
TXN_003827,2025-04-26 05:02:00,PART_0029,ISSUE,4,30,26,WO_06971
TXN_003828,2024-06-10 22:40:00,PART_0012,RECEIPT,6,18,24,
TXN_003829,2024-02-05 09:03:00,PART_0162,RECEIPT,6,24,30,
TXN_003830,2024-04-18 17:44:00,PART_0151,RECEIPT,3,18,21,
TXN_003831,2025-09-01 10:18:00,PART_0073,RECEIPT,3,50,53,
TXN_003832,2024-09-10 08:15:00,PART_0222,ISSUE,1,37,36,WO_04058
TXN_003833,2025-04-15 14:36:00,PART_0278,ISSUE,3,21,18,WO_02289
TXN_003834,2025-05-01 20:38:00,PART_0147,ISSUE,3,3,0,WO_05159
TXN_003835,2024-11-28 04:54:00,PART_0117,ISSUE,6,22,16,WO_01573
TXN_003836,2025-03-20 11:42:00,PART_0198,ISSUE,7,30,23,WO_08638
TXN_003837,2024-05-19 11:17:00,PART_0061,ISSUE,1,0,0,WO_02084
TXN_003838,2025-07-14 05:14:00,PART_0174,ISSUE,3,6,3,WO_07911
TXN_003839,2024-05-13 17:15:00,PART_0178,ISSUE,3,44,41,WO_02285
TXN_003840,2025-02-22 09:48:00,PART_0021,RECEIPT,8,27,35,
TXN_003841,2024-10-13 05:02:00,PART_0245,RECEIPT,2,21,23,
TXN_003842,2025-02-20 19:19:00,PART_0163,RECEIPT,6,32,38,
TXN_003843,2024-11-04 00:19:00,PART_0021,RECEIPT,3,35,38,
TXN_003844,2025-08-15 07:19:00,PART_0241,ISSUE,2,24,22,WO_07754
TXN_003845,2025-09-02 09:37:00,PART_0102,ISSUE,2,25,23,WO_08163
TXN_003846,2025-02-04 05:46:00,PART_0018,RECEIPT,2,20,22,
TXN_003847,2024-03-03 21:45:00,PART_0186,RECEIPT,1,3,4,
TXN_003848,2025-02-16 20:52:00,PART_0001,RECEIPT,5,6,11,
TXN_003849,2024-07-30 16:13:00,PART_0177,ISSUE,5,7,2,WO_05000
TXN_003850,2025-08-03 23:17:00,PART_0125,ISSUE,6,30,24,WO_08360
TXN_003851,2024-08-03 07:10:00,PART_0228,ISSUE,5,18,13,WO_04203
TXN_003852,2025-08-31 21:27:00,PART_0222,RECEIPT,5,36,41,
TXN_003853,2025-01-29 07:58:00,PART_0273,ISSUE,7,26,19,WO_06001
TXN_003854,2024-03-14 09:38:00,PART_0187,RECEIPT,2,31,33,
TXN_003855,2025-04-24 16:46:00,PART_0021,RECEIPT,7,38,45,
TXN_003856,2025-01-27 16:06:00,PART_0176,RECEIPT,1,56,57,
TXN_003857,2024-12-19 15:08:00,PART_0001,ADJUSTMENT,1,11,12,
TXN_003858,2025-05-16 22:50:00,PART_0042,RECEIPT,1,61,62,
TXN_003859,2024-09-09 02:36:00,PART_0148,ADJUSTMENT,6,86,80,
TXN_003860,2025-03-13 06:05:00,PART_0014,ISSUE,1,0,0,WO_00568
TXN_003861,2024-05-19 21:45:00,PART_0083,RECEIPT,3,24,27,
TXN_003862,2024-05-14 23:29:00,PART_0142,ADJUSTMENT,3,20,23,
TXN_003863,2024-09-22 18:28:00,PART_0027,ADJUSTMENT,4,28,24,
TXN_003864,2024-07-18 13:18:00,PART_0073,ISSUE,5,53,48,WO_01723
TXN_003865,2024-12-07 10:40:00,PART_0240,RECEIPT,2,9,11,
TXN_003866,2024-07-22 19:39:00,PART_0083,ISSUE,3,27,24,WO_01991
TXN_003867,2025-08-31 10:55:00,PART_0159,ISSUE,5,5,0,WO_01506
TXN_003868,2025-07-08 18:29:00,PART_0252,ISSUE,5,5,0,WO_04804
TXN_003869,2025-08-02 01:24:00,PART_0195,RECEIPT,5,20,25,
TXN_003870,2025-07-13 05:54:00,PART_0059,ISSUE,1,2,1,WO_03254
TXN_003871,2024-06-15 06:33:00,PART_0273,ISSUE,6,19,13,WO_03019
TXN_003872,2025-03-24 12:24:00,PART_0169,ADJUSTMENT,3,24,21,
TXN_003873,2025-08-23 02:21:00,PART_0170,ISSUE,7,48,41,WO_08336
TXN_003874,2024-02-08 00:29:00,PART_0218,ISSUE,7,23,16,WO_00717
TXN_003875,2024-07-28 08:01:00,PART_0271,ISSUE,8,34,26,WO_04575
TXN_003876,2025-02-07 00:55:00,PART_0180,RECEIPT,3,25,28,
TXN_003877,2025-03-21 01:01:00,PART_0299,ISSUE,2,2,0,WO_03956
TXN_003878,2024-08-31 07:04:00,PART_0039,ISSUE,8,21,13,WO_00848
TXN_003879,2024-11-19 09:33:00,PART_0055,ISSUE,8,64,56,WO_06683
TXN_003880,2025-06-04 18:29:00,PART_0087,ISSUE,4,61,57,WO_05041
TXN_003881,2025-05-24 01:00:00,PART_0208,RECEIPT,3,5,8,
TXN_003882,2024-12-22 02:29:00,PART_0139,ISSUE,3,14,11,WO_02974
TXN_003883,2024-06-25 05:20:00,PART_0163,ISSUE,2,38,36,WO_01418
TXN_003884,2024-07-12 12:33:00,PART_0024,RECEIPT,8,46,54,
TXN_003885,2025-05-15 08:42:00,PART_0139,ISSUE,1,11,10,WO_03647
TXN_003886,2024-07-23 16:53:00,PART_0259,ISSUE,1,16,15,WO_01120
TXN_003887,2024-12-28 02:57:00,PART_0001,RECEIPT,8,12,20,
TXN_003888,2024-04-18 15:06:00,PART_0057,RECEIPT,2,8,10,
TXN_003889,2024-02-28 22:34:00,PART_0013,ADJUSTMENT,4,41,45,
TXN_003890,2025-07-18 22:29:00,PART_0127,RECEIPT,3,11,14,
TXN_003891,2025-06-13 19:57:00,PART_0207,ISSUE,5,47,42,WO_01812
TXN_003892,2025-02-08 04:38:00,PART_0002,ISSUE,2,39,37,WO_00328
TXN_003893,2024-12-25 22:43:00,PART_0207,RECEIPT,1,42,43,
TXN_003894,2024-09-01 13:02:00,PART_0130,RECEIPT,3,0,3,
TXN_003895,2024-07-05 10:29:00,PART_0272,ISSUE,3,60,57,WO_09806
TXN_003896,2024-07-20 18:55:00,PART_0058,RECEIPT,3,24,27,
TXN_003897,2025-09-03 09:19:00,PART_0206,ISSUE,1,14,13,WO_09229
TXN_003898,2025-03-29 20:40:00,PART_0198,ISSUE,5,23,18,WO_03476
TXN_003899,2024-12-27 12:22:00,PART_0089,RECEIPT,3,2,5,
TXN_003900,2024-10-31 15:55:00,PART_0166,ISSUE,1,11,10,WO_07059
TXN_003901,2024-02-06 05:40:00,PART_0279,ISSUE,8,25,17,WO_07171
TXN_003902,2024-11-18 13:56:00,PART_0168,ISSUE,2,64,62,WO_08257
TXN_003903,2024-03-05 23:34:00,PART_0234,ISSUE,1,0,0,WO_06394
TXN_003904,2024-03-21 06:44:00,PART_0107,ISSUE,5,17,12,WO_04614
TXN_003905,2024-09-26 23:32:00,PART_0267,ISSUE,1,52,51,WO_03236
TXN_003906,2024-08-06 07:00:00,PART_0121,ISSUE,5,21,16,WO_01941
TXN_003907,2025-08-31 21:06:00,PART_0277,ISSUE,5,17,12,WO_01829
TXN_003908,2025-06-13 23:00:00,PART_0069,RECEIPT,2,19,21,
TXN_003909,2025-08-02 15:33:00,PART_0177,ISSUE,2,2,0,WO_06799
TXN_003910,2025-09-01 13:20:00,PART_0191,ISSUE,1,0,0,WO_08135
TXN_003911,2025-08-28 15:39:00,PART_0042,RECEIPT,1,62,63,
TXN_003912,2024-12-08 06:44:00,PART_0032,ISSUE,5,10,5,WO_07115
TXN_003913,2025-04-27 11:33:00,PART_0036,ISSUE,8,26,18,WO_07076
TXN_003914,2025-01-28 08:18:00,PART_0078,ISSUE,6,39,33,WO_06318
TXN_003915,2024-11-12 05:57:00,PART_0219,RECEIPT,7,32,39,
TXN_003916,2025-07-21 19:18:00,PART_0020,ISSUE,5,5,0,WO_06988
TXN_003917,2024-02-22 23:56:00,PART_0067,RECEIPT,6,39,45,
TXN_003918,2025-04-11 19:31:00,PART_0245,RECEIPT,4,23,27,
TXN_003919,2024-03-28 21:16:00,PART_0063,ISSUE,2,16,14,WO_03063
TXN_003920,2025-02-17 08:53:00,PART_0157,RECEIPT,3,9,12,
TXN_003921,2025-06-05 17:07:00,PART_0212,ISSUE,1,11,10,WO_01066
TXN_003922,2024-06-11 02:59:00,PART_0050,RECEIPT,6,4,10,
TXN_003923,2024-01-24 08:26:00,PART_0185,RECEIPT,5,65,70,
TXN_003924,2024-03-23 06:17:00,PART_0168,RECEIPT,2,62,64,
TXN_003925,2025-03-01 05:09:00,PART_0256,ISSUE,1,54,53,WO_05435
TXN_003926,2024-03-10 14:43:00,PART_0262,RECEIPT,5,49,54,
TXN_003927,2025-02-15 17:23:00,PART_0292,RECEIPT,3,17,20,
TXN_003928,2025-06-22 14:47:00,PART_0186,ISSUE,4,4,0,WO_05159
TXN_003929,2024-04-07 03:33:00,PART_0227,ISSUE,4,45,41,WO_00324
TXN_003930,2024-07-11 21:32:00,PART_0220,ISSUE,4,26,22,WO_08260
TXN_003931,2024-10-01 16:07:00,PART_0299,ISSUE,1,0,0,WO_07777
TXN_003932,2024-02-16 18:07:00,PART_0170,ISSUE,6,41,35,WO_05693
TXN_003933,2025-02-19 23:44:00,PART_0158,ISSUE,1,10,9,WO_02577
TXN_003934,2024-02-12 05:56:00,PART_0238,RECEIPT,3,1,4,
TXN_003935,2024-06-07 00:03:00,PART_0050,ISSUE,4,10,6,WO_06442
TXN_003936,2025-07-24 22:49:00,PART_0289,RECEIPT,2,43,45,
TXN_003937,2024-09-04 06:08:00,PART_0205,RECEIPT,1,17,18,
TXN_003938,2024-06-22 23:32:00,PART_0097,RECEIPT,4,26,30,
TXN_003939,2025-03-08 07:29:00,PART_0295,ADJUSTMENT,6,40,34,
TXN_003940,2025-08-01 10:51:00,PART_0252,ISSUE,1,0,0,WO_07969
TXN_003941,2024-07-20 17:17:00,PART_0056,RECEIPT,4,30,34,
TXN_003942,2024-01-28 08:52:00,PART_0066,RECEIPT,6,41,47,
TXN_003943,2024-07-05 07:11:00,PART_0029,ADJUSTMENT,5,26,31,
TXN_003944,2024-05-10 18:28:00,PART_0207,ISSUE,7,43,36,WO_08837
TXN_003945,2025-07-30 19:21:00,PART_0195,ADJUSTMENT,8,25,17,
TXN_003946,2024-11-03 04:57:00,PART_0147,ISSUE,1,0,0,WO_04133
TXN_003947,2024-08-30 16:10:00,PART_0198,ISSUE,8,18,10,WO_07753
TXN_003948,2024-01-30 22:23:00,PART_0075,RECEIPT,7,27,34,
TXN_003949,2025-04-02 08:29:00,PART_0137,RECEIPT,2,3,5,
TXN_003950,2024-07-11 13:02:00,PART_0153,ISSUE,3,45,42,WO_08215
TXN_003951,2024-05-30 03:02:00,PART_0012,RECEIPT,1,24,25,
TXN_003952,2024-08-13 13:23:00,PART_0042,RECEIPT,3,63,66,
TXN_003953,2024-09-24 17:11:00,PART_0139,ISSUE,1,10,9,WO_03685
TXN_003954,2025-08-31 03:59:00,PART_0008,RECEIPT,5,10,15,
TXN_003955,2024-04-17 15:27:00,PART_0293,ISSUE,1,0,0,WO_07905
TXN_003956,2025-03-07 21:38:00,PART_0068,RECEIPT,7,23,30,
TXN_003957,2024-03-01 03:25:00,PART_0081,RECEIPT,2,4,6,
TXN_003958,2025-03-16 08:36:00,PART_0088,ISSUE,1,0,0,WO_02016
TXN_003959,2025-09-10 01:11:00,PART_0284,ISSUE,4,6,2,WO_01824
TXN_003960,2025-08-27 10:30:00,PART_0125,ISSUE,2,24,22,WO_06401
TXN_003961,2025-05-11 15:16:00,PART_0272,RECEIPT,4,57,61,
TXN_003962,2024-07-15 14:55:00,PART_0229,ISSUE,4,24,20,WO_01471
TXN_003963,2024-02-19 12:34:00,PART_0082,ADJUSTMENT,3,33,30,
TXN_003964,2024-05-07 15:50:00,PART_0205,RECEIPT,6,18,24,
TXN_003965,2024-12-09 18:10:00,PART_0263,ISSUE,1,70,69,WO_07520
TXN_003966,2024-04-05 07:30:00,PART_0131,ISSUE,6,27,21,WO_03624
TXN_003967,2025-08-31 01:12:00,PART_0084,ISSUE,1,0,0,WO_07707
TXN_003968,2025-04-22 13:56:00,PART_0201,ISSUE,7,43,36,WO_03435
TXN_003969,2025-07-24 23:53:00,PART_0101,ISSUE,1,12,11,WO_04389
TXN_003970,2025-01-31 05:20:00,PART_0063,RECEIPT,1,14,15,
TXN_003971,2025-07-06 01:39:00,PART_0229,ISSUE,5,20,15,WO_00452
TXN_003972,2025-01-27 15:24:00,PART_0181,ISSUE,7,23,16,WO_05681
TXN_003973,2024-04-15 19:33:00,PART_0109,ISSUE,6,36,30,WO_06089
TXN_003974,2024-04-16 15:21:00,PART_0105,RECEIPT,6,56,62,
TXN_003975,2025-07-04 02:14:00,PART_0193,RECEIPT,4,6,10,
TXN_003976,2025-08-07 12:13:00,PART_0272,ISSUE,2,61,59,WO_04641
TXN_003977,2025-03-27 01:59:00,PART_0224,RECEIPT,6,9,15,
TXN_003978,2024-01-29 03:14:00,PART_0032,RECEIPT,1,5,6,
TXN_003979,2024-07-09 13:45:00,PART_0213,ISSUE,1,0,0,WO_07773
TXN_003980,2024-04-05 04:55:00,PART_0090,RECEIPT,7,16,23,
TXN_003981,2025-02-01 00:31:00,PART_0211,RECEIPT,1,40,41,
TXN_003982,2025-03-01 20:22:00,PART_0186,ISSUE,1,0,0,WO_09768
TXN_003983,2024-07-08 07:17:00,PART_0293,ISSUE,1,0,0,WO_00205
TXN_003984,2025-05-22 02:49:00,PART_0199,RECEIPT,7,12,19,
TXN_003985,2024-04-19 18:15:00,PART_0031,ISSUE,7,49,42,WO_06855
TXN_003986,2024-02-21 15:20:00,PART_0141,RECEIPT,3,1,4,
TXN_003987,2025-03-01 16:59:00,PART_0090,RECEIPT,7,23,30,
TXN_003988,2024-05-31 23:33:00,PART_0103,ISSUE,7,16,9,WO_04194
TXN_003989,2024-05-01 20:55:00,PART_0111,ISSUE,1,0,0,WO_00254
TXN_003990,2024-03-25 22:21:00,PART_0119,ISSUE,2,14,12,WO_06231
TXN_003991,2025-02-21 20:02:00,PART_0115,RECEIPT,7,12,19,
TXN_003992,2024-06-07 14:00:00,PART_0204,ISSUE,3,25,22,WO_06664
TXN_003993,2025-09-07 07:27:00,PART_0204,RECEIPT,6,22,28,
TXN_003994,2024-06-02 23:18:00,PART_0027,RECEIPT,2,24,26,
TXN_003995,2024-02-24 17:32:00,PART_0207,ISSUE,3,36,33,WO_02614
TXN_003996,2024-01-27 07:57:00,PART_0224,RECEIPT,8,15,23,
TXN_003997,2025-02-19 12:01:00,PART_0284,ISSUE,2,2,0,WO_08833
TXN_003998,2024-12-30 02:49:00,PART_0131,RECEIPT,6,21,27,
TXN_003999,2025-05-16 03:15:00,PART_0054,ISSUE,2,47,45,WO_02041
TXN_004000,2024-06-24 20:42:00,PART_0008,ADJUSTMENT,5,15,20,
TXN_004001,2025-07-19 15:11:00,PART_0213,ISSUE,1,0,0,WO_08943
TXN_004002,2025-08-05 08:22:00,PART_0070,RECEIPT,7,4,11,
TXN_004003,2024-02-14 23:55:00,PART_0108,RECEIPT,2,13,15,
TXN_004004,2024-11-19 04:14:00,PART_0019,ISSUE,2,2,0,WO_04290
TXN_004005,2025-07-07 11:48:00,PART_0258,RECEIPT,1,13,14,
TXN_004006,2024-10-15 06:40:00,PART_0225,ADJUSTMENT,8,40,32,
TXN_004007,2025-03-06 22:52:00,PART_0005,RECEIPT,2,26,28,
TXN_004008,2024-10-20 05:38:00,PART_0276,ISSUE,6,31,25,WO_05923
TXN_004009,2024-09-17 22:58:00,PART_0257,RECEIPT,6,42,48,
TXN_004010,2024-12-30 03:50:00,PART_0126,ISSUE,8,34,26,WO_00152
TXN_004011,2025-07-05 11:11:00,PART_0028,ISSUE,4,7,3,WO_04536
TXN_004012,2025-07-07 23:32:00,PART_0239,ISSUE,6,53,47,WO_09967
TXN_004013,2025-01-08 05:30:00,PART_0205,RECEIPT,6,24,30,
TXN_004014,2025-07-18 03:00:00,PART_0076,RECEIPT,8,27,35,
TXN_004015,2025-01-09 16:05:00,PART_0181,ISSUE,3,16,13,WO_08351
TXN_004016,2024-10-29 04:39:00,PART_0168,ADJUSTMENT,7,64,71,
TXN_004017,2024-06-08 07:51:00,PART_0057,ISSUE,8,10,2,WO_08552
TXN_004018,2024-09-10 23:25:00,PART_0009,ISSUE,1,51,50,WO_00025
TXN_004019,2025-06-28 01:51:00,PART_0049,RECEIPT,3,2,5,
TXN_004020,2025-08-29 11:13:00,PART_0262,ISSUE,2,54,52,WO_02841
TXN_004021,2024-01-05 20:24:00,PART_0270,ISSUE,7,10,3,WO_08262
TXN_004022,2025-06-05 05:48:00,PART_0175,RECEIPT,7,63,70,
TXN_004023,2024-02-05 17:49:00,PART_0296,ISSUE,1,22,21,WO_05118
TXN_004024,2024-06-10 09:31:00,PART_0282,ISSUE,7,85,78,WO_00188
TXN_004025,2025-05-08 19:50:00,PART_0082,ADJUSTMENT,1,30,29,
TXN_004026,2024-06-15 04:31:00,PART_0048,RECEIPT,7,39,46,
TXN_004027,2024-01-02 23:41:00,PART_0007,ISSUE,1,0,0,WO_08943
TXN_004028,2025-05-06 19:15:00,PART_0211,RECEIPT,3,41,44,
TXN_004029,2025-02-25 10:40:00,PART_0065,ISSUE,1,13,12,WO_03236
TXN_004030,2024-08-01 00:03:00,PART_0217,RECEIPT,3,29,32,
TXN_004031,2024-11-03 13:00:00,PART_0126,ADJUSTMENT,4,26,30,
TXN_004032,2024-05-13 09:33:00,PART_0151,RECEIPT,4,21,25,
TXN_004033,2024-02-19 09:41:00,PART_0277,RECEIPT,5,12,17,
TXN_004034,2025-08-09 18:23:00,PART_0161,RECEIPT,6,0,6,
TXN_004035,2025-02-15 14:59:00,PART_0222,RECEIPT,3,41,44,
TXN_004036,2024-09-23 12:40:00,PART_0214,ISSUE,3,13,10,WO_01568
TXN_004037,2025-01-22 20:41:00,PART_0203,ISSUE,7,34,27,WO_01023
TXN_004038,2024-05-20 14:28:00,PART_0005,ISSUE,7,28,21,WO_07848
TXN_004039,2024-01-27 03:33:00,PART_0254,ISSUE,6,24,18,WO_06879
TXN_004040,2025-04-23 03:43:00,PART_0114,ISSUE,4,37,33,WO_03589
TXN_004041,2024-12-02 19:05:00,PART_0194,ISSUE,3,33,30,WO_08428
TXN_004042,2024-09-03 14:04:00,PART_0266,ADJUSTMENT,7,52,59,
TXN_004043,2024-10-19 12:02:00,PART_0081,ISSUE,6,6,0,WO_07810
TXN_004044,2025-04-16 06:02:00,PART_0030,ISSUE,2,42,40,WO_02303
TXN_004045,2024-03-31 19:35:00,PART_0121,RECEIPT,8,16,24,
TXN_004046,2025-02-12 10:36:00,PART_0203,RECEIPT,1,27,28,
TXN_004047,2025-03-13 11:12:00,PART_0152,ISSUE,7,14,7,WO_02565
TXN_004048,2025-04-28 11:40:00,PART_0296,RECEIPT,4,21,25,
TXN_004049,2024-11-29 22:13:00,PART_0053,RECEIPT,5,3,8,
TXN_004050,2024-02-07 02:19:00,PART_0003,RECEIPT,3,0,3,
TXN_004051,2024-07-22 10:32:00,PART_0230,ISSUE,2,2,0,WO_02426
TXN_004052,2025-05-03 19:53:00,PART_0063,ISSUE,7,15,8,WO_08851
TXN_004053,2025-01-03 15:18:00,PART_0053,RECEIPT,5,8,13,
TXN_004054,2025-06-10 18:08:00,PART_0028,RECEIPT,4,3,7,
TXN_004055,2025-05-15 14:22:00,PART_0010,ISSUE,2,11,9,WO_03805
TXN_004056,2024-05-29 02:40:00,PART_0163,ISSUE,3,36,33,WO_07827
TXN_004057,2024-09-02 04:10:00,PART_0296,RECEIPT,1,25,26,
TXN_004058,2024-03-28 13:51:00,PART_0259,ISSUE,5,15,10,WO_07331
TXN_004059,2024-08-22 23:06:00,PART_0130,ADJUSTMENT,6,3,0,
TXN_004060,2024-10-07 19:06:00,PART_0102,RECEIPT,8,23,31,
TXN_004061,2024-04-10 14:04:00,PART_0123,ISSUE,5,35,30,WO_02795
TXN_004062,2025-03-01 05:15:00,PART_0031,ISSUE,8,42,34,WO_08123
TXN_004063,2024-02-10 13:43:00,PART_0281,ISSUE,5,19,14,WO_03256
TXN_004064,2025-05-26 01:16:00,PART_0212,RECEIPT,2,10,12,
TXN_004065,2024-03-30 08:59:00,PART_0046,ISSUE,4,42,38,WO_08445
TXN_004066,2024-03-01 04:44:00,PART_0216,ISSUE,3,27,24,WO_04190
TXN_004067,2025-04-02 19:17:00,PART_0221,ISSUE,6,33,27,WO_00642
TXN_004068,2025-06-14 06:24:00,PART_0136,ISSUE,1,0,0,WO_00445
TXN_004069,2025-01-11 12:33:00,PART_0184,ISSUE,4,49,45,WO_07165
TXN_004070,2025-03-27 16:10:00,PART_0042,ISSUE,4,66,62,WO_08005
TXN_004071,2024-02-02 15:31:00,PART_0119,ISSUE,6,12,6,WO_07199
TXN_004072,2025-05-03 20:57:00,PART_0112,RECEIPT,5,43,48,
TXN_004073,2024-03-06 15:04:00,PART_0154,ISSUE,2,25,23,WO_04085
TXN_004074,2024-10-15 14:22:00,PART_0025,ISSUE,5,35,30,WO_02300
TXN_004075,2024-12-19 11:54:00,PART_0216,RECEIPT,7,24,31,
TXN_004076,2024-11-03 13:02:00,PART_0147,RECEIPT,2,0,2,
TXN_004077,2025-01-26 02:50:00,PART_0258,ISSUE,1,14,13,WO_08042
TXN_004078,2025-07-22 15:06:00,PART_0265,RECEIPT,3,0,3,
TXN_004079,2025-09-10 01:04:00,PART_0154,ISSUE,6,23,17,WO_06351
TXN_004080,2024-07-21 00:50:00,PART_0159,ISSUE,1,0,0,WO_09581
TXN_004081,2024-10-05 23:34:00,PART_0127,ISSUE,8,14,6,WO_04754
TXN_004082,2024-08-06 08:40:00,PART_0229,ISSUE,6,15,9,WO_00399
TXN_004083,2025-03-03 16:10:00,PART_0297,RECEIPT,4,23,27,
TXN_004084,2024-05-31 17:18:00,PART_0234,ISSUE,1,0,0,WO_00541
TXN_004085,2025-07-31 02:53:00,PART_0189,RECEIPT,2,3,5,
TXN_004086,2024-05-17 17:12:00,PART_0018,ISSUE,7,22,15,WO_05329
TXN_004087,2024-05-29 08:50:00,PART_0054,RECEIPT,2,45,47,
TXN_004088,2025-05-01 04:03:00,PART_0019,ISSUE,1,0,0,WO_07607
TXN_004089,2024-06-08 00:06:00,PART_0078,ISSUE,7,33,26,WO_06934
TXN_004090,2024-07-27 07:43:00,PART_0265,RECEIPT,7,3,10,
TXN_004091,2024-05-19 12:04:00,PART_0240,ISSUE,3,11,8,WO_01654
TXN_004092,2024-08-31 00:34:00,PART_0034,ADJUSTMENT,7,9,16,
TXN_004093,2025-07-14 02:38:00,PART_0176,ISSUE,6,57,51,WO_01902
TXN_004094,2024-10-06 04:15:00,PART_0122,ISSUE,7,27,20,WO_01974
TXN_004095,2024-01-31 22:07:00,PART_0292,RECEIPT,5,20,25,
TXN_004096,2024-10-26 14:20:00,PART_0153,ISSUE,5,42,37,WO_03901
TXN_004097,2024-03-03 00:44:00,PART_0224,RECEIPT,5,23,28,
TXN_004098,2025-01-30 06:08:00,PART_0003,ISSUE,3,3,0,WO_08081
TXN_004099,2024-11-22 02:28:00,PART_0101,RECEIPT,4,11,15,
TXN_004100,2025-04-08 09:49:00,PART_0176,ADJUSTMENT,2,51,53,
TXN_004101,2025-02-13 19:18:00,PART_0295,RECEIPT,3,34,37,
TXN_004102,2025-06-15 11:57:00,PART_0198,RECEIPT,5,10,15,
TXN_004103,2024-02-29 13:17:00,PART_0020,ISSUE,1,0,0,WO_09170
TXN_004104,2024-10-27 03:50:00,PART_0084,RECEIPT,5,0,5,
TXN_004105,2025-09-15 14:05:00,PART_0240,ISSUE,1,8,7,WO_00835
TXN_004106,2024-05-26 23:22:00,PART_0002,ISSUE,7,37,30,WO_01411
TXN_004107,2024-10-24 13:17:00,PART_0069,ISSUE,1,21,20,WO_08350
TXN_004108,2024-02-05 04:47:00,PART_0144,ISSUE,2,7,5,WO_07876
TXN_004109,2024-11-18 00:53:00,PART_0046,RECEIPT,5,38,43,
TXN_004110,2025-03-02 09:03:00,PART_0201,ISSUE,1,36,35,WO_03293
TXN_004111,2024-03-17 05:21:00,PART_0014,ISSUE,1,0,0,WO_03144
TXN_004112,2025-07-24 00:49:00,PART_0247,RECEIPT,5,35,40,
TXN_004113,2024-04-22 21:45:00,PART_0189,RECEIPT,3,5,8,
TXN_004114,2025-09-05 03:21:00,PART_0259,ISSUE,7,10,3,WO_04634
TXN_004115,2025-08-22 11:01:00,PART_0048,ISSUE,7,46,39,WO_09966
TXN_004116,2024-07-09 04:06:00,PART_0247,ADJUSTMENT,1,40,41,
TXN_004117,2024-07-03 23:00:00,PART_0257,ISSUE,1,48,47,WO_09818
TXN_004118,2024-07-11 09:33:00,PART_0222,ISSUE,6,44,38,WO_09446
TXN_004119,2024-11-25 22:59:00,PART_0080,RECEIPT,7,10,17,
TXN_004120,2025-03-24 18:47:00,PART_0029,RECEIPT,4,31,35,
TXN_004121,2025-06-10 01:45:00,PART_0177,ISSUE,1,0,0,WO_07633
TXN_004122,2025-06-07 02:08:00,PART_0226,ISSUE,4,53,49,WO_08280
TXN_004123,2025-02-04 11:25:00,PART_0227,RECEIPT,2,41,43,
TXN_004124,2025-01-06 05:02:00,PART_0183,RECEIPT,8,24,32,
TXN_004125,2025-04-12 06:11:00,PART_0210,ISSUE,3,17,14,WO_05164
TXN_004126,2024-01-02 20:19:00,PART_0176,RECEIPT,2,53,55,
TXN_004127,2024-04-10 10:12:00,PART_0170,ISSUE,1,35,34,WO_05885
TXN_004128,2025-07-01 12:09:00,PART_0011,ISSUE,8,36,28,WO_09811
TXN_004129,2024-04-02 23:34:00,PART_0062,ISSUE,1,0,0,WO_05882
TXN_004130,2024-02-16 16:34:00,PART_0171,RECEIPT,6,19,25,
TXN_004131,2024-05-22 00:06:00,PART_0090,RECEIPT,6,30,36,
TXN_004132,2024-07-10 01:06:00,PART_0012,RECEIPT,3,25,28,
TXN_004133,2025-02-17 06:19:00,PART_0162,RECEIPT,6,30,36,
TXN_004134,2025-07-21 01:02:00,PART_0146,ADJUSTMENT,8,20,12,
TXN_004135,2024-12-31 06:42:00,PART_0059,ISSUE,1,1,0,WO_03707
TXN_004136,2024-04-25 16:11:00,PART_0245,ISSUE,7,27,20,WO_01994
TXN_004137,2024-12-11 05:19:00,PART_0036,RECEIPT,4,18,22,
TXN_004138,2024-02-08 00:13:00,PART_0201,ISSUE,7,35,28,WO_07653
TXN_004139,2024-11-17 15:53:00,PART_0068,RECEIPT,5,30,35,
TXN_004140,2024-11-09 13:53:00,PART_0065,ISSUE,4,12,8,WO_05075
TXN_004141,2024-05-08 12:37:00,PART_0254,ADJUSTMENT,6,18,24,
TXN_004142,2024-12-19 02:22:00,PART_0178,ISSUE,2,41,39,WO_03637
TXN_004143,2025-01-25 14:35:00,PART_0194,RECEIPT,5,30,35,
TXN_004144,2024-04-11 21:43:00,PART_0253,ISSUE,4,8,4,WO_01035
TXN_004145,2024-10-30 15:33:00,PART_0201,ISSUE,4,28,24,WO_04740
TXN_004146,2025-04-17 05:05:00,PART_0057,RECEIPT,4,2,6,
TXN_004147,2024-08-20 01:59:00,PART_0194,RECEIPT,7,35,42,
TXN_004148,2025-09-02 22:39:00,PART_0208,ISSUE,4,8,4,WO_04448
TXN_004149,2025-05-24 23:40:00,PART_0055,ISSUE,5,56,51,WO_08921
TXN_004150,2025-03-14 15:55:00,PART_0198,RECEIPT,4,15,19,
TXN_004151,2024-01-28 00:22:00,PART_0152,RECEIPT,1,7,8,
TXN_004152,2024-01-19 17:12:00,PART_0267,ISSUE,3,51,48,WO_09816
TXN_004153,2024-03-04 15:56:00,PART_0153,RECEIPT,2,37,39,
TXN_004154,2024-06-15 16:50:00,PART_0193,RECEIPT,7,10,17,
TXN_004155,2024-04-02 15:33:00,PART_0273,ISSUE,6,13,7,WO_01139
TXN_004156,2025-03-14 12:25:00,PART_0149,ISSUE,5,33,28,WO_01747
TXN_004157,2024-09-19 10:11:00,PART_0257,RECEIPT,6,47,53,
TXN_004158,2024-01-03 07:54:00,PART_0198,ISSUE,7,19,12,WO_06260
TXN_004159,2024-11-10 14:49:00,PART_0212,ADJUSTMENT,1,12,13,
TXN_004160,2025-06-18 13:19:00,PART_0107,ISSUE,7,12,5,WO_09010
TXN_004161,2024-08-01 19:44:00,PART_0156,ISSUE,7,13,6,WO_00147
TXN_004162,2024-07-14 20:13:00,PART_0120,RECEIPT,8,0,8,
TXN_004163,2025-08-26 08:16:00,PART_0009,RECEIPT,3,50,53,
TXN_004164,2024-06-02 19:28:00,PART_0241,ISSUE,1,22,21,WO_08308
TXN_004165,2024-11-12 16:00:00,PART_0217,ISSUE,5,32,27,WO_07436
TXN_004166,2024-07-16 22:38:00,PART_0196,ISSUE,1,25,24,WO_00717
TXN_004167,2025-09-13 16:37:00,PART_0078,ISSUE,7,26,19,WO_02813
TXN_004168,2024-07-11 20:14:00,PART_0011,ISSUE,5,28,23,WO_01278
TXN_004169,2024-05-24 09:49:00,PART_0286,RECEIPT,7,30,37,
TXN_004170,2024-11-15 06:39:00,PART_0173,ISSUE,2,4,2,WO_05439
TXN_004171,2025-02-15 15:43:00,PART_0093,ISSUE,8,23,15,WO_08127
TXN_004172,2024-05-16 19:32:00,PART_0259,ISSUE,3,3,0,WO_04411
TXN_004173,2025-04-28 23:26:00,PART_0114,ISSUE,5,33,28,WO_02996
TXN_004174,2025-01-12 07:29:00,PART_0191,RECEIPT,4,0,4,
TXN_004175,2024-04-05 15:04:00,PART_0150,RECEIPT,6,1,7,
TXN_004176,2024-01-04 06:13:00,PART_0148,RECEIPT,4,80,84,
TXN_004177,2024-12-16 08:57:00,PART_0105,RECEIPT,7,62,69,
TXN_004178,2024-03-29 06:47:00,PART_0266,ISSUE,8,59,51,WO_09924
TXN_004179,2025-09-11 07:32:00,PART_0058,ISSUE,6,27,21,WO_09074
TXN_004180,2025-08-21 23:59:00,PART_0074,ISSUE,5,19,14,WO_08299
TXN_004181,2024-09-19 12:38:00,PART_0145,RECEIPT,6,29,35,
TXN_004182,2024-09-30 04:45:00,PART_0295,RECEIPT,7,37,44,
TXN_004183,2024-08-20 15:11:00,PART_0213,RECEIPT,6,0,6,
TXN_004184,2025-01-15 12:27:00,PART_0261,RECEIPT,3,56,59,
TXN_004185,2024-01-08 21:45:00,PART_0223,ISSUE,5,6,1,WO_00492
TXN_004186,2024-07-07 07:34:00,PART_0016,ADJUSTMENT,1,18,17,
TXN_004187,2025-03-20 08:03:00,PART_0249,RECEIPT,6,17,23,
TXN_004188,2024-06-27 02:54:00,PART_0097,ISSUE,8,30,22,WO_02946
TXN_004189,2025-02-13 01:51:00,PART_0085,RECEIPT,5,61,66,
TXN_004190,2024-05-13 18:06:00,PART_0149,ISSUE,7,28,21,WO_03344
TXN_004191,2025-05-18 06:06:00,PART_0261,ISSUE,3,59,56,WO_02195
TXN_004192,2025-01-10 09:29:00,PART_0171,RECEIPT,3,25,28,
TXN_004193,2024-08-17 11:18:00,PART_0144,RECEIPT,5,5,10,
TXN_004194,2025-07-24 05:33:00,PART_0030,RECEIPT,7,40,47,
TXN_004195,2025-01-13 01:27:00,PART_0280,RECEIPT,2,54,56,
TXN_004196,2024-09-07 14:04:00,PART_0291,ISSUE,2,66,64,WO_05378
TXN_004197,2025-09-11 18:53:00,PART_0110,RECEIPT,3,10,13,
TXN_004198,2024-10-19 07:32:00,PART_0030,RECEIPT,7,47,54,
TXN_004199,2024-10-28 20:29:00,PART_0091,ISSUE,1,23,22,WO_04067
TXN_004200,2024-03-12 20:25:00,PART_0093,RECEIPT,1,15,16,
TXN_004201,2025-02-03 23:23:00,PART_0052,ISSUE,2,31,29,WO_02540
TXN_004202,2025-05-26 21:12:00,PART_0203,ISSUE,6,28,22,WO_00766
TXN_004203,2025-06-25 05:39:00,PART_0023,ADJUSTMENT,8,27,19,
TXN_004204,2025-05-23 04:56:00,PART_0272,ISSUE,3,59,56,WO_08850
TXN_004205,2024-01-06 08:41:00,PART_0013,RECEIPT,7,45,52,
TXN_004206,2025-03-03 03:14:00,PART_0232,RECEIPT,2,7,9,
TXN_004207,2024-01-22 22:27:00,PART_0076,RECEIPT,7,35,42,
TXN_004208,2025-01-05 16:04:00,PART_0260,ISSUE,1,0,0,WO_02122
TXN_004209,2025-04-09 11:06:00,PART_0293,ISSUE,1,0,0,WO_00698
TXN_004210,2024-02-14 17:45:00,PART_0097,ISSUE,6,22,16,WO_09645
TXN_004211,2024-06-03 22:56:00,PART_0132,ISSUE,4,27,23,WO_07033
TXN_004212,2025-05-03 15:17:00,PART_0052,ADJUSTMENT,8,29,21,
TXN_004213,2024-11-01 06:08:00,PART_0211,RECEIPT,2,44,46,
TXN_004214,2025-02-24 08:28:00,PART_0006,ISSUE,2,49,47,WO_03698
TXN_004215,2024-01-06 21:00:00,PART_0125,RECEIPT,5,22,27,
TXN_004216,2025-04-14 23:24:00,PART_0231,RECEIPT,3,9,12,
TXN_004217,2024-01-18 10:33:00,PART_0179,ISSUE,8,11,3,WO_02447
TXN_004218,2024-06-08 10:16:00,PART_0077,RECEIPT,6,29,35,
TXN_004219,2024-08-10 17:30:00,PART_0084,ISSUE,3,5,2,WO_09421
TXN_004220,2024-06-12 01:22:00,PART_0275,RECEIPT,4,24,28,
TXN_004221,2025-02-07 02:31:00,PART_0091,RECEIPT,2,22,24,
TXN_004222,2024-06-03 19:01:00,PART_0171,ISSUE,4,28,24,WO_07768
TXN_004223,2024-02-13 00:04:00,PART_0124,ISSUE,3,12,9,WO_07990
TXN_004224,2024-04-13 13:52:00,PART_0140,ISSUE,1,0,0,WO_05694
TXN_004225,2024-08-30 23:40:00,PART_0135,ISSUE,8,37,29,WO_01269
TXN_004226,2025-08-07 00:29:00,PART_0156,RECEIPT,7,6,13,
TXN_004227,2024-11-13 02:22:00,PART_0152,RECEIPT,8,8,16,
TXN_004228,2024-08-18 17:59:00,PART_0106,ISSUE,5,24,19,WO_01856
TXN_004229,2024-08-17 03:45:00,PART_0218,ISSUE,7,16,9,WO_07077
TXN_004230,2024-04-23 16:59:00,PART_0063,ISSUE,2,8,6,WO_00692
TXN_004231,2024-07-12 04:21:00,PART_0219,RECEIPT,5,39,44,
TXN_004232,2024-01-14 07:15:00,PART_0198,RECEIPT,8,12,20,
TXN_004233,2024-08-04 15:02:00,PART_0117,ISSUE,4,16,12,WO_08720
TXN_004234,2025-04-21 01:20:00,PART_0097,ADJUSTMENT,8,16,24,
TXN_004235,2025-06-09 22:00:00,PART_0083,RECEIPT,2,24,26,
TXN_004236,2024-10-09 18:14:00,PART_0115,ISSUE,1,19,18,WO_06552
TXN_004237,2024-08-04 10:12:00,PART_0087,RECEIPT,6,57,63,
TXN_004238,2024-04-01 13:28:00,PART_0183,ISSUE,1,32,31,WO_09583
TXN_004239,2025-02-25 09:16:00,PART_0045,ISSUE,6,6,0,WO_04477
TXN_004240,2024-01-23 01:27:00,PART_0034,ISSUE,7,16,9,WO_03372
TXN_004241,2024-01-11 18:10:00,PART_0051,ISSUE,4,47,43,WO_03231
TXN_004242,2024-01-11 12:41:00,PART_0243,RECEIPT,8,0,8,
TXN_004243,2024-06-14 13:03:00,PART_0246,ADJUSTMENT,7,13,6,
TXN_004244,2024-03-25 16:51:00,PART_0169,RECEIPT,7,21,28,
TXN_004245,2025-03-16 22:41:00,PART_0138,ISSUE,5,37,32,WO_06545
TXN_004246,2024-05-24 20:52:00,PART_0181,RECEIPT,3,13,16,
TXN_004247,2025-06-22 19:57:00,PART_0069,RECEIPT,4,20,24,
TXN_004248,2025-07-25 12:21:00,PART_0242,ADJUSTMENT,5,33,28,
TXN_004249,2024-03-16 07:58:00,PART_0182,ISSUE,1,33,32,WO_05562
TXN_004250,2024-06-24 23:33:00,PART_0080,RECEIPT,3,17,20,
TXN_004251,2024-11-29 14:12:00,PART_0167,ISSUE,1,38,37,WO_07510
TXN_004252,2025-02-08 12:53:00,PART_0152,RECEIPT,4,16,20,
TXN_004253,2025-09-08 18:32:00,PART_0124,ISSUE,8,9,1,WO_07625
TXN_004254,2024-11-05 20:21:00,PART_0007,ISSUE,1,0,0,WO_03034
TXN_004255,2025-04-24 10:07:00,PART_0015,ISSUE,5,20,15,WO_09189
TXN_004256,2024-07-03 01:06:00,PART_0229,ISSUE,8,9,1,WO_02774
TXN_004257,2025-09-07 11:54:00,PART_0222,RECEIPT,4,38,42,
TXN_004258,2024-05-24 11:59:00,PART_0044,RECEIPT,3,29,32,
TXN_004259,2025-06-03 02:50:00,PART_0294,ISSUE,1,0,0,WO_06668
TXN_004260,2024-01-21 12:40:00,PART_0278,ISSUE,3,18,15,WO_00786
TXN_004261,2024-02-13 00:27:00,PART_0084,ISSUE,2,2,0,WO_01955
TXN_004262,2025-06-04 14:34:00,PART_0156,ISSUE,2,13,11,WO_01606
TXN_004263,2025-03-29 11:24:00,PART_0228,RECEIPT,7,13,20,
TXN_004264,2024-11-28 02:52:00,PART_0148,ISSUE,2,84,82,WO_07949
TXN_004265,2025-03-31 07:13:00,PART_0042,ISSUE,1,62,61,WO_02765
TXN_004266,2025-09-11 20:23:00,PART_0035,ISSUE,3,65,62,WO_08412
TXN_004267,2025-04-21 18:02:00,PART_0059,ISSUE,1,0,0,WO_05173
TXN_004268,2024-04-17 11:37:00,PART_0165,ISSUE,1,0,0,WO_00310
TXN_004269,2024-04-26 01:22:00,PART_0226,RECEIPT,4,49,53,
TXN_004270,2025-07-01 09:01:00,PART_0002,ISSUE,3,30,27,WO_04728
TXN_004271,2025-07-15 13:00:00,PART_0204,ISSUE,7,28,21,WO_08878
TXN_004272,2024-08-11 05:00:00,PART_0257,ISSUE,4,53,49,WO_04955
TXN_004273,2024-07-31 23:05:00,PART_0177,RECEIPT,3,0,3,
TXN_004274,2025-01-09 15:29:00,PART_0089,ISSUE,3,5,2,WO_00972
TXN_004275,2024-03-20 20:12:00,PART_0075,RECEIPT,3,34,37,
TXN_004276,2024-11-13 09:13:00,PART_0154,ISSUE,7,17,10,WO_06581
TXN_004277,2024-04-24 03:03:00,PART_0253,RECEIPT,2,4,6,
TXN_004278,2024-03-12 15:25:00,PART_0209,ISSUE,1,0,0,WO_02289
TXN_004279,2025-02-16 04:48:00,PART_0294,RECEIPT,8,0,8,
TXN_004280,2024-10-26 11:17:00,PART_0127,ISSUE,5,6,1,WO_04822
TXN_004281,2025-04-13 14:13:00,PART_0102,ISSUE,4,31,27,WO_06060
TXN_004282,2024-05-06 05:49:00,PART_0165,ISSUE,1,0,0,WO_09959
TXN_004283,2025-06-11 01:17:00,PART_0265,ISSUE,3,10,7,WO_04734
TXN_004284,2024-09-21 16:05:00,PART_0008,RECEIPT,1,20,21,
TXN_004285,2025-06-28 14:29:00,PART_0261,RECEIPT,2,56,58,
TXN_004286,2024-01-30 21:20:00,PART_0234,ISSUE,1,0,0,WO_06193
TXN_004287,2024-09-28 10:43:00,PART_0225,ISSUE,3,32,29,WO_00411
TXN_004288,2024-03-28 03:07:00,PART_0138,RECEIPT,4,32,36,
TXN_004289,2024-04-04 15:24:00,PART_0158,ISSUE,7,9,2,WO_05834
TXN_004290,2024-08-05 02:21:00,PART_0081,ISSUE,1,0,0,WO_05292
TXN_004291,2025-07-29 23:53:00,PART_0148,ISSUE,5,82,77,WO_08530
TXN_004292,2025-01-10 19:25:00,PART_0090,ISSUE,3,36,33,WO_00069
TXN_004293,2025-07-02 19:34:00,PART_0041,ISSUE,6,20,14,WO_04089
TXN_004294,2025-01-19 07:39:00,PART_0094,RECEIPT,3,37,40,
TXN_004295,2024-04-08 15:02:00,PART_0033,ISSUE,1,0,0,WO_09400
TXN_004296,2024-10-29 03:11:00,PART_0198,ISSUE,2,20,18,WO_00884
TXN_004297,2025-07-14 23:55:00,PART_0052,ISSUE,4,21,17,WO_01506
TXN_004298,2024-09-23 08:16:00,PART_0076,RECEIPT,3,42,45,
TXN_004299,2024-08-14 17:59:00,PART_0299,ISSUE,1,0,0,WO_06634
TXN_004300,2024-01-23 14:42:00,PART_0030,ISSUE,2,54,52,WO_08578
TXN_004301,2025-09-16 09:37:00,PART_0018,ISSUE,3,15,12,WO_08122
TXN_004302,2025-02-12 12:55:00,PART_0135,ISSUE,4,29,25,WO_09137
TXN_004303,2024-05-20 22:02:00,PART_0267,ISSUE,2,48,46,WO_05540
TXN_004304,2025-04-05 12:48:00,PART_0152,ISSUE,6,20,14,WO_01983
TXN_004305,2024-03-23 21:46:00,PART_0200,RECEIPT,7,0,7,
TXN_004306,2024-04-17 06:13:00,PART_0264,ISSUE,8,9,1,WO_01561
TXN_004307,2024-06-09 00:57:00,PART_0056,ISSUE,1,34,33,WO_00546
TXN_004308,2025-04-07 11:19:00,PART_0170,ISSUE,3,34,31,WO_05949
TXN_004309,2024-04-14 19:52:00,PART_0169,RECEIPT,1,28,29,
TXN_004310,2025-08-02 10:31:00,PART_0033,ISSUE,1,0,0,WO_02450
TXN_004311,2025-07-25 09:25:00,PART_0271,ISSUE,8,26,18,WO_00017
TXN_004312,2024-08-25 00:29:00,PART_0053,ISSUE,1,13,12,WO_03919
TXN_004313,2024-09-13 14:44:00,PART_0184,ISSUE,5,45,40,WO_00671
TXN_004314,2025-03-30 00:53:00,PART_0144,RECEIPT,2,10,12,
TXN_004315,2024-02-05 11:57:00,PART_0148,ADJUSTMENT,1,77,78,
TXN_004316,2025-03-12 03:47:00,PART_0214,ISSUE,6,10,4,WO_07734
TXN_004317,2024-01-03 14:53:00,PART_0223,RECEIPT,4,1,5,
TXN_004318,2024-06-23 15:04:00,PART_0268,ISSUE,7,33,26,WO_09564
TXN_004319,2024-04-23 01:49:00,PART_0222,RECEIPT,5,42,47,
TXN_004320,2024-02-14 16:37:00,PART_0222,RECEIPT,5,47,52,
TXN_004321,2025-02-23 16:08:00,PART_0264,RECEIPT,6,1,7,
TXN_004322,2024-01-25 18:43:00,PART_0148,ISSUE,2,78,76,WO_08215
TXN_004323,2024-02-19 10:29:00,PART_0174,RECEIPT,2,3,5,
TXN_004324,2025-03-17 09:00:00,PART_0091,RECEIPT,5,24,29,
TXN_004325,2024-08-05 11:00:00,PART_0166,ADJUSTMENT,6,10,16,
TXN_004326,2024-12-01 06:44:00,PART_0008,ADJUSTMENT,1,21,22,
TXN_004327,2024-03-28 04:40:00,PART_0107,ISSUE,5,5,0,WO_08205
TXN_004328,2025-04-03 21:52:00,PART_0277,ISSUE,5,17,12,WO_07330
TXN_004329,2024-09-17 04:54:00,PART_0133,ISSUE,7,41,34,WO_06210
TXN_004330,2024-04-04 06:05:00,PART_0279,ISSUE,3,17,14,WO_08145
TXN_004331,2025-08-29 13:34:00,PART_0170,ISSUE,1,31,30,WO_00595
TXN_004332,2024-04-03 16:21:00,PART_0181,RECEIPT,6,16,22,
TXN_004333,2024-10-09 20:29:00,PART_0082,ISSUE,7,29,22,WO_03346
TXN_004334,2025-08-25 18:09:00,PART_0125,ISSUE,7,27,20,WO_03929
TXN_004335,2024-05-10 00:54:00,PART_0177,ISSUE,3,3,0,WO_02228
TXN_004336,2024-08-27 07:28:00,PART_0251,ISSUE,4,35,31,WO_09707
TXN_004337,2025-06-02 16:54:00,PART_0214,ISSUE,3,4,1,WO_01741
TXN_004338,2025-05-07 03:46:00,PART_0200,ISSUE,5,7,2,WO_00190
TXN_004339,2025-05-11 08:57:00,PART_0072,RECEIPT,5,21,26,
TXN_004340,2025-09-14 01:02:00,PART_0293,ISSUE,1,0,0,WO_07142
TXN_004341,2024-07-15 13:26:00,PART_0016,ISSUE,8,17,9,WO_01643
TXN_004342,2024-02-25 19:15:00,PART_0243,RECEIPT,5,8,13,
TXN_004343,2024-01-28 14:22:00,PART_0264,ISSUE,7,7,0,WO_05505
TXN_004344,2024-12-16 16:38:00,PART_0124,ISSUE,1,1,0,WO_05226
TXN_004345,2024-04-01 18:36:00,PART_0297,ISSUE,8,27,19,WO_04375
TXN_004346,2024-05-29 07:22:00,PART_0014,ISSUE,1,0,0,WO_05301
TXN_004347,2025-04-30 23:47:00,PART_0209,ISSUE,1,0,0,WO_07388
TXN_004348,2024-09-10 02:49:00,PART_0236,ISSUE,7,28,21,WO_07188
TXN_004349,2025-01-04 08:45:00,PART_0170,ISSUE,1,30,29,WO_09001
TXN_004350,2024-04-26 10:43:00,PART_0152,ISSUE,3,14,11,WO_09972
TXN_004351,2024-01-12 17:44:00,PART_0220,ISSUE,1,22,21,WO_01994
TXN_004352,2024-07-23 17:08:00,PART_0033,RECEIPT,7,0,7,
TXN_004353,2025-09-02 21:36:00,PART_0011,RECEIPT,3,23,26,
TXN_004354,2024-04-14 14:58:00,PART_0087,ISSUE,5,63,58,WO_04140
TXN_004355,2024-03-14 06:04:00,PART_0065,RECEIPT,8,8,16,
TXN_004356,2025-08-25 09:22:00,PART_0208,ISSUE,4,4,0,WO_04556
TXN_004357,2025-07-18 10:05:00,PART_0113,RECEIPT,3,56,59,
TXN_004358,2025-06-24 14:31:00,PART_0102,ADJUSTMENT,7,27,34,
TXN_004359,2024-06-11 22:00:00,PART_0251,ISSUE,5,31,26,WO_05630
TXN_004360,2025-05-30 04:02:00,PART_0162,ISSUE,1,36,35,WO_08384
TXN_004361,2024-01-27 07:32:00,PART_0002,ADJUSTMENT,1,27,26,
TXN_004362,2025-05-23 05:57:00,PART_0004,RECEIPT,2,2,4,
TXN_004363,2024-01-10 18:01:00,PART_0280,ISSUE,7,56,49,WO_02558
TXN_004364,2024-06-17 15:46:00,PART_0222,RECEIPT,7,52,59,
TXN_004365,2025-02-18 20:42:00,PART_0114,RECEIPT,6,28,34,
TXN_004366,2024-01-10 05:38:00,PART_0216,RECEIPT,6,31,37,
TXN_004367,2025-05-16 08:49:00,PART_0275,RECEIPT,2,28,30,
TXN_004368,2024-10-01 19:53:00,PART_0057,RECEIPT,2,6,8,
TXN_004369,2024-06-23 11:02:00,PART_0252,ISSUE,1,0,0,WO_01020
TXN_004370,2025-05-14 21:45:00,PART_0183,RECEIPT,1,31,32,
TXN_004371,2024-12-19 10:25:00,PART_0098,ISSUE,4,43,39,WO_02687
TXN_004372,2024-06-23 14:51:00,PART_0223,RECEIPT,8,5,13,
TXN_004373,2024-09-27 22:40:00,PART_0273,RECEIPT,3,7,10,
TXN_004374,2025-07-03 18:18:00,PART_0235,ISSUE,1,56,55,WO_08294
TXN_004375,2024-10-07 15:47:00,PART_0228,ISSUE,7,20,13,WO_03421
TXN_004376,2024-01-04 05:24:00,PART_0085,ISSUE,5,66,61,WO_05649
TXN_004377,2024-04-14 09:19:00,PART_0014,ADJUSTMENT,8,0,0,
TXN_004378,2025-03-06 13:57:00,PART_0172,ISSUE,8,29,21,WO_02528
TXN_004379,2024-04-23 11:55:00,PART_0219,ISSUE,3,44,41,WO_09145
TXN_004380,2025-07-25 19:17:00,PART_0017,ISSUE,5,6,1,WO_09950
TXN_004381,2024-03-28 10:19:00,PART_0198,RECEIPT,2,18,20,
TXN_004382,2024-07-05 07:48:00,PART_0131,RECEIPT,6,27,33,
TXN_004383,2024-09-16 10:34:00,PART_0225,ISSUE,7,29,22,WO_03256
TXN_004384,2024-07-08 15:28:00,PART_0123,RECEIPT,8,30,38,
TXN_004385,2025-07-30 18:37:00,PART_0098,ISSUE,5,39,34,WO_03714
TXN_004386,2025-01-25 11:09:00,PART_0100,ISSUE,6,22,16,WO_06507
TXN_004387,2024-10-07 09:47:00,PART_0053,ISSUE,5,12,7,WO_04016
TXN_004388,2025-01-10 21:21:00,PART_0106,ISSUE,5,19,14,WO_01688
TXN_004389,2024-06-27 04:42:00,PART_0207,ISSUE,3,33,30,WO_03016
TXN_004390,2024-05-21 05:59:00,PART_0278,ISSUE,7,15,8,WO_02085
TXN_004391,2025-08-17 05:16:00,PART_0050,RECEIPT,1,6,7,
TXN_004392,2024-03-11 18:48:00,PART_0159,ISSUE,1,0,0,WO_05063
TXN_004393,2024-09-07 05:44:00,PART_0036,ISSUE,3,22,19,WO_04240
TXN_004394,2024-05-08 01:29:00,PART_0035,RECEIPT,7,62,69,
TXN_004395,2024-04-23 02:16:00,PART_0122,RECEIPT,2,20,22,
TXN_004396,2024-12-07 20:52:00,PART_0232,ISSUE,2,9,7,WO_06221
TXN_004397,2025-04-02 08:29:00,PART_0273,RECEIPT,6,10,16,
TXN_004398,2024-03-27 11:52:00,PART_0288,RECEIPT,8,10,18,
TXN_004399,2025-08-18 19:57:00,PART_0072,ISSUE,3,26,23,WO_01533
TXN_004400,2024-11-22 11:44:00,PART_0105,RECEIPT,8,69,77,
TXN_004401,2024-10-19 05:54:00,PART_0146,ISSUE,2,12,10,WO_06919
TXN_004402,2025-04-30 02:30:00,PART_0169,RECEIPT,2,29,31,
TXN_004403,2024-10-21 13:32:00,PART_0166,RECEIPT,5,16,21,
TXN_004404,2024-08-28 23:47:00,PART_0257,ISSUE,5,49,44,WO_08870
TXN_004405,2024-09-22 20:17:00,PART_0021,ISSUE,5,45,40,WO_04076
TXN_004406,2024-04-20 23:08:00,PART_0262,RECEIPT,6,52,58,
TXN_004407,2024-01-26 16:04:00,PART_0089,RECEIPT,1,2,3,
TXN_004408,2025-02-14 16:21:00,PART_0042,RECEIPT,7,61,68,
TXN_004409,2025-09-03 03:11:00,PART_0179,ISSUE,3,3,0,WO_09150
TXN_004410,2024-10-07 02:08:00,PART_0243,RECEIPT,7,13,20,
TXN_004411,2025-01-07 10:00:00,PART_0137,ISSUE,5,5,0,WO_09598
TXN_004412,2025-04-09 20:07:00,PART_0177,ISSUE,1,0,0,WO_01997
TXN_004413,2024-05-16 17:48:00,PART_0252,RECEIPT,5,0,5,
TXN_004414,2024-08-28 23:50:00,PART_0276,RECEIPT,1,25,26,
TXN_004415,2024-01-18 15:54:00,PART_0079,RECEIPT,1,0,1,
TXN_004416,2025-04-14 08:30:00,PART_0254,RECEIPT,4,24,28,
TXN_004417,2024-08-29 10:35:00,PART_0209,ISSUE,1,0,0,WO_03758
TXN_004418,2024-03-12 03:13:00,PART_0116,RECEIPT,3,0,3,
TXN_004419,2024-01-28 19:59:00,PART_0201,RECEIPT,6,24,30,
TXN_004420,2024-10-31 15:56:00,PART_0203,ISSUE,1,22,21,WO_04189
TXN_004421,2025-04-16 17:30:00,PART_0180,ISSUE,2,28,26,WO_01359
TXN_004422,2024-03-22 11:54:00,PART_0288,ISSUE,3,18,15,WO_09099
TXN_004423,2024-10-26 08:59:00,PART_0008,ISSUE,1,22,21,WO_09643
TXN_004424,2024-07-04 10:37:00,PART_0200,RECEIPT,3,2,5,
TXN_004425,2024-03-03 13:46:00,PART_0123,RECEIPT,3,38,41,
TXN_004426,2025-06-21 14:36:00,PART_0258,ISSUE,7,13,6,WO_03432
TXN_004427,2024-01-17 16:11:00,PART_0036,ISSUE,8,19,11,WO_02783
TXN_004428,2024-12-04 01:57:00,PART_0211,ISSUE,3,46,43,WO_09838
TXN_004429,2024-01-21 10:22:00,PART_0001,ISSUE,5,20,15,WO_07319
TXN_004430,2024-11-18 02:16:00,PART_0220,RECEIPT,8,21,29,
TXN_004431,2024-06-22 18:40:00,PART_0086,ISSUE,8,24,16,WO_03584
TXN_004432,2024-07-25 23:26:00,PART_0018,ISSUE,4,12,8,WO_03916
TXN_004433,2025-05-31 09:43:00,PART_0135,ISSUE,3,25,22,WO_04364
TXN_004434,2024-07-30 18:05:00,PART_0067,ISSUE,3,45,42,WO_05767
TXN_004435,2025-07-12 14:03:00,PART_0259,RECEIPT,7,0,7,
TXN_004436,2024-08-31 11:30:00,PART_0148,ISSUE,3,76,73,WO_06977
TXN_004437,2025-03-22 16:41:00,PART_0099,RECEIPT,4,17,21,
TXN_004438,2025-02-28 00:04:00,PART_0215,RECEIPT,6,0,6,
TXN_004439,2024-08-29 05:15:00,PART_0095,ISSUE,8,41,33,WO_00316
TXN_004440,2024-04-18 21:29:00,PART_0128,ISSUE,1,0,0,WO_06426
TXN_004441,2024-02-19 09:15:00,PART_0108,ADJUSTMENT,3,15,12,
TXN_004442,2024-10-18 07:36:00,PART_0263,ISSUE,6,69,63,WO_04279
TXN_004443,2024-12-31 08:38:00,PART_0174,ISSUE,3,5,2,WO_01428
TXN_004444,2024-07-02 19:52:00,PART_0073,RECEIPT,5,48,53,
TXN_004445,2025-05-11 04:00:00,PART_0107,ISSUE,1,0,0,WO_07897
TXN_004446,2024-12-30 23:20:00,PART_0021,RECEIPT,7,40,47,
TXN_004447,2024-04-20 04:53:00,PART_0178,ISSUE,2,39,37,WO_03922
TXN_004448,2024-07-01 16:29:00,PART_0213,ISSUE,6,6,0,WO_02057
TXN_004449,2024-04-08 01:19:00,PART_0164,ISSUE,1,23,22,WO_08006
TXN_004450,2025-01-06 11:08:00,PART_0190,ISSUE,6,30,24,WO_00711
TXN_004451,2024-05-29 13:39:00,PART_0123,ISSUE,3,41,38,WO_04584
TXN_004452,2025-05-13 20:50:00,PART_0163,ISSUE,7,33,26,WO_04543
TXN_004453,2024-05-25 09:19:00,PART_0079,ISSUE,1,1,0,WO_00575
TXN_004454,2025-07-03 17:31:00,PART_0044,ISSUE,5,32,27,WO_00185
TXN_004455,2024-09-03 14:36:00,PART_0268,RECEIPT,1,26,27,
TXN_004456,2024-09-10 07:57:00,PART_0280,RECEIPT,2,49,51,
TXN_004457,2025-06-24 03:51:00,PART_0202,RECEIPT,1,72,73,
TXN_004458,2025-02-02 01:09:00,PART_0164,RECEIPT,3,22,25,
TXN_004459,2024-04-20 10:01:00,PART_0005,RECEIPT,4,21,25,
TXN_004460,2025-07-21 23:33:00,PART_0222,ISSUE,3,59,56,WO_01690
TXN_004461,2024-11-03 23:34:00,PART_0208,ISSUE,1,0,0,WO_05685
TXN_004462,2024-06-29 07:31:00,PART_0138,ISSUE,5,36,31,WO_01271
TXN_004463,2024-12-10 15:02:00,PART_0170,ISSUE,1,29,28,WO_04849
TXN_004464,2024-09-11 11:20:00,PART_0253,RECEIPT,1,6,7,
TXN_004465,2024-08-07 18:26:00,PART_0240,ISSUE,3,7,4,WO_01536
TXN_004466,2025-03-20 03:12:00,PART_0201,RECEIPT,1,30,31,
TXN_004467,2025-06-14 23:10:00,PART_0051,ISSUE,6,43,37,WO_05356
TXN_004468,2024-08-20 02:57:00,PART_0166,ISSUE,1,21,20,WO_01453
TXN_004469,2025-03-01 21:41:00,PART_0097,ISSUE,1,24,23,WO_06376
TXN_004470,2025-06-19 12:14:00,PART_0082,ISSUE,4,22,18,WO_02828
TXN_004471,2025-04-09 08:34:00,PART_0102,RECEIPT,6,34,40,
TXN_004472,2025-09-06 19:18:00,PART_0183,RECEIPT,1,32,33,
TXN_004473,2025-07-14 21:00:00,PART_0055,ISSUE,8,51,43,WO_03072
TXN_004474,2025-04-26 05:15:00,PART_0139,ISSUE,3,9,6,WO_07310
TXN_004475,2024-02-17 06:57:00,PART_0064,ISSUE,4,21,17,WO_06645
TXN_004476,2024-08-15 16:45:00,PART_0005,ADJUSTMENT,2,25,23,
TXN_004477,2025-01-05 00:35:00,PART_0195,RECEIPT,6,17,23,
TXN_004478,2024-11-26 13:47:00,PART_0057,ISSUE,2,8,6,WO_04834
TXN_004479,2024-05-12 18:23:00,PART_0142,ISSUE,7,23,16,WO_02166
TXN_004480,2025-01-24 21:19:00,PART_0056,ISSUE,6,33,27,WO_07094
TXN_004481,2024-06-25 10:32:00,PART_0127,RECEIPT,1,1,2,
TXN_004482,2024-02-10 08:54:00,PART_0271,ISSUE,5,18,13,WO_09542
TXN_004483,2024-11-18 06:01:00,PART_0102,ISSUE,1,40,39,WO_04774
TXN_004484,2025-06-29 04:40:00,PART_0150,RECEIPT,4,7,11,
TXN_004485,2024-09-10 20:34:00,PART_0170,RECEIPT,6,28,34,
TXN_004486,2024-06-29 08:25:00,PART_0201,ISSUE,2,31,29,WO_04511
TXN_004487,2025-08-31 06:44:00,PART_0024,RECEIPT,2,54,56,
TXN_004488,2024-10-08 21:04:00,PART_0008,ADJUSTMENT,4,21,25,
TXN_004489,2025-07-27 13:25:00,PART_0160,RECEIPT,5,24,29,
TXN_004490,2025-06-30 01:12:00,PART_0154,ISSUE,5,10,5,WO_01218
TXN_004491,2025-08-25 15:54:00,PART_0051,ADJUSTMENT,4,37,33,
TXN_004492,2024-02-29 14:47:00,PART_0198,RECEIPT,8,20,28,
TXN_004493,2024-10-19 14:52:00,PART_0093,ISSUE,4,16,12,WO_05046
TXN_004494,2025-05-29 07:35:00,PART_0184,ISSUE,7,40,33,WO_06818
TXN_004495,2025-03-27 16:35:00,PART_0222,ISSUE,4,56,52,WO_04454
TXN_004496,2024-06-30 13:51:00,PART_0025,RECEIPT,6,30,36,
TXN_004497,2024-10-07 07:48:00,PART_0066,ISSUE,4,47,43,WO_05402
TXN_004498,2024-03-22 07:54:00,PART_0172,ISSUE,8,21,13,WO_01753
TXN_004499,2024-04-18 18:17:00,PART_0065,RECEIPT,3,16,19,
TXN_004500,2025-03-04 16:22:00,PART_0073,ISSUE,1,53,52,WO_02799
TXN_004501,2024-06-06 11:04:00,PART_0197,RECEIPT,7,20,27,
TXN_004502,2024-04-13 10:13:00,PART_0122,ISSUE,8,22,14,WO_03237
TXN_004503,2025-08-02 10:24:00,PART_0266,RECEIPT,5,51,56,
TXN_004504,2024-04-19 13:41:00,PART_0189,RECEIPT,1,8,9,
TXN_004505,2024-02-06 00:28:00,PART_0228,ISSUE,5,13,8,WO_00594
TXN_004506,2024-08-01 03:26:00,PART_0088,RECEIPT,2,0,2,
TXN_004507,2024-02-20 13:23:00,PART_0208,RECEIPT,1,0,1,
TXN_004508,2024-10-03 21:01:00,PART_0280,ISSUE,5,51,46,WO_09703
TXN_004509,2024-06-30 17:33:00,PART_0226,ISSUE,4,53,49,WO_02254
TXN_004510,2024-12-21 20:00:00,PART_0236,ISSUE,1,21,20,WO_07259
TXN_004511,2025-02-24 11:00:00,PART_0100,RECEIPT,8,16,24,
TXN_004512,2025-05-16 04:07:00,PART_0230,ISSUE,1,0,0,WO_05368
TXN_004513,2024-12-24 09:13:00,PART_0006,RECEIPT,4,47,51,
TXN_004514,2024-09-14 20:10:00,PART_0265,ISSUE,1,7,6,WO_05377
TXN_004515,2024-02-24 05:19:00,PART_0058,ISSUE,4,21,17,WO_07293
TXN_004516,2025-08-17 22:38:00,PART_0213,RECEIPT,3,0,3,
TXN_004517,2024-06-02 09:54:00,PART_0001,RECEIPT,1,15,16,
TXN_004518,2025-02-26 00:26:00,PART_0084,ISSUE,1,0,0,WO_04732
TXN_004519,2025-03-09 20:47:00,PART_0042,ADJUSTMENT,3,68,71,
TXN_004520,2024-03-24 00:24:00,PART_0240,ISSUE,4,4,0,WO_07137
TXN_004521,2024-03-28 15:12:00,PART_0075,ISSUE,1,37,36,WO_04173
TXN_004522,2025-01-30 05:32:00,PART_0063,RECEIPT,4,6,10,
TXN_004523,2024-11-18 14:42:00,PART_0169,RECEIPT,5,31,36,
TXN_004524,2024-11-06 20:03:00,PART_0239,RECEIPT,1,47,48,
TXN_004525,2024-06-10 16:52:00,PART_0240,ISSUE,1,0,0,WO_05367
TXN_004526,2024-04-02 18:07:00,PART_0251,ISSUE,4,26,22,WO_03845
TXN_004527,2025-03-21 04:14:00,PART_0061,ADJUSTMENT,4,0,4,
TXN_004528,2024-01-26 05:21:00,PART_0156,RECEIPT,5,11,16,
TXN_004529,2024-03-25 01:32:00,PART_0284,RECEIPT,6,0,6,
TXN_004530,2025-08-18 00:43:00,PART_0279,ISSUE,6,14,8,WO_03743
TXN_004531,2024-11-08 03:25:00,PART_0197,RECEIPT,3,27,30,
TXN_004532,2024-05-12 08:14:00,PART_0013,ISSUE,8,52,44,WO_02433
TXN_004533,2025-07-24 21:42:00,PART_0203,RECEIPT,4,21,25,
TXN_004534,2025-09-10 17:17:00,PART_0078,RECEIPT,3,19,22,
TXN_004535,2024-10-31 17:10:00,PART_0141,RECEIPT,3,4,7,
TXN_004536,2024-12-31 20:44:00,PART_0015,ISSUE,7,15,8,WO_00642
TXN_004537,2024-04-03 12:25:00,PART_0150,RECEIPT,3,11,14,
TXN_004538,2024-06-20 10:11:00,PART_0158,RECEIPT,1,2,3,
TXN_004539,2025-02-25 07:51:00,PART_0174,RECEIPT,3,2,5,
TXN_004540,2024-05-16 01:23:00,PART_0164,ISSUE,4,25,21,WO_02254
TXN_004541,2025-04-14 01:57:00,PART_0156,ISSUE,7,16,9,WO_06775
TXN_004542,2024-05-30 18:26:00,PART_0112,RECEIPT,2,48,50,
TXN_004543,2024-09-30 13:02:00,PART_0205,RECEIPT,8,30,38,
TXN_004544,2024-10-20 03:13:00,PART_0266,ISSUE,4,56,52,WO_01593
TXN_004545,2024-05-25 22:14:00,PART_0091,ISSUE,4,29,25,WO_09131
TXN_004546,2025-06-18 01:18:00,PART_0022,ISSUE,7,46,39,WO_04062
TXN_004547,2025-05-26 15:01:00,PART_0261,RECEIPT,8,58,66,
TXN_004548,2025-07-03 20:26:00,PART_0268,ISSUE,4,27,23,WO_08546
TXN_004549,2025-03-27 04:09:00,PART_0248,RECEIPT,6,33,39,
TXN_004550,2025-08-08 02:44:00,PART_0079,RECEIPT,3,0,3,
TXN_004551,2025-01-03 23:41:00,PART_0262,RECEIPT,7,58,65,
TXN_004552,2025-02-06 13:04:00,PART_0155,RECEIPT,7,22,29,
TXN_004553,2024-01-25 20:41:00,PART_0258,ADJUSTMENT,4,6,2,
TXN_004554,2025-03-05 21:24:00,PART_0103,ISSUE,5,9,4,WO_06422
TXN_004555,2025-05-25 12:23:00,PART_0174,ISSUE,1,5,4,WO_07211
TXN_004556,2025-04-23 12:47:00,PART_0243,RECEIPT,5,20,25,
TXN_004557,2024-10-07 10:18:00,PART_0126,ISSUE,7,30,23,WO_01346
TXN_004558,2025-08-30 11:27:00,PART_0287,ISSUE,1,39,38,WO_02917
TXN_004559,2024-09-23 16:26:00,PART_0081,ISSUE,1,0,0,WO_00531
TXN_004560,2025-02-06 11:23:00,PART_0003,RECEIPT,6,0,6,
TXN_004561,2025-03-15 22:36:00,PART_0259,RECEIPT,5,7,12,
TXN_004562,2024-10-22 01:20:00,PART_0040,ISSUE,3,5,2,WO_07745
TXN_004563,2024-07-13 15:23:00,PART_0100,RECEIPT,3,24,27,
TXN_004564,2024-11-20 23:43:00,PART_0085,ISSUE,2,61,59,WO_07164
TXN_004565,2025-05-22 02:48:00,PART_0127,ISSUE,2,2,0,WO_00131
TXN_004566,2025-04-06 05:42:00,PART_0143,ISSUE,2,48,46,WO_09207
TXN_004567,2024-05-29 06:51:00,PART_0248,ISSUE,1,39,38,WO_00324
TXN_004568,2024-05-05 17:11:00,PART_0030,ISSUE,8,52,44,WO_03281
TXN_004569,2024-06-14 22:57:00,PART_0262,ISSUE,3,65,62,WO_09749
TXN_004570,2025-03-23 23:43:00,PART_0066,RECEIPT,6,43,49,
TXN_004571,2024-07-21 02:46:00,PART_0035,RECEIPT,7,69,76,
TXN_004572,2024-02-01 14:20:00,PART_0150,ISSUE,3,14,11,WO_03132
TXN_004573,2024-09-24 00:20:00,PART_0221,RECEIPT,5,27,32,
TXN_004574,2024-05-23 05:20:00,PART_0033,RECEIPT,6,7,13,
TXN_004575,2025-02-12 08:55:00,PART_0294,RECEIPT,1,8,9,
TXN_004576,2025-06-27 14:35:00,PART_0088,ISSUE,2,2,0,WO_04758
TXN_004577,2024-03-18 15:04:00,PART_0207,RECEIPT,8,30,38,
TXN_004578,2025-07-06 01:04:00,PART_0142,RECEIPT,1,16,17,
TXN_004579,2024-01-01 17:45:00,PART_0045,ISSUE,1,0,0,WO_03460
TXN_004580,2024-10-08 01:53:00,PART_0218,RECEIPT,7,9,16,
TXN_004581,2024-09-30 20:26:00,PART_0073,RECEIPT,8,52,60,
TXN_004582,2024-10-22 03:25:00,PART_0009,RECEIPT,8,53,61,
TXN_004583,2025-03-04 16:45:00,PART_0282,RECEIPT,3,78,81,
TXN_004584,2025-05-19 04:43:00,PART_0099,RECEIPT,8,21,29,
TXN_004585,2024-06-30 13:03:00,PART_0202,RECEIPT,2,73,75,
TXN_004586,2024-02-07 23:57:00,PART_0064,ISSUE,3,17,14,WO_07015
TXN_004587,2025-01-21 15:44:00,PART_0066,ISSUE,8,49,41,WO_05557
TXN_004588,2025-04-08 21:01:00,PART_0142,ISSUE,7,17,10,WO_01845
TXN_004589,2024-03-29 03:21:00,PART_0094,ISSUE,2,40,38,WO_07621
TXN_004590,2024-07-13 23:21:00,PART_0285,RECEIPT,7,46,53,
TXN_004591,2024-07-07 15:08:00,PART_0132,ISSUE,4,23,19,WO_02357
TXN_004592,2025-04-24 20:51:00,PART_0169,RECEIPT,1,36,37,
TXN_004593,2024-07-30 19:58:00,PART_0169,ISSUE,7,37,30,WO_07386
TXN_004594,2024-08-22 21:05:00,PART_0276,RECEIPT,2,26,28,
TXN_004595,2024-02-13 13:53:00,PART_0247,ISSUE,1,41,40,WO_07480
TXN_004596,2024-04-11 20:59:00,PART_0116,ISSUE,3,3,0,WO_07309
TXN_004597,2024-05-16 14:20:00,PART_0265,ISSUE,2,6,4,WO_08448
TXN_004598,2024-12-21 06:09:00,PART_0284,ISSUE,4,6,2,WO_05228
TXN_004599,2025-06-29 10:46:00,PART_0232,RECEIPT,5,7,12,
TXN_004600,2024-04-17 15:43:00,PART_0098,ISSUE,1,34,33,WO_00578
TXN_004601,2025-07-06 02:36:00,PART_0200,RECEIPT,1,5,6,
TXN_004602,2024-10-22 06:11:00,PART_0162,ADJUSTMENT,7,35,28,
TXN_004603,2025-07-14 01:10:00,PART_0108,ISSUE,1,12,11,WO_06664
TXN_004604,2025-07-26 06:34:00,PART_0255,ISSUE,7,18,11,WO_07009
TXN_004605,2024-04-13 12:04:00,PART_0267,ISSUE,2,46,44,WO_05162
TXN_004606,2025-01-16 02:38:00,PART_0059,RECEIPT,2,0,2,
TXN_004607,2025-09-15 04:08:00,PART_0152,ISSUE,4,11,7,WO_07520
TXN_004608,2025-08-17 02:29:00,PART_0059,RECEIPT,7,2,9,
TXN_004609,2025-07-19 04:45:00,PART_0219,ISSUE,1,41,40,WO_02249
TXN_004610,2025-07-17 17:39:00,PART_0126,ISSUE,5,23,18,WO_05043
TXN_004611,2024-06-22 02:11:00,PART_0063,ISSUE,8,10,2,WO_01505
TXN_004612,2025-04-05 19:21:00,PART_0029,RECEIPT,1,35,36,
TXN_004613,2025-03-28 05:59:00,PART_0229,RECEIPT,2,1,3,
TXN_004614,2024-04-19 02:14:00,PART_0027,ISSUE,4,26,22,WO_06465
TXN_004615,2025-05-20 08:14:00,PART_0276,RECEIPT,7,28,35,
TXN_004616,2024-03-02 20:34:00,PART_0032,ISSUE,6,6,0,WO_02346
TXN_004617,2024-11-23 01:27:00,PART_0207,ADJUSTMENT,1,38,37,
TXN_004618,2024-12-24 19:58:00,PART_0183,RECEIPT,4,33,37,
TXN_004619,2025-07-12 04:17:00,PART_0050,ISSUE,5,7,2,WO_09539
TXN_004620,2024-07-21 19:16:00,PART_0163,ISSUE,2,26,24,WO_00645
TXN_004621,2024-11-29 05:31:00,PART_0102,ISSUE,3,39,36,WO_05134
TXN_004622,2024-03-15 06:57:00,PART_0049,ISSUE,5,5,0,WO_01514
TXN_004623,2024-01-16 14:41:00,PART_0264,ISSUE,1,0,0,WO_06000
TXN_004624,2025-09-13 08:45:00,PART_0205,ISSUE,8,38,30,WO_07701
TXN_004625,2024-12-21 01:26:00,PART_0057,ISSUE,5,6,1,WO_00297
TXN_004626,2024-03-18 20:45:00,PART_0248,RECEIPT,8,38,46,
TXN_004627,2024-04-18 16:27:00,PART_0062,ISSUE,1,0,0,WO_08112
TXN_004628,2024-03-01 12:51:00,PART_0246,RECEIPT,8,6,14,
TXN_004629,2024-11-02 00:29:00,PART_0176,RECEIPT,5,55,60,
TXN_004630,2024-06-01 08:51:00,PART_0279,RECEIPT,1,8,9,
TXN_004631,2025-04-03 20:18:00,PART_0200,ISSUE,1,6,5,WO_05259
TXN_004632,2025-08-23 23:08:00,PART_0292,RECEIPT,8,25,33,
TXN_004633,2024-05-29 22:02:00,PART_0089,RECEIPT,8,3,11,
TXN_004634,2024-05-20 13:31:00,PART_0196,ISSUE,3,24,21,WO_02518
TXN_004635,2024-08-02 23:15:00,PART_0154,RECEIPT,4,5,9,
TXN_004636,2024-06-20 18:38:00,PART_0045,ISSUE,1,0,0,WO_09610
TXN_004637,2025-03-26 13:36:00,PART_0193,ISSUE,4,17,13,WO_02952
TXN_004638,2024-06-15 15:46:00,PART_0253,RECEIPT,3,7,10,
TXN_004639,2024-09-18 22:21:00,PART_0221,ISSUE,5,32,27,WO_06123
TXN_004640,2024-06-28 22:55:00,PART_0213,RECEIPT,3,3,6,
TXN_004641,2024-11-01 13:29:00,PART_0260,ADJUSTMENT,2,0,2,
TXN_004642,2025-03-02 02:11:00,PART_0061,RECEIPT,7,4,11,
TXN_004643,2024-08-26 23:15:00,PART_0287,RECEIPT,4,38,42,
TXN_004644,2025-05-22 17:10:00,PART_0180,ISSUE,6,26,20,WO_02783
TXN_004645,2024-03-09 17:34:00,PART_0038,RECEIPT,5,26,31,
TXN_004646,2024-09-14 23:09:00,PART_0135,RECEIPT,8,22,30,
TXN_004647,2024-06-28 21:05:00,PART_0026,ADJUSTMENT,8,0,8,
TXN_004648,2024-12-16 08:09:00,PART_0035,RECEIPT,5,76,81,
TXN_004649,2025-05-12 11:15:00,PART_0077,ISSUE,2,35,33,WO_05855
TXN_004650,2024-10-03 03:40:00,PART_0056,RECEIPT,2,27,29,
TXN_004651,2024-10-24 15:55:00,PART_0267,ISSUE,3,44,41,WO_03570
TXN_004652,2025-04-26 05:25:00,PART_0105,ISSUE,1,77,76,WO_01567
TXN_004653,2025-01-29 03:22:00,PART_0255,ISSUE,5,11,6,WO_05831
TXN_004654,2024-08-27 00:43:00,PART_0186,ISSUE,1,0,0,WO_01527
TXN_004655,2024-03-10 21:35:00,PART_0269,ISSUE,4,22,18,WO_09634
TXN_004656,2024-06-10 09:32:00,PART_0084,ADJUSTMENT,2,0,0,
TXN_004657,2024-08-05 15:03:00,PART_0025,ISSUE,1,36,35,WO_05850
TXN_004658,2025-07-08 17:31:00,PART_0009,ISSUE,5,61,56,WO_02236
TXN_004659,2024-06-08 21:02:00,PART_0186,RECEIPT,8,0,8,
TXN_004660,2025-02-22 16:11:00,PART_0250,ISSUE,1,0,0,WO_05592
TXN_004661,2025-05-06 17:21:00,PART_0008,ISSUE,1,25,24,WO_08163
TXN_004662,2025-07-22 02:00:00,PART_0037,ADJUSTMENT,3,14,17,
TXN_004663,2025-05-01 05:52:00,PART_0200,ADJUSTMENT,7,5,0,
TXN_004664,2024-06-21 15:52:00,PART_0113,ISSUE,1,59,58,WO_06088
TXN_004665,2025-04-19 16:52:00,PART_0198,ISSUE,2,28,26,WO_08522
TXN_004666,2024-05-17 04:06:00,PART_0185,RECEIPT,3,70,73,
TXN_004667,2024-08-10 11:08:00,PART_0029,ISSUE,4,36,32,WO_05189
TXN_004668,2024-10-31 17:18:00,PART_0287,RECEIPT,3,42,45,
TXN_004669,2024-05-22 23:44:00,PART_0028,RECEIPT,3,7,10,
TXN_004670,2025-05-12 04:20:00,PART_0257,ISSUE,2,44,42,WO_01987
TXN_004671,2024-03-10 05:36:00,PART_0093,RECEIPT,4,12,16,
TXN_004672,2024-09-20 07:09:00,PART_0289,RECEIPT,8,45,53,
TXN_004673,2024-05-10 11:04:00,PART_0051,RECEIPT,5,33,38,
TXN_004674,2024-07-11 23:26:00,PART_0154,ISSUE,7,9,2,WO_03460
TXN_004675,2025-01-11 15:53:00,PART_0208,RECEIPT,3,1,4,
TXN_004676,2025-06-23 19:09:00,PART_0188,ADJUSTMENT,6,0,6,
TXN_004677,2024-01-15 05:52:00,PART_0246,ISSUE,3,14,11,WO_04380
TXN_004678,2024-07-10 22:32:00,PART_0202,ISSUE,1,75,74,WO_08001
TXN_004679,2024-09-30 18:14:00,PART_0112,ISSUE,1,50,49,WO_00392
TXN_004680,2024-07-28 23:53:00,PART_0293,RECEIPT,3,0,3,
TXN_004681,2024-03-08 19:25:00,PART_0072,RECEIPT,5,23,28,
TXN_004682,2025-01-22 19:20:00,PART_0273,RECEIPT,7,16,23,
TXN_004683,2025-01-20 01:33:00,PART_0213,RECEIPT,4,6,10,
TXN_004684,2024-12-03 02:15:00,PART_0204,RECEIPT,1,21,22,
TXN_004685,2025-04-05 22:49:00,PART_0257,ISSUE,1,42,41,WO_00508
TXN_004686,2024-06-13 06:15:00,PART_0213,RECEIPT,1,10,11,
TXN_004687,2024-03-29 22:45:00,PART_0039,ISSUE,2,13,11,WO_02880
TXN_004688,2024-11-13 09:22:00,PART_0038,RECEIPT,5,31,36,
TXN_004689,2025-05-24 19:38:00,PART_0237,RECEIPT,2,44,46,
TXN_004690,2025-06-01 19:20:00,PART_0203,RECEIPT,1,25,26,
TXN_004691,2024-10-18 05:32:00,PART_0265,RECEIPT,3,4,7,
TXN_004692,2025-03-29 09:31:00,PART_0035,ISSUE,8,81,73,WO_07027
TXN_004693,2025-03-02 23:11:00,PART_0199,ISSUE,5,19,14,WO_00486
TXN_004694,2025-03-05 01:05:00,PART_0051,RECEIPT,1,38,39,
TXN_004695,2024-03-11 10:53:00,PART_0123,RECEIPT,4,38,42,
TXN_004696,2024-02-21 09:28:00,PART_0265,ISSUE,3,7,4,WO_07980
TXN_004697,2024-06-12 00:39:00,PART_0257,RECEIPT,5,41,46,
TXN_004698,2024-07-04 09:07:00,PART_0007,RECEIPT,6,0,6,
TXN_004699,2024-02-05 19:41:00,PART_0098,ISSUE,1,33,32,WO_01317
TXN_004700,2024-02-02 13:35:00,PART_0180,ISSUE,8,20,12,WO_02340
TXN_004701,2024-07-31 12:02:00,PART_0294,RECEIPT,8,9,17,
TXN_004702,2024-04-21 06:47:00,PART_0059,RECEIPT,3,9,12,
TXN_004703,2025-03-24 10:08:00,PART_0162,ISSUE,8,28,20,WO_00185
TXN_004704,2024-01-20 21:31:00,PART_0101,ISSUE,5,15,10,WO_09997
TXN_004705,2025-03-30 04:18:00,PART_0087,ISSUE,3,58,55,WO_06295
TXN_004706,2024-12-10 12:32:00,PART_0166,ISSUE,7,20,13,WO_07368
TXN_004707,2024-06-20 06:12:00,PART_0128,ISSUE,1,0,0,WO_04625
TXN_004708,2024-01-16 06:57:00,PART_0111,RECEIPT,8,0,8,
TXN_004709,2024-07-12 04:58:00,PART_0213,ISSUE,4,11,7,WO_02594
TXN_004710,2024-10-15 09:31:00,PART_0152,ISSUE,7,7,0,WO_06568
TXN_004711,2024-03-18 02:50:00,PART_0253,ISSUE,3,10,7,WO_00543
TXN_004712,2024-07-02 12:12:00,PART_0221,ISSUE,6,27,21,WO_07403
TXN_004713,2024-05-23 03:07:00,PART_0142,RECEIPT,2,10,12,
TXN_004714,2025-07-14 17:59:00,PART_0036,ISSUE,1,11,10,WO_03275
TXN_004715,2024-05-19 16:27:00,PART_0037,RECEIPT,8,17,25,
TXN_004716,2024-05-04 16:17:00,PART_0089,ISSUE,5,11,6,WO_05261
TXN_004717,2024-05-09 14:57:00,PART_0250,ISSUE,1,0,0,WO_08469
TXN_004718,2025-09-14 23:16:00,PART_0083,ADJUSTMENT,3,26,23,
TXN_004719,2024-02-15 22:09:00,PART_0028,ISSUE,2,10,8,WO_06362
TXN_004720,2025-01-25 00:19:00,PART_0198,ISSUE,5,26,21,WO_07407
TXN_004721,2024-05-04 06:08:00,PART_0009,ISSUE,5,56,51,WO_07150
TXN_004722,2025-04-30 11:26:00,PART_0153,ISSUE,6,39,33,WO_06459
TXN_004723,2024-08-22 08:09:00,PART_0272,ISSUE,5,56,51,WO_02660
TXN_004724,2024-01-06 23:44:00,PART_0250,RECEIPT,1,0,1,
TXN_004725,2025-05-25 09:21:00,PART_0216,ISSUE,7,37,30,WO_04080
TXN_004726,2025-03-08 08:22:00,PART_0220,ISSUE,6,29,23,WO_06586
TXN_004727,2025-09-03 12:18:00,PART_0274,RECEIPT,5,46,51,
TXN_004728,2024-07-24 03:11:00,PART_0181,RECEIPT,5,22,27,
TXN_004729,2024-07-23 04:53:00,PART_0006,ISSUE,2,51,49,WO_07306
TXN_004730,2024-09-20 11:19:00,PART_0101,RECEIPT,7,10,17,
TXN_004731,2024-10-11 17:15:00,PART_0154,ISSUE,2,2,0,WO_02158
TXN_004732,2024-03-29 05:33:00,PART_0228,RECEIPT,8,8,16,
TXN_004733,2024-01-15 14:09:00,PART_0040,RECEIPT,6,2,8,
TXN_004734,2024-02-05 17:38:00,PART_0093,RECEIPT,3,16,19,
TXN_004735,2024-05-08 02:17:00,PART_0059,ISSUE,4,12,8,WO_01965
TXN_004736,2024-07-07 20:04:00,PART_0024,RECEIPT,8,56,64,
TXN_004737,2024-12-29 11:44:00,PART_0286,ISSUE,4,37,33,WO_00157
TXN_004738,2025-01-26 17:36:00,PART_0007,RECEIPT,5,6,11,
TXN_004739,2025-03-30 11:52:00,PART_0296,RECEIPT,1,26,27,
TXN_004740,2025-06-27 23:09:00,PART_0072,RECEIPT,3,28,31,
TXN_004741,2024-06-01 22:19:00,PART_0158,RECEIPT,2,3,5,
TXN_004742,2025-08-10 18:34:00,PART_0017,ISSUE,1,1,0,WO_03119
TXN_004743,2024-01-17 11:39:00,PART_0181,ADJUSTMENT,7,27,20,
TXN_004744,2024-09-19 07:19:00,PART_0262,ISSUE,1,62,61,WO_03862
TXN_004745,2024-06-01 03:26:00,PART_0099,RECEIPT,8,29,37,
TXN_004746,2024-05-13 04:32:00,PART_0253,RECEIPT,7,7,14,
TXN_004747,2024-07-20 10:01:00,PART_0278,ISSUE,4,8,4,WO_05542
TXN_004748,2025-08-12 02:28:00,PART_0271,RECEIPT,5,13,18,
TXN_004749,2025-01-09 03:58:00,PART_0219,ISSUE,4,40,36,WO_08120
TXN_004750,2025-05-13 18:42:00,PART_0097,RECEIPT,7,23,30,
TXN_004751,2025-09-07 21:51:00,PART_0060,ADJUSTMENT,4,0,0,
TXN_004752,2025-03-21 15:28:00,PART_0043,RECEIPT,1,41,42,
TXN_004753,2024-09-09 20:34:00,PART_0074,ISSUE,6,14,8,WO_04596
TXN_004754,2024-06-24 14:26:00,PART_0243,ADJUSTMENT,5,25,30,
TXN_004755,2024-06-07 10:50:00,PART_0109,ISSUE,8,30,22,WO_03172
TXN_004756,2024-02-22 03:55:00,PART_0181,RECEIPT,3,20,23,
TXN_004757,2024-08-03 12:32:00,PART_0154,ADJUSTMENT,5,0,5,
TXN_004758,2024-12-15 23:39:00,PART_0166,ISSUE,7,13,6,WO_01830
TXN_004759,2024-04-15 09:23:00,PART_0191,RECEIPT,3,4,7,
TXN_004760,2024-11-27 03:15:00,PART_0008,ISSUE,3,24,21,WO_04894
TXN_004761,2025-03-22 23:15:00,PART_0009,RECEIPT,3,51,54,
TXN_004762,2024-04-01 12:31:00,PART_0230,ISSUE,1,0,0,WO_03731
TXN_004763,2025-02-19 08:33:00,PART_0222,ISSUE,2,52,50,WO_02136
TXN_004764,2024-06-25 09:06:00,PART_0011,ISSUE,1,26,25,WO_00703
TXN_004765,2024-07-13 17:15:00,PART_0266,ISSUE,6,52,46,WO_03759
TXN_004766,2024-02-10 05:36:00,PART_0090,ISSUE,2,33,31,WO_09971
TXN_004767,2024-01-30 22:27:00,PART_0069,ISSUE,7,24,17,WO_08334
TXN_004768,2025-06-11 03:17:00,PART_0018,ISSUE,5,8,3,WO_04876
TXN_004769,2024-02-07 22:04:00,PART_0031,ISSUE,5,34,29,WO_02975
TXN_004770,2024-08-09 06:52:00,PART_0204,ISSUE,4,22,18,WO_04634
TXN_004771,2024-01-26 18:38:00,PART_0210,ISSUE,3,14,11,WO_00005
TXN_004772,2024-03-22 18:27:00,PART_0198,RECEIPT,6,21,27,
TXN_004773,2025-03-25 06:21:00,PART_0198,ISSUE,2,27,25,WO_07572
TXN_004774,2025-05-21 10:07:00,PART_0172,RECEIPT,3,13,16,
TXN_004775,2024-02-15 07:02:00,PART_0035,RECEIPT,1,73,74,
TXN_004776,2025-07-04 00:18:00,PART_0150,ISSUE,2,11,9,WO_02952
TXN_004777,2024-01-06 16:27:00,PART_0252,RECEIPT,4,5,9,
TXN_004778,2025-07-14 21:06:00,PART_0283,ISSUE,6,15,9,WO_00718
TXN_004779,2025-06-06 21:42:00,PART_0070,RECEIPT,6,11,17,
TXN_004780,2025-01-19 17:34:00,PART_0250,RECEIPT,4,1,5,
TXN_004781,2024-05-19 13:35:00,PART_0091,RECEIPT,4,25,29,
TXN_004782,2025-09-07 11:29:00,PART_0258,ISSUE,2,2,0,WO_05871
TXN_004783,2024-10-31 15:57:00,PART_0005,ISSUE,6,23,17,WO_00802
TXN_004784,2025-01-19 14:48:00,PART_0236,ISSUE,5,20,15,WO_08028
TXN_004785,2024-11-05 17:27:00,PART_0252,ISSUE,8,9,1,WO_08657
TXN_004786,2024-10-08 23:24:00,PART_0099,ISSUE,2,37,35,WO_08851
TXN_004787,2024-12-17 21:19:00,PART_0180,ISSUE,8,12,4,WO_03295
TXN_004788,2025-01-06 11:16:00,PART_0084,ISSUE,1,0,0,WO_00737
TXN_004789,2025-04-17 20:00:00,PART_0108,RECEIPT,5,11,16,
TXN_004790,2025-06-23 22:34:00,PART_0244,ISSUE,8,61,53,WO_09872
TXN_004791,2024-07-18 11:42:00,PART_0291,RECEIPT,2,64,66,
TXN_004792,2024-01-09 20:22:00,PART_0245,RECEIPT,6,20,26,
TXN_004793,2025-03-04 01:29:00,PART_0247,ISSUE,1,40,39,WO_02277
TXN_004794,2024-09-03 14:15:00,PART_0123,ISSUE,2,42,40,WO_06868
TXN_004795,2025-06-05 07:20:00,PART_0201,ISSUE,6,29,23,WO_07535
TXN_004796,2024-05-21 07:36:00,PART_0298,ISSUE,1,0,0,WO_02726
TXN_004797,2025-03-23 10:52:00,PART_0029,RECEIPT,3,32,35,
TXN_004798,2024-08-01 08:30:00,PART_0282,ISSUE,2,81,79,WO_08756
TXN_004799,2025-08-07 16:59:00,PART_0063,ISSUE,2,2,0,WO_07265
TXN_004800,2024-09-21 10:54:00,PART_0061,ISSUE,1,11,10,WO_04984
TXN_004801,2025-01-19 01:34:00,PART_0144,ISSUE,7,12,5,WO_07749
TXN_004802,2024-02-26 20:28:00,PART_0124,RECEIPT,3,0,3,
TXN_004803,2024-07-05 10:54:00,PART_0241,RECEIPT,7,21,28,
TXN_004804,2024-10-27 20:18:00,PART_0255,ISSUE,6,6,0,WO_05676
TXN_004805,2024-04-13 11:34:00,PART_0052,RECEIPT,5,17,22,
TXN_004806,2024-10-17 00:38:00,PART_0100,RECEIPT,1,27,28,
TXN_004807,2025-01-19 20:56:00,PART_0267,ISSUE,7,41,34,WO_03935
TXN_004808,2025-08-10 20:55:00,PART_0023,ISSUE,1,19,18,WO_06575
TXN_004809,2025-05-17 21:30:00,PART_0200,ISSUE,1,0,0,WO_00169
TXN_004810,2025-06-23 08:02:00,PART_0145,RECEIPT,3,35,38,
TXN_004811,2024-11-11 22:14:00,PART_0136,RECEIPT,7,0,7,
TXN_004812,2024-08-23 02:20:00,PART_0024,ISSUE,5,64,59,WO_05385
TXN_004813,2025-09-08 03:32:00,PART_0039,ISSUE,1,11,10,WO_05052
TXN_004814,2024-05-22 05:14:00,PART_0023,ISSUE,7,18,11,WO_01537
TXN_004815,2025-02-07 17:47:00,PART_0184,ISSUE,6,33,27,WO_08977
TXN_004816,2025-08-04 04:43:00,PART_0009,ISSUE,7,54,47,WO_03119
TXN_004817,2024-08-26 00:28:00,PART_0131,ISSUE,1,33,32,WO_06357
TXN_004818,2025-08-30 07:51:00,PART_0279,ISSUE,1,9,8,WO_05918
TXN_004819,2025-02-04 14:13:00,PART_0212,ISSUE,7,13,6,WO_04249
TXN_004820,2025-06-16 13:05:00,PART_0088,RECEIPT,4,0,4,
TXN_004821,2024-09-02 01:41:00,PART_0242,ISSUE,3,28,25,WO_02857
TXN_004822,2025-08-23 12:23:00,PART_0291,RECEIPT,7,66,73,
TXN_004823,2024-12-27 19:23:00,PART_0218,ADJUSTMENT,4,16,12,
TXN_004824,2025-03-24 14:01:00,PART_0039,RECEIPT,7,10,17,
TXN_004825,2025-01-08 08:28:00,PART_0115,ISSUE,8,18,10,WO_01164
TXN_004826,2024-01-15 03:44:00,PART_0186,ISSUE,8,8,0,WO_09919
TXN_004827,2024-09-21 21:01:00,PART_0294,ISSUE,6,17,11,WO_02258
TXN_004828,2025-08-19 01:53:00,PART_0200,RECEIPT,2,0,2,
TXN_004829,2025-04-15 15:52:00,PART_0083,ISSUE,8,23,15,WO_05110
TXN_004830,2025-09-16 01:37:00,PART_0010,RECEIPT,5,9,14,
TXN_004831,2024-06-01 06:22:00,PART_0107,ISSUE,1,0,0,WO_06381
TXN_004832,2024-02-14 07:41:00,PART_0098,ISSUE,3,32,29,WO_01336
TXN_004833,2024-06-30 05:00:00,PART_0090,ISSUE,2,31,29,WO_08152
TXN_004834,2024-08-20 01:53:00,PART_0105,ISSUE,2,76,74,WO_04114
TXN_004835,2024-03-26 20:10:00,PART_0134,RECEIPT,8,26,34,
TXN_004836,2025-01-01 23:47:00,PART_0166,RECEIPT,2,6,8,
TXN_004837,2024-01-06 14:36:00,PART_0187,RECEIPT,6,33,39,
TXN_004838,2025-04-03 19:12:00,PART_0181,ISSUE,2,23,21,WO_05473
TXN_004839,2025-02-18 06:47:00,PART_0023,ISSUE,2,11,9,WO_07036
TXN_004840,2025-07-22 14:52:00,PART_0049,ISSUE,1,0,0,WO_03616
TXN_004841,2024-12-09 16:17:00,PART_0131,ISSUE,1,32,31,WO_05714
TXN_004842,2024-07-10 06:00:00,PART_0145,ISSUE,1,38,37,WO_02617
TXN_004843,2025-04-17 01:55:00,PART_0165,RECEIPT,1,0,1,
TXN_004844,2024-04-28 04:22:00,PART_0059,ISSUE,3,8,5,WO_08942
TXN_004845,2024-12-20 15:03:00,PART_0187,RECEIPT,5,39,44,
TXN_004846,2024-11-30 21:33:00,PART_0118,RECEIPT,2,45,47,
TXN_004847,2024-04-02 02:31:00,PART_0146,RECEIPT,8,10,18,
TXN_004848,2024-01-12 14:58:00,PART_0026,RECEIPT,5,8,13,
TXN_004849,2024-08-30 21:03:00,PART_0126,RECEIPT,2,18,20,
TXN_004850,2024-10-04 18:06:00,PART_0210,ISSUE,1,11,10,WO_00402
TXN_004851,2024-04-22 19:29:00,PART_0161,ISSUE,6,6,0,WO_01053
TXN_004852,2024-06-21 12:27:00,PART_0043,ISSUE,7,42,35,WO_04627
TXN_004853,2024-04-24 01:53:00,PART_0047,RECEIPT,2,48,50,
TXN_004854,2025-09-11 08:29:00,PART_0072,RECEIPT,2,31,33,
TXN_004855,2025-08-16 13:33:00,PART_0019,ISSUE,1,0,0,WO_09681
TXN_004856,2024-07-27 17:18:00,PART_0099,ISSUE,3,35,32,WO_03647
TXN_004857,2025-02-11 04:28:00,PART_0191,RECEIPT,4,7,11,
TXN_004858,2024-02-09 20:14:00,PART_0252,RECEIPT,4,1,5,
TXN_004859,2024-12-07 08:03:00,PART_0025,RECEIPT,3,35,38,
TXN_004860,2025-04-22 00:52:00,PART_0203,ISSUE,2,26,24,WO_05502
TXN_004861,2025-03-03 15:29:00,PART_0139,RECEIPT,7,6,13,
TXN_004862,2024-01-06 12:05:00,PART_0093,ISSUE,4,19,15,WO_08658
TXN_004863,2025-04-18 00:57:00,PART_0070,RECEIPT,7,17,24,
TXN_004864,2024-11-25 21:12:00,PART_0092,ISSUE,5,7,2,WO_08072
TXN_004865,2024-05-30 03:45:00,PART_0192,RECEIPT,1,22,23,
TXN_004866,2025-07-03 00:28:00,PART_0165,ISSUE,1,1,0,WO_03452
TXN_004867,2025-08-13 05:04:00,PART_0299,RECEIPT,6,0,6,
TXN_004868,2024-11-13 10:06:00,PART_0120,RECEIPT,3,8,11,
TXN_004869,2024-04-10 22:21:00,PART_0098,RECEIPT,3,29,32,
TXN_004870,2024-01-06 04:05:00,PART_0019,ISSUE,1,0,0,WO_03641
TXN_004871,2025-09-08 05:01:00,PART_0144,RECEIPT,5,5,10,
TXN_004872,2024-09-15 15:32:00,PART_0104,RECEIPT,6,21,27,
TXN_004873,2024-09-23 09:49:00,PART_0209,ISSUE,1,0,0,WO_00106
TXN_004874,2024-01-18 18:09:00,PART_0070,RECEIPT,6,24,30,
TXN_004875,2024-04-28 05:49:00,PART_0096,ISSUE,4,79,75,WO_03015
TXN_004876,2025-02-03 13:36:00,PART_0256,ISSUE,6,53,47,WO_01726
TXN_004877,2024-10-22 03:58:00,PART_0142,ISSUE,3,12,9,WO_05872
TXN_004878,2024-03-19 13:43:00,PART_0047,ISSUE,7,50,43,WO_03359
TXN_004879,2025-04-25 16:37:00,PART_0200,RECEIPT,7,2,9,
TXN_004880,2024-12-15 12:31:00,PART_0209,ISSUE,1,0,0,WO_05083
TXN_004881,2025-08-04 01:13:00,PART_0276,RECEIPT,3,35,38,
TXN_004882,2024-03-03 09:44:00,PART_0006,ISSUE,6,49,43,WO_05951
TXN_004883,2025-04-15 22:45:00,PART_0082,RECEIPT,2,18,20,
TXN_004884,2025-02-23 11:57:00,PART_0063,RECEIPT,1,0,1,
TXN_004885,2024-10-16 10:18:00,PART_0197,ISSUE,6,30,24,WO_03854
TXN_004886,2024-04-05 18:34:00,PART_0219,ISSUE,6,36,30,WO_07303
TXN_004887,2025-03-25 00:07:00,PART_0288,ISSUE,7,15,8,WO_00309
TXN_004888,2024-05-26 09:43:00,PART_0239,ISSUE,1,48,47,WO_03131
TXN_004889,2025-07-12 11:19:00,PART_0091,RECEIPT,4,29,33,
TXN_004890,2025-08-14 13:40:00,PART_0230,RECEIPT,3,0,3,
TXN_004891,2025-02-07 09:33:00,PART_0267,RECEIPT,3,34,37,
TXN_004892,2024-10-09 00:03:00,PART_0282,RECEIPT,8,79,87,
TXN_004893,2025-04-11 11:34:00,PART_0050,RECEIPT,8,2,10,
TXN_004894,2025-08-03 09:12:00,PART_0067,ISSUE,7,42,35,WO_07419
TXN_004895,2024-03-18 18:00:00,PART_0048,ISSUE,3,39,36,WO_02916
TXN_004896,2025-08-08 09:45:00,PART_0218,ISSUE,2,12,10,WO_07188
TXN_004897,2024-08-11 13:17:00,PART_0130,ISSUE,1,0,0,WO_04627
TXN_004898,2025-02-23 07:01:00,PART_0115,RECEIPT,3,10,13,
TXN_004899,2025-04-18 12:08:00,PART_0213,RECEIPT,3,7,10,
TXN_004900,2024-08-21 00:12:00,PART_0057,RECEIPT,5,1,6,
TXN_004901,2024-12-26 09:14:00,PART_0298,RECEIPT,1,0,1,
TXN_004902,2024-07-25 11:51:00,PART_0269,ISSUE,5,18,13,WO_05963
TXN_004903,2025-03-26 13:10:00,PART_0051,RECEIPT,1,39,40,
TXN_004904,2024-08-29 09:50:00,PART_0233,RECEIPT,7,26,33,
TXN_004905,2024-11-05 09:45:00,PART_0185,RECEIPT,2,73,75,
TXN_004906,2025-05-02 09:45:00,PART_0174,ISSUE,3,4,1,WO_03432
TXN_004907,2025-01-04 16:13:00,PART_0286,RECEIPT,1,33,34,
TXN_004908,2024-10-02 00:15:00,PART_0197,ISSUE,1,24,23,WO_05333
TXN_004909,2025-08-08 00:16:00,PART_0296,ISSUE,8,27,19,WO_02463
TXN_004910,2024-09-03 23:19:00,PART_0018,ISSUE,3,3,0,WO_06259
TXN_004911,2025-07-05 17:16:00,PART_0156,ISSUE,2,9,7,WO_08804
TXN_004912,2024-05-01 20:34:00,PART_0132,RECEIPT,3,19,22,
TXN_004913,2024-06-18 14:42:00,PART_0265,ISSUE,4,4,0,WO_07340
TXN_004914,2025-09-06 20:14:00,PART_0069,ISSUE,8,17,9,WO_02535
TXN_004915,2024-07-21 09:07:00,PART_0145,RECEIPT,1,37,38,
TXN_004916,2024-02-26 19:03:00,PART_0285,ISSUE,5,53,48,WO_08294
TXN_004917,2025-01-21 12:54:00,PART_0064,ADJUSTMENT,6,14,20,
TXN_004918,2024-04-17 11:45:00,PART_0216,ISSUE,6,30,24,WO_02700
TXN_004919,2024-01-11 02:56:00,PART_0148,ISSUE,1,73,72,WO_02750
TXN_004920,2025-09-05 14:05:00,PART_0132,ADJUSTMENT,4,22,18,
TXN_004921,2025-06-18 02:30:00,PART_0145,ISSUE,5,38,33,WO_06044
TXN_004922,2024-01-24 21:46:00,PART_0270,ADJUSTMENT,3,3,6,
TXN_004923,2025-02-11 19:10:00,PART_0049,ISSUE,1,0,0,WO_09081
TXN_004924,2025-09-05 18:17:00,PART_0249,ADJUSTMENT,8,23,31,
TXN_004925,2024-12-10 15:21:00,PART_0283,RECEIPT,5,9,14,
TXN_004926,2024-10-25 16:29:00,PART_0064,RECEIPT,8,20,28,
TXN_004927,2025-02-22 13:07:00,PART_0086,ISSUE,4,16,12,WO_00602
TXN_004928,2025-05-03 03:55:00,PART_0277,RECEIPT,6,12,18,
TXN_004929,2025-08-12 14:53:00,PART_0081,ISSUE,1,0,0,WO_00880
TXN_004930,2024-11-26 13:09:00,PART_0261,ISSUE,7,66,59,WO_03064
TXN_004931,2025-01-15 04:22:00,PART_0238,ISSUE,2,4,2,WO_01743
TXN_004932,2024-07-25 11:21:00,PART_0024,ISSUE,7,59,52,WO_04037
TXN_004933,2025-02-16 23:42:00,PART_0101,ISSUE,2,17,15,WO_05887
TXN_004934,2024-05-17 22:46:00,PART_0216,ISSUE,3,24,21,WO_01941
TXN_004935,2025-06-09 12:26:00,PART_0188,ISSUE,1,6,5,WO_06063
TXN_004936,2025-04-02 05:15:00,PART_0088,ADJUSTMENT,4,4,8,
TXN_004937,2024-07-15 14:25:00,PART_0251,ISSUE,2,22,20,WO_06612
TXN_004938,2025-05-26 13:04:00,PART_0251,RECEIPT,7,20,27,
TXN_004939,2025-04-18 22:19:00,PART_0298,ISSUE,1,1,0,WO_04437
TXN_004940,2025-03-23 16:52:00,PART_0279,ISSUE,2,8,6,WO_07879
TXN_004941,2024-05-03 00:13:00,PART_0268,RECEIPT,3,23,26,
TXN_004942,2024-09-27 23:08:00,PART_0150,ISSUE,4,9,5,WO_08942
TXN_004943,2025-01-21 08:55:00,PART_0003,ISSUE,1,6,5,WO_07030
TXN_004944,2025-07-28 17:36:00,PART_0080,ISSUE,3,20,17,WO_04191
TXN_004945,2024-10-25 02:48:00,PART_0062,ISSUE,1,0,0,WO_02324
TXN_004946,2025-01-03 16:14:00,PART_0293,ADJUSTMENT,6,3,9,
TXN_004947,2025-07-15 04:29:00,PART_0068,RECEIPT,3,35,38,
TXN_004948,2025-06-05 02:35:00,PART_0075,ADJUSTMENT,7,36,29,
TXN_004949,2024-01-27 21:51:00,PART_0260,ISSUE,2,2,0,WO_09866
TXN_004950,2024-04-10 13:20:00,PART_0007,RECEIPT,3,11,14,
TXN_004951,2024-12-15 04:39:00,PART_0293,RECEIPT,7,9,16,
TXN_004952,2025-08-23 14:13:00,PART_0291,RECEIPT,7,73,80,
TXN_004953,2024-10-21 22:00:00,PART_0138,ISSUE,1,31,30,WO_08675
TXN_004954,2025-06-24 21:26:00,PART_0020,ISSUE,1,0,0,WO_07473
TXN_004955,2025-05-18 07:38:00,PART_0127,ISSUE,1,0,0,WO_06881
TXN_004956,2024-06-20 15:15:00,PART_0152,ISSUE,1,0,0,WO_08985
TXN_004957,2025-03-28 04:08:00,PART_0005,ISSUE,3,17,14,WO_05792
TXN_004958,2024-01-05 09:28:00,PART_0068,ISSUE,1,38,37,WO_06921
TXN_004959,2025-03-30 10:56:00,PART_0023,RECEIPT,5,9,14,
TXN_004960,2024-03-05 09:56:00,PART_0008,ISSUE,5,21,16,WO_05380
TXN_004961,2024-06-14 16:26:00,PART_0104,ISSUE,2,27,25,WO_00890
TXN_004962,2025-05-09 07:51:00,PART_0081,RECEIPT,3,0,3,
TXN_004963,2024-01-21 18:14:00,PART_0148,ISSUE,2,72,70,WO_08499
TXN_004964,2024-02-10 21:59:00,PART_0070,ISSUE,7,30,23,WO_08779
TXN_004965,2024-12-11 23:18:00,PART_0223,RECEIPT,2,13,15,
TXN_004966,2025-04-30 11:53:00,PART_0038,RECEIPT,8,36,44,
TXN_004967,2024-08-11 13:39:00,PART_0128,RECEIPT,1,0,1,
TXN_004968,2024-02-23 22:04:00,PART_0156,ISSUE,1,7,6,WO_02958
TXN_004969,2024-08-04 14:52:00,PART_0254,RECEIPT,8,28,36,
TXN_004970,2024-08-06 17:10:00,PART_0153,ISSUE,2,33,31,WO_06869
TXN_004971,2025-04-15 10:21:00,PART_0094,RECEIPT,1,38,39,
TXN_004972,2025-08-17 20:12:00,PART_0043,ISSUE,8,35,27,WO_08252
TXN_004973,2025-09-10 19:41:00,PART_0154,RECEIPT,8,5,13,
TXN_004974,2024-10-26 16:28:00,PART_0149,RECEIPT,2,21,23,
TXN_004975,2024-06-16 20:52:00,PART_0122,ISSUE,5,14,9,WO_04193
TXN_004976,2024-07-22 10:43:00,PART_0246,RECEIPT,5,11,16,
TXN_004977,2025-03-21 05:50:00,PART_0193,ISSUE,8,13,5,WO_02635
TXN_004978,2024-12-10 17:16:00,PART_0172,ISSUE,5,16,11,WO_04878
TXN_004979,2024-06-24 11:24:00,PART_0279,RECEIPT,1,6,7,
TXN_004980,2024-12-06 04:45:00,PART_0130,RECEIPT,5,0,5,
TXN_004981,2024-02-16 18:42:00,PART_0060,ISSUE,1,0,0,WO_03129
TXN_004982,2024-08-12 17:27:00,PART_0171,ISSUE,3,24,21,WO_08491
TXN_004983,2024-09-11 05:44:00,PART_0174,ISSUE,1,1,0,WO_09102
TXN_004984,2024-08-19 10:18:00,PART_0272,ISSUE,2,51,49,WO_09381
TXN_004985,2024-07-11 07:10:00,PART_0272,ISSUE,2,49,47,WO_04894
TXN_004986,2025-05-27 16:51:00,PART_0135,ISSUE,3,30,27,WO_01463
TXN_004987,2025-05-26 14:24:00,PART_0080,ISSUE,5,17,12,WO_00021
TXN_004988,2025-07-03 05:00:00,PART_0165,ISSUE,1,0,0,WO_03707
TXN_004989,2025-03-11 06:00:00,PART_0176,RECEIPT,4,60,64,
TXN_004990,2024-04-06 16:02:00,PART_0188,ISSUE,4,5,1,WO_03983
TXN_004991,2024-08-13 17:17:00,PART_0118,ISSUE,2,47,45,WO_07846
TXN_004992,2024-01-27 21:25:00,PART_0185,ISSUE,5,75,70,WO_05535
TXN_004993,2025-09-15 01:20:00,PART_0198,ISSUE,6,25,19,WO_01155
TXN_004994,2024-05-15 19:10:00,PART_0186,ISSUE,1,0,0,WO_00074
TXN_004995,2024-06-22 05:15:00,PART_0023,ISSUE,8,14,6,WO_04564
TXN_004996,2025-07-04 02:28:00,PART_0073,RECEIPT,6,60,66,
TXN_004997,2024-07-19 08:51:00,PART_0089,RECEIPT,6,6,12,
TXN_004998,2024-10-20 18:41:00,PART_0024,ISSUE,4,52,48,WO_03393
TXN_004999,2024-06-04 23:20:00,PART_0253,ISSUE,4,14,10,WO_08710
TXN_005000,2024-07-31 08:20:00,PART_0238,ISSUE,2,2,0,WO_09893
TXN_005001,2025-06-17 11:51:00,PART_0026,ISSUE,4,13,9,WO_06339
TXN_005002,2024-06-28 05:19:00,PART_0022,RECEIPT,7,39,46,
TXN_005003,2025-07-06 14:39:00,PART_0209,RECEIPT,3,0,3,
TXN_005004,2024-03-12 09:56:00,PART_0299,ISSUE,4,6,2,WO_02645
TXN_005005,2025-02-17 02:03:00,PART_0133,ISSUE,5,34,29,WO_05464
TXN_005006,2024-06-28 04:09:00,PART_0040,RECEIPT,7,8,15,
TXN_005007,2024-12-30 04:47:00,PART_0139,RECEIPT,6,13,19,
TXN_005008,2024-02-29 12:01:00,PART_0021,ISSUE,4,47,43,WO_05341
TXN_005009,2025-06-02 14:34:00,PART_0234,ISSUE,1,0,0,WO_04000
TXN_005010,2024-01-28 05:55:00,PART_0102,RECEIPT,1,36,37,
TXN_005011,2024-04-24 04:27:00,PART_0152,RECEIPT,3,0,3,
TXN_005012,2025-02-19 11:49:00,PART_0099,RECEIPT,1,32,33,
TXN_005013,2025-08-04 02:03:00,PART_0014,ISSUE,1,0,0,WO_05029
TXN_005014,2024-09-14 07:03:00,PART_0272,RECEIPT,5,47,52,
TXN_005015,2025-08-20 22:57:00,PART_0184,ISSUE,6,27,21,WO_01662
TXN_005016,2024-10-10 13:15:00,PART_0093,RECEIPT,6,15,21,
TXN_005017,2024-08-08 01:01:00,PART_0161,RECEIPT,1,0,1,
TXN_005018,2024-04-15 23:54:00,PART_0234,ISSUE,1,0,0,WO_07879
TXN_005019,2024-02-13 11:48:00,PART_0044,RECEIPT,2,27,29,
TXN_005020,2025-06-19 05:18:00,PART_0145,ISSUE,8,33,25,WO_08552
TXN_005021,2025-03-27 03:30:00,PART_0058,ISSUE,6,17,11,WO_03095
TXN_005022,2024-05-17 23:48:00,PART_0125,RECEIPT,6,20,26,
TXN_005023,2025-01-13 05:16:00,PART_0194,ISSUE,4,42,38,WO_00418
TXN_005024,2024-05-09 07:15:00,PART_0112,ADJUSTMENT,5,49,44,
TXN_005025,2025-03-14 12:18:00,PART_0284,ISSUE,2,2,0,WO_02851
TXN_005026,2024-01-15 23:57:00,PART_0097,RECEIPT,5,30,35,
TXN_005027,2024-09-07 06:44:00,PART_0078,ISSUE,7,22,15,WO_08758
TXN_005028,2025-05-02 18:04:00,PART_0156,ISSUE,5,6,1,WO_03314
TXN_005029,2025-05-01 02:50:00,PART_0091,ISSUE,3,33,30,WO_08962
TXN_005030,2025-08-27 08:50:00,PART_0123,ISSUE,8,40,32,WO_05541
TXN_005031,2024-09-21 16:41:00,PART_0036,ISSUE,1,10,9,WO_08592
TXN_005032,2025-09-02 08:21:00,PART_0058,ISSUE,8,11,3,WO_09396
TXN_005033,2024-07-31 08:49:00,PART_0151,ISSUE,5,25,20,WO_01782
TXN_005034,2024-07-18 09:18:00,PART_0125,ISSUE,4,26,22,WO_09671
TXN_005035,2024-11-15 06:16:00,PART_0101,ISSUE,4,15,11,WO_01184
TXN_005036,2024-01-26 03:39:00,PART_0215,ISSUE,6,6,0,WO_00870
TXN_005037,2024-09-27 15:06:00,PART_0025,ADJUSTMENT,2,38,36,
TXN_005038,2025-08-12 02:30:00,PART_0070,RECEIPT,5,23,28,
TXN_005039,2025-07-27 22:24:00,PART_0131,ISSUE,2,31,29,WO_02035
TXN_005040,2025-06-06 23:25:00,PART_0250,ISSUE,5,5,0,WO_02297
TXN_005041,2024-03-16 21:22:00,PART_0233,ISSUE,5,33,28,WO_07985
TXN_005042,2024-06-20 21:29:00,PART_0185,ISSUE,5,70,65,WO_00908
TXN_005043,2025-05-01 05:17:00,PART_0124,ISSUE,3,3,0,WO_09719
TXN_005044,2024-11-07 08:42:00,PART_0176,ISSUE,2,64,62,WO_01275
TXN_005045,2024-12-25 00:47:00,PART_0144,RECEIPT,3,10,13,
TXN_005046,2024-09-21 04:53:00,PART_0221,ISSUE,1,21,20,WO_07872
TXN_005047,2024-03-11 10:26:00,PART_0292,ISSUE,8,33,25,WO_06883
TXN_005048,2024-02-17 22:31:00,PART_0026,RECEIPT,8,9,17,
TXN_005049,2024-05-26 07:59:00,PART_0289,RECEIPT,1,53,54,
TXN_005050,2024-02-17 01:58:00,PART_0293,RECEIPT,3,16,19,
TXN_005051,2025-08-23 00:09:00,PART_0023,RECEIPT,7,6,13,
TXN_005052,2025-06-17 14:51:00,PART_0056,ISSUE,7,29,22,WO_09748
TXN_005053,2024-02-16 04:40:00,PART_0126,ISSUE,4,20,16,WO_00234
TXN_005054,2025-09-02 14:01:00,PART_0001,ISSUE,7,16,9,WO_01205
TXN_005055,2024-10-27 14:23:00,PART_0050,RECEIPT,4,10,14,
TXN_005056,2024-09-10 07:44:00,PART_0237,ISSUE,5,46,41,WO_02150
TXN_005057,2025-01-06 11:07:00,PART_0294,ADJUSTMENT,2,11,13,
TXN_005058,2025-08-20 19:22:00,PART_0175,ISSUE,3,70,67,WO_03942
TXN_005059,2025-05-12 12:59:00,PART_0298,RECEIPT,6,0,6,
TXN_005060,2024-07-10 15:33:00,PART_0140,RECEIPT,1,0,1,
TXN_005061,2024-02-29 09:04:00,PART_0227,ADJUSTMENT,6,43,37,
TXN_005062,2024-09-04 19:26:00,PART_0126,ISSUE,8,16,8,WO_00215
TXN_005063,2025-05-11 08:36:00,PART_0202,ISSUE,4,74,70,WO_03251
TXN_005064,2025-02-06 21:54:00,PART_0186,RECEIPT,4,0,4,
TXN_005065,2024-06-02 08:37:00,PART_0094,ISSUE,2,39,37,WO_01437
TXN_005066,2024-07-26 07:07:00,PART_0140,RECEIPT,1,1,2,
TXN_005067,2024-03-16 04:28:00,PART_0211,ISSUE,6,43,37,WO_04685
TXN_005068,2025-04-23 19:40:00,PART_0116,ISSUE,1,0,0,WO_09501
TXN_005069,2025-01-04 22:02:00,PART_0252,RECEIPT,3,5,8,
TXN_005070,2025-04-05 11:20:00,PART_0213,RECEIPT,2,10,12,
TXN_005071,2025-05-30 02:51:00,PART_0199,ISSUE,5,14,9,WO_06744
TXN_005072,2024-10-07 04:43:00,PART_0147,RECEIPT,4,2,6,
TXN_005073,2024-09-30 11:05:00,PART_0013,ISSUE,2,44,42,WO_01484
TXN_005074,2025-05-04 16:40:00,PART_0023,RECEIPT,3,13,16,
TXN_005075,2024-05-30 04:46:00,PART_0228,ISSUE,7,16,9,WO_09470
TXN_005076,2025-01-25 08:37:00,PART_0134,ISSUE,2,34,32,WO_00776
TXN_005077,2025-02-13 22:22:00,PART_0204,RECEIPT,6,18,24,
TXN_005078,2024-09-28 21:21:00,PART_0183,RECEIPT,2,37,39,
TXN_005079,2024-04-04 21:24:00,PART_0209,ISSUE,3,3,0,WO_08443
TXN_005080,2024-05-21 11:25:00,PART_0123,ISSUE,5,32,27,WO_00406
TXN_005081,2025-02-07 10:05:00,PART_0256,ISSUE,6,47,41,WO_09031
TXN_005082,2024-01-29 20:11:00,PART_0271,ISSUE,4,18,14,WO_06127
TXN_005083,2024-12-24 01:15:00,PART_0214,ISSUE,1,1,0,WO_06089
TXN_005084,2024-03-06 16:53:00,PART_0090,ISSUE,8,29,21,WO_05367
TXN_005085,2024-06-18 14:41:00,PART_0283,ISSUE,5,14,9,WO_02422
TXN_005086,2024-02-08 22:58:00,PART_0209,ISSUE,1,0,0,WO_08010
TXN_005087,2024-03-10 14:08:00,PART_0176,RECEIPT,2,62,64,
TXN_005088,2024-10-04 21:47:00,PART_0118,ISSUE,1,45,44,WO_05739
TXN_005089,2024-12-29 21:23:00,PART_0055,ISSUE,6,43,37,WO_08487
TXN_005090,2025-05-01 02:31:00,PART_0090,RECEIPT,5,21,26,
TXN_005091,2025-08-26 11:06:00,PART_0105,RECEIPT,5,74,79,
TXN_005092,2024-12-05 05:22:00,PART_0270,ADJUSTMENT,6,6,12,
TXN_005093,2025-04-19 08:06:00,PART_0009,RECEIPT,1,47,48,
TXN_005094,2025-02-20 05:32:00,PART_0063,RECEIPT,8,1,9,
TXN_005095,2024-06-05 09:57:00,PART_0279,RECEIPT,5,7,12,
TXN_005096,2025-08-02 13:57:00,PART_0220,ISSUE,4,23,19,WO_01393
TXN_005097,2024-05-13 06:10:00,PART_0283,ISSUE,2,9,7,WO_08251
TXN_005098,2024-02-24 20:11:00,PART_0031,ISSUE,2,29,27,WO_08963
TXN_005099,2024-05-03 14:06:00,PART_0256,ISSUE,7,41,34,WO_09485
TXN_005100,2025-03-03 13:28:00,PART_0146,RECEIPT,8,18,26,
TXN_005101,2025-01-08 20:00:00,PART_0004,ISSUE,4,4,0,WO_00632
TXN_005102,2025-05-28 16:51:00,PART_0291,RECEIPT,1,80,81,
TXN_005103,2025-04-05 07:23:00,PART_0197,RECEIPT,4,23,27,
TXN_005104,2025-05-16 11:57:00,PART_0154,RECEIPT,7,13,20,
TXN_005105,2024-03-06 02:54:00,PART_0111,ISSUE,3,8,5,WO_06938
TXN_005106,2025-09-05 18:56:00,PART_0137,ISSUE,1,0,0,WO_04389
TXN_005107,2024-04-16 18:15:00,PART_0020,RECEIPT,7,0,7,
TXN_005108,2024-02-18 09:30:00,PART_0217,RECEIPT,8,27,35,
TXN_005109,2025-03-19 09:27:00,PART_0286,ISSUE,8,34,26,WO_02317
TXN_005110,2024-02-15 23:58:00,PART_0272,ISSUE,6,52,46,WO_06873
TXN_005111,2025-01-21 13:54:00,PART_0048,RECEIPT,7,36,43,
TXN_005112,2024-09-27 02:33:00,PART_0275,ISSUE,8,30,22,WO_00151
TXN_005113,2025-02-10 17:42:00,PART_0106,ISSUE,2,14,12,WO_00426
TXN_005114,2024-01-05 04:37:00,PART_0117,RECEIPT,1,12,13,
TXN_005115,2025-06-29 20:43:00,PART_0010,RECEIPT,5,14,19,
TXN_005116,2025-02-18 02:28:00,PART_0217,RECEIPT,8,35,43,
TXN_005117,2025-02-07 20:07:00,PART_0295,RECEIPT,8,44,52,
TXN_005118,2024-05-05 23:46:00,PART_0254,RECEIPT,3,36,39,
TXN_005119,2025-01-13 16:26:00,PART_0021,ADJUSTMENT,7,43,50,
TXN_005120,2025-05-30 20:38:00,PART_0076,RECEIPT,4,45,49,
TXN_005121,2024-02-04 06:15:00,PART_0222,RECEIPT,1,50,51,
TXN_005122,2024-02-18 22:20:00,PART_0003,ISSUE,5,5,0,WO_01477
TXN_005123,2025-06-20 09:51:00,PART_0233,RECEIPT,6,28,34,
TXN_005124,2025-09-13 18:05:00,PART_0171,ISSUE,5,21,16,WO_09744
TXN_005125,2025-01-05 02:36:00,PART_0094,ISSUE,3,37,34,WO_06540
TXN_005126,2024-03-26 04:08:00,PART_0247,ISSUE,8,39,31,WO_01620
TXN_005127,2024-02-26 02:09:00,PART_0274,ISSUE,7,51,44,WO_00280
TXN_005128,2025-07-11 09:52:00,PART_0053,ISSUE,2,7,5,WO_06665
TXN_005129,2024-07-01 14:44:00,PART_0227,RECEIPT,2,37,39,
TXN_005130,2025-05-26 08:20:00,PART_0197,RECEIPT,2,27,29,
TXN_005131,2024-03-06 14:59:00,PART_0234,ISSUE,1,0,0,WO_02380
TXN_005132,2025-01-26 16:00:00,PART_0096,RECEIPT,5,75,80,
TXN_005133,2024-12-31 01:34:00,PART_0204,ISSUE,3,24,21,WO_06179
TXN_005134,2024-02-05 02:33:00,PART_0028,ISSUE,3,8,5,WO_04430
TXN_005135,2025-07-04 08:09:00,PART_0116,ISSUE,1,0,0,WO_07378
TXN_005136,2025-03-02 00:35:00,PART_0115,ISSUE,1,13,12,WO_06852
TXN_005137,2025-05-05 22:31:00,PART_0299,RECEIPT,8,2,10,
TXN_005138,2025-08-26 19:22:00,PART_0248,ISSUE,5,46,41,WO_02995
TXN_005139,2025-01-27 21:46:00,PART_0208,ADJUSTMENT,3,4,7,
TXN_005140,2025-01-29 23:28:00,PART_0137,RECEIPT,8,0,8,
TXN_005141,2025-03-26 08:22:00,PART_0040,ISSUE,7,15,8,WO_05626
TXN_005142,2025-09-05 20:58:00,PART_0216,ISSUE,8,21,13,WO_01234
TXN_005143,2024-03-21 00:14:00,PART_0246,ISSUE,1,16,15,WO_01243
TXN_005144,2024-03-08 17:48:00,PART_0159,ISSUE,1,0,0,WO_03113
TXN_005145,2025-07-13 00:22:00,PART_0042,RECEIPT,2,71,73,
TXN_005146,2024-02-22 15:27:00,PART_0189,RECEIPT,6,9,15,
TXN_005147,2025-03-14 02:24:00,PART_0169,ISSUE,2,30,28,WO_03099
TXN_005148,2025-06-26 00:22:00,PART_0232,ISSUE,5,12,7,WO_00698
TXN_005149,2025-03-16 01:39:00,PART_0094,ISSUE,3,34,31,WO_05631
TXN_005150,2025-01-14 14:38:00,PART_0002,ISSUE,5,26,21,WO_01290
TXN_005151,2024-12-09 02:27:00,PART_0013,RECEIPT,3,42,45,
TXN_005152,2024-11-15 07:16:00,PART_0025,RECEIPT,2,36,38,
TXN_005153,2025-04-15 22:51:00,PART_0209,RECEIPT,7,0,7,
TXN_005154,2024-08-10 21:25:00,PART_0299,ISSUE,7,10,3,WO_01045
TXN_005155,2025-04-06 02:57:00,PART_0293,ISSUE,7,19,12,WO_07129
TXN_005156,2024-01-15 01:56:00,PART_0065,ADJUSTMENT,3,19,22,
TXN_005157,2024-09-28 03:46:00,PART_0087,ISSUE,5,55,50,WO_07375
TXN_005158,2024-11-01 19:24:00,PART_0011,RECEIPT,1,25,26,
TXN_005159,2024-04-09 15:06:00,PART_0154,ISSUE,4,20,16,WO_01390
TXN_005160,2025-01-26 14:51:00,PART_0134,RECEIPT,8,32,40,
TXN_005161,2025-03-16 10:31:00,PART_0150,RECEIPT,6,5,11,
TXN_005162,2024-07-13 17:24:00,PART_0178,ISSUE,7,37,30,WO_02410
TXN_005163,2025-01-11 19:12:00,PART_0132,ISSUE,2,18,16,WO_04032
TXN_005164,2025-06-29 11:39:00,PART_0226,RECEIPT,2,49,51,
TXN_005165,2024-07-31 17:34:00,PART_0180,RECEIPT,2,4,6,
TXN_005166,2024-09-13 00:19:00,PART_0172,RECEIPT,6,11,17,
TXN_005167,2025-09-07 08:23:00,PART_0170,RECEIPT,2,34,36,
TXN_005168,2024-07-26 17:09:00,PART_0050,RECEIPT,5,14,19,
TXN_005169,2024-04-07 20:26:00,PART_0291,RECEIPT,4,81,85,
TXN_005170,2024-08-10 13:28:00,PART_0123,ISSUE,1,27,26,WO_01743
TXN_005171,2025-01-12 19:56:00,PART_0089,RECEIPT,5,12,17,
TXN_005172,2025-07-14 09:48:00,PART_0280,ISSUE,8,46,38,WO_07426
TXN_005173,2024-02-26 16:22:00,PART_0002,ISSUE,3,21,18,WO_07880
TXN_005174,2025-01-02 02:51:00,PART_0297,RECEIPT,8,19,27,
TXN_005175,2024-09-15 04:04:00,PART_0104,RECEIPT,2,25,27,
TXN_005176,2024-04-05 06:05:00,PART_0058,ISSUE,3,3,0,WO_06263
TXN_005177,2024-02-08 10:51:00,PART_0030,RECEIPT,5,44,49,
TXN_005178,2025-07-12 23:54:00,PART_0281,ISSUE,8,14,6,WO_01717
TXN_005179,2024-08-23 08:27:00,PART_0093,ISSUE,2,21,19,WO_06483
TXN_005180,2025-01-05 14:37:00,PART_0062,RECEIPT,8,0,8,
TXN_005181,2024-12-25 09:56:00,PART_0124,RECEIPT,1,0,1,
TXN_005182,2025-04-18 19:24:00,PART_0223,ISSUE,1,15,14,WO_09052
TXN_005183,2025-06-11 12:00:00,PART_0030,ISSUE,2,49,47,WO_00409
TXN_005184,2024-07-01 21:45:00,PART_0088,ADJUSTMENT,8,8,0,
TXN_005185,2025-06-20 09:48:00,PART_0194,ISSUE,7,38,31,WO_01063
TXN_005186,2025-08-14 10:32:00,PART_0230,ISSUE,3,3,0,WO_00215
TXN_005187,2025-08-31 09:39:00,PART_0118,RECEIPT,6,44,50,
TXN_005188,2024-11-03 13:05:00,PART_0165,RECEIPT,8,0,8,
TXN_005189,2024-01-25 20:35:00,PART_0198,ISSUE,4,19,15,WO_02903
TXN_005190,2024-09-12 07:37:00,PART_0081,RECEIPT,3,3,6,
TXN_005191,2025-02-13 05:12:00,PART_0027,RECEIPT,8,22,30,
TXN_005192,2024-12-27 07:26:00,PART_0041,RECEIPT,3,14,17,
TXN_005193,2024-06-15 02:47:00,PART_0141,ISSUE,7,7,0,WO_04490
TXN_005194,2025-01-31 14:15:00,PART_0071,ISSUE,7,7,0,WO_08698
TXN_005195,2024-10-22 22:45:00,PART_0091,RECEIPT,7,30,37,
TXN_005196,2025-01-17 20:48:00,PART_0014,RECEIPT,5,0,5,
TXN_005197,2024-07-24 15:34:00,PART_0275,ISSUE,6,22,16,WO_05208
TXN_005198,2025-05-08 13:31:00,PART_0280,ISSUE,2,38,36,WO_05662
TXN_005199,2024-11-05 11:35:00,PART_0116,ISSUE,1,0,0,WO_02105
TXN_005200,2024-10-26 17:15:00,PART_0236,ISSUE,6,15,9,WO_08522
TXN_005201,2025-04-10 02:14:00,PART_0158,RECEIPT,7,5,12,
TXN_005202,2024-09-21 07:08:00,PART_0211,ISSUE,1,37,36,WO_09979
TXN_005203,2025-08-18 10:06:00,PART_0223,ISSUE,4,14,10,WO_08340
TXN_005204,2024-12-08 09:35:00,PART_0077,RECEIPT,1,33,34,
TXN_005205,2024-06-17 15:55:00,PART_0237,RECEIPT,1,41,42,
TXN_005206,2025-07-16 05:00:00,PART_0249,ISSUE,4,31,27,WO_06739
TXN_005207,2024-11-13 02:04:00,PART_0091,RECEIPT,2,37,39,
TXN_005208,2024-05-01 21:40:00,PART_0079,ISSUE,3,3,0,WO_07696
TXN_005209,2024-08-06 13:50:00,PART_0281,ISSUE,6,6,0,WO_07545
TXN_005210,2025-02-13 22:53:00,PART_0152,RECEIPT,1,3,4,
TXN_005211,2024-02-25 23:42:00,PART_0125,RECEIPT,3,22,25,
TXN_005212,2025-03-23 22:01:00,PART_0196,RECEIPT,6,21,27,
TXN_005213,2024-03-04 00:50:00,PART_0013,ISSUE,1,45,44,WO_02961
TXN_005214,2024-05-04 10:31:00,PART_0159,ISSUE,1,0,0,WO_07833
TXN_005215,2025-01-19 16:12:00,PART_0093,ISSUE,1,19,18,WO_01852
TXN_005216,2024-02-04 09:12:00,PART_0058,ISSUE,1,0,0,WO_04155
TXN_005217,2025-06-29 16:39:00,PART_0028,ISSUE,5,5,0,WO_07595
TXN_005218,2025-07-18 19:58:00,PART_0107,RECEIPT,4,0,4,
TXN_005219,2024-05-06 10:44:00,PART_0016,RECEIPT,7,9,16,
TXN_005220,2024-04-23 05:19:00,PART_0004,ISSUE,1,0,0,WO_01352
TXN_005221,2024-12-08 00:11:00,PART_0230,RECEIPT,4,0,4,
TXN_005222,2024-08-25 21:21:00,PART_0270,ISSUE,6,12,6,WO_04486
TXN_005223,2024-12-28 20:58:00,PART_0292,ISSUE,7,25,18,WO_03709
TXN_005224,2025-01-02 14:40:00,PART_0220,ISSUE,2,19,17,WO_00182
TXN_005225,2024-07-20 16:23:00,PART_0013,ISSUE,2,44,42,WO_06319
TXN_005226,2025-03-15 06:58:00,PART_0136,RECEIPT,8,7,15,
TXN_005227,2025-02-27 16:42:00,PART_0226,RECEIPT,7,51,58,
TXN_005228,2025-04-08 03:52:00,PART_0300,ISSUE,2,25,23,WO_04673
TXN_005229,2024-02-23 00:57:00,PART_0270,RECEIPT,2,6,8,
TXN_005230,2024-04-24 13:02:00,PART_0004,ISSUE,1,0,0,WO_01308
TXN_005231,2025-02-11 09:51:00,PART_0251,RECEIPT,5,27,32,
TXN_005232,2024-08-31 20:51:00,PART_0209,ISSUE,2,7,5,WO_07835
TXN_005233,2024-08-26 23:43:00,PART_0297,RECEIPT,7,27,34,
TXN_005234,2024-11-19 14:40:00,PART_0061,ISSUE,5,10,5,WO_02136
TXN_005235,2025-02-24 07:06:00,PART_0237,RECEIPT,6,42,48,
TXN_005236,2024-06-20 03:38:00,PART_0140,ISSUE,2,2,0,WO_09431
TXN_005237,2024-04-26 19:59:00,PART_0143,ADJUSTMENT,2,46,48,
TXN_005238,2025-03-15 08:28:00,PART_0110,ISSUE,2,13,11,WO_06058
TXN_005239,2024-01-08 22:01:00,PART_0004,ISSUE,1,0,0,WO_02544
TXN_005240,2025-01-18 00:42:00,PART_0269,ISSUE,2,13,11,WO_06706
TXN_005241,2024-02-15 04:07:00,PART_0279,RECEIPT,8,12,20,
TXN_005242,2024-12-25 23:18:00,PART_0204,RECEIPT,3,21,24,
TXN_005243,2024-09-09 16:32:00,PART_0234,RECEIPT,1,0,1,
TXN_005244,2024-01-04 05:20:00,PART_0263,ISSUE,8,63,55,WO_00537
TXN_005245,2025-04-26 23:14:00,PART_0239,RECEIPT,7,47,54,
TXN_005246,2025-03-04 15:19:00,PART_0287,RECEIPT,3,45,48,
TXN_005247,2024-01-08 22:07:00,PART_0010,ISSUE,1,19,18,WO_01009
TXN_005248,2025-04-27 19:28:00,PART_0068,RECEIPT,3,37,40,
TXN_005249,2025-02-10 03:34:00,PART_0201,ISSUE,1,23,22,WO_08533
TXN_005250,2025-05-02 04:16:00,PART_0147,ISSUE,6,6,0,WO_00969
TXN_005251,2024-06-08 09:05:00,PART_0134,ISSUE,4,40,36,WO_03714
TXN_005252,2025-06-25 10:19:00,PART_0224,ISSUE,3,28,25,WO_04726
TXN_005253,2025-05-27 02:42:00,PART_0021,RECEIPT,2,50,52,
TXN_005254,2025-02-17 10:58:00,PART_0259,RECEIPT,8,12,20,
TXN_005255,2025-05-30 15:17:00,PART_0242,ADJUSTMENT,2,25,23,
TXN_005256,2024-12-31 11:36:00,PART_0020,ISSUE,7,7,0,WO_05338
TXN_005257,2024-08-18 10:37:00,PART_0234,RECEIPT,7,1,8,
TXN_005258,2024-05-12 22:22:00,PART_0250,RECEIPT,4,0,4,
TXN_005259,2025-08-25 17:42:00,PART_0285,ISSUE,5,48,43,WO_09901
TXN_005260,2024-12-02 17:04:00,PART_0156,ADJUSTMENT,4,1,0,
TXN_005261,2025-04-09 18:31:00,PART_0096,ISSUE,3,80,77,WO_05879
TXN_005262,2024-10-31 09:11:00,PART_0055,ISSUE,3,37,34,WO_06752
TXN_005263,2025-09-10 15:55:00,PART_0288,RECEIPT,5,8,13,
TXN_005264,2025-03-14 14:46:00,PART_0138,ISSUE,2,30,28,WO_04989
TXN_005265,2025-01-05 19:27:00,PART_0155,RECEIPT,2,29,31,
TXN_005266,2025-03-23 10:04:00,PART_0158,ISSUE,2,12,10,WO_00976
TXN_005267,2025-04-08 00:38:00,PART_0292,ISSUE,1,18,17,WO_04975
TXN_005268,2024-05-25 21:50:00,PART_0297,ISSUE,8,34,26,WO_06162
TXN_005269,2024-05-27 01:19:00,PART_0230,RECEIPT,7,4,11,
TXN_005270,2024-11-03 10:55:00,PART_0106,ISSUE,1,12,11,WO_02793
TXN_005271,2025-06-15 08:50:00,PART_0074,ISSUE,1,8,7,WO_00194
TXN_005272,2024-03-20 03:58:00,PART_0284,RECEIPT,6,0,6,
TXN_005273,2025-06-07 11:19:00,PART_0098,RECEIPT,1,32,33,
TXN_005274,2024-09-30 00:43:00,PART_0060,ADJUSTMENT,5,0,0,
TXN_005275,2024-12-08 21:18:00,PART_0250,ISSUE,4,4,0,WO_05983
TXN_005276,2024-06-28 09:00:00,PART_0268,ISSUE,3,26,23,WO_07588
TXN_005277,2024-10-25 18:35:00,PART_0252,ISSUE,4,8,4,WO_04707
TXN_005278,2024-12-16 13:16:00,PART_0175,RECEIPT,5,67,72,
TXN_005279,2025-07-07 22:27:00,PART_0068,ISSUE,6,40,34,WO_09712
TXN_005280,2025-05-07 18:51:00,PART_0047,ISSUE,7,43,36,WO_05577
TXN_005281,2024-05-16 15:34:00,PART_0076,RECEIPT,6,49,55,
TXN_005282,2025-07-17 06:56:00,PART_0290,RECEIPT,8,18,26,
TXN_005283,2024-11-17 16:56:00,PART_0116,ISSUE,1,0,0,WO_09024
TXN_005284,2024-10-03 04:30:00,PART_0247,ISSUE,1,31,30,WO_03186
TXN_005285,2024-09-19 05:04:00,PART_0110,RECEIPT,6,11,17,
TXN_005286,2025-06-27 20:12:00,PART_0154,RECEIPT,8,16,24,
TXN_005287,2024-08-05 10:57:00,PART_0238,RECEIPT,1,0,1,
TXN_005288,2024-03-16 23:29:00,PART_0059,RECEIPT,1,5,6,
TXN_005289,2024-06-11 12:46:00,PART_0267,RECEIPT,3,37,40,
TXN_005290,2025-05-13 05:46:00,PART_0185,ISSUE,7,65,58,WO_05419
TXN_005291,2025-07-27 00:07:00,PART_0029,RECEIPT,7,35,42,
TXN_005292,2024-07-01 02:14:00,PART_0181,RECEIPT,6,21,27,
TXN_005293,2025-04-13 16:56:00,PART_0259,ISSUE,6,20,14,WO_02748
TXN_005294,2024-12-15 08:06:00,PART_0049,ISSUE,1,0,0,WO_04640
TXN_005295,2024-09-20 09:49:00,PART_0056,RECEIPT,3,22,25,
TXN_005296,2025-05-21 09:31:00,PART_0271,ISSUE,7,14,7,WO_04866
TXN_005297,2025-04-11 13:38:00,PART_0189,RECEIPT,1,15,16,
TXN_005298,2025-04-09 09:08:00,PART_0071,RECEIPT,7,0,7,
TXN_005299,2025-04-25 10:51:00,PART_0110,ISSUE,4,17,13,WO_02202
TXN_005300,2025-01-13 19:32:00,PART_0045,ISSUE,1,0,0,WO_04111
TXN_005301,2025-07-26 20:53:00,PART_0051,RECEIPT,5,40,45,
TXN_005302,2025-07-30 10:12:00,PART_0120,RECEIPT,1,11,12,
TXN_005303,2024-02-23 19:01:00,PART_0196,RECEIPT,6,27,33,
TXN_005304,2024-06-08 21:47:00,PART_0071,RECEIPT,8,7,15,
TXN_005305,2025-01-02 16:38:00,PART_0078,RECEIPT,5,15,20,
TXN_005306,2024-06-19 18:10:00,PART_0222,ISSUE,4,51,47,WO_00645
TXN_005307,2025-08-23 08:24:00,PART_0200,ISSUE,4,9,5,WO_08462
TXN_005308,2025-02-04 17:34:00,PART_0255,ISSUE,1,0,0,WO_04109
TXN_005309,2025-03-14 11:39:00,PART_0203,RECEIPT,4,24,28,
TXN_005310,2024-02-17 18:39:00,PART_0241,RECEIPT,5,28,33,
TXN_005311,2024-05-14 19:27:00,PART_0202,RECEIPT,6,70,76,
TXN_005312,2025-07-06 11:57:00,PART_0294,ISSUE,2,13,11,WO_08863
TXN_005313,2024-12-01 00:08:00,PART_0276,ISSUE,4,38,34,WO_07053
TXN_005314,2025-06-30 03:55:00,PART_0257,ISSUE,3,46,43,WO_06630
TXN_005315,2024-01-14 01:44:00,PART_0160,RECEIPT,8,29,37,
TXN_005316,2025-06-13 22:31:00,PART_0053,RECEIPT,7,5,12,
TXN_005317,2025-06-20 08:05:00,PART_0039,RECEIPT,2,17,19,
TXN_005318,2024-11-19 00:26:00,PART_0258,RECEIPT,3,0,3,
TXN_005319,2025-01-27 23:52:00,PART_0133,ISSUE,3,29,26,WO_09886
TXN_005320,2024-03-11 16:52:00,PART_0106,RECEIPT,5,11,16,
TXN_005321,2025-01-06 02:49:00,PART_0057,ISSUE,2,6,4,WO_03607
TXN_005322,2025-08-02 12:39:00,PART_0051,ISSUE,2,45,43,WO_01353
TXN_005323,2024-09-24 01:46:00,PART_0107,RECEIPT,5,4,9,
TXN_005324,2025-03-27 19:26:00,PART_0047,ISSUE,3,36,33,WO_01320
TXN_005325,2024-10-14 00:52:00,PART_0107,ISSUE,7,9,2,WO_04092
TXN_005326,2024-06-18 17:33:00,PART_0056,ISSUE,1,25,24,WO_04064
TXN_005327,2025-06-29 08:09:00,PART_0098,RECEIPT,3,33,36,
TXN_005328,2024-08-01 00:35:00,PART_0142,ISSUE,5,9,4,WO_00735
TXN_005329,2024-05-09 18:28:00,PART_0068,RECEIPT,1,34,35,
TXN_005330,2024-12-09 12:14:00,PART_0139,RECEIPT,7,19,26,
TXN_005331,2025-07-27 04:23:00,PART_0001,RECEIPT,1,9,10,
TXN_005332,2024-11-17 06:59:00,PART_0282,RECEIPT,1,87,88,
TXN_005333,2024-07-14 15:44:00,PART_0181,RECEIPT,4,27,31,
TXN_005334,2024-03-10 02:20:00,PART_0264,RECEIPT,1,0,1,
TXN_005335,2024-08-28 15:34:00,PART_0167,RECEIPT,7,37,44,
TXN_005336,2025-05-23 12:26:00,PART_0129,ISSUE,5,79,74,WO_02540
TXN_005337,2025-02-07 14:32:00,PART_0250,ISSUE,1,0,0,WO_01023
TXN_005338,2025-09-10 18:08:00,PART_0193,ISSUE,1,5,4,WO_05025
TXN_005339,2025-03-19 17:24:00,PART_0007,ADJUSTMENT,3,14,11,
TXN_005340,2024-01-31 01:06:00,PART_0237,ISSUE,5,48,43,WO_04580
TXN_005341,2024-06-06 19:41:00,PART_0068,RECEIPT,2,35,37,
TXN_005342,2025-01-21 14:39:00,PART_0110,ISSUE,8,13,5,WO_09127
TXN_005343,2025-08-22 16:37:00,PART_0163,RECEIPT,3,24,27,
TXN_005344,2024-10-11 18:04:00,PART_0077,RECEIPT,2,34,36,
TXN_005345,2025-08-11 08:46:00,PART_0239,RECEIPT,1,54,55,
TXN_005346,2025-01-20 11:59:00,PART_0261,RECEIPT,8,59,67,
TXN_005347,2024-06-04 19:01:00,PART_0230,RECEIPT,7,11,18,
TXN_005348,2025-02-15 08:53:00,PART_0194,RECEIPT,1,31,32,
TXN_005349,2024-03-22 16:24:00,PART_0051,ISSUE,3,43,40,WO_04556
TXN_005350,2024-10-14 13:06:00,PART_0129,RECEIPT,7,74,81,
TXN_005351,2024-01-03 19:01:00,PART_0051,RECEIPT,5,40,45,
TXN_005352,2025-06-07 06:53:00,PART_0110,ISSUE,5,5,0,WO_02076
TXN_005353,2025-03-14 05:36:00,PART_0223,ISSUE,5,10,5,WO_02673
TXN_005354,2024-09-08 17:57:00,PART_0214,ISSUE,1,0,0,WO_01447
TXN_005355,2024-06-15 15:27:00,PART_0096,ISSUE,4,77,73,WO_04887
TXN_005356,2024-08-13 11:52:00,PART_0244,ISSUE,5,53,48,WO_09082
TXN_005357,2024-07-19 01:34:00,PART_0196,RECEIPT,1,33,34,
TXN_005358,2024-06-27 22:06:00,PART_0226,RECEIPT,4,58,62,
TXN_005359,2025-08-02 21:15:00,PART_0173,ISSUE,2,2,0,WO_08615
TXN_005360,2025-06-02 00:47:00,PART_0283,ISSUE,2,7,5,WO_03773
TXN_005361,2024-08-24 23:29:00,PART_0053,RECEIPT,7,12,19,
TXN_005362,2025-03-23 04:00:00,PART_0277,ADJUSTMENT,8,18,10,
TXN_005363,2025-01-03 00:16:00,PART_0188,RECEIPT,5,1,6,
TXN_005364,2024-03-03 16:03:00,PART_0240,ISSUE,1,0,0,WO_07412
TXN_005365,2024-03-07 10:57:00,PART_0181,ISSUE,2,31,29,WO_03684
TXN_005366,2024-02-14 10:54:00,PART_0225,ISSUE,3,22,19,WO_02643
TXN_005367,2024-12-22 18:56:00,PART_0206,ADJUSTMENT,8,13,21,
TXN_005368,2024-11-08 18:40:00,PART_0171,ADJUSTMENT,1,16,17,
TXN_005369,2024-11-12 17:33:00,PART_0103,ISSUE,4,4,0,WO_04326
TXN_005370,2025-06-16 11:20:00,PART_0229,RECEIPT,3,3,6,
TXN_005371,2024-02-16 17:40:00,PART_0250,RECEIPT,5,0,5,
TXN_005372,2024-03-23 22:42:00,PART_0037,ISSUE,4,25,21,WO_07088
TXN_005373,2025-03-11 14:41:00,PART_0161,ISSUE,1,1,0,WO_05537
TXN_005374,2025-03-31 03:43:00,PART_0245,RECEIPT,3,26,29,
TXN_005375,2025-07-07 19:17:00,PART_0233,ISSUE,3,34,31,WO_03048
TXN_005376,2025-07-08 10:00:00,PART_0215,ISSUE,1,0,0,WO_03769
TXN_005377,2024-03-09 17:51:00,PART_0213,ISSUE,2,12,10,WO_00396
TXN_005378,2024-01-23 04:25:00,PART_0209,ISSUE,2,5,3,WO_02405
TXN_005379,2025-06-30 17:19:00,PART_0206,RECEIPT,6,21,27,
TXN_005380,2024-07-23 21:54:00,PART_0031,ISSUE,5,27,22,WO_06632
TXN_005381,2025-06-17 15:49:00,PART_0188,ISSUE,6,6,0,WO_04762
TXN_005382,2025-05-11 14:11:00,PART_0114,RECEIPT,1,34,35,
TXN_005383,2025-03-18 03:09:00,PART_0259,ISSUE,6,14,8,WO_09936
TXN_005384,2025-07-27 03:43:00,PART_0177,RECEIPT,7,0,7,
TXN_005385,2025-03-23 10:13:00,PART_0074,ADJUSTMENT,4,7,3,
TXN_005386,2025-02-13 09:55:00,PART_0100,RECEIPT,6,28,34,
TXN_005387,2025-03-05 21:40:00,PART_0020,ISSUE,1,0,0,WO_04835
TXN_005388,2025-01-30 05:06:00,PART_0192,RECEIPT,8,23,31,
TXN_005389,2024-04-04 15:11:00,PART_0215,RECEIPT,7,0,7,
TXN_005390,2024-06-08 02:34:00,PART_0269,ISSUE,2,11,9,WO_01639
TXN_005391,2025-08-14 17:32:00,PART_0252,ISSUE,4,4,0,WO_08560
TXN_005392,2024-06-18 15:10:00,PART_0262,RECEIPT,7,61,68,
TXN_005393,2024-02-02 05:41:00,PART_0272,RECEIPT,4,46,50,
TXN_005394,2025-08-02 01:55:00,PART_0205,ISSUE,2,30,28,WO_01081
TXN_005395,2024-06-13 22:27:00,PART_0105,RECEIPT,2,79,81,
TXN_005396,2025-07-19 04:00:00,PART_0052,ISSUE,6,22,16,WO_00444
TXN_005397,2025-02-25 02:37:00,PART_0039,ISSUE,1,19,18,WO_08556
TXN_005398,2025-01-07 08:05:00,PART_0054,RECEIPT,8,47,55,
TXN_005399,2025-02-24 19:55:00,PART_0272,RECEIPT,7,50,57,
TXN_005400,2024-02-06 07:51:00,PART_0150,RECEIPT,3,11,14,
TXN_005401,2024-09-29 10:44:00,PART_0112,ISSUE,1,44,43,WO_01531
TXN_005402,2025-07-11 20:22:00,PART_0146,RECEIPT,8,26,34,
TXN_005403,2024-08-31 13:30:00,PART_0168,RECEIPT,2,71,73,
TXN_005404,2025-01-20 00:49:00,PART_0248,RECEIPT,3,41,44,
TXN_005405,2024-02-21 03:51:00,PART_0057,ISSUE,4,4,0,WO_04027
TXN_005406,2025-02-04 09:12:00,PART_0114,ISSUE,6,35,29,WO_01508
TXN_005407,2024-11-28 10:44:00,PART_0254,RECEIPT,3,39,42,
TXN_005408,2024-04-07 16:27:00,PART_0236,ISSUE,7,9,2,WO_01308
TXN_005409,2025-05-18 17:51:00,PART_0297,ISSUE,8,26,18,WO_04972
TXN_005410,2024-10-02 06:42:00,PART_0105,RECEIPT,8,81,89,
TXN_005411,2024-11-28 02:53:00,PART_0025,RECEIPT,4,38,42,
TXN_005412,2025-07-15 05:46:00,PART_0070,ISSUE,1,28,27,WO_05980
TXN_005413,2025-09-14 08:18:00,PART_0246,ISSUE,8,15,7,WO_00574
TXN_005414,2025-02-05 03:00:00,PART_0043,RECEIPT,3,27,30,
TXN_005415,2025-07-22 01:39:00,PART_0232,ISSUE,6,7,1,WO_05551
TXN_005416,2025-02-13 01:23:00,PART_0104,ISSUE,2,27,25,WO_05008
TXN_005417,2024-06-26 11:52:00,PART_0222,ISSUE,2,47,45,WO_04958
TXN_005418,2025-03-05 08:33:00,PART_0171,RECEIPT,6,17,23,
TXN_005419,2024-12-16 08:40:00,PART_0083,ISSUE,5,15,10,WO_05590
TXN_005420,2025-04-26 14:07:00,PART_0098,ISSUE,1,36,35,WO_02688
TXN_005421,2024-01-14 15:25:00,PART_0270,ISSUE,7,8,1,WO_03210
TXN_005422,2024-03-13 18:56:00,PART_0246,ISSUE,7,7,0,WO_07105
TXN_005423,2024-01-21 02:01:00,PART_0105,ISSUE,2,89,87,WO_00079
TXN_005424,2024-01-12 23:32:00,PART_0172,RECEIPT,5,17,22,
TXN_005425,2024-07-22 23:45:00,PART_0200,RECEIPT,8,5,13,
TXN_005426,2025-01-15 04:01:00,PART_0126,RECEIPT,2,8,10,
TXN_005427,2024-10-20 10:52:00,PART_0252,ISSUE,1,0,0,WO_02048
TXN_005428,2025-06-05 07:23:00,PART_0088,ISSUE,1,0,0,WO_06953
TXN_005429,2025-03-18 17:01:00,PART_0122,ADJUSTMENT,1,9,8,
TXN_005430,2024-02-24 07:46:00,PART_0195,RECEIPT,1,23,24,
TXN_005431,2024-03-11 19:56:00,PART_0089,RECEIPT,5,17,22,
TXN_005432,2025-03-17 01:30:00,PART_0267,ISSUE,2,40,38,WO_01195
TXN_005433,2024-11-28 13:25:00,PART_0183,ISSUE,7,39,32,WO_07990
TXN_005434,2025-03-27 04:14:00,PART_0080,ISSUE,5,12,7,WO_02241
TXN_005435,2024-03-16 11:27:00,PART_0207,ISSUE,4,37,33,WO_03105
TXN_005436,2025-04-09 00:29:00,PART_0078,RECEIPT,3,20,23,
TXN_005437,2024-10-11 00:05:00,PART_0268,RECEIPT,5,23,28,
TXN_005438,2024-03-12 22:15:00,PART_0270,ISSUE,1,1,0,WO_09476
TXN_005439,2024-11-28 19:32:00,PART_0253,ISSUE,4,10,6,WO_03402
TXN_005440,2024-12-12 10:10:00,PART_0017,RECEIPT,6,0,6,
TXN_005441,2024-09-04 07:43:00,PART_0139,ISSUE,6,26,20,WO_07837
TXN_005442,2024-05-12 10:03:00,PART_0054,ISSUE,2,55,53,WO_09553
TXN_005443,2024-11-28 06:36:00,PART_0230,RECEIPT,2,18,20,
TXN_005444,2025-06-22 01:39:00,PART_0021,RECEIPT,8,52,60,
TXN_005445,2024-09-22 17:24:00,PART_0187,RECEIPT,4,44,48,
TXN_005446,2025-06-21 17:03:00,PART_0235,ISSUE,8,55,47,WO_07455
TXN_005447,2024-10-01 09:02:00,PART_0075,ISSUE,6,29,23,WO_06554
TXN_005448,2025-08-30 19:25:00,PART_0028,RECEIPT,1,0,1,
TXN_005449,2024-09-21 00:35:00,PART_0271,RECEIPT,6,7,13,
TXN_005450,2024-04-30 15:58:00,PART_0044,ISSUE,3,29,26,WO_09363
TXN_005451,2025-01-05 02:43:00,PART_0088,ISSUE,1,0,0,WO_07789
TXN_005452,2024-10-25 18:52:00,PART_0200,ISSUE,7,13,6,WO_00013
TXN_005453,2024-12-17 11:03:00,PART_0228,ISSUE,4,9,5,WO_07669
TXN_005454,2024-04-10 22:23:00,PART_0024,ISSUE,7,48,41,WO_03321
TXN_005455,2025-01-25 01:32:00,PART_0062,RECEIPT,4,8,12,
TXN_005456,2025-03-17 13:01:00,PART_0245,ISSUE,5,29,24,WO_04695
TXN_005457,2025-04-28 02:15:00,PART_0272,RECEIPT,5,57,62,
TXN_005458,2024-12-18 00:04:00,PART_0065,RECEIPT,2,22,24,
TXN_005459,2025-06-15 07:17:00,PART_0201,ADJUSTMENT,5,22,27,
TXN_005460,2024-04-26 01:01:00,PART_0289,ISSUE,7,54,47,WO_09544
TXN_005461,2024-11-15 00:52:00,PART_0123,ISSUE,7,26,19,WO_06480
TXN_005462,2025-03-18 06:24:00,PART_0020,RECEIPT,3,0,3,
TXN_005463,2024-09-22 02:58:00,PART_0270,ISSUE,1,0,0,WO_03993
TXN_005464,2024-04-15 19:54:00,PART_0281,ISSUE,1,0,0,WO_06917
TXN_005465,2024-11-16 22:35:00,PART_0060,ISSUE,1,0,0,WO_08947
TXN_005466,2025-09-12 15:18:00,PART_0095,RECEIPT,4,33,37,
TXN_005467,2025-04-11 23:14:00,PART_0297,RECEIPT,5,18,23,
TXN_005468,2024-11-25 20:22:00,PART_0265,ISSUE,1,0,0,WO_00681
TXN_005469,2025-06-08 10:24:00,PART_0068,RECEIPT,1,37,38,
TXN_005470,2025-08-05 20:11:00,PART_0208,RECEIPT,5,7,12,
TXN_005471,2025-06-11 03:41:00,PART_0269,RECEIPT,3,9,12,
TXN_005472,2025-01-15 01:28:00,PART_0071,RECEIPT,1,15,16,
TXN_005473,2025-05-27 23:57:00,PART_0255,ISSUE,1,0,0,WO_02435
TXN_005474,2025-04-12 05:18:00,PART_0152,ISSUE,4,4,0,WO_04731
TXN_005475,2025-09-01 21:35:00,PART_0060,ADJUSTMENT,3,0,3,
TXN_005476,2024-07-16 05:37:00,PART_0079,ISSUE,1,0,0,WO_01779
TXN_005477,2024-08-14 02:32:00,PART_0028,ISSUE,1,1,0,WO_05084
TXN_005478,2024-06-01 10:54:00,PART_0052,ISSUE,6,16,10,WO_09788
TXN_005479,2024-11-21 06:30:00,PART_0245,ADJUSTMENT,7,24,31,
TXN_005480,2025-06-05 23:54:00,PART_0099,ISSUE,6,33,27,WO_06256
TXN_005481,2025-02-16 16:58:00,PART_0261,ISSUE,7,67,60,WO_02866
TXN_005482,2025-07-13 06:49:00,PART_0265,ISSUE,1,0,0,WO_00391
TXN_005483,2024-04-17 09:44:00,PART_0024,ISSUE,2,41,39,WO_00245
TXN_005484,2025-01-06 02:25:00,PART_0037,RECEIPT,8,21,29,
TXN_005485,2025-02-07 21:25:00,PART_0300,ISSUE,8,23,15,WO_09264
TXN_005486,2024-04-22 05:20:00,PART_0201,RECEIPT,3,27,30,
TXN_005487,2025-06-16 13:32:00,PART_0116,RECEIPT,7,0,7,
TXN_005488,2024-09-25 18:49:00,PART_0040,RECEIPT,5,8,13,
TXN_005489,2025-02-10 13:53:00,PART_0235,ADJUSTMENT,6,47,41,
TXN_005490,2025-08-27 07:46:00,PART_0296,RECEIPT,2,19,21,
TXN_005491,2025-05-12 06:39:00,PART_0155,ISSUE,4,31,27,WO_05022
TXN_005492,2024-12-03 13:33:00,PART_0130,ISSUE,5,5,0,WO_05932
TXN_005493,2024-05-19 18:04:00,PART_0174,RECEIPT,4,0,4,
TXN_005494,2024-12-02 16:43:00,PART_0053,ISSUE,3,19,16,WO_09592
TXN_005495,2025-07-06 02:37:00,PART_0172,RECEIPT,3,22,25,
TXN_005496,2024-10-06 17:28:00,PART_0295,RECEIPT,2,52,54,
TXN_005497,2025-07-21 16:35:00,PART_0128,ISSUE,1,1,0,WO_02425
TXN_005498,2024-03-18 09:28:00,PART_0286,ISSUE,8,26,18,WO_04174
TXN_005499,2024-02-08 00:45:00,PART_0150,ISSUE,8,14,6,WO_08855
TXN_005500,2024-03-28 17:02:00,PART_0027,RECEIPT,8,30,38,
TXN_005501,2025-01-18 12:36:00,PART_0024,RECEIPT,2,39,41,
TXN_005502,2024-03-20 03:28:00,PART_0227,ISSUE,4,39,35,WO_03442
TXN_005503,2024-08-01 07:05:00,PART_0299,ISSUE,3,3,0,WO_02483
TXN_005504,2024-01-26 17:33:00,PART_0252,RECEIPT,7,0,7,
TXN_005505,2025-01-27 19:31:00,PART_0230,ISSUE,6,20,14,WO_06859
TXN_005506,2025-05-13 06:14:00,PART_0173,RECEIPT,3,0,3,
TXN_005507,2024-02-20 07:56:00,PART_0116,RECEIPT,3,7,10,
TXN_005508,2025-03-02 18:26:00,PART_0251,ISSUE,5,32,27,WO_05465
TXN_005509,2024-03-10 23:39:00,PART_0043,ISSUE,3,30,27,WO_02692
TXN_005510,2025-01-09 23:12:00,PART_0242,RECEIPT,7,23,30,
TXN_005511,2025-02-21 23:48:00,PART_0116,ISSUE,3,10,7,WO_03288
TXN_005512,2024-11-30 17:41:00,PART_0054,RECEIPT,5,53,58,
TXN_005513,2024-01-29 15:21:00,PART_0286,ISSUE,6,18,12,WO_00072
TXN_005514,2024-10-01 02:28:00,PART_0181,RECEIPT,1,29,30,
TXN_005515,2024-04-11 17:19:00,PART_0090,ISSUE,4,26,22,WO_00181
TXN_005516,2025-03-01 05:00:00,PART_0276,ISSUE,6,34,28,WO_08258
TXN_005517,2025-01-18 06:46:00,PART_0225,ISSUE,6,19,13,WO_09140
TXN_005518,2025-01-21 13:26:00,PART_0052,ISSUE,4,10,6,WO_05117
TXN_005519,2024-08-22 02:44:00,PART_0054,RECEIPT,3,58,61,
TXN_005520,2024-03-06 00:19:00,PART_0023,ISSUE,1,16,15,WO_05938
TXN_005521,2024-01-19 06:23:00,PART_0188,ISSUE,1,0,0,WO_05986
TXN_005522,2024-09-28 06:30:00,PART_0136,ISSUE,1,15,14,WO_09519
TXN_005523,2024-04-03 22:39:00,PART_0208,ISSUE,6,12,6,WO_08913
TXN_005524,2025-04-26 17:41:00,PART_0213,RECEIPT,3,10,13,
TXN_005525,2024-11-05 15:47:00,PART_0012,RECEIPT,8,28,36,
TXN_005526,2025-07-03 01:42:00,PART_0078,ISSUE,1,23,22,WO_05344
TXN_005527,2025-01-23 01:58:00,PART_0161,RECEIPT,2,0,2,
TXN_005528,2024-04-12 02:28:00,PART_0146,ISSUE,2,34,32,WO_05277
TXN_005529,2024-05-25 12:09:00,PART_0162,ISSUE,5,20,15,WO_03488
TXN_005530,2024-07-29 20:58:00,PART_0106,RECEIPT,2,16,18,
TXN_005531,2025-08-27 04:45:00,PART_0282,ISSUE,5,88,83,WO_07101
TXN_005532,2025-08-30 01:32:00,PART_0015,ISSUE,6,8,2,WO_05007
TXN_005533,2025-09-04 02:32:00,PART_0062,RECEIPT,2,12,14,
TXN_005534,2024-01-02 20:41:00,PART_0204,ISSUE,6,24,18,WO_06732
TXN_005535,2025-02-24 04:56:00,PART_0260,RECEIPT,5,0,5,
TXN_005536,2024-09-30 06:57:00,PART_0207,ISSUE,6,33,27,WO_02189
TXN_005537,2024-08-04 21:43:00,PART_0204,RECEIPT,1,18,19,
TXN_005538,2024-04-15 03:30:00,PART_0009,RECEIPT,5,48,53,
TXN_005539,2024-05-10 17:22:00,PART_0122,ISSUE,6,8,2,WO_06313
TXN_005540,2024-08-28 12:51:00,PART_0230,ISSUE,8,14,6,WO_04363
TXN_005541,2024-11-28 13:59:00,PART_0280,ISSUE,1,36,35,WO_08634
TXN_005542,2024-06-26 14:02:00,PART_0263,RECEIPT,4,55,59,
TXN_005543,2025-08-01 19:32:00,PART_0278,ISSUE,4,4,0,WO_08565
TXN_005544,2024-06-28 23:22:00,PART_0169,ISSUE,6,28,22,WO_08243
TXN_005545,2024-02-23 18:59:00,PART_0016,ISSUE,5,16,11,WO_00506
TXN_005546,2024-07-09 03:40:00,PART_0026,RECEIPT,8,17,25,
TXN_005547,2025-03-09 04:56:00,PART_0138,ISSUE,6,28,22,WO_00231
TXN_005548,2024-03-05 11:02:00,PART_0019,RECEIPT,5,0,5,
TXN_005549,2024-09-30 06:32:00,PART_0267,ISSUE,1,38,37,WO_02733
TXN_005550,2024-01-07 21:39:00,PART_0182,ISSUE,5,32,27,WO_01688
TXN_005551,2024-04-08 07:37:00,PART_0145,ISSUE,6,25,19,WO_08378
TXN_005552,2024-11-05 04:48:00,PART_0206,ADJUSTMENT,2,27,29,
TXN_005553,2025-01-23 06:26:00,PART_0157,ISSUE,2,12,10,WO_09888
TXN_005554,2024-06-23 13:52:00,PART_0260,RECEIPT,6,5,11,
TXN_005555,2024-07-14 13:09:00,PART_0186,ISSUE,3,4,1,WO_01650
TXN_005556,2025-03-11 10:41:00,PART_0050,RECEIPT,4,19,23,
TXN_005557,2024-12-27 08:32:00,PART_0279,RECEIPT,8,20,28,
TXN_005558,2025-01-10 02:37:00,PART_0219,RECEIPT,8,30,38,
TXN_005559,2024-03-04 12:30:00,PART_0097,ISSUE,1,35,34,WO_03352
TXN_005560,2025-01-15 13:53:00,PART_0296,RECEIPT,7,21,28,
TXN_005561,2024-06-04 01:45:00,PART_0120,RECEIPT,2,12,14,
TXN_005562,2024-04-05 05:23:00,PART_0047,RECEIPT,4,33,37,
TXN_005563,2024-07-21 05:18:00,PART_0190,RECEIPT,6,24,30,
TXN_005564,2025-06-02 16:07:00,PART_0062,ISSUE,3,14,11,WO_04925
TXN_005565,2025-01-20 15:12:00,PART_0084,ISSUE,1,0,0,WO_05461
TXN_005566,2024-11-25 22:16:00,PART_0024,RECEIPT,5,41,46,
TXN_005567,2025-04-17 12:47:00,PART_0034,ADJUSTMENT,3,9,12,
TXN_005568,2024-05-05 09:35:00,PART_0140,RECEIPT,5,0,5,
TXN_005569,2024-07-04 03:47:00,PART_0116,ISSUE,7,7,0,WO_06495
TXN_005570,2025-08-05 23:00:00,PART_0284,ISSUE,3,6,3,WO_04422
TXN_005571,2025-08-04 08:19:00,PART_0059,RECEIPT,3,6,9,
TXN_005572,2025-04-28 15:45:00,PART_0214,ISSUE,1,0,0,WO_00585
TXN_005573,2025-05-15 07:23:00,PART_0039,ISSUE,2,18,16,WO_00466
TXN_005574,2024-02-18 13:33:00,PART_0196,RECEIPT,4,34,38,
TXN_005575,2024-12-03 11:38:00,PART_0069,ISSUE,4,9,5,WO_01587
TXN_005576,2025-06-15 02:24:00,PART_0103,RECEIPT,5,0,5,
TXN_005577,2025-06-05 00:29:00,PART_0222,ISSUE,5,45,40,WO_09767
TXN_005578,2025-06-03 20:57:00,PART_0153,RECEIPT,3,31,34,
TXN_005579,2024-07-25 09:42:00,PART_0083,RECEIPT,8,10,18,
TXN_005580,2024-05-03 23:03:00,PART_0258,RECEIPT,6,3,9,
TXN_005581,2024-11-10 09:08:00,PART_0117,ISSUE,8,13,5,WO_00842
TXN_005582,2024-02-22 14:59:00,PART_0209,RECEIPT,6,3,9,
TXN_005583,2025-03-13 00:32:00,PART_0111,ISSUE,5,5,0,WO_07407
TXN_005584,2025-07-25 10:01:00,PART_0147,ISSUE,1,0,0,WO_04982
TXN_005585,2024-12-15 19:21:00,PART_0251,RECEIPT,2,27,29,
TXN_005586,2024-12-12 04:52:00,PART_0286,ISSUE,2,12,10,WO_04705
TXN_005587,2025-04-14 21:48:00,PART_0222,ISSUE,3,40,37,WO_07894
TXN_005588,2025-02-07 19:50:00,PART_0091,ISSUE,1,39,38,WO_06947
TXN_005589,2024-05-22 18:27:00,PART_0122,ISSUE,2,2,0,WO_04147
TXN_005590,2025-08-17 01:25:00,PART_0154,ISSUE,4,24,20,WO_07923
TXN_005591,2025-07-30 03:48:00,PART_0222,ISSUE,5,37,32,WO_07684
TXN_005592,2024-01-02 23:15:00,PART_0298,ISSUE,3,6,3,WO_00157
TXN_005593,2024-07-15 21:22:00,PART_0236,RECEIPT,1,2,3,
TXN_005594,2024-11-14 16:39:00,PART_0184,RECEIPT,4,21,25,
TXN_005595,2024-10-12 09:39:00,PART_0171,ADJUSTMENT,3,23,26,
TXN_005596,2025-07-01 23:40:00,PART_0191,ISSUE,6,11,5,WO_03470
TXN_005597,2024-11-14 16:42:00,PART_0237,ISSUE,6,43,37,WO_04561
TXN_005598,2024-03-25 17:55:00,PART_0173,RECEIPT,1,3,4,
TXN_005599,2024-12-17 02:19:00,PART_0102,RECEIPT,4,37,41,
TXN_005600,2025-08-03 15:42:00,PART_0236,ISSUE,1,3,2,WO_08720
TXN_005601,2025-04-28 18:54:00,PART_0230,ISSUE,5,6,1,WO_03654
TXN_005602,2025-07-19 13:34:00,PART_0143,ISSUE,4,48,44,WO_04847
TXN_005603,2025-04-17 01:14:00,PART_0252,RECEIPT,4,7,11,
TXN_005604,2024-07-02 15:25:00,PART_0187,RECEIPT,5,48,53,
TXN_005605,2024-10-07 03:26:00,PART_0044,RECEIPT,7,26,33,
TXN_005606,2024-10-09 02:47:00,PART_0252,RECEIPT,3,11,14,
TXN_005607,2024-08-19 05:02:00,PART_0097,RECEIPT,1,34,35,
TXN_005608,2024-01-11 17:07:00,PART_0150,ISSUE,6,6,0,WO_00732
TXN_005609,2025-04-17 04:07:00,PART_0258,RECEIPT,1,9,10,
TXN_005610,2025-01-19 06:57:00,PART_0136,RECEIPT,2,14,16,
TXN_005611,2024-03-19 18:44:00,PART_0130,RECEIPT,8,0,8,
TXN_005612,2025-06-03 22:06:00,PART_0267,ISSUE,8,37,29,WO_08555
TXN_005613,2025-01-27 16:53:00,PART_0079,ISSUE,1,0,0,WO_09856
TXN_005614,2024-10-18 18:54:00,PART_0227,ISSUE,6,35,29,WO_07043
TXN_005615,2025-08-01 17:16:00,PART_0249,ISSUE,5,27,22,WO_09125
TXN_005616,2025-05-01 00:51:00,PART_0005,ISSUE,3,14,11,WO_09879
TXN_005617,2025-03-12 06:22:00,PART_0151,ISSUE,5,20,15,WO_03894
TXN_005618,2025-05-06 14:34:00,PART_0130,RECEIPT,2,8,10,
TXN_005619,2024-01-08 07:21:00,PART_0202,ISSUE,3,76,73,WO_04547
TXN_005620,2025-01-07 08:27:00,PART_0166,RECEIPT,6,8,14,
TXN_005621,2024-02-13 04:42:00,PART_0295,ISSUE,3,54,51,WO_06027
TXN_005622,2024-07-10 23:30:00,PART_0058,ISSUE,1,0,0,WO_04299
TXN_005623,2024-09-19 14:27:00,PART_0242,ISSUE,5,30,25,WO_07904
TXN_005624,2024-07-18 17:08:00,PART_0081,RECEIPT,3,6,9,
TXN_005625,2024-05-01 07:31:00,PART_0270,RECEIPT,8,0,8,
TXN_005626,2024-04-12 10:32:00,PART_0043,ISSUE,3,27,24,WO_00585
TXN_005627,2024-06-20 12:15:00,PART_0127,ISSUE,1,0,0,WO_08357
TXN_005628,2024-09-08 11:18:00,PART_0269,ISSUE,2,12,10,WO_07284
TXN_005629,2025-01-16 04:01:00,PART_0014,ISSUE,2,5,3,WO_02819
TXN_005630,2025-03-16 02:08:00,PART_0203,RECEIPT,3,28,31,
TXN_005631,2024-01-04 15:09:00,PART_0234,RECEIPT,4,8,12,
TXN_005632,2024-06-03 10:26:00,PART_0187,RECEIPT,4,53,57,
TXN_005633,2025-05-18 05:20:00,PART_0030,ISSUE,2,47,45,WO_07417
TXN_005634,2024-03-28 18:33:00,PART_0299,RECEIPT,8,0,8,
TXN_005635,2025-04-22 05:46:00,PART_0285,ISSUE,7,43,36,WO_06326
TXN_005636,2024-05-13 22:28:00,PART_0263,ISSUE,8,59,51,WO_06750
TXN_005637,2024-08-14 14:48:00,PART_0299,RECEIPT,8,8,16,
TXN_005638,2024-08-01 22:50:00,PART_0068,ISSUE,7,38,31,WO_02129
TXN_005639,2024-08-05 00:31:00,PART_0283,ISSUE,4,5,1,WO_03131
TXN_005640,2024-12-03 09:33:00,PART_0140,RECEIPT,1,5,6,
TXN_005641,2025-01-01 14:17:00,PART_0185,ADJUSTMENT,8,58,50,
TXN_005642,2025-08-18 23:33:00,PART_0257,ISSUE,7,43,36,WO_01456
TXN_005643,2024-12-01 02:41:00,PART_0126,ISSUE,7,10,3,WO_09198
TXN_005644,2025-09-06 12:24:00,PART_0118,RECEIPT,6,50,56,
TXN_005645,2025-04-04 07:39:00,PART_0098,RECEIPT,8,35,43,
TXN_005646,2024-04-13 10:12:00,PART_0161,ISSUE,2,2,0,WO_02400
TXN_005647,2024-02-10 17:19:00,PART_0252,ISSUE,6,14,8,WO_07732
TXN_005648,2025-03-16 09:43:00,PART_0008,ADJUSTMENT,1,16,17,
TXN_005649,2024-08-12 12:25:00,PART_0109,RECEIPT,8,22,30,
TXN_005650,2024-06-27 01:18:00,PART_0200,ISSUE,6,6,0,WO_06729
TXN_005651,2024-11-01 00:06:00,PART_0032,ISSUE,1,0,0,WO_08546
TXN_005652,2025-07-02 12:22:00,PART_0038,RECEIPT,8,44,52,
TXN_005653,2024-08-05 06:14:00,PART_0249,ISSUE,1,22,21,WO_05979
TXN_005654,2025-04-04 11:53:00,PART_0155,RECEIPT,2,27,29,
TXN_005655,2025-05-02 22:06:00,PART_0252,ISSUE,4,8,4,WO_01451
TXN_005656,2024-05-27 09:11:00,PART_0276,ISSUE,8,28,20,WO_05574
TXN_005657,2024-03-08 01:34:00,PART_0148,ISSUE,6,70,64,WO_03596
TXN_005658,2025-04-01 21:06:00,PART_0236,RECEIPT,7,2,9,
TXN_005659,2025-03-09 15:39:00,PART_0145,ISSUE,8,19,11,WO_00377
TXN_005660,2024-05-30 14:24:00,PART_0039,ISSUE,1,16,15,WO_08906
TXN_005661,2025-07-21 04:48:00,PART_0266,ISSUE,2,46,44,WO_04626
TXN_005662,2024-07-02 10:56:00,PART_0126,ISSUE,3,3,0,WO_04814
TXN_005663,2024-03-26 11:30:00,PART_0135,ISSUE,7,27,20,WO_01201
TXN_005664,2024-10-11 16:38:00,PART_0232,ADJUSTMENT,5,1,0,
TXN_005665,2024-06-27 00:49:00,PART_0080,ISSUE,4,7,3,WO_07010
TXN_005666,2024-10-06 11:24:00,PART_0041,RECEIPT,4,17,21,
TXN_005667,2024-10-28 02:25:00,PART_0236,ISSUE,1,9,8,WO_05859
TXN_005668,2024-01-25 20:20:00,PART_0094,ISSUE,8,31,23,WO_08173
TXN_005669,2025-04-11 15:07:00,PART_0249,ISSUE,6,21,15,WO_06049
TXN_005670,2024-07-08 00:37:00,PART_0040,ISSUE,4,13,9,WO_06575
TXN_005671,2025-01-13 21:11:00,PART_0023,RECEIPT,6,15,21,
TXN_005672,2024-09-11 17:47:00,PART_0195,ISSUE,7,24,17,WO_08481
TXN_005673,2024-08-01 02:46:00,PART_0198,RECEIPT,1,15,16,
TXN_005674,2025-08-15 11:16:00,PART_0283,ISSUE,1,1,0,WO_09392
TXN_005675,2025-04-20 14:42:00,PART_0103,RECEIPT,6,5,11,
TXN_005676,2024-02-02 05:47:00,PART_0050,ISSUE,6,23,17,WO_04974
TXN_005677,2025-05-11 13:27:00,PART_0256,RECEIPT,6,34,40,
TXN_005678,2024-03-10 14:28:00,PART_0010,ISSUE,2,18,16,WO_08370
TXN_005679,2024-06-29 12:00:00,PART_0075,ISSUE,3,23,20,WO_00409
TXN_005680,2024-08-13 16:44:00,PART_0029,ISSUE,7,42,35,WO_05496
TXN_005681,2025-03-23 14:31:00,PART_0051,ISSUE,8,45,37,WO_02220
TXN_005682,2024-10-11 03:36:00,PART_0201,ISSUE,5,30,25,WO_08953
TXN_005683,2025-07-29 05:52:00,PART_0138,RECEIPT,5,22,27,
TXN_005684,2025-03-24 20:35:00,PART_0290,RECEIPT,3,26,29,
TXN_005685,2024-03-31 16:42:00,PART_0267,RECEIPT,3,29,32,
TXN_005686,2025-04-26 05:11:00,PART_0297,RECEIPT,7,23,30,
TXN_005687,2024-06-15 14:15:00,PART_0293,ISSUE,8,12,4,WO_08042
TXN_005688,2024-12-20 02:05:00,PART_0254,RECEIPT,4,42,46,
TXN_005689,2024-12-26 16:57:00,PART_0262,ISSUE,5,68,63,WO_04789
TXN_005690,2024-03-19 02:39:00,PART_0192,ADJUSTMENT,3,31,28,
TXN_005691,2024-05-08 22:08:00,PART_0021,ADJUSTMENT,2,60,62,
TXN_005692,2025-08-28 07:50:00,PART_0251,RECEIPT,8,29,37,
TXN_005693,2025-06-26 22:17:00,PART_0236,ISSUE,7,8,1,WO_07606
TXN_005694,2024-11-07 00:05:00,PART_0059,RECEIPT,5,9,14,
TXN_005695,2025-02-14 23:25:00,PART_0120,RECEIPT,3,14,17,
TXN_005696,2024-06-11 02:39:00,PART_0101,ISSUE,2,11,9,WO_01925
TXN_005697,2025-03-20 09:05:00,PART_0066,RECEIPT,4,41,45,
TXN_005698,2025-08-01 05:24:00,PART_0260,ISSUE,7,11,4,WO_04735
TXN_005699,2024-06-17 06:13:00,PART_0198,RECEIPT,1,16,17,
TXN_005700,2024-07-08 23:33:00,PART_0156,RECEIPT,7,0,7,
TXN_005701,2024-12-06 06:44:00,PART_0062,RECEIPT,6,11,17,
TXN_005702,2025-03-06 19:00:00,PART_0268,ISSUE,2,28,26,WO_09928
TXN_005703,2024-03-07 02:48:00,PART_0255,ISSUE,1,0,0,WO_01163
TXN_005704,2024-09-24 07:40:00,PART_0229,RECEIPT,5,6,11,
TXN_005705,2024-03-06 10:33:00,PART_0038,ISSUE,2,52,50,WO_04857
TXN_005706,2025-04-17 10:30:00,PART_0168,ISSUE,8,73,65,WO_07678
TXN_005707,2025-06-06 07:31:00,PART_0155,ISSUE,3,29,26,WO_06307
TXN_005708,2024-01-19 06:22:00,PART_0034,ISSUE,5,12,7,WO_06092
TXN_005709,2024-02-26 03:21:00,PART_0237,RECEIPT,8,37,45,
TXN_005710,2024-12-05 19:24:00,PART_0184,ISSUE,7,25,18,WO_06342
TXN_005711,2024-01-22 05:40:00,PART_0262,ISSUE,4,63,59,WO_00065
TXN_005712,2024-07-15 10:43:00,PART_0115,ISSUE,3,12,9,WO_09646
TXN_005713,2025-05-17 02:28:00,PART_0266,ISSUE,3,44,41,WO_05770
TXN_005714,2024-09-21 16:47:00,PART_0146,ISSUE,5,32,27,WO_06780
TXN_005715,2024-04-30 12:32:00,PART_0071,RECEIPT,8,16,24,
TXN_005716,2025-04-26 04:01:00,PART_0020,RECEIPT,2,3,5,
TXN_005717,2025-04-28 23:23:00,PART_0185,RECEIPT,7,50,57,
TXN_005718,2025-03-18 21:00:00,PART_0140,RECEIPT,2,6,8,
TXN_005719,2024-11-10 14:21:00,PART_0236,RECEIPT,6,1,7,
TXN_005720,2025-08-09 08:41:00,PART_0185,ISSUE,1,57,56,WO_03751
TXN_005721,2025-06-13 09:44:00,PART_0136,ISSUE,4,16,12,WO_07737
TXN_005722,2025-04-25 18:08:00,PART_0060,ISSUE,3,3,0,WO_05750
TXN_005723,2025-04-03 00:20:00,PART_0142,ISSUE,4,4,0,WO_00615
TXN_005724,2025-03-25 20:26:00,PART_0137,RECEIPT,3,8,11,
TXN_005725,2025-05-24 15:53:00,PART_0077,ADJUSTMENT,3,36,39,
TXN_005726,2025-08-31 03:02:00,PART_0070,ISSUE,6,27,21,WO_03051
TXN_005727,2025-07-26 07:10:00,PART_0114,ISSUE,2,29,27,WO_00961
TXN_005728,2024-02-22 04:57:00,PART_0139,ISSUE,4,20,16,WO_07744
TXN_005729,2024-03-06 08:48:00,PART_0250,ISSUE,1,5,4,WO_08156
TXN_005730,2024-08-11 07:40:00,PART_0216,ISSUE,3,13,10,WO_03780
TXN_005731,2024-01-26 00:29:00,PART_0034,ISSUE,3,7,4,WO_06824
TXN_005732,2025-07-18 02:29:00,PART_0200,RECEIPT,8,0,8,
TXN_005733,2024-11-14 17:42:00,PART_0106,ADJUSTMENT,2,18,20,
TXN_005734,2024-07-10 06:02:00,PART_0128,ADJUSTMENT,6,0,0,
TXN_005735,2024-03-11 05:50:00,PART_0268,ADJUSTMENT,7,26,19,
TXN_005736,2024-04-27 17:28:00,PART_0116,RECEIPT,1,0,1,
TXN_005737,2024-02-20 19:12:00,PART_0284,ISSUE,3,3,0,WO_03652
TXN_005738,2024-03-01 19:07:00,PART_0212,ISSUE,1,6,5,WO_03530
TXN_005739,2025-04-06 01:42:00,PART_0283,RECEIPT,3,0,3,
TXN_005740,2024-03-18 07:24:00,PART_0236,ISSUE,1,7,6,WO_09527
TXN_005741,2025-08-08 03:23:00,PART_0034,ISSUE,4,4,0,WO_05928
TXN_005742,2025-07-14 12:28:00,PART_0113,ISSUE,3,58,55,WO_01248
TXN_005743,2024-03-17 18:09:00,PART_0107,RECEIPT,1,2,3,
TXN_005744,2025-06-13 08:42:00,PART_0275,RECEIPT,8,16,24,
TXN_005745,2024-10-31 01:26:00,PART_0226,ISSUE,6,62,56,WO_05670
TXN_005746,2025-03-01 16:49:00,PART_0216,ISSUE,3,10,7,WO_05506
TXN_005747,2025-04-13 20:02:00,PART_0124,ISSUE,1,1,0,WO_08694
TXN_005748,2024-02-07 18:05:00,PART_0255,RECEIPT,7,0,7,
TXN_005749,2024-09-20 16:30:00,PART_0053,ISSUE,2,16,14,WO_01430
TXN_005750,2025-08-10 11:04:00,PART_0142,RECEIPT,7,0,7,
TXN_005751,2025-04-24 20:43:00,PART_0241,RECEIPT,6,33,39,
TXN_005752,2024-03-22 12:40:00,PART_0187,RECEIPT,8,57,65,
TXN_005753,2025-03-27 11:27:00,PART_0013,RECEIPT,5,42,47,
TXN_005754,2025-02-11 00:19:00,PART_0184,ISSUE,4,18,14,WO_01708
TXN_005755,2024-05-05 03:12:00,PART_0144,RECEIPT,5,13,18,
TXN_005756,2025-05-18 04:50:00,PART_0244,RECEIPT,7,48,55,
TXN_005757,2024-09-20 09:49:00,PART_0186,ISSUE,1,1,0,WO_05164
TXN_005758,2025-05-13 09:23:00,PART_0249,RECEIPT,5,15,20,
TXN_005759,2025-05-30 06:47:00,PART_0016,RECEIPT,5,11,16,
TXN_005760,2024-04-19 13:05:00,PART_0300,ISSUE,1,15,14,WO_04081
TXN_005761,2024-12-25 17:44:00,PART_0208,ISSUE,4,6,2,WO_09299
TXN_005762,2024-08-20 05:52:00,PART_0015,RECEIPT,2,2,4,
TXN_005763,2024-05-02 05:35:00,PART_0094,ISSUE,4,23,19,WO_01882
TXN_005764,2024-03-10 10:39:00,PART_0286,ISSUE,1,10,9,WO_02741
TXN_005765,2024-07-19 07:16:00,PART_0206,ISSUE,4,29,25,WO_04301
TXN_005766,2025-04-29 20:35:00,PART_0024,ISSUE,6,46,40,WO_08126
TXN_005767,2025-08-31 19:32:00,PART_0123,ISSUE,8,19,11,WO_05275
TXN_005768,2024-12-13 01:26:00,PART_0150,ISSUE,1,0,0,WO_02176
TXN_005769,2025-02-16 17:45:00,PART_0275,ISSUE,1,24,23,WO_03834
TXN_005770,2024-12-28 23:56:00,PART_0288,ISSUE,7,13,6,WO_08457
TXN_005771,2025-07-23 05:10:00,PART_0047,ISSUE,4,37,33,WO_02194
TXN_005772,2025-08-24 07:39:00,PART_0213,RECEIPT,3,13,16,
TXN_005773,2024-09-25 01:52:00,PART_0202,ISSUE,1,73,72,WO_00206
TXN_005774,2024-05-26 14:33:00,PART_0114,RECEIPT,8,27,35,
TXN_005775,2024-02-09 05:42:00,PART_0001,ISSUE,6,10,4,WO_04311
TXN_005776,2024-08-26 13:02:00,PART_0174,RECEIPT,2,4,6,
TXN_005777,2024-06-21 06:56:00,PART_0095,RECEIPT,8,37,45,
TXN_005778,2024-01-01 15:40:00,PART_0043,RECEIPT,4,24,28,
TXN_005779,2024-10-06 17:49:00,PART_0200,ISSUE,2,8,6,WO_09388
TXN_005780,2025-01-04 20:33:00,PART_0287,ADJUSTMENT,1,48,47,
TXN_005781,2025-07-12 14:11:00,PART_0077,RECEIPT,7,39,46,
TXN_005782,2024-01-05 10:31:00,PART_0168,ISSUE,3,65,62,WO_07411
TXN_005783,2024-09-20 10:46:00,PART_0095,ISSUE,3,45,42,WO_08049
TXN_005784,2024-10-12 09:40:00,PART_0013,RECEIPT,1,47,48,
TXN_005785,2025-06-30 01:53:00,PART_0163,RECEIPT,2,27,29,
TXN_005786,2025-05-15 08:53:00,PART_0173,RECEIPT,1,4,5,
TXN_005787,2025-01-18 21:47:00,PART_0286,ISSUE,6,9,3,WO_09032
TXN_005788,2024-03-13 08:45:00,PART_0047,ISSUE,2,33,31,WO_09952
TXN_005789,2024-06-16 23:42:00,PART_0153,RECEIPT,6,34,40,
TXN_005790,2024-01-09 13:41:00,PART_0092,ISSUE,2,2,0,WO_00180
TXN_005791,2025-01-17 14:34:00,PART_0080,ISSUE,3,3,0,WO_01810
TXN_005792,2025-01-07 07:19:00,PART_0077,ISSUE,2,46,44,WO_07847
TXN_005793,2024-03-11 08:45:00,PART_0079,RECEIPT,7,0,7,
TXN_005794,2025-01-18 12:59:00,PART_0131,ISSUE,6,29,23,WO_02582
TXN_005795,2024-03-11 20:00:00,PART_0138,ISSUE,1,27,26,WO_02524
TXN_005796,2024-06-04 17:46:00,PART_0283,RECEIPT,1,3,4,
TXN_005797,2025-03-20 10:40:00,PART_0170,ISSUE,5,36,31,WO_00649
TXN_005798,2024-10-23 17:29:00,PART_0040,ISSUE,3,9,6,WO_07164
TXN_005799,2024-12-21 12:06:00,PART_0283,ISSUE,4,4,0,WO_05809
TXN_005800,2024-07-28 20:07:00,PART_0165,RECEIPT,3,8,11,
TXN_005801,2025-01-12 13:04:00,PART_0034,RECEIPT,5,0,5,
TXN_005802,2024-04-10 08:54:00,PART_0233,ISSUE,7,31,24,WO_00716
TXN_005803,2024-04-13 07:36:00,PART_0150,ISSUE,1,0,0,WO_09883
TXN_005804,2025-06-21 08:43:00,PART_0187,ISSUE,3,65,62,WO_02886
TXN_005805,2025-01-22 21:12:00,PART_0149,ISSUE,2,23,21,WO_07099
TXN_005806,2025-05-22 05:37:00,PART_0151,ISSUE,1,15,14,WO_05940
TXN_005807,2024-04-27 16:34:00,PART_0246,RECEIPT,7,0,7,
TXN_005808,2024-06-15 20:17:00,PART_0172,ISSUE,1,25,24,WO_00123
TXN_005809,2025-08-31 20:27:00,PART_0254,RECEIPT,2,46,48,
TXN_005810,2024-04-20 17:23:00,PART_0185,RECEIPT,8,56,64,
TXN_005811,2025-03-11 02:06:00,PART_0059,RECEIPT,4,14,18,
TXN_005812,2024-12-31 16:30:00,PART_0074,ISSUE,1,3,2,WO_01873
TXN_005813,2025-06-13 22:18:00,PART_0268,ISSUE,5,19,14,WO_02715
TXN_005814,2025-04-28 15:01:00,PART_0115,RECEIPT,8,9,17,
TXN_005815,2024-10-23 03:54:00,PART_0148,RECEIPT,1,64,65,
TXN_005816,2024-12-12 11:02:00,PART_0280,ISSUE,3,35,32,WO_07118
TXN_005817,2024-10-06 10:57:00,PART_0276,RECEIPT,4,20,24,
TXN_005818,2024-08-05 08:07:00,PART_0256,RECEIPT,7,40,47,
TXN_005819,2024-02-06 02:32:00,PART_0015,ISSUE,4,4,0,WO_08368
TXN_005820,2024-07-16 19:16:00,PART_0267,RECEIPT,4,32,36,
TXN_005821,2025-02-28 15:44:00,PART_0161,ISSUE,1,0,0,WO_01388
TXN_005822,2025-01-30 17:12:00,PART_0180,ISSUE,6,6,0,WO_07991
TXN_005823,2024-11-22 10:17:00,PART_0075,ADJUSTMENT,2,20,22,
TXN_005824,2025-06-25 21:14:00,PART_0271,ISSUE,5,13,8,WO_04704
TXN_005825,2024-10-30 09:10:00,PART_0012,RECEIPT,5,36,41,
TXN_005826,2025-05-29 02:57:00,PART_0057,RECEIPT,4,0,4,
TXN_005827,2025-01-22 17:42:00,PART_0173,ISSUE,5,5,0,WO_04769
TXN_005828,2024-07-04 05:56:00,PART_0040,ISSUE,4,6,2,WO_09433
TXN_005829,2025-08-30 22:21:00,PART_0224,RECEIPT,2,25,27,
TXN_005830,2025-01-28 05:28:00,PART_0158,RECEIPT,2,10,12,
TXN_005831,2025-06-17 04:39:00,PART_0159,RECEIPT,1,0,1,
TXN_005832,2024-09-23 17:41:00,PART_0054,ISSUE,4,61,57,WO_00176
TXN_005833,2024-04-17 03:14:00,PART_0106,ISSUE,4,20,16,WO_04511
TXN_005834,2024-04-22 04:43:00,PART_0118,ISSUE,4,56,52,WO_09123
TXN_005835,2025-01-06 20:17:00,PART_0020,RECEIPT,5,5,10,
TXN_005836,2024-01-09 16:54:00,PART_0007,ADJUSTMENT,2,11,9,
TXN_005837,2025-08-10 16:30:00,PART_0229,ISSUE,1,11,10,WO_00536
TXN_005838,2024-05-17 18:31:00,PART_0201,RECEIPT,3,25,28,
TXN_005839,2024-03-22 08:39:00,PART_0013,RECEIPT,8,48,56,
TXN_005840,2024-04-16 02:20:00,PART_0136,RECEIPT,3,12,15,
TXN_005841,2025-04-07 04:20:00,PART_0046,ISSUE,6,43,37,WO_08172
TXN_005842,2024-03-22 07:16:00,PART_0159,RECEIPT,5,1,6,
TXN_005843,2024-10-09 02:55:00,PART_0040,RECEIPT,3,2,5,
TXN_005844,2024-02-10 14:12:00,PART_0156,RECEIPT,5,7,12,
TXN_005845,2024-10-17 16:55:00,PART_0026,ISSUE,6,25,19,WO_07186
TXN_005846,2024-10-28 12:49:00,PART_0021,RECEIPT,7,62,69,
TXN_005847,2025-02-26 11:53:00,PART_0253,RECEIPT,3,6,9,
TXN_005848,2024-10-31 20:32:00,PART_0255,RECEIPT,3,7,10,
TXN_005849,2025-02-22 06:57:00,PART_0074,ISSUE,2,2,0,WO_01672
TXN_005850,2024-02-23 21:46:00,PART_0072,ISSUE,2,33,31,WO_07183
TXN_005851,2025-04-07 03:53:00,PART_0080,RECEIPT,6,0,6,
TXN_005852,2024-09-16 10:50:00,PART_0282,ISSUE,2,83,81,WO_07371
TXN_005853,2024-08-30 09:20:00,PART_0255,RECEIPT,4,10,14,
TXN_005854,2025-05-12 14:57:00,PART_0037,ISSUE,6,29,23,WO_08185
TXN_005855,2025-02-06 20:22:00,PART_0188,RECEIPT,6,0,6,
TXN_005856,2025-06-25 04:56:00,PART_0101,ISSUE,3,9,6,WO_00051
TXN_005857,2024-01-27 15:58:00,PART_0024,ISSUE,4,40,36,WO_07244
TXN_005858,2025-08-15 21:38:00,PART_0226,ISSUE,7,56,49,WO_00637
TXN_005859,2024-11-12 21:22:00,PART_0254,RECEIPT,1,48,49,
TXN_005860,2024-08-14 21:26:00,PART_0264,ISSUE,1,1,0,WO_06222
TXN_005861,2025-03-04 11:01:00,PART_0235,ADJUSTMENT,7,41,48,
TXN_005862,2024-02-23 23:06:00,PART_0110,RECEIPT,2,0,2,
TXN_005863,2024-07-10 11:20:00,PART_0216,ISSUE,5,7,2,WO_04065
TXN_005864,2025-08-29 19:26:00,PART_0255,ISSUE,2,14,12,WO_03890
TXN_005865,2025-01-23 15:04:00,PART_0245,ISSUE,7,31,24,WO_07224
TXN_005866,2024-11-01 10:09:00,PART_0026,ISSUE,7,19,12,WO_06236
TXN_005867,2025-06-14 08:19:00,PART_0165,RECEIPT,7,11,18,
TXN_005868,2024-11-06 23:22:00,PART_0211,ISSUE,7,36,29,WO_02181
TXN_005869,2025-06-16 11:30:00,PART_0103,RECEIPT,7,11,18,
TXN_005870,2024-01-14 16:00:00,PART_0169,ISSUE,4,22,18,WO_01213
TXN_005871,2024-05-28 07:02:00,PART_0278,ISSUE,1,0,0,WO_07164
TXN_005872,2024-11-16 16:55:00,PART_0098,ISSUE,1,43,42,WO_04267
TXN_005873,2025-01-30 15:14:00,PART_0276,RECEIPT,8,24,32,
TXN_005874,2024-11-12 04:53:00,PART_0277,RECEIPT,4,10,14,
TXN_005875,2025-04-10 06:30:00,PART_0096,ISSUE,1,73,72,WO_03238
TXN_005876,2024-09-22 08:25:00,PART_0235,RECEIPT,3,48,51,
TXN_005877,2025-05-24 18:42:00,PART_0137,ISSUE,2,11,9,WO_01053
TXN_005878,2024-09-13 10:35:00,PART_0027,ISSUE,4,38,34,WO_01264
TXN_005879,2025-08-29 01:21:00,PART_0141,RECEIPT,1,0,1,
TXN_005880,2024-07-06 12:25:00,PART_0003,ISSUE,1,0,0,WO_01947
TXN_005881,2024-08-10 17:46:00,PART_0200,ISSUE,4,6,2,WO_07710
TXN_005882,2025-06-16 03:33:00,PART_0027,ISSUE,1,34,33,WO_03994
TXN_005883,2024-10-23 10:23:00,PART_0286,ISSUE,3,3,0,WO_04685
TXN_005884,2024-04-07 10:04:00,PART_0201,RECEIPT,8,28,36,
TXN_005885,2025-05-15 13:06:00,PART_0049,ISSUE,1,0,0,WO_08104
TXN_005886,2025-03-14 03:55:00,PART_0039,ISSUE,2,15,13,WO_02996
TXN_005887,2024-12-09 12:28:00,PART_0130,ISSUE,1,10,9,WO_07692
TXN_005888,2024-11-24 04:08:00,PART_0254,RECEIPT,7,49,56,
TXN_005889,2024-10-18 05:15:00,PART_0048,RECEIPT,7,43,50,
TXN_005890,2024-07-21 13:01:00,PART_0018,ISSUE,1,0,0,WO_01119
TXN_005891,2025-07-15 20:25:00,PART_0169,RECEIPT,3,18,21,
TXN_005892,2024-06-19 02:27:00,PART_0094,RECEIPT,3,19,22,
TXN_005893,2024-08-18 16:24:00,PART_0225,RECEIPT,3,13,16,
TXN_005894,2024-05-24 05:01:00,PART_0151,RECEIPT,6,14,20,
TXN_005895,2025-03-02 15:16:00,PART_0146,ISSUE,3,27,24,WO_04456
TXN_005896,2024-01-05 02:33:00,PART_0042,ISSUE,8,73,65,WO_07928
TXN_005897,2024-05-24 04:04:00,PART_0186,ISSUE,1,0,0,WO_02333
TXN_005898,2024-10-23 20:21:00,PART_0181,RECEIPT,6,30,36,
TXN_005899,2024-09-06 00:09:00,PART_0203,RECEIPT,2,31,33,
TXN_005900,2024-09-05 08:30:00,PART_0229,ISSUE,3,10,7,WO_06758
TXN_005901,2024-04-19 06:15:00,PART_0269,ISSUE,6,10,4,WO_00089
TXN_005902,2024-08-04 13:32:00,PART_0123,RECEIPT,7,11,18,
TXN_005903,2025-07-06 05:33:00,PART_0251,ADJUSTMENT,4,37,33,
TXN_005904,2024-09-02 18:14:00,PART_0163,RECEIPT,8,29,37,
TXN_005905,2024-05-10 00:32:00,PART_0071,ISSUE,3,24,21,WO_04228
TXN_005906,2024-10-18 02:07:00,PART_0215,ISSUE,6,7,1,WO_03910
TXN_005907,2025-03-31 04:39:00,PART_0190,ISSUE,6,30,24,WO_08982
TXN_005908,2025-04-18 04:17:00,PART_0299,ISSUE,2,16,14,WO_01836
TXN_005909,2025-06-25 15:26:00,PART_0017,ISSUE,1,6,5,WO_01496
TXN_005910,2025-07-10 07:59:00,PART_0244,RECEIPT,1,55,56,
TXN_005911,2025-06-02 12:49:00,PART_0163,ISSUE,1,37,36,WO_01751
TXN_005912,2025-03-30 16:39:00,PART_0286,RECEIPT,6,0,6,
TXN_005913,2024-12-30 01:09:00,PART_0177,ISSUE,3,7,4,WO_02666
TXN_005914,2024-10-16 00:04:00,PART_0070,RECEIPT,8,21,29,
TXN_005915,2024-02-24 06:20:00,PART_0201,RECEIPT,8,36,44,
TXN_005916,2025-03-28 01:20:00,PART_0104,ISSUE,7,25,18,WO_00105
TXN_005917,2025-05-17 11:49:00,PART_0245,ISSUE,3,24,21,WO_00356
TXN_005918,2024-08-04 05:33:00,PART_0054,RECEIPT,5,57,62,
TXN_005919,2024-12-13 19:29:00,PART_0272,ISSUE,2,62,60,WO_05050
TXN_005920,2025-04-22 15:27:00,PART_0289,ISSUE,3,47,44,WO_00080
TXN_005921,2024-05-06 14:56:00,PART_0163,ISSUE,4,36,32,WO_05976
TXN_005922,2024-11-16 05:58:00,PART_0187,ISSUE,1,62,61,WO_00713
TXN_005923,2024-09-13 01:13:00,PART_0096,ADJUSTMENT,8,72,80,
TXN_005924,2024-06-02 09:20:00,PART_0014,RECEIPT,4,3,7,
TXN_005925,2025-02-26 18:08:00,PART_0102,ISSUE,5,41,36,WO_09952
TXN_005926,2024-08-09 08:10:00,PART_0135,RECEIPT,1,20,21,
TXN_005927,2025-06-04 18:19:00,PART_0061,ISSUE,3,5,2,WO_02550
TXN_005928,2025-03-19 18:08:00,PART_0284,ISSUE,1,0,0,WO_00682
TXN_005929,2025-06-03 06:14:00,PART_0296,ISSUE,5,28,23,WO_05678
TXN_005930,2024-06-10 15:22:00,PART_0264,ISSUE,1,0,0,WO_06995
TXN_005931,2025-02-18 04:33:00,PART_0181,RECEIPT,4,36,40,
TXN_005932,2024-02-16 01:44:00,PART_0182,ISSUE,8,27,19,WO_08500
TXN_005933,2025-02-21 21:20:00,PART_0077,RECEIPT,2,44,46,
TXN_005934,2024-04-01 23:47:00,PART_0138,ISSUE,7,26,19,WO_08984
TXN_005935,2024-11-01 11:46:00,PART_0121,ISSUE,2,24,22,WO_09943
TXN_005936,2024-10-10 23:44:00,PART_0052,ADJUSTMENT,3,6,3,
TXN_005937,2025-09-03 05:21:00,PART_0018,RECEIPT,3,0,3,
TXN_005938,2024-12-15 10:18:00,PART_0140,ISSUE,6,8,2,WO_09366
TXN_005939,2024-03-28 00:09:00,PART_0185,RECEIPT,7,64,71,
TXN_005940,2024-12-23 02:43:00,PART_0080,RECEIPT,6,6,12,
TXN_005941,2024-01-26 10:50:00,PART_0121,RECEIPT,2,22,24,
TXN_005942,2024-01-09 23:22:00,PART_0117,ISSUE,3,5,2,WO_07366
TXN_005943,2024-09-27 17:00:00,PART_0088,ISSUE,1,0,0,WO_08973
TXN_005944,2025-01-03 09:03:00,PART_0227,RECEIPT,7,29,36,
TXN_005945,2025-06-02 23:37:00,PART_0185,ISSUE,5,71,66,WO_02549
TXN_005946,2025-01-22 09:27:00,PART_0157,ISSUE,7,10,3,WO_02405
TXN_005947,2024-12-13 18:34:00,PART_0289,ISSUE,2,44,42,WO_08595
TXN_005948,2025-05-25 05:01:00,PART_0064,RECEIPT,2,28,30,
TXN_005949,2024-11-15 22:44:00,PART_0145,ISSUE,3,11,8,WO_09300
TXN_005950,2025-05-13 11:17:00,PART_0228,RECEIPT,7,5,12,
TXN_005951,2025-02-22 02:22:00,PART_0061,ISSUE,2,2,0,WO_02982
TXN_005952,2024-08-09 18:44:00,PART_0072,RECEIPT,4,31,35,
TXN_005953,2024-12-25 23:18:00,PART_0145,RECEIPT,1,8,9,
TXN_005954,2024-10-14 01:07:00,PART_0081,ISSUE,4,9,5,WO_08378
TXN_005955,2024-07-01 09:20:00,PART_0098,ISSUE,6,42,36,WO_04344
TXN_005956,2024-10-12 03:28:00,PART_0003,ISSUE,1,0,0,WO_09352
TXN_005957,2025-02-15 23:04:00,PART_0296,ISSUE,5,23,18,WO_06178
TXN_005958,2024-10-14 23:24:00,PART_0262,ISSUE,3,59,56,WO_02491
TXN_005959,2024-03-18 01:20:00,PART_0113,RECEIPT,5,55,60,
TXN_005960,2024-08-30 00:07:00,PART_0234,ISSUE,1,12,11,WO_07689
TXN_005961,2025-04-26 23:34:00,PART_0214,RECEIPT,6,0,6,
TXN_005962,2024-06-13 01:13:00,PART_0153,ISSUE,6,40,34,WO_05508
TXN_005963,2025-03-13 18:42:00,PART_0253,ISSUE,3,9,6,WO_01115
TXN_005964,2024-09-17 10:03:00,PART_0114,ISSUE,6,35,29,WO_03114
TXN_005965,2024-09-23 07:13:00,PART_0152,ISSUE,1,0,0,WO_07468
TXN_005966,2024-05-22 01:40:00,PART_0061,RECEIPT,7,0,7,
TXN_005967,2024-10-18 11:50:00,PART_0137,ISSUE,8,9,1,WO_06847
TXN_005968,2024-01-21 18:19:00,PART_0193,RECEIPT,7,4,11,
TXN_005969,2024-08-26 20:05:00,PART_0112,RECEIPT,8,43,51,
TXN_005970,2024-07-23 05:51:00,PART_0215,RECEIPT,6,1,7,
TXN_005971,2024-07-23 10:20:00,PART_0075,RECEIPT,6,22,28,
TXN_005972,2024-01-28 12:12:00,PART_0295,ISSUE,8,51,43,WO_09654
TXN_005973,2025-06-07 05:55:00,PART_0300,ISSUE,4,14,10,WO_00678
TXN_005974,2025-05-22 02:08:00,PART_0072,RECEIPT,2,35,37,
TXN_005975,2025-05-11 20:52:00,PART_0054,RECEIPT,4,62,66,
TXN_005976,2024-03-29 14:11:00,PART_0037,RECEIPT,1,23,24,
TXN_005977,2024-04-27 11:33:00,PART_0294,RECEIPT,6,11,17,
TXN_005978,2024-02-17 11:27:00,PART_0098,RECEIPT,2,36,38,
TXN_005979,2025-03-25 12:08:00,PART_0050,ISSUE,3,17,14,WO_09596
TXN_005980,2024-02-14 18:29:00,PART_0196,ISSUE,3,38,35,WO_05335
TXN_005981,2025-07-21 06:56:00,PART_0047,ADJUSTMENT,3,31,28,
TXN_005982,2024-09-28 04:59:00,PART_0261,RECEIPT,8,60,68,
TXN_005983,2024-05-05 20:31:00,PART_0045,ADJUSTMENT,7,0,0,
TXN_005984,2024-08-14 08:13:00,PART_0089,ISSUE,5,22,17,WO_09030
TXN_005985,2024-11-29 22:29:00,PART_0120,ISSUE,7,17,10,WO_03538
TXN_005986,2025-09-12 03:47:00,PART_0187,RECEIPT,6,61,67,
TXN_005987,2025-09-14 02:14:00,PART_0258,ISSUE,5,10,5,WO_09400
TXN_005988,2024-05-08 08:38:00,PART_0246,ISSUE,7,7,0,WO_02260
TXN_005989,2024-06-17 00:24:00,PART_0211,ISSUE,1,29,28,WO_06881
TXN_005990,2025-02-07 16:55:00,PART_0197,RECEIPT,3,29,32,
TXN_005991,2025-05-14 21:28:00,PART_0087,ISSUE,3,50,47,WO_06113
TXN_005992,2025-08-20 18:10:00,PART_0060,ISSUE,1,0,0,WO_02595
TXN_005993,2024-12-04 03:07:00,PART_0214,RECEIPT,4,6,10,
TXN_005994,2024-04-26 13:10:00,PART_0216,ISSUE,2,2,0,WO_00983
TXN_005995,2024-11-04 03:56:00,PART_0284,RECEIPT,3,0,3,
TXN_005996,2024-04-05 11:28:00,PART_0138,RECEIPT,6,19,25,
TXN_005997,2024-05-03 05:55:00,PART_0096,RECEIPT,4,80,84,
TXN_005998,2024-08-20 10:26:00,PART_0065,ADJUSTMENT,5,24,19,
TXN_005999,2024-01-19 15:28:00,PART_0082,ADJUSTMENT,3,20,17,
TXN_006000,2024-11-01 01:59:00,PART_0237,RECEIPT,2,45,47,
TXN_006001,2025-06-24 20:18:00,PART_0109,ISSUE,6,30,24,WO_05259
TXN_006002,2024-12-02 04:27:00,PART_0231,ISSUE,1,12,11,WO_08476
TXN_006003,2024-02-28 10:16:00,PART_0260,ISSUE,4,4,0,WO_02260
TXN_006004,2025-02-18 18:40:00,PART_0015,RECEIPT,3,0,3,
TXN_006005,2024-06-14 03:17:00,PART_0280,ISSUE,2,32,30,WO_01040
TXN_006006,2024-11-09 07:11:00,PART_0226,ISSUE,7,49,42,WO_01519
TXN_006007,2024-12-08 14:27:00,PART_0200,ISSUE,2,2,0,WO_07485
TXN_006008,2025-02-20 15:39:00,PART_0140,ISSUE,2,2,0,WO_05344
TXN_006009,2025-08-13 01:29:00,PART_0300,RECEIPT,8,10,18,
TXN_006010,2025-09-15 20:56:00,PART_0165,RECEIPT,5,18,23,
TXN_006011,2025-04-20 01:52:00,PART_0194,RECEIPT,3,32,35,
TXN_006012,2025-02-11 11:54:00,PART_0170,ISSUE,8,31,23,WO_09704
TXN_006013,2025-02-17 08:40:00,PART_0033,ISSUE,2,13,11,WO_00767
TXN_006014,2024-04-07 01:14:00,PART_0125,RECEIPT,3,25,28,
TXN_006015,2024-04-03 17:51:00,PART_0261,ISSUE,3,68,65,WO_08640
TXN_006016,2025-03-24 22:21:00,PART_0014,ISSUE,7,7,0,WO_06136
TXN_006017,2025-04-09 00:05:00,PART_0076,ISSUE,7,55,48,WO_09977
TXN_006018,2025-05-31 09:33:00,PART_0093,ISSUE,2,18,16,WO_07602
TXN_006019,2025-05-06 16:26:00,PART_0264,RECEIPT,6,0,6,
TXN_006020,2024-06-16 13:33:00,PART_0150,ISSUE,1,0,0,WO_06891
TXN_006021,2024-10-25 16:56:00,PART_0204,ISSUE,8,19,11,WO_01936
TXN_006022,2024-01-02 03:04:00,PART_0053,ISSUE,3,14,11,WO_06997
TXN_006023,2024-02-03 23:55:00,PART_0046,ISSUE,2,37,35,WO_00711
TXN_006024,2024-02-09 13:42:00,PART_0271,ADJUSTMENT,2,8,6,
TXN_006025,2025-02-25 09:24:00,PART_0196,ISSUE,3,35,32,WO_06173
TXN_006026,2025-04-28 22:36:00,PART_0225,RECEIPT,7,16,23,
TXN_006027,2024-12-29 13:42:00,PART_0128,ISSUE,1,0,0,WO_03962
TXN_006028,2024-12-12 01:12:00,PART_0235,ISSUE,7,51,44,WO_09496
TXN_006029,2025-06-03 01:07:00,PART_0073,ISSUE,3,66,63,WO_01552
TXN_006030,2025-03-20 12:45:00,PART_0045,RECEIPT,1,0,1,
TXN_006031,2024-10-02 05:31:00,PART_0188,ISSUE,6,6,0,WO_01806
TXN_006032,2025-07-22 03:11:00,PART_0280,RECEIPT,2,30,32,
TXN_006033,2024-01-19 11:38:00,PART_0180,ISSUE,1,0,0,WO_00158
TXN_006034,2025-08-25 21:53:00,PART_0293,ISSUE,4,4,0,WO_08367
TXN_006035,2025-05-19 06:09:00,PART_0065,RECEIPT,3,19,22,
TXN_006036,2025-01-19 00:21:00,PART_0184,RECEIPT,5,14,19,
TXN_006037,2025-04-19 16:48:00,PART_0058,ISSUE,1,0,0,WO_01951
TXN_006038,2024-08-13 13:41:00,PART_0134,RECEIPT,1,36,37,
TXN_006039,2025-01-20 06:04:00,PART_0042,RECEIPT,7,65,72,
TXN_006040,2025-06-01 19:41:00,PART_0033,RECEIPT,4,11,15,
TXN_006041,2025-08-07 10:41:00,PART_0054,RECEIPT,6,66,72,
TXN_006042,2024-04-18 18:34:00,PART_0110,RECEIPT,6,2,8,
TXN_006043,2025-02-27 18:38:00,PART_0004,RECEIPT,7,0,7,
TXN_006044,2024-08-14 02:42:00,PART_0126,ISSUE,1,0,0,WO_08794
TXN_006045,2024-11-21 06:21:00,PART_0045,ISSUE,1,1,0,WO_06115
TXN_006046,2025-05-11 04:23:00,PART_0177,RECEIPT,4,4,8,
TXN_006047,2024-12-20 15:47:00,PART_0167,ISSUE,7,44,37,WO_01681
TXN_006048,2024-11-03 00:22:00,PART_0122,RECEIPT,7,0,7,
TXN_006049,2025-03-29 13:18:00,PART_0176,RECEIPT,8,64,72,
TXN_006050,2024-11-15 04:59:00,PART_0038,ISSUE,2,50,48,WO_05295
TXN_006051,2024-09-10 10:01:00,PART_0198,ISSUE,1,17,16,WO_06856
TXN_006052,2024-01-03 22:59:00,PART_0043,ISSUE,2,28,26,WO_05598
TXN_006053,2025-07-29 19:01:00,PART_0034,ISSUE,5,5,0,WO_08968
TXN_006054,2025-04-11 23:22:00,PART_0252,ISSUE,4,4,0,WO_02072
TXN_006055,2024-12-08 05:03:00,PART_0053,ISSUE,3,11,8,WO_06107
TXN_006056,2025-02-20 12:34:00,PART_0250,ISSUE,3,4,1,WO_08330
TXN_006057,2024-10-24 14:48:00,PART_0187,RECEIPT,4,67,71,
TXN_006058,2025-03-29 16:28:00,PART_0103,ISSUE,4,18,14,WO_06794
TXN_006059,2024-12-21 19:59:00,PART_0077,RECEIPT,5,46,51,
TXN_006060,2024-02-19 00:11:00,PART_0063,ISSUE,4,9,5,WO_02561
TXN_006061,2024-01-06 18:52:00,PART_0222,RECEIPT,4,32,36,
TXN_006062,2025-02-26 17:54:00,PART_0057,RECEIPT,7,4,11,
TXN_006063,2025-01-11 14:53:00,PART_0221,ISSUE,1,20,19,WO_08550
TXN_006064,2025-08-05 09:50:00,PART_0239,ISSUE,1,55,54,WO_08458
TXN_006065,2024-07-09 02:16:00,PART_0215,RECEIPT,1,7,8,
TXN_006066,2024-09-25 09:33:00,PART_0146,ISSUE,2,24,22,WO_00180
TXN_006067,2024-04-12 19:32:00,PART_0282,ISSUE,3,81,78,WO_01502
TXN_006068,2024-12-11 11:50:00,PART_0136,RECEIPT,7,15,22,
TXN_006069,2024-10-04 07:40:00,PART_0217,RECEIPT,8,43,51,
TXN_006070,2024-09-20 16:59:00,PART_0235,RECEIPT,5,44,49,
TXN_006071,2025-08-10 16:17:00,PART_0136,ISSUE,7,22,15,WO_01482
TXN_006072,2025-01-19 06:52:00,PART_0268,RECEIPT,6,14,20,
TXN_006073,2025-08-05 10:44:00,PART_0092,RECEIPT,5,0,5,
TXN_006074,2025-04-08 08:01:00,PART_0287,ISSUE,4,47,43,WO_06721
TXN_006075,2025-03-17 05:15:00,PART_0125,RECEIPT,6,28,34,
TXN_006076,2024-06-24 03:21:00,PART_0251,RECEIPT,2,33,35,
TXN_006077,2024-12-21 11:35:00,PART_0217,ISSUE,1,51,50,WO_09668
TXN_006078,2025-07-26 19:17:00,PART_0091,ADJUSTMENT,7,38,31,
TXN_006079,2025-06-29 19:37:00,PART_0274,ISSUE,6,44,38,WO_06923
TXN_006080,2024-07-17 07:48:00,PART_0281,ISSUE,1,0,0,WO_09551
TXN_006081,2025-08-19 12:38:00,PART_0029,ISSUE,4,35,31,WO_08261
TXN_006082,2024-11-03 00:59:00,PART_0090,RECEIPT,6,22,28,
TXN_006083,2024-01-15 03:42:00,PART_0058,ISSUE,1,0,0,WO_01258
TXN_006084,2025-07-06 05:10:00,PART_0271,RECEIPT,3,6,9,
TXN_006085,2025-09-11 20:07:00,PART_0046,RECEIPT,1,35,36,
TXN_006086,2025-01-29 15:19:00,PART_0222,ISSUE,3,36,33,WO_07476
TXN_006087,2024-10-13 11:14:00,PART_0018,ISSUE,3,3,0,WO_03561
TXN_006088,2025-04-29 23:49:00,PART_0237,ISSUE,3,47,44,WO_05248
TXN_006089,2025-04-24 18:07:00,PART_0010,ISSUE,6,16,10,WO_03209
TXN_006090,2025-06-05 20:59:00,PART_0144,ISSUE,4,18,14,WO_08544
TXN_006091,2024-10-23 15:13:00,PART_0247,ISSUE,8,30,22,WO_02652
TXN_006092,2024-05-04 00:03:00,PART_0117,RECEIPT,4,2,6,
TXN_006093,2025-03-10 22:20:00,PART_0222,ISSUE,5,33,28,WO_01081
TXN_006094,2025-08-15 22:30:00,PART_0096,ISSUE,4,84,80,WO_06225
TXN_006095,2024-01-07 01:36:00,PART_0114,RECEIPT,8,29,37,
TXN_006096,2025-03-26 17:29:00,PART_0285,RECEIPT,6,36,42,
TXN_006097,2024-05-26 08:05:00,PART_0245,ISSUE,6,21,15,WO_09431
TXN_006098,2024-11-05 18:43:00,PART_0216,RECEIPT,8,0,8,
TXN_006099,2025-06-13 09:05:00,PART_0099,RECEIPT,7,27,34,
TXN_006100,2024-08-25 19:13:00,PART_0251,RECEIPT,2,35,37,
TXN_006101,2024-03-18 19:17:00,PART_0194,RECEIPT,4,35,39,
TXN_006102,2024-01-20 19:23:00,PART_0259,ISSUE,3,8,5,WO_08118
TXN_006103,2025-03-12 21:45:00,PART_0217,RECEIPT,7,50,57,
TXN_006104,2025-08-14 07:53:00,PART_0206,RECEIPT,1,25,26,
TXN_006105,2025-01-14 03:00:00,PART_0211,ISSUE,3,28,25,WO_02370
TXN_006106,2025-06-18 07:15:00,PART_0184,RECEIPT,6,19,25,
TXN_006107,2024-11-08 09:02:00,PART_0248,ISSUE,3,44,41,WO_02654
TXN_006108,2025-06-13 08:37:00,PART_0043,ISSUE,5,26,21,WO_08039
TXN_006109,2024-07-30 21:31:00,PART_0205,ISSUE,8,28,20,WO_06317
TXN_006110,2024-05-30 20:09:00,PART_0213,RECEIPT,8,16,24,
TXN_006111,2025-09-01 18:13:00,PART_0271,RECEIPT,8,9,17,
TXN_006112,2024-10-31 15:21:00,PART_0175,ISSUE,8,72,64,WO_03088
TXN_006113,2024-04-04 05:57:00,PART_0254,ISSUE,2,56,54,WO_05188
TXN_006114,2025-07-02 12:34:00,PART_0121,RECEIPT,6,24,30,
TXN_006115,2025-07-17 01:23:00,PART_0221,ISSUE,2,19,17,WO_08777
TXN_006116,2024-05-24 18:36:00,PART_0039,ISSUE,1,13,12,WO_01429
TXN_006117,2025-06-06 22:08:00,PART_0123,RECEIPT,8,18,26,
TXN_006118,2024-02-06 07:14:00,PART_0088,ISSUE,1,0,0,WO_07913
TXN_006119,2024-07-25 20:56:00,PART_0113,ADJUSTMENT,4,60,64,
TXN_006120,2024-02-22 03:55:00,PART_0189,ISSUE,1,16,15,WO_04034
TXN_006121,2024-01-31 14:34:00,PART_0224,ISSUE,3,27,24,WO_00235
TXN_006122,2025-04-10 16:55:00,PART_0229,ISSUE,1,7,6,WO_05252
TXN_006123,2024-04-09 12:14:00,PART_0168,ISSUE,5,62,57,WO_06702
TXN_006124,2025-05-12 10:31:00,PART_0061,RECEIPT,7,7,14,
TXN_006125,2024-10-11 02:49:00,PART_0067,ADJUSTMENT,1,35,34,
TXN_006126,2024-05-29 04:29:00,PART_0113,ISSUE,4,64,60,WO_02498
TXN_006127,2025-03-29 22:37:00,PART_0109,ISSUE,3,24,21,WO_03190
TXN_006128,2025-03-28 02:56:00,PART_0187,RECEIPT,2,71,73,
TXN_006129,2024-08-14 02:04:00,PART_0190,ISSUE,4,24,20,WO_09590
TXN_006130,2025-03-22 23:19:00,PART_0050,ISSUE,4,14,10,WO_01264
TXN_006131,2024-05-31 21:04:00,PART_0205,ISSUE,1,20,19,WO_03702
TXN_006132,2024-08-28 05:52:00,PART_0236,ADJUSTMENT,6,6,12,
TXN_006133,2025-03-21 23:14:00,PART_0279,ISSUE,7,28,21,WO_01627
TXN_006134,2024-07-15 19:53:00,PART_0063,RECEIPT,4,5,9,
TXN_006135,2025-06-27 08:03:00,PART_0139,ISSUE,7,16,9,WO_03205
TXN_006136,2025-08-14 20:55:00,PART_0280,ISSUE,1,32,31,WO_03031
TXN_006137,2025-03-18 21:59:00,PART_0100,RECEIPT,4,34,38,
TXN_006138,2024-07-14 02:29:00,PART_0035,ISSUE,7,74,67,WO_09859
TXN_006139,2024-06-24 00:08:00,PART_0025,ISSUE,5,42,37,WO_09795
TXN_006140,2024-08-03 10:33:00,PART_0295,ISSUE,6,43,37,WO_05986
TXN_006141,2024-09-26 11:11:00,PART_0283,ISSUE,1,0,0,WO_07731
TXN_006142,2024-05-15 22:41:00,PART_0027,ISSUE,1,33,32,WO_05698
TXN_006143,2025-08-22 04:29:00,PART_0256,RECEIPT,4,47,51,
TXN_006144,2024-02-04 14:27:00,PART_0022,ISSUE,1,46,45,WO_05224
TXN_006145,2024-07-27 16:19:00,PART_0295,RECEIPT,5,37,42,
TXN_006146,2024-04-10 19:54:00,PART_0011,RECEIPT,5,26,31,
TXN_006147,2024-07-18 05:50:00,PART_0266,ISSUE,5,41,36,WO_05324
TXN_006148,2024-06-09 10:35:00,PART_0048,ISSUE,5,50,45,WO_03296
TXN_006149,2025-06-14 09:12:00,PART_0274,ISSUE,4,38,34,WO_02758
TXN_006150,2024-03-24 12:34:00,PART_0050,ISSUE,4,10,6,WO_00415
TXN_006151,2024-10-14 21:10:00,PART_0170,RECEIPT,4,23,27,
TXN_006152,2024-12-19 11:56:00,PART_0215,ISSUE,6,8,2,WO_08048
TXN_006153,2025-04-25 19:25:00,PART_0200,ISSUE,1,0,0,WO_05817
TXN_006154,2025-08-31 16:28:00,PART_0030,ISSUE,4,45,41,WO_03678
TXN_006155,2024-01-21 05:25:00,PART_0245,RECEIPT,6,15,21,
TXN_006156,2025-04-23 22:26:00,PART_0126,ISSUE,1,0,0,WO_00725
TXN_006157,2024-04-09 08:21:00,PART_0258,ADJUSTMENT,8,5,0,
TXN_006158,2025-04-27 04:58:00,PART_0117,ISSUE,6,6,0,WO_07296
TXN_006159,2024-05-29 02:58:00,PART_0218,ISSUE,6,10,4,WO_00788
TXN_006160,2024-07-10 10:16:00,PART_0213,ISSUE,8,24,16,WO_09363
TXN_006161,2025-06-25 04:21:00,PART_0038,ISSUE,8,48,40,WO_07675
TXN_006162,2024-03-04 23:35:00,PART_0078,ISSUE,1,22,21,WO_07866
TXN_006163,2024-10-25 20:27:00,PART_0177,ADJUSTMENT,6,8,14,
TXN_006164,2024-01-04 11:04:00,PART_0107,ADJUSTMENT,8,3,11,
TXN_006165,2025-06-27 01:19:00,PART_0140,ISSUE,1,0,0,WO_08840
TXN_006166,2025-02-09 15:46:00,PART_0227,ISSUE,5,36,31,WO_06059
TXN_006167,2025-05-07 06:16:00,PART_0288,ISSUE,3,6,3,WO_00065
TXN_006168,2025-03-17 06:48:00,PART_0184,RECEIPT,4,25,29,
TXN_006169,2024-01-26 14:56:00,PART_0139,ADJUSTMENT,3,9,6,
TXN_006170,2025-07-01 23:09:00,PART_0300,RECEIPT,2,18,20,
TXN_006171,2024-01-13 15:18:00,PART_0113,ISSUE,3,60,57,WO_00823
TXN_006172,2025-07-07 08:31:00,PART_0207,ISSUE,5,27,22,WO_01592
TXN_006173,2024-11-26 15:58:00,PART_0110,ISSUE,6,8,2,WO_06159
TXN_006174,2024-01-08 20:12:00,PART_0205,ADJUSTMENT,3,19,16,
TXN_006175,2024-11-25 21:58:00,PART_0276,RECEIPT,1,32,33,
TXN_006176,2024-02-02 04:52:00,PART_0185,ISSUE,4,66,62,WO_05129
TXN_006177,2025-09-14 10:44:00,PART_0257,ISSUE,5,36,31,WO_01438
TXN_006178,2025-03-10 13:01:00,PART_0197,RECEIPT,7,32,39,
TXN_006179,2024-09-16 22:15:00,PART_0125,ADJUSTMENT,3,34,31,
TXN_006180,2025-05-18 23:27:00,PART_0265,ISSUE,1,0,0,WO_07948
TXN_006181,2025-03-13 17:53:00,PART_0263,ISSUE,4,51,47,WO_06153
TXN_006182,2024-11-20 06:14:00,PART_0140,ISSUE,1,0,0,WO_00277
TXN_006183,2024-02-17 04:32:00,PART_0230,ISSUE,1,1,0,WO_09861
TXN_006184,2024-06-05 15:09:00,PART_0038,ADJUSTMENT,6,40,46,
TXN_006185,2024-07-16 06:35:00,PART_0063,ISSUE,1,9,8,WO_07932
TXN_006186,2025-08-28 21:55:00,PART_0293,RECEIPT,6,0,6,
TXN_006187,2025-04-15 12:25:00,PART_0013,ISSUE,7,56,49,WO_06827
TXN_006188,2025-07-17 03:03:00,PART_0220,RECEIPT,2,17,19,
TXN_006189,2025-07-14 01:29:00,PART_0021,ADJUSTMENT,5,69,74,
TXN_006190,2024-08-07 11:20:00,PART_0113,ISSUE,1,57,56,WO_06988
TXN_006191,2025-03-02 01:03:00,PART_0121,RECEIPT,3,30,33,
TXN_006192,2025-01-29 02:41:00,PART_0164,ISSUE,8,21,13,WO_04041
TXN_006193,2024-01-31 04:30:00,PART_0240,RECEIPT,4,0,4,
TXN_006194,2024-10-10 19:58:00,PART_0198,ADJUSTMENT,3,16,19,
TXN_006195,2024-09-19 19:01:00,PART_0069,ISSUE,1,5,4,WO_00079
TXN_006196,2025-03-06 23:56:00,PART_0042,ISSUE,2,72,70,WO_08800
TXN_006197,2025-07-08 15:11:00,PART_0213,RECEIPT,3,16,19,
TXN_006198,2024-09-28 19:33:00,PART_0109,ISSUE,3,21,18,WO_03340
TXN_006199,2025-01-20 14:10:00,PART_0294,ISSUE,2,17,15,WO_00842
TXN_006200,2024-04-25 17:29:00,PART_0287,RECEIPT,4,43,47,
TXN_006201,2024-01-17 23:49:00,PART_0043,RECEIPT,8,21,29,
TXN_006202,2024-07-27 22:57:00,PART_0152,ISSUE,1,0,0,WO_04650
TXN_006203,2025-06-23 11:19:00,PART_0068,ISSUE,8,31,23,WO_08891
TXN_006204,2024-08-24 10:56:00,PART_0117,ADJUSTMENT,3,0,0,
TXN_006205,2024-03-10 18:19:00,PART_0249,RECEIPT,4,20,24,
TXN_006206,2024-01-10 17:03:00,PART_0244,ISSUE,1,56,55,WO_08460
TXN_006207,2024-09-01 18:50:00,PART_0257,RECEIPT,8,31,39,
TXN_006208,2024-01-25 09:56:00,PART_0234,ISSUE,6,11,5,WO_01575
TXN_006209,2025-07-14 22:04:00,PART_0206,ISSUE,1,26,25,WO_01566
TXN_006210,2025-05-10 06:06:00,PART_0218,ISSUE,4,4,0,WO_05536
TXN_006211,2024-05-12 23:33:00,PART_0195,RECEIPT,8,17,25,
TXN_006212,2024-12-27 14:52:00,PART_0062,RECEIPT,5,17,22,
TXN_006213,2025-07-19 12:26:00,PART_0298,ISSUE,3,3,0,WO_05989
TXN_006214,2025-02-10 19:29:00,PART_0009,ISSUE,5,53,48,WO_08118
TXN_006215,2024-01-04 00:51:00,PART_0188,ISSUE,1,0,0,WO_03496
TXN_006216,2024-01-30 02:07:00,PART_0246,RECEIPT,2,0,2,
TXN_006217,2024-05-16 09:34:00,PART_0265,RECEIPT,6,0,6,
TXN_006218,2024-06-22 02:59:00,PART_0263,ISSUE,4,47,43,WO_01355
TXN_006219,2024-04-26 23:47:00,PART_0243,ISSUE,1,30,29,WO_04585
TXN_006220,2024-06-12 00:44:00,PART_0097,RECEIPT,2,35,37,
TXN_006221,2024-11-28 04:07:00,PART_0146,ISSUE,5,22,17,WO_00654
TXN_006222,2025-09-10 16:51:00,PART_0033,ISSUE,3,15,12,WO_07956
TXN_006223,2024-10-04 21:33:00,PART_0213,ISSUE,8,19,11,WO_07334
TXN_006224,2024-05-31 11:59:00,PART_0110,RECEIPT,8,2,10,
TXN_006225,2025-08-06 17:12:00,PART_0122,RECEIPT,8,7,15,
TXN_006226,2024-04-26 11:50:00,PART_0139,ADJUSTMENT,8,6,14,
TXN_006227,2024-07-25 16:48:00,PART_0033,ISSUE,7,12,5,WO_06746
TXN_006228,2024-03-20 04:43:00,PART_0001,ISSUE,4,4,0,WO_06880
TXN_006229,2024-11-25 20:17:00,PART_0286,ISSUE,5,6,1,WO_03794
TXN_006230,2024-07-03 05:10:00,PART_0104,ISSUE,3,18,15,WO_07815
TXN_006231,2024-11-21 02:26:00,PART_0204,ISSUE,3,11,8,WO_00193
TXN_006232,2024-03-28 15:04:00,PART_0215,ISSUE,2,2,0,WO_02375
TXN_006233,2024-11-27 05:49:00,PART_0286,ISSUE,1,1,0,WO_09194
TXN_006234,2025-07-03 07:10:00,PART_0165,RECEIPT,5,23,28,
TXN_006235,2024-02-15 12:23:00,PART_0225,ISSUE,8,23,15,WO_02352
TXN_006236,2024-06-10 10:26:00,PART_0164,ISSUE,8,13,5,WO_00815
TXN_006237,2025-08-03 00:23:00,PART_0148,RECEIPT,2,65,67,
TXN_006238,2025-04-04 18:56:00,PART_0092,RECEIPT,2,5,7,
TXN_006239,2024-03-09 04:02:00,PART_0164,RECEIPT,7,5,12,
TXN_006240,2025-01-29 09:35:00,PART_0136,ISSUE,4,15,11,WO_02238
TXN_006241,2024-08-18 20:31:00,PART_0070,ISSUE,6,29,23,WO_07907
TXN_006242,2024-05-19 18:21:00,PART_0184,ISSUE,7,29,22,WO_01227
TXN_006243,2025-04-09 03:42:00,PART_0053,ISSUE,2,8,6,WO_07792
TXN_006244,2025-04-29 00:24:00,PART_0142,ISSUE,1,7,6,WO_02328
TXN_006245,2024-09-05 21:02:00,PART_0278,ISSUE,1,0,0,WO_05164
TXN_006246,2024-06-04 10:53:00,PART_0255,ISSUE,2,12,10,WO_01462
TXN_006247,2024-05-17 11:07:00,PART_0075,ISSUE,5,28,23,WO_09508
TXN_006248,2025-08-12 11:05:00,PART_0250,ISSUE,1,1,0,WO_09248
TXN_006249,2024-05-02 11:51:00,PART_0083,ISSUE,3,18,15,WO_08648
TXN_006250,2024-02-01 11:58:00,PART_0192,ISSUE,1,28,27,WO_05844
TXN_006251,2024-06-08 06:45:00,PART_0159,ISSUE,4,6,2,WO_06426
TXN_006252,2024-05-10 11:26:00,PART_0110,ISSUE,6,10,4,WO_04484
TXN_006253,2024-12-22 13:28:00,PART_0088,ISSUE,1,0,0,WO_01913
TXN_006254,2025-02-12 12:18:00,PART_0269,RECEIPT,6,4,10,
TXN_006255,2024-11-03 05:44:00,PART_0279,RECEIPT,3,21,24,
TXN_006256,2025-02-23 19:03:00,PART_0042,RECEIPT,7,70,77,
TXN_006257,2024-09-09 14:47:00,PART_0249,RECEIPT,1,24,25,
TXN_006258,2024-03-16 23:25:00,PART_0224,RECEIPT,4,24,28,
TXN_006259,2025-03-13 22:35:00,PART_0255,RECEIPT,7,10,17,
TXN_006260,2024-02-28 10:24:00,PART_0057,ISSUE,4,11,7,WO_07831
TXN_006261,2024-08-29 14:18:00,PART_0141,ISSUE,1,1,0,WO_01495
TXN_006262,2025-07-11 03:11:00,PART_0290,ISSUE,1,29,28,WO_04676
TXN_006263,2025-07-04 20:54:00,PART_0292,RECEIPT,1,17,18,
TXN_006264,2024-11-30 18:53:00,PART_0131,ISSUE,1,23,22,WO_06680
TXN_006265,2024-04-24 20:33:00,PART_0184,ISSUE,7,22,15,WO_00784
TXN_006266,2025-01-26 02:31:00,PART_0015,ADJUSTMENT,8,3,11,
TXN_006267,2024-02-09 08:46:00,PART_0032,ISSUE,1,0,0,WO_03099
TXN_006268,2025-03-28 21:07:00,PART_0105,RECEIPT,4,87,91,
TXN_006269,2024-07-27 05:16:00,PART_0275,RECEIPT,3,23,26,
TXN_006270,2025-04-14 14:08:00,PART_0076,ISSUE,8,48,40,WO_09848
TXN_006271,2025-07-11 14:48:00,PART_0115,ISSUE,5,17,12,WO_07279
TXN_006272,2025-01-09 13:36:00,PART_0282,RECEIPT,4,78,82,
TXN_006273,2024-09-16 01:41:00,PART_0173,ADJUSTMENT,6,0,6,
TXN_006274,2024-01-13 05:10:00,PART_0111,RECEIPT,8,0,8,
TXN_006275,2025-08-05 21:40:00,PART_0283,ISSUE,1,0,0,WO_04241
TXN_006276,2024-05-22 19:16:00,PART_0206,ADJUSTMENT,6,25,31,
TXN_006277,2025-08-31 03:25:00,PART_0158,ISSUE,8,12,4,WO_07069
TXN_006278,2024-05-03 23:06:00,PART_0127,ADJUSTMENT,3,0,3,
TXN_006279,2024-03-25 00:08:00,PART_0069,ISSUE,1,4,3,WO_02086
TXN_006280,2025-07-14 22:42:00,PART_0012,ISSUE,5,41,36,WO_01962
TXN_006281,2025-07-16 18:32:00,PART_0002,ISSUE,4,18,14,WO_03556
TXN_006282,2025-02-18 08:01:00,PART_0071,ISSUE,5,21,16,WO_05256
TXN_006283,2024-06-09 18:06:00,PART_0002,ISSUE,1,14,13,WO_04538
TXN_006284,2024-03-17 13:30:00,PART_0193,RECEIPT,4,11,15,
TXN_006285,2025-07-29 07:24:00,PART_0170,ISSUE,6,27,21,WO_01873
TXN_006286,2025-02-01 23:44:00,PART_0230,ISSUE,1,0,0,WO_01879
TXN_006287,2025-09-04 19:18:00,PART_0029,RECEIPT,1,31,32,
TXN_006288,2024-11-19 20:52:00,PART_0002,ISSUE,1,13,12,WO_07707
TXN_006289,2024-12-24 13:06:00,PART_0240,RECEIPT,7,4,11,
TXN_006290,2024-04-21 03:42:00,PART_0068,RECEIPT,2,23,25,
TXN_006291,2025-02-10 20:05:00,PART_0240,RECEIPT,3,11,14,
TXN_006292,2024-07-15 20:10:00,PART_0258,ISSUE,1,0,0,WO_07374
TXN_006293,2025-05-11 00:42:00,PART_0238,ISSUE,1,1,0,WO_03803
TXN_006294,2024-04-10 17:24:00,PART_0175,RECEIPT,6,64,70,
TXN_006295,2024-05-27 13:52:00,PART_0012,RECEIPT,1,36,37,
TXN_006296,2025-07-12 09:39:00,PART_0158,ISSUE,4,4,0,WO_06974
TXN_006297,2025-01-04 04:36:00,PART_0251,ISSUE,8,37,29,WO_04702
TXN_006298,2024-07-14 14:29:00,PART_0029,RECEIPT,2,32,34,
TXN_006299,2025-03-24 17:23:00,PART_0121,ISSUE,8,33,25,WO_08270
TXN_006300,2024-07-17 02:39:00,PART_0265,RECEIPT,3,6,9,
TXN_006301,2024-11-16 14:21:00,PART_0136,RECEIPT,8,11,19,
TXN_006302,2024-12-26 03:17:00,PART_0219,RECEIPT,1,38,39,
TXN_006303,2024-09-05 17:11:00,PART_0048,ISSUE,8,45,37,WO_04492
TXN_006304,2024-12-21 07:41:00,PART_0232,ISSUE,1,0,0,WO_00880
TXN_006305,2024-07-12 13:46:00,PART_0072,ISSUE,5,37,32,WO_05892
TXN_006306,2024-09-22 09:37:00,PART_0034,RECEIPT,4,0,4,
TXN_006307,2025-08-03 16:42:00,PART_0258,ISSUE,1,0,0,WO_07930
TXN_006308,2025-06-13 14:19:00,PART_0133,ISSUE,4,26,22,WO_01820
TXN_006309,2024-04-29 08:29:00,PART_0209,ISSUE,4,9,5,WO_09445
TXN_006310,2024-05-20 23:11:00,PART_0120,ISSUE,8,10,2,WO_06568
TXN_006311,2025-08-01 21:23:00,PART_0197,ISSUE,8,39,31,WO_05399
TXN_006312,2025-03-25 12:32:00,PART_0273,RECEIPT,1,23,24,
TXN_006313,2024-04-21 02:10:00,PART_0013,RECEIPT,6,49,55,
TXN_006314,2025-07-05 15:28:00,PART_0051,RECEIPT,7,37,44,
TXN_006315,2025-08-05 06:37:00,PART_0084,ISSUE,1,0,0,WO_06183
TXN_006316,2025-03-11 18:51:00,PART_0028,ISSUE,1,0,0,WO_07073
TXN_006317,2024-06-04 09:14:00,PART_0037,RECEIPT,7,24,31,
TXN_006318,2025-05-11 06:02:00,PART_0121,RECEIPT,6,25,31,
TXN_006319,2024-08-02 01:24:00,PART_0004,RECEIPT,2,7,9,
TXN_006320,2025-04-24 20:47:00,PART_0151,RECEIPT,2,20,22,
TXN_006321,2024-04-21 14:12:00,PART_0146,ISSUE,6,17,11,WO_02323
TXN_006322,2024-08-28 08:54:00,PART_0149,RECEIPT,3,21,24,
TXN_006323,2025-01-30 14:43:00,PART_0160,ISSUE,5,37,32,WO_01436
TXN_006324,2025-05-22 20:47:00,PART_0198,RECEIPT,6,19,25,
TXN_006325,2024-07-06 10:32:00,PART_0025,ADJUSTMENT,2,37,35,
TXN_006326,2024-03-20 11:34:00,PART_0007,ISSUE,3,9,6,WO_07694
TXN_006327,2025-03-19 18:57:00,PART_0047,RECEIPT,7,28,35,
TXN_006328,2024-11-04 11:50:00,PART_0177,ISSUE,6,14,8,WO_09239
TXN_006329,2025-01-14 17:30:00,PART_0148,ISSUE,4,67,63,WO_04171
TXN_006330,2025-06-28 06:49:00,PART_0076,ISSUE,7,40,33,WO_02467
TXN_006331,2025-07-02 01:37:00,PART_0017,RECEIPT,2,5,7,
TXN_006332,2024-02-15 03:43:00,PART_0091,ISSUE,3,31,28,WO_07361
TXN_006333,2024-08-01 14:26:00,PART_0203,ADJUSTMENT,5,33,38,
TXN_006334,2024-10-26 13:45:00,PART_0269,RECEIPT,8,10,18,
TXN_006335,2024-01-07 19:30:00,PART_0146,ISSUE,6,11,5,WO_09529
TXN_006336,2025-02-25 00:38:00,PART_0147,RECEIPT,1,0,1,
TXN_006337,2025-02-16 16:44:00,PART_0136,RECEIPT,6,19,25,
TXN_006338,2024-04-30 07:27:00,PART_0111,RECEIPT,7,8,15,
TXN_006339,2025-05-21 07:54:00,PART_0033,ISSUE,2,5,3,WO_08834
TXN_006340,2024-07-17 04:26:00,PART_0196,RECEIPT,4,32,36,
TXN_006341,2024-02-05 22:09:00,PART_0009,ISSUE,3,48,45,WO_04967
TXN_006342,2025-01-04 21:39:00,PART_0164,RECEIPT,3,12,15,
TXN_006343,2025-01-12 10:49:00,PART_0161,ISSUE,1,0,0,WO_02265
TXN_006344,2024-06-24 12:45:00,PART_0163,ISSUE,7,32,25,WO_02869
TXN_006345,2025-05-13 05:35:00,PART_0089,ISSUE,1,17,16,WO_07852
TXN_006346,2024-09-14 05:18:00,PART_0127,ISSUE,3,3,0,WO_09131
TXN_006347,2025-09-09 15:14:00,PART_0071,ISSUE,7,16,9,WO_02977
TXN_006348,2025-04-13 03:15:00,PART_0035,ISSUE,2,67,65,WO_00988
TXN_006349,2025-07-27 07:35:00,PART_0269,RECEIPT,3,18,21,
TXN_006350,2024-07-08 15:23:00,PART_0238,ISSUE,1,0,0,WO_04346
TXN_006351,2025-02-17 18:19:00,PART_0148,ISSUE,7,63,56,WO_09755
TXN_006352,2024-01-02 06:17:00,PART_0230,ISSUE,1,0,0,WO_03473
TXN_006353,2024-10-22 06:55:00,PART_0060,ISSUE,1,0,0,WO_01317
TXN_006354,2024-02-09 16:33:00,PART_0037,RECEIPT,4,31,35,
TXN_006355,2024-05-09 02:30:00,PART_0249,RECEIPT,3,25,28,
TXN_006356,2024-09-27 11:22:00,PART_0188,RECEIPT,3,0,3,
TXN_006357,2024-04-08 10:56:00,PART_0122,ISSUE,7,15,8,WO_04335
TXN_006358,2025-05-24 11:38:00,PART_0009,RECEIPT,2,45,47,
TXN_006359,2024-03-20 20:44:00,PART_0100,RECEIPT,3,38,41,
TXN_006360,2024-01-08 16:01:00,PART_0189,RECEIPT,4,15,19,
TXN_006361,2024-07-13 21:34:00,PART_0281,ISSUE,1,0,0,WO_08846
TXN_006362,2025-07-05 00:37:00,PART_0201,RECEIPT,5,44,49,
TXN_006363,2024-11-15 20:04:00,PART_0162,ISSUE,8,15,7,WO_08058
TXN_006364,2025-07-31 22:31:00,PART_0188,ADJUSTMENT,2,3,1,
TXN_006365,2025-07-04 15:51:00,PART_0002,ISSUE,5,12,7,WO_00940
TXN_006366,2024-12-23 11:00:00,PART_0298,RECEIPT,2,0,2,
TXN_006367,2024-03-06 01:07:00,PART_0099,RECEIPT,4,34,38,
TXN_006368,2024-09-02 14:22:00,PART_0100,ISSUE,1,41,40,WO_07028
TXN_006369,2025-07-14 16:35:00,PART_0179,ISSUE,1,0,0,WO_05002
TXN_006370,2025-06-14 04:56:00,PART_0123,RECEIPT,8,26,34,
TXN_006371,2024-01-31 20:41:00,PART_0028,ISSUE,1,0,0,WO_07472
TXN_006372,2024-08-04 10:45:00,PART_0025,ISSUE,1,35,34,WO_02422
TXN_006373,2024-03-17 16:46:00,PART_0287,ISSUE,6,47,41,WO_00457
TXN_006374,2025-04-23 18:43:00,PART_0185,ISSUE,6,62,56,WO_05202
TXN_006375,2025-06-30 06:04:00,PART_0170,ISSUE,8,21,13,WO_05616
TXN_006376,2024-05-16 18:17:00,PART_0206,ISSUE,3,31,28,WO_03473
TXN_006377,2025-05-20 10:40:00,PART_0175,RECEIPT,5,70,75,
TXN_006378,2025-05-06 11:26:00,PART_0291,RECEIPT,6,85,91,
TXN_006379,2025-06-04 04:40:00,PART_0226,ISSUE,2,42,40,WO_01180
TXN_006380,2024-01-19 21:30:00,PART_0214,RECEIPT,2,10,12,
TXN_006381,2024-01-05 02:25:00,PART_0021,RECEIPT,1,74,75,
TXN_006382,2024-02-03 14:53:00,PART_0202,ISSUE,3,72,69,WO_06559
TXN_006383,2024-05-13 18:29:00,PART_0248,RECEIPT,3,41,44,
TXN_006384,2025-05-30 11:01:00,PART_0179,RECEIPT,2,0,2,
TXN_006385,2025-04-24 15:40:00,PART_0043,ISSUE,6,29,23,WO_03831
TXN_006386,2025-07-03 02:16:00,PART_0173,RECEIPT,1,6,7,
TXN_006387,2025-04-05 11:08:00,PART_0075,ISSUE,7,23,16,WO_04317
TXN_006388,2024-11-05 09:41:00,PART_0056,RECEIPT,4,24,28,
TXN_006389,2025-01-14 12:05:00,PART_0268,ISSUE,2,20,18,WO_02357
TXN_006390,2024-12-12 21:46:00,PART_0034,ISSUE,1,4,3,WO_00279
TXN_006391,2025-05-01 19:02:00,PART_0023,RECEIPT,4,21,25,
TXN_006392,2025-09-01 01:14:00,PART_0103,RECEIPT,6,14,20,
TXN_006393,2025-09-02 12:16:00,PART_0291,ISSUE,1,91,90,WO_01192
TXN_006394,2025-03-03 13:14:00,PART_0062,ISSUE,3,22,19,WO_02900
TXN_006395,2025-08-03 14:57:00,PART_0148,RECEIPT,4,56,60,
TXN_006396,2025-06-05 11:12:00,PART_0170,ISSUE,8,13,5,WO_05465
TXN_006397,2025-03-06 20:59:00,PART_0095,RECEIPT,5,42,47,
TXN_006398,2025-04-26 03:28:00,PART_0029,RECEIPT,1,34,35,
TXN_006399,2025-01-11 23:32:00,PART_0024,RECEIPT,7,36,43,
TXN_006400,2024-11-30 10:23:00,PART_0015,ISSUE,2,11,9,WO_07121
TXN_006401,2024-04-29 07:39:00,PART_0201,ISSUE,8,49,41,WO_06045
TXN_006402,2024-06-14 15:17:00,PART_0160,ISSUE,4,32,28,WO_01974
TXN_006403,2024-09-02 17:52:00,PART_0208,ISSUE,2,2,0,WO_02546
TXN_006404,2024-03-26 05:29:00,PART_0297,RECEIPT,3,30,33,
TXN_006405,2024-04-08 21:59:00,PART_0291,ISSUE,2,90,88,WO_01656
TXN_006406,2025-06-26 05:56:00,PART_0235,ISSUE,6,49,43,WO_05693
TXN_006407,2024-12-25 19:40:00,PART_0052,ISSUE,3,3,0,WO_02346
TXN_006408,2024-06-08 04:14:00,PART_0243,RECEIPT,1,29,30,
TXN_006409,2024-07-31 08:28:00,PART_0153,ISSUE,5,34,29,WO_00999
TXN_006410,2024-01-02 05:48:00,PART_0052,ISSUE,1,0,0,WO_00223
TXN_006411,2025-02-27 21:37:00,PART_0004,RECEIPT,3,9,12,
TXN_006412,2025-05-15 16:21:00,PART_0191,ISSUE,5,5,0,WO_07861
TXN_006413,2025-08-08 09:52:00,PART_0147,ISSUE,1,1,0,WO_07413
TXN_006414,2024-02-17 19:23:00,PART_0020,RECEIPT,6,10,16,
TXN_006415,2025-02-01 13:09:00,PART_0059,ISSUE,4,18,14,WO_06503
TXN_006416,2025-05-05 23:42:00,PART_0088,RECEIPT,1,0,1,
TXN_006417,2025-08-03 05:16:00,PART_0048,RECEIPT,2,37,39,
TXN_006418,2025-08-06 06:28:00,PART_0178,ISSUE,7,30,23,WO_08174
TXN_006419,2024-10-07 08:44:00,PART_0268,ISSUE,4,18,14,WO_05821
TXN_006420,2025-03-10 06:10:00,PART_0109,ISSUE,1,18,17,WO_03657
TXN_006421,2025-07-28 18:01:00,PART_0261,RECEIPT,1,65,66,
TXN_006422,2024-08-24 14:54:00,PART_0239,ISSUE,8,54,46,WO_09953
TXN_006423,2025-02-23 19:10:00,PART_0239,RECEIPT,3,46,49,
TXN_006424,2024-08-18 11:36:00,PART_0035,RECEIPT,3,65,68,
TXN_006425,2024-06-25 10:48:00,PART_0158,ISSUE,1,0,0,WO_04705
TXN_006426,2024-06-30 12:17:00,PART_0229,ISSUE,6,6,0,WO_02531
TXN_006427,2024-03-18 10:27:00,PART_0108,ISSUE,6,16,10,WO_01676
TXN_006428,2024-02-10 16:56:00,PART_0189,ISSUE,7,19,12,WO_06643
TXN_006429,2025-04-13 04:32:00,PART_0002,ISSUE,7,7,0,WO_06090
TXN_006430,2024-07-15 18:14:00,PART_0138,RECEIPT,8,25,33,
TXN_006431,2025-05-23 06:49:00,PART_0130,ISSUE,1,9,8,WO_02592
TXN_006432,2024-08-19 09:21:00,PART_0249,ISSUE,8,28,20,WO_02021
TXN_006433,2025-02-19 17:35:00,PART_0161,RECEIPT,4,0,4,
TXN_006434,2025-06-16 17:59:00,PART_0142,RECEIPT,7,6,13,
TXN_006435,2025-08-03 21:23:00,PART_0165,RECEIPT,1,28,29,
TXN_006436,2024-09-24 19:55:00,PART_0230,ISSUE,1,0,0,WO_08466
TXN_006437,2024-04-22 21:16:00,PART_0049,ISSUE,1,0,0,WO_00128
TXN_006438,2024-12-19 02:09:00,PART_0118,ISSUE,2,52,50,WO_03298
TXN_006439,2024-10-20 18:22:00,PART_0142,ISSUE,8,13,5,WO_07385
TXN_006440,2024-03-14 14:47:00,PART_0244,RECEIPT,7,55,62,
TXN_006441,2024-08-29 20:17:00,PART_0093,RECEIPT,1,16,17,
TXN_006442,2024-10-02 16:18:00,PART_0194,ISSUE,3,39,36,WO_03115
TXN_006443,2024-09-29 07:09:00,PART_0051,ISSUE,3,44,41,WO_05692
TXN_006444,2025-06-17 00:19:00,PART_0292,RECEIPT,4,18,22,
TXN_006445,2024-06-05 12:07:00,PART_0159,RECEIPT,6,2,8,
TXN_006446,2025-01-11 04:54:00,PART_0242,ISSUE,3,25,22,WO_02052
TXN_006447,2025-01-17 05:09:00,PART_0176,ISSUE,7,72,65,WO_05815
TXN_006448,2024-09-04 08:03:00,PART_0100,ISSUE,8,40,32,WO_08412
TXN_006449,2025-01-19 00:11:00,PART_0228,ISSUE,8,12,4,WO_02988
TXN_006450,2025-05-08 08:00:00,PART_0157,ISSUE,3,3,0,WO_09944
TXN_006451,2024-12-27 14:12:00,PART_0174,ISSUE,5,6,1,WO_03267
TXN_006452,2024-04-08 01:03:00,PART_0140,ADJUSTMENT,7,0,0,
TXN_006453,2024-03-26 13:34:00,PART_0073,RECEIPT,3,63,66,
TXN_006454,2024-05-26 04:42:00,PART_0177,ISSUE,3,8,5,WO_03388
TXN_006455,2024-10-24 06:30:00,PART_0152,RECEIPT,2,0,2,
TXN_006456,2024-02-29 05:54:00,PART_0227,ISSUE,4,31,27,WO_02606
TXN_006457,2025-05-16 03:57:00,PART_0224,RECEIPT,4,28,32,
TXN_006458,2024-08-02 02:23:00,PART_0247,ISSUE,2,22,20,WO_07335
TXN_006459,2024-07-09 08:24:00,PART_0108,RECEIPT,6,10,16,
TXN_006460,2024-12-19 18:08:00,PART_0201,RECEIPT,7,41,48,
TXN_006461,2024-06-09 00:13:00,PART_0024,ISSUE,4,43,39,WO_01625
TXN_006462,2024-03-24 14:01:00,PART_0247,ISSUE,8,20,12,WO_08413
TXN_006463,2024-08-30 16:31:00,PART_0157,ISSUE,1,0,0,WO_09109
TXN_006464,2025-09-13 19:46:00,PART_0138,ISSUE,7,33,26,WO_04485
TXN_006465,2025-08-27 09:28:00,PART_0283,RECEIPT,1,0,1,
TXN_006466,2024-10-08 21:44:00,PART_0247,RECEIPT,3,12,15,
TXN_006467,2025-04-16 13:13:00,PART_0065,ISSUE,4,22,18,WO_06934
TXN_006468,2024-07-17 17:32:00,PART_0176,ISSUE,2,65,63,WO_05910
TXN_006469,2025-07-15 17:33:00,PART_0002,RECEIPT,6,0,6,
TXN_006470,2024-06-10 16:09:00,PART_0109,ISSUE,5,17,12,WO_08644
TXN_006471,2024-10-09 08:53:00,PART_0079,ADJUSTMENT,6,7,13,
TXN_006472,2025-04-13 10:03:00,PART_0142,RECEIPT,4,5,9,
TXN_006473,2024-02-05 07:28:00,PART_0166,ISSUE,1,14,13,WO_06291
TXN_006474,2024-09-19 13:53:00,PART_0244,ISSUE,7,62,55,WO_02404
TXN_006475,2025-08-20 14:00:00,PART_0149,ISSUE,4,24,20,WO_08120
TXN_006476,2024-08-14 01:58:00,PART_0096,ISSUE,7,80,73,WO_09965
TXN_006477,2025-09-01 23:44:00,PART_0284,ISSUE,3,3,0,WO_07050
TXN_006478,2025-08-09 02:48:00,PART_0007,ISSUE,1,6,5,WO_06776
TXN_006479,2025-03-20 20:20:00,PART_0023,ISSUE,6,25,19,WO_05568
TXN_006480,2024-04-03 15:04:00,PART_0219,ISSUE,6,39,33,WO_03074
TXN_006481,2025-01-02 16:38:00,PART_0103,RECEIPT,3,20,23,
TXN_006482,2024-10-09 13:52:00,PART_0015,ISSUE,7,9,2,WO_08943
TXN_006483,2024-11-05 08:38:00,PART_0135,ISSUE,3,21,18,WO_06779
TXN_006484,2025-02-23 14:40:00,PART_0138,ISSUE,8,26,18,WO_02524
TXN_006485,2024-08-14 04:49:00,PART_0177,ISSUE,4,5,1,WO_07240
TXN_006486,2024-05-26 13:15:00,PART_0151,ISSUE,2,22,20,WO_03600
TXN_006487,2024-12-12 15:27:00,PART_0063,RECEIPT,1,8,9,
TXN_006488,2024-08-10 11:02:00,PART_0202,ISSUE,6,69,63,WO_06286
TXN_006489,2024-08-27 13:32:00,PART_0114,ISSUE,5,37,32,WO_04018
TXN_006490,2024-07-06 11:22:00,PART_0296,ADJUSTMENT,8,18,26,
TXN_006491,2024-11-24 03:20:00,PART_0196,ISSUE,6,36,30,WO_00436
TXN_006492,2024-11-15 03:57:00,PART_0041,RECEIPT,2,21,23,
TXN_006493,2024-04-12 08:26:00,PART_0137,RECEIPT,2,1,3,
TXN_006494,2024-03-07 23:12:00,PART_0068,RECEIPT,7,25,32,
TXN_006495,2024-04-09 08:19:00,PART_0009,ISSUE,5,47,42,WO_06193
TXN_006496,2024-07-23 09:09:00,PART_0100,RECEIPT,8,32,40,
TXN_006497,2024-05-20 20:01:00,PART_0116,ADJUSTMENT,2,1,0,
TXN_006498,2025-03-24 17:09:00,PART_0220,ISSUE,1,19,18,WO_09021
TXN_006499,2024-12-26 00:36:00,PART_0071,ISSUE,2,9,7,WO_02059
TXN_006500,2025-08-25 05:34:00,PART_0141,ISSUE,1,0,0,WO_06006
TXN_006501,2024-04-19 19:03:00,PART_0192,ISSUE,1,27,26,WO_06090
TXN_006502,2024-09-30 22:59:00,PART_0264,ISSUE,5,6,1,WO_06020
TXN_006503,2024-06-07 23:25:00,PART_0209,RECEIPT,3,5,8,
TXN_006504,2024-09-06 14:39:00,PART_0084,ISSUE,1,0,0,WO_09108
TXN_006505,2024-05-26 19:55:00,PART_0210,ISSUE,7,10,3,WO_05404
TXN_006506,2025-08-24 12:17:00,PART_0146,RECEIPT,8,5,13,
TXN_006507,2024-10-27 15:02:00,PART_0279,ISSUE,3,24,21,WO_05347
TXN_006508,2024-11-30 10:38:00,PART_0179,ISSUE,2,2,0,WO_00264
TXN_006509,2025-07-06 07:56:00,PART_0155,ISSUE,7,26,19,WO_06794
TXN_006510,2025-06-10 03:10:00,PART_0289,ISSUE,5,42,37,WO_03764
TXN_006511,2024-05-23 17:42:00,PART_0195,ISSUE,3,25,22,WO_08036
TXN_006512,2025-06-26 19:08:00,PART_0277,ISSUE,5,14,9,WO_08479
TXN_006513,2024-03-24 03:39:00,PART_0134,ISSUE,8,37,29,WO_02286
TXN_006514,2024-06-26 12:29:00,PART_0247,RECEIPT,3,15,18,
TXN_006515,2024-09-20 12:18:00,PART_0159,ISSUE,1,8,7,WO_08516
TXN_006516,2024-12-14 14:07:00,PART_0086,RECEIPT,4,12,16,
TXN_006517,2024-02-06 09:18:00,PART_0015,ISSUE,2,2,0,WO_07388
TXN_006518,2025-06-03 16:56:00,PART_0217,ISSUE,7,57,50,WO_03438
TXN_006519,2024-11-01 22:20:00,PART_0140,ISSUE,1,0,0,WO_06250
TXN_006520,2024-12-27 01:46:00,PART_0155,ISSUE,4,19,15,WO_04227
TXN_006521,2025-06-05 22:26:00,PART_0184,ISSUE,1,15,14,WO_07221
TXN_006522,2024-08-15 13:24:00,PART_0265,RECEIPT,3,9,12,
TXN_006523,2024-02-04 10:06:00,PART_0275,ISSUE,5,26,21,WO_01601
TXN_006524,2024-06-13 11:29:00,PART_0054,RECEIPT,6,72,78,
TXN_006525,2024-08-31 21:24:00,PART_0287,RECEIPT,1,41,42,
TXN_006526,2025-06-15 09:44:00,PART_0133,ISSUE,7,22,15,WO_03764
TXN_006527,2024-07-15 12:23:00,PART_0184,ADJUSTMENT,3,14,17,
TXN_006528,2024-08-02 14:23:00,PART_0025,RECEIPT,8,34,42,
TXN_006529,2024-05-04 04:22:00,PART_0034,ISSUE,3,3,0,WO_01378
TXN_006530,2024-08-18 04:37:00,PART_0252,RECEIPT,6,0,6,
TXN_006531,2025-09-12 19:28:00,PART_0197,ISSUE,1,31,30,WO_04017
TXN_006532,2024-12-06 17:16:00,PART_0277,RECEIPT,4,9,13,
TXN_006533,2025-04-18 16:26:00,PART_0113,ISSUE,2,56,54,WO_02366
TXN_006534,2024-03-01 20:46:00,PART_0165,ISSUE,1,29,28,WO_02157
TXN_006535,2024-07-19 10:51:00,PART_0042,ISSUE,1,77,76,WO_06706
TXN_006536,2025-07-26 22:23:00,PART_0025,RECEIPT,2,42,44,
TXN_006537,2024-12-18 03:29:00,PART_0115,RECEIPT,4,12,16,
TXN_006538,2025-07-24 23:32:00,PART_0152,ISSUE,2,2,0,WO_06508
TXN_006539,2025-08-31 09:38:00,PART_0037,RECEIPT,7,35,42,
TXN_006540,2024-10-08 20:37:00,PART_0219,RECEIPT,8,33,41,
TXN_006541,2025-02-17 16:44:00,PART_0146,ISSUE,7,13,6,WO_01359
TXN_006542,2024-07-11 03:31:00,PART_0281,ISSUE,1,0,0,WO_01563
TXN_006543,2024-06-28 19:36:00,PART_0005,ISSUE,7,11,4,WO_08142
TXN_006544,2025-06-01 20:04:00,PART_0274,ISSUE,8,34,26,WO_05406
TXN_006545,2024-01-10 02:29:00,PART_0045,ISSUE,1,0,0,WO_02399
TXN_006546,2024-02-13 15:35:00,PART_0292,RECEIPT,6,22,28,
TXN_006547,2025-04-21 15:30:00,PART_0117,ADJUSTMENT,2,0,2,
TXN_006548,2025-03-08 05:27:00,PART_0235,ISSUE,2,43,41,WO_00615
TXN_006549,2024-09-14 18:50:00,PART_0227,ISSUE,8,27,19,WO_03828
TXN_006550,2024-04-15 08:03:00,PART_0168,ADJUSTMENT,7,57,64,
TXN_006551,2024-01-05 16:51:00,PART_0275,RECEIPT,5,21,26,
TXN_006552,2025-01-25 12:37:00,PART_0222,ISSUE,7,28,21,WO_02099
TXN_006553,2025-03-09 10:16:00,PART_0156,ISSUE,4,12,8,WO_08064
TXN_006554,2024-11-13 21:14:00,PART_0262,RECEIPT,4,56,60,
TXN_006555,2025-07-28 22:34:00,PART_0215,ISSUE,1,0,0,WO_02079
TXN_006556,2024-07-15 04:49:00,PART_0030,ISSUE,5,41,36,WO_02517
TXN_006557,2024-04-23 09:14:00,PART_0241,RECEIPT,1,39,40,
TXN_006558,2025-01-27 00:40:00,PART_0242,RECEIPT,6,22,28,
TXN_006559,2025-08-26 01:30:00,PART_0183,ISSUE,2,32,30,WO_08959
TXN_006560,2024-08-04 06:53:00,PART_0109,RECEIPT,8,12,20,
TXN_006561,2024-08-18 21:40:00,PART_0090,ISSUE,2,28,26,WO_04624
TXN_006562,2025-03-14 18:28:00,PART_0060,ISSUE,1,0,0,WO_01995
TXN_006563,2025-09-04 04:15:00,PART_0254,ISSUE,4,54,50,WO_09224
TXN_006564,2024-10-28 23:02:00,PART_0215,RECEIPT,5,0,5,
TXN_006565,2024-10-20 17:22:00,PART_0278,ISSUE,1,0,0,WO_04898
TXN_006566,2024-12-09 20:29:00,PART_0152,RECEIPT,3,0,3,
TXN_006567,2024-05-17 04:40:00,PART_0052,ISSUE,1,0,0,WO_00857
TXN_006568,2025-06-27 07:56:00,PART_0167,ISSUE,3,37,34,WO_01973
TXN_006569,2025-05-20 17:38:00,PART_0294,RECEIPT,6,15,21,
TXN_006570,2024-10-19 19:00:00,PART_0246,ISSUE,2,2,0,WO_03471
TXN_006571,2025-08-21 00:47:00,PART_0157,ISSUE,1,0,0,WO_07542
TXN_006572,2024-04-05 14:22:00,PART_0204,ISSUE,1,8,7,WO_01146
TXN_006573,2024-05-18 21:12:00,PART_0177,ISSUE,1,1,0,WO_05733
TXN_006574,2024-08-19 06:17:00,PART_0271,RECEIPT,1,17,18,
TXN_006575,2025-05-08 09:58:00,PART_0094,RECEIPT,1,22,23,
TXN_006576,2024-10-27 03:31:00,PART_0263,ISSUE,5,43,38,WO_02802
TXN_006577,2024-02-16 13:51:00,PART_0170,RECEIPT,2,5,7,
TXN_006578,2024-09-16 22:26:00,PART_0062,ISSUE,4,19,15,WO_02856
TXN_006579,2024-11-08 07:37:00,PART_0135,ISSUE,3,18,15,WO_09585
TXN_006580,2025-06-22 02:52:00,PART_0216,ISSUE,7,8,1,WO_06330
TXN_006581,2025-01-23 05:45:00,PART_0091,ISSUE,4,28,24,WO_08735
TXN_006582,2025-08-10 12:44:00,PART_0151,RECEIPT,3,20,23,
TXN_006583,2024-08-05 23:40:00,PART_0154,ISSUE,5,20,15,WO_01182
TXN_006584,2025-06-08 05:37:00,PART_0069,ISSUE,1,3,2,WO_04407
TXN_006585,2025-03-06 15:03:00,PART_0122,RECEIPT,3,8,11,
TXN_006586,2025-05-05 04:22:00,PART_0006,RECEIPT,3,43,46,
TXN_006587,2024-03-07 11:23:00,PART_0022,ISSUE,4,45,41,WO_02743
TXN_006588,2024-08-01 16:06:00,PART_0198,RECEIPT,1,25,26,
TXN_006589,2024-11-24 10:29:00,PART_0168,ISSUE,5,64,59,WO_06166
TXN_006590,2025-08-05 13:59:00,PART_0089,RECEIPT,4,16,20,
TXN_006591,2024-04-20 07:38:00,PART_0300,ISSUE,8,20,12,WO_03680
TXN_006592,2024-03-08 10:05:00,PART_0169,RECEIPT,2,21,23,
TXN_006593,2024-02-05 22:38:00,PART_0201,RECEIPT,1,48,49,
TXN_006594,2024-06-14 15:50:00,PART_0150,ISSUE,1,0,0,WO_06231
TXN_006595,2024-03-12 19:39:00,PART_0144,ISSUE,1,14,13,WO_06712
TXN_006596,2024-10-12 12:54:00,PART_0109,ISSUE,2,20,18,WO_07252
TXN_006597,2025-08-12 01:13:00,PART_0252,RECEIPT,1,6,7,
TXN_006598,2024-05-27 11:20:00,PART_0185,ISSUE,4,56,52,WO_08059
TXN_006599,2024-12-26 21:38:00,PART_0131,ISSUE,1,22,21,WO_07479
TXN_006600,2024-05-26 22:08:00,PART_0089,RECEIPT,8,20,28,
TXN_006601,2024-03-15 18:57:00,PART_0273,RECEIPT,7,24,31,
TXN_006602,2024-12-13 07:59:00,PART_0203,ISSUE,5,38,33,WO_05820
TXN_006603,2025-08-07 22:03:00,PART_0180,RECEIPT,8,0,8,
TXN_006604,2024-02-23 04:17:00,PART_0121,ISSUE,2,31,29,WO_03222
TXN_006605,2024-02-23 16:05:00,PART_0154,ISSUE,6,15,9,WO_04245
TXN_006606,2025-07-15 12:39:00,PART_0048,RECEIPT,2,39,41,
TXN_006607,2024-03-13 09:47:00,PART_0052,ISSUE,1,0,0,WO_05904
TXN_006608,2024-10-25 10:26:00,PART_0272,ISSUE,2,60,58,WO_01609
TXN_006609,2025-07-25 05:08:00,PART_0253,RECEIPT,3,6,9,
TXN_006610,2025-02-02 19:31:00,PART_0102,ISSUE,5,36,31,WO_06559
TXN_006611,2025-03-21 11:46:00,PART_0016,RECEIPT,6,16,22,
TXN_006612,2024-05-31 07:30:00,PART_0159,ISSUE,4,7,3,WO_08485
TXN_006613,2024-10-09 15:32:00,PART_0193,ISSUE,1,15,14,WO_03172
TXN_006614,2024-02-09 07:23:00,PART_0167,RECEIPT,3,34,37,
TXN_006615,2024-02-27 20:03:00,PART_0007,ISSUE,4,5,1,WO_04182
TXN_006616,2025-01-30 01:05:00,PART_0033,RECEIPT,5,3,8,
TXN_006617,2024-08-16 06:54:00,PART_0157,ISSUE,1,0,0,WO_07742
TXN_006618,2024-11-09 02:22:00,PART_0113,ISSUE,1,54,53,WO_05719
TXN_006619,2024-09-13 17:03:00,PART_0011,ADJUSTMENT,1,31,30,
TXN_006620,2024-12-26 15:32:00,PART_0063,RECEIPT,7,9,16,
TXN_006621,2025-04-02 14:21:00,PART_0040,ISSUE,5,5,0,WO_06677
TXN_006622,2024-04-17 08:43:00,PART_0176,ISSUE,3,63,60,WO_00312
TXN_006623,2024-01-21 05:42:00,PART_0275,ISSUE,1,26,25,WO_09565
TXN_006624,2024-03-03 17:16:00,PART_0229,RECEIPT,3,0,3,
TXN_006625,2025-02-28 01:20:00,PART_0049,ISSUE,1,0,0,WO_06379
TXN_006626,2025-09-02 22:56:00,PART_0173,RECEIPT,2,7,9,
TXN_006627,2025-04-12 19:56:00,PART_0283,RECEIPT,2,1,3,
TXN_006628,2024-03-21 19:51:00,PART_0105,ISSUE,6,91,85,WO_02583
TXN_006629,2025-08-14 20:44:00,PART_0222,RECEIPT,6,21,27,
TXN_006630,2025-03-01 13:44:00,PART_0234,RECEIPT,3,5,8,
TXN_006631,2024-10-29 03:56:00,PART_0242,RECEIPT,8,28,36,
TXN_006632,2025-03-20 20:35:00,PART_0245,ISSUE,4,21,17,WO_03758
TXN_006633,2024-11-21 16:58:00,PART_0293,RECEIPT,4,6,10,
TXN_006634,2025-08-20 10:32:00,PART_0068,RECEIPT,8,32,40,
TXN_006635,2025-06-21 02:08:00,PART_0014,ISSUE,1,0,0,WO_09722
TXN_006636,2024-11-02 08:36:00,PART_0033,RECEIPT,7,8,15,
TXN_006637,2024-02-24 16:44:00,PART_0185,RECEIPT,3,52,55,
TXN_006638,2024-05-06 23:42:00,PART_0072,ISSUE,7,32,25,WO_00384
TXN_006639,2025-05-15 15:51:00,PART_0051,RECEIPT,2,41,43,
TXN_006640,2025-02-02 04:01:00,PART_0160,ISSUE,4,28,24,WO_01137
TXN_006641,2024-10-13 05:32:00,PART_0098,RECEIPT,6,38,44,
TXN_006642,2024-06-13 06:53:00,PART_0185,RECEIPT,1,55,56,
TXN_006643,2025-02-05 09:24:00,PART_0101,ISSUE,6,6,0,WO_01209
TXN_006644,2024-03-20 21:35:00,PART_0245,ISSUE,5,17,12,WO_06518
TXN_006645,2025-03-19 01:59:00,PART_0200,RECEIPT,5,0,5,
TXN_006646,2024-02-01 09:19:00,PART_0076,ISSUE,4,33,29,WO_03555
TXN_006647,2024-02-24 06:41:00,PART_0180,RECEIPT,6,8,14,
TXN_006648,2024-10-31 10:43:00,PART_0254,ISSUE,1,50,49,WO_08133
TXN_006649,2024-02-27 09:29:00,PART_0229,ISSUE,3,3,0,WO_08339
TXN_006650,2025-05-27 13:30:00,PART_0190,RECEIPT,3,20,23,
TXN_006651,2024-11-23 17:32:00,PART_0087,ADJUSTMENT,6,47,41,
TXN_006652,2025-04-03 09:50:00,PART_0296,ISSUE,2,26,24,WO_09298
TXN_006653,2024-07-04 16:24:00,PART_0106,RECEIPT,4,16,20,
TXN_006654,2024-04-27 04:03:00,PART_0159,RECEIPT,3,3,6,
TXN_006655,2024-07-27 20:15:00,PART_0233,ISSUE,8,24,16,WO_07359
TXN_006656,2025-06-24 08:43:00,PART_0070,RECEIPT,5,23,28,
TXN_006657,2024-01-13 11:45:00,PART_0108,RECEIPT,1,16,17,
TXN_006658,2025-07-03 18:13:00,PART_0027,ISSUE,3,32,29,WO_03229
TXN_006659,2025-06-22 23:26:00,PART_0087,ISSUE,5,41,36,WO_04825
TXN_006660,2025-02-24 03:34:00,PART_0102,ISSUE,7,31,24,WO_06201
TXN_006661,2024-07-27 09:54:00,PART_0046,ISSUE,3,36,33,WO_00561
TXN_006662,2024-07-22 13:01:00,PART_0045,ISSUE,1,0,0,WO_05049
TXN_006663,2025-06-15 00:17:00,PART_0131,RECEIPT,6,21,27,
TXN_006664,2024-08-11 01:05:00,PART_0184,RECEIPT,3,17,20,
TXN_006665,2024-03-26 03:45:00,PART_0255,ISSUE,3,17,14,WO_01197
TXN_006666,2025-01-25 19:50:00,PART_0007,ADJUSTMENT,3,1,4,
TXN_006667,2024-11-03 07:12:00,PART_0044,RECEIPT,8,33,41,
TXN_006668,2025-07-13 19:30:00,PART_0181,RECEIPT,6,40,46,
TXN_006669,2024-01-05 13:53:00,PART_0274,ISSUE,4,26,22,WO_07286
TXN_006670,2024-12-26 05:42:00,PART_0073,ISSUE,7,66,59,WO_00318
TXN_006671,2024-08-01 05:23:00,PART_0187,ISSUE,5,73,68,WO_08693
TXN_006672,2024-09-28 19:01:00,PART_0223,RECEIPT,4,5,9,
TXN_006673,2024-12-05 21:08:00,PART_0138,RECEIPT,7,18,25,
TXN_006674,2024-07-07 23:26:00,PART_0044,RECEIPT,4,41,45,
TXN_006675,2025-08-02 02:09:00,PART_0215,ISSUE,2,5,3,WO_00013
TXN_006676,2024-11-09 05:36:00,PART_0137,RECEIPT,4,3,7,
TXN_006677,2025-07-27 15:34:00,PART_0089,ISSUE,3,28,25,WO_08599
TXN_006678,2024-11-21 15:40:00,PART_0222,RECEIPT,8,27,35,
TXN_006679,2024-03-21 18:33:00,PART_0092,ISSUE,3,7,4,WO_01559
TXN_006680,2025-06-16 17:08:00,PART_0269,ISSUE,6,21,15,WO_09001
TXN_006681,2025-01-28 21:16:00,PART_0262,RECEIPT,6,60,66,
TXN_006682,2024-04-26 19:37:00,PART_0010,RECEIPT,1,10,11,
TXN_006683,2025-02-04 22:11:00,PART_0003,ISSUE,1,0,0,WO_05576
TXN_006684,2025-01-01 12:55:00,PART_0230,ISSUE,1,0,0,WO_09962
TXN_006685,2025-09-07 03:02:00,PART_0262,ISSUE,1,66,65,WO_05649
TXN_006686,2024-08-17 12:11:00,PART_0053,RECEIPT,4,6,10,
TXN_006687,2024-10-21 17:16:00,PART_0299,ISSUE,6,14,8,WO_08278
TXN_006688,2024-10-10 15:45:00,PART_0176,ISSUE,1,60,59,WO_04096
TXN_006689,2024-12-01 06:19:00,PART_0100,ISSUE,5,40,35,WO_08532
TXN_006690,2024-07-24 21:50:00,PART_0203,ISSUE,3,33,30,WO_00027
TXN_006691,2025-04-30 16:14:00,PART_0239,RECEIPT,7,49,56,
TXN_006692,2025-02-02 07:32:00,PART_0008,ISSUE,6,17,11,WO_01856
TXN_006693,2025-08-08 13:38:00,PART_0116,ISSUE,1,0,0,WO_08821
TXN_006694,2024-01-23 11:38:00,PART_0140,ISSUE,1,0,0,WO_02737
TXN_006695,2024-07-03 22:18:00,PART_0253,ISSUE,6,9,3,WO_02251
TXN_006696,2025-03-23 10:46:00,PART_0101,RECEIPT,6,0,6,
TXN_006697,2025-04-23 01:23:00,PART_0113,ISSUE,3,53,50,WO_06728
TXN_006698,2025-08-25 07:32:00,PART_0194,RECEIPT,4,36,40,
TXN_006699,2025-07-15 00:08:00,PART_0040,ISSUE,1,0,0,WO_04040
TXN_006700,2024-03-25 01:41:00,PART_0250,ISSUE,1,0,0,WO_09920
TXN_006701,2024-03-25 09:51:00,PART_0098,ISSUE,7,44,37,WO_03809
TXN_006702,2025-05-13 12:12:00,PART_0252,RECEIPT,6,7,13,
TXN_006703,2025-02-07 07:04:00,PART_0190,ADJUSTMENT,2,23,25,
TXN_006704,2025-03-24 06:03:00,PART_0231,ISSUE,6,11,5,WO_01788
TXN_006705,2024-09-16 07:16:00,PART_0142,ISSUE,3,9,6,WO_01223
TXN_006706,2025-04-23 16:29:00,PART_0019,RECEIPT,6,5,11,
TXN_006707,2025-04-23 13:27:00,PART_0138,ISSUE,2,25,23,WO_07961
TXN_006708,2025-05-09 20:37:00,PART_0215,ISSUE,3,3,0,WO_06691
TXN_006709,2025-02-07 05:09:00,PART_0222,RECEIPT,6,35,41,
TXN_006710,2024-06-21 00:40:00,PART_0272,RECEIPT,8,58,66,
TXN_006711,2025-08-10 07:38:00,PART_0105,ISSUE,4,85,81,WO_05853
TXN_006712,2024-05-08 10:10:00,PART_0161,ISSUE,2,4,2,WO_00203
TXN_006713,2024-02-27 21:50:00,PART_0132,ISSUE,8,16,8,WO_05810
TXN_006714,2025-03-25 18:48:00,PART_0232,RECEIPT,2,0,2,
TXN_006715,2025-04-05 02:44:00,PART_0297,RECEIPT,3,33,36,
TXN_006716,2024-07-01 05:36:00,PART_0141,ISSUE,1,0,0,WO_03128
TXN_006717,2024-11-19 01:17:00,PART_0113,ISSUE,3,50,47,WO_03463
TXN_006718,2024-02-29 01:53:00,PART_0129,RECEIPT,5,81,86,
TXN_006719,2024-02-25 04:17:00,PART_0093,ISSUE,6,17,11,WO_09775
TXN_006720,2024-09-14 19:01:00,PART_0288,ISSUE,3,3,0,WO_02442
TXN_006721,2024-10-09 07:52:00,PART_0124,ISSUE,1,0,0,WO_00650
TXN_006722,2024-06-25 23:18:00,PART_0180,ISSUE,8,14,6,WO_08706
TXN_006723,2024-11-11 05:29:00,PART_0099,ISSUE,1,38,37,WO_06975
TXN_006724,2024-12-26 17:08:00,PART_0272,ISSUE,6,66,60,WO_04118
TXN_006725,2024-03-12 16:16:00,PART_0138,RECEIPT,5,23,28,
TXN_006726,2024-09-23 19:44:00,PART_0022,ISSUE,5,41,36,WO_05091
TXN_006727,2025-06-29 02:12:00,PART_0282,RECEIPT,7,82,89,
TXN_006728,2024-06-14 21:33:00,PART_0075,ISSUE,3,16,13,WO_04828
TXN_006729,2025-03-23 03:11:00,PART_0204,ISSUE,1,7,6,WO_07075
TXN_006730,2024-10-17 12:14:00,PART_0031,ADJUSTMENT,1,22,23,
TXN_006731,2024-10-12 09:27:00,PART_0179,ISSUE,1,0,0,WO_09004
TXN_006732,2025-06-20 16:09:00,PART_0275,RECEIPT,5,25,30,
TXN_006733,2024-12-06 21:49:00,PART_0130,ISSUE,4,8,4,WO_08950
TXN_006734,2024-09-27 07:33:00,PART_0293,RECEIPT,6,10,16,
TXN_006735,2025-04-30 14:32:00,PART_0072,ISSUE,6,25,19,WO_06576
TXN_006736,2024-05-31 01:34:00,PART_0163,ISSUE,6,25,19,WO_06887
TXN_006737,2024-09-17 15:52:00,PART_0146,ISSUE,6,6,0,WO_09380
TXN_006738,2024-03-19 10:38:00,PART_0238,RECEIPT,1,0,1,
TXN_006739,2025-02-03 04:19:00,PART_0028,RECEIPT,3,0,3,
TXN_006740,2025-07-28 15:26:00,PART_0153,ISSUE,2,29,27,WO_00901
TXN_006741,2024-06-27 11:36:00,PART_0040,ISSUE,1,0,0,WO_05756
TXN_006742,2025-06-02 14:36:00,PART_0056,ISSUE,5,28,23,WO_07519
TXN_006743,2024-08-12 15:05:00,PART_0159,ISSUE,5,6,1,WO_01596
TXN_006744,2024-01-25 05:11:00,PART_0071,RECEIPT,8,7,15,
TXN_006745,2025-04-25 19:42:00,PART_0286,RECEIPT,6,0,6,
TXN_006746,2024-07-09 00:23:00,PART_0096,RECEIPT,4,73,77,
TXN_006747,2024-03-28 09:24:00,PART_0070,ISSUE,6,28,22,WO_06905
TXN_006748,2024-11-04 01:26:00,PART_0281,ISSUE,1,0,0,WO_04196
TXN_006749,2025-03-24 15:40:00,PART_0151,ISSUE,2,23,21,WO_00525
TXN_006750,2025-03-21 21:56:00,PART_0159,RECEIPT,5,1,6,
TXN_006751,2025-06-01 01:44:00,PART_0250,ISSUE,1,0,0,WO_06731
TXN_006752,2024-01-08 09:40:00,PART_0047,ISSUE,4,35,31,WO_07734
TXN_006753,2024-11-25 10:48:00,PART_0070,ISSUE,2,22,20,WO_03002
TXN_006754,2024-01-23 08:24:00,PART_0271,ISSUE,4,18,14,WO_00309
TXN_006755,2024-03-20 14:07:00,PART_0214,ISSUE,3,12,9,WO_02401
TXN_006756,2025-01-13 02:09:00,PART_0063,ISSUE,6,16,10,WO_06471
TXN_006757,2024-10-29 13:36:00,PART_0271,ISSUE,8,14,6,WO_07948
TXN_006758,2025-06-20 23:13:00,PART_0279,ISSUE,7,21,14,WO_05395
TXN_006759,2025-06-26 06:27:00,PART_0092,ISSUE,3,4,1,WO_00913
TXN_006760,2025-08-29 19:30:00,PART_0284,ISSUE,1,0,0,WO_01687
TXN_006761,2024-05-30 19:36:00,PART_0031,RECEIPT,5,23,28,
TXN_006762,2025-03-31 10:09:00,PART_0072,RECEIPT,8,19,27,
TXN_006763,2024-04-12 01:58:00,PART_0288,RECEIPT,2,0,2,
TXN_006764,2024-11-11 07:53:00,PART_0018,ISSUE,1,0,0,WO_09513
TXN_006765,2024-12-19 00:42:00,PART_0084,ISSUE,1,0,0,WO_06967
TXN_006766,2024-07-28 05:55:00,PART_0159,ISSUE,6,6,0,WO_07144
TXN_006767,2025-06-27 11:51:00,PART_0012,RECEIPT,6,37,43,
TXN_006768,2024-03-11 13:33:00,PART_0200,RECEIPT,1,5,6,
TXN_006769,2024-07-08 12:35:00,PART_0221,ISSUE,6,17,11,WO_09042
TXN_006770,2024-08-09 16:55:00,PART_0042,RECEIPT,4,76,80,
TXN_006771,2025-04-25 20:20:00,PART_0059,RECEIPT,8,14,22,
TXN_006772,2024-10-28 14:58:00,PART_0075,RECEIPT,7,13,20,
TXN_006773,2025-01-27 21:29:00,PART_0172,RECEIPT,1,24,25,
TXN_006774,2025-07-20 07:26:00,PART_0274,RECEIPT,6,22,28,
TXN_006775,2025-05-06 03:20:00,PART_0113,RECEIPT,5,47,52,
TXN_006776,2024-12-30 22:54:00,PART_0137,RECEIPT,5,7,12,
TXN_006777,2024-05-20 11:48:00,PART_0246,RECEIPT,7,0,7,
TXN_006778,2024-04-03 05:00:00,PART_0260,ISSUE,1,0,0,WO_00072
TXN_006779,2025-04-15 09:48:00,PART_0165,ADJUSTMENT,4,28,24,
TXN_006780,2024-04-25 16:29:00,PART_0074,ADJUSTMENT,6,0,0,
TXN_006781,2024-08-24 00:30:00,PART_0103,RECEIPT,5,23,28,
TXN_006782,2024-12-19 18:18:00,PART_0163,ISSUE,1,19,18,WO_06528
TXN_006783,2024-12-08 16:11:00,PART_0197,ISSUE,3,30,27,WO_09810
TXN_006784,2024-05-11 09:48:00,PART_0115,ISSUE,3,16,13,WO_09317
TXN_006785,2025-01-10 14:58:00,PART_0086,ISSUE,6,16,10,WO_03023
TXN_006786,2024-08-23 11:25:00,PART_0225,ISSUE,7,15,8,WO_06191
TXN_006787,2024-03-27 09:24:00,PART_0053,RECEIPT,2,10,12,
TXN_006788,2024-03-12 13:44:00,PART_0233,ADJUSTMENT,2,16,18,
TXN_006789,2024-06-21 07:04:00,PART_0109,ISSUE,6,18,12,WO_00233
TXN_006790,2025-05-01 01:48:00,PART_0163,ISSUE,7,18,11,WO_05880
TXN_006791,2024-05-13 11:21:00,PART_0248,ISSUE,5,44,39,WO_09824
TXN_006792,2025-06-27 12:18:00,PART_0021,RECEIPT,3,75,78,
TXN_006793,2024-09-21 16:02:00,PART_0194,ISSUE,2,40,38,WO_06325
TXN_006794,2025-05-09 08:49:00,PART_0201,ISSUE,8,49,41,WO_00255
TXN_006795,2025-02-15 00:03:00,PART_0290,RECEIPT,7,28,35,
TXN_006796,2025-06-24 07:14:00,PART_0157,ISSUE,1,0,0,WO_02301
TXN_006797,2024-11-09 13:24:00,PART_0205,RECEIPT,8,16,24,
TXN_006798,2025-07-10 20:54:00,PART_0217,RECEIPT,7,50,57,
TXN_006799,2024-10-02 08:47:00,PART_0197,ISSUE,2,27,25,WO_06348
TXN_006800,2024-09-17 11:53:00,PART_0136,ISSUE,1,25,24,WO_04748
TXN_006801,2024-06-04 15:46:00,PART_0186,ISSUE,1,0,0,WO_05002
TXN_006802,2025-05-19 01:45:00,PART_0289,ISSUE,2,37,35,WO_00290
TXN_006803,2025-05-14 11:12:00,PART_0019,ISSUE,5,11,6,WO_07060
TXN_006804,2025-03-18 05:42:00,PART_0117,RECEIPT,6,2,8,
TXN_006805,2025-02-11 17:35:00,PART_0017,RECEIPT,3,7,10,
TXN_006806,2025-04-05 18:06:00,PART_0294,RECEIPT,2,21,23,
TXN_006807,2024-03-06 19:29:00,PART_0286,ISSUE,6,6,0,WO_05038
TXN_006808,2024-11-23 22:15:00,PART_0198,ISSUE,5,26,21,WO_09455
TXN_006809,2025-07-15 11:20:00,PART_0047,ISSUE,2,31,29,WO_07196
TXN_006810,2024-06-26 07:31:00,PART_0095,ISSUE,7,47,40,WO_05982
TXN_006811,2024-06-30 23:54:00,PART_0182,RECEIPT,4,19,23,
TXN_006812,2024-02-24 16:46:00,PART_0285,RECEIPT,6,42,48,
TXN_006813,2025-06-11 16:25:00,PART_0256,ISSUE,6,51,45,WO_07583
TXN_006814,2024-03-11 18:18:00,PART_0047,ISSUE,3,29,26,WO_07160
TXN_006815,2024-04-14 19:44:00,PART_0004,RECEIPT,3,12,15,
TXN_006816,2025-08-23 21:10:00,PART_0290,RECEIPT,7,35,42,
TXN_006817,2025-01-05 18:51:00,PART_0101,ISSUE,1,6,5,WO_01421
TXN_006818,2024-10-01 13:22:00,PART_0199,RECEIPT,8,9,17,
TXN_006819,2024-11-08 14:26:00,PART_0095,RECEIPT,7,40,47,
TXN_006820,2024-03-21 09:47:00,PART_0229,ISSUE,1,0,0,WO_06845
TXN_006821,2024-02-26 08:31:00,PART_0249,ISSUE,1,20,19,WO_05968
TXN_006822,2024-09-09 16:38:00,PART_0218,ISSUE,1,0,0,WO_05582
TXN_006823,2025-03-09 18:12:00,PART_0107,ISSUE,8,11,3,WO_01377
TXN_006824,2024-02-01 20:16:00,PART_0156,ISSUE,8,8,0,WO_03066
TXN_006825,2024-10-13 09:32:00,PART_0248,RECEIPT,4,39,43,
TXN_006826,2025-03-23 13:00:00,PART_0244,ISSUE,2,55,53,WO_08551
TXN_006827,2025-01-17 23:22:00,PART_0043,RECEIPT,8,23,31,
TXN_006828,2025-02-14 21:02:00,PART_0270,RECEIPT,4,8,12,
TXN_006829,2024-05-11 17:41:00,PART_0100,ISSUE,1,35,34,WO_09761
TXN_006830,2024-08-04 15:14:00,PART_0169,RECEIPT,8,23,31,
TXN_006831,2025-03-21 08:33:00,PART_0096,ISSUE,6,77,71,WO_08606
TXN_006832,2025-08-23 18:24:00,PART_0001,ISSUE,1,0,0,WO_01816
TXN_006833,2025-09-04 02:09:00,PART_0039,ISSUE,3,12,9,WO_05824
TXN_006834,2024-11-25 01:43:00,PART_0037,RECEIPT,4,42,46,
TXN_006835,2025-05-16 07:10:00,PART_0113,RECEIPT,6,52,58,
TXN_006836,2024-04-14 17:27:00,PART_0145,ISSUE,2,9,7,WO_06465
TXN_006837,2024-10-06 07:13:00,PART_0100,RECEIPT,7,34,41,
TXN_006838,2024-04-27 04:28:00,PART_0128,RECEIPT,8,0,8,
TXN_006839,2025-08-01 03:01:00,PART_0128,RECEIPT,4,8,12,
TXN_006840,2024-04-07 16:10:00,PART_0068,ISSUE,4,40,36,WO_00936
TXN_006841,2025-01-28 15:48:00,PART_0232,RECEIPT,7,2,9,
TXN_006842,2024-02-28 08:50:00,PART_0175,ISSUE,8,75,67,WO_09393
TXN_006843,2024-07-24 16:23:00,PART_0166,ISSUE,7,13,6,WO_02966
TXN_006844,2024-11-07 12:34:00,PART_0221,ISSUE,5,11,6,WO_05175
TXN_006845,2024-07-14 21:33:00,PART_0208,ADJUSTMENT,5,0,0,
TXN_006846,2024-12-31 18:15:00,PART_0059,ISSUE,3,22,19,WO_08602
TXN_006847,2024-12-30 18:41:00,PART_0056,RECEIPT,7,23,30,
TXN_006848,2024-05-11 04:55:00,PART_0083,RECEIPT,6,15,21,
TXN_006849,2024-06-03 00:28:00,PART_0247,RECEIPT,1,18,19,
TXN_006850,2025-02-17 17:24:00,PART_0042,ISSUE,3,80,77,WO_03200
TXN_006851,2024-03-05 15:26:00,PART_0059,RECEIPT,7,19,26,
TXN_006852,2025-06-23 22:25:00,PART_0106,RECEIPT,7,20,27,
TXN_006853,2025-04-12 00:50:00,PART_0274,ISSUE,8,28,20,WO_06917
TXN_006854,2025-04-24 09:00:00,PART_0250,RECEIPT,8,0,8,
TXN_006855,2024-06-26 11:28:00,PART_0226,ISSUE,5,40,35,WO_09870
TXN_006856,2024-06-14 10:13:00,PART_0187,RECEIPT,3,68,71,
TXN_006857,2024-10-19 20:46:00,PART_0258,ISSUE,1,0,0,WO_09848
TXN_006858,2024-12-25 17:33:00,PART_0235,ISSUE,3,41,38,WO_08427
TXN_006859,2024-07-27 20:32:00,PART_0173,ADJUSTMENT,1,9,8,
TXN_006860,2025-04-21 08:59:00,PART_0261,ISSUE,8,66,58,WO_06530
TXN_006861,2024-09-07 14:43:00,PART_0005,RECEIPT,6,4,10,
TXN_006862,2024-03-02 09:46:00,PART_0038,ISSUE,5,46,41,WO_01579
TXN_006863,2024-06-18 08:14:00,PART_0098,ISSUE,3,37,34,WO_01381
TXN_006864,2024-09-19 09:57:00,PART_0071,ISSUE,7,15,8,WO_05404
TXN_006865,2025-02-28 01:19:00,PART_0085,RECEIPT,8,59,67,
TXN_006866,2024-02-09 22:04:00,PART_0259,ISSUE,1,5,4,WO_01615
TXN_006867,2024-05-19 00:36:00,PART_0180,ISSUE,6,6,0,WO_05809
TXN_006868,2025-07-25 04:34:00,PART_0241,RECEIPT,5,40,45,
TXN_006869,2025-05-14 14:17:00,PART_0069,RECEIPT,8,2,10,
TXN_006870,2024-08-09 12:38:00,PART_0043,ISSUE,4,31,27,WO_01064
TXN_006871,2024-09-01 00:02:00,PART_0076,ISSUE,3,29,26,WO_00656
TXN_006872,2024-11-07 05:45:00,PART_0184,RECEIPT,7,20,27,
TXN_006873,2024-05-06 14:16:00,PART_0277,RECEIPT,1,13,14,
TXN_006874,2024-02-20 14:49:00,PART_0209,ISSUE,4,8,4,WO_00950
TXN_006875,2024-12-24 08:30:00,PART_0270,ISSUE,4,12,8,WO_04632
TXN_006876,2025-01-25 17:16:00,PART_0096,RECEIPT,1,71,72,
TXN_006877,2024-02-18 07:09:00,PART_0049,ISSUE,1,0,0,WO_07406
TXN_006878,2024-06-07 04:46:00,PART_0114,RECEIPT,5,32,37,
TXN_006879,2024-07-14 21:00:00,PART_0256,ISSUE,3,45,42,WO_07952
TXN_006880,2025-01-10 13:35:00,PART_0010,ISSUE,5,11,6,WO_05918
TXN_006881,2025-01-23 13:28:00,PART_0184,RECEIPT,2,27,29,
TXN_006882,2024-09-21 11:07:00,PART_0055,RECEIPT,3,34,37,
TXN_006883,2024-03-23 18:37:00,PART_0153,ISSUE,1,27,26,WO_06156
TXN_006884,2024-07-16 22:57:00,PART_0188,ADJUSTMENT,4,1,5,
TXN_006885,2024-11-21 17:53:00,PART_0176,ISSUE,7,59,52,WO_04744
TXN_006886,2024-07-07 05:08:00,PART_0146,RECEIPT,3,0,3,
TXN_006887,2025-01-01 18:58:00,PART_0082,RECEIPT,5,17,22,
TXN_006888,2024-05-29 11:31:00,PART_0189,RECEIPT,5,12,17,
TXN_006889,2024-09-01 03:01:00,PART_0233,ISSUE,8,18,10,WO_09079
TXN_006890,2025-02-16 16:26:00,PART_0072,ISSUE,8,27,19,WO_01124
TXN_006891,2024-10-25 10:28:00,PART_0173,ISSUE,7,8,1,WO_01136
TXN_006892,2025-06-18 04:30:00,PART_0053,RECEIPT,4,12,16,
TXN_006893,2025-06-24 12:36:00,PART_0270,ISSUE,4,8,4,WO_07840
TXN_006894,2025-04-19 09:20:00,PART_0059,RECEIPT,7,26,33,
TXN_006895,2025-03-21 18:54:00,PART_0253,ISSUE,3,3,0,WO_02700
TXN_006896,2024-12-24 22:12:00,PART_0239,ISSUE,8,56,48,WO_09318
TXN_006897,2025-07-23 10:10:00,PART_0138,ISSUE,5,28,23,WO_04450
TXN_006898,2025-01-27 00:21:00,PART_0117,ISSUE,1,8,7,WO_02726
TXN_006899,2024-05-18 02:32:00,PART_0148,RECEIPT,4,60,64,
TXN_006900,2025-03-01 16:07:00,PART_0068,ISSUE,5,36,31,WO_00052
TXN_006901,2024-02-13 16:31:00,PART_0044,RECEIPT,1,45,46,
TXN_006902,2025-04-09 07:26:00,PART_0273,ISSUE,2,31,29,WO_02086
TXN_006903,2024-01-03 12:39:00,PART_0161,ADJUSTMENT,5,2,7,
TXN_006904,2024-08-22 22:10:00,PART_0125,ISSUE,4,31,27,WO_05168
TXN_006905,2025-04-01 07:45:00,PART_0114,ISSUE,7,37,30,WO_09836
TXN_006906,2024-12-06 11:23:00,PART_0026,RECEIPT,5,12,17,
TXN_006907,2024-09-25 17:30:00,PART_0295,ISSUE,3,42,39,WO_09252
TXN_006908,2025-09-05 11:36:00,PART_0001,ISSUE,1,0,0,WO_09825
TXN_006909,2025-09-05 18:36:00,PART_0125,RECEIPT,4,27,31,
TXN_006910,2024-10-18 10:07:00,PART_0248,RECEIPT,5,43,48,
TXN_006911,2024-02-08 00:26:00,PART_0048,ADJUSTMENT,2,41,39,
TXN_006912,2024-09-19 21:34:00,PART_0223,ISSUE,7,9,2,WO_07541
TXN_006913,2024-07-30 17:20:00,PART_0070,ISSUE,5,20,15,WO_04632
TXN_006914,2024-01-31 11:31:00,PART_0097,ISSUE,6,37,31,WO_00579
TXN_006915,2025-07-27 21:31:00,PART_0077,ISSUE,8,51,43,WO_06982
TXN_006916,2024-12-27 22:14:00,PART_0269,ISSUE,3,15,12,WO_05983
TXN_006917,2024-05-25 19:30:00,PART_0250,RECEIPT,1,8,9,
TXN_006918,2024-04-14 03:41:00,PART_0075,ISSUE,1,20,19,WO_04857
TXN_006919,2024-02-22 06:59:00,PART_0131,ISSUE,1,27,26,WO_01881
TXN_006920,2024-07-21 05:48:00,PART_0001,RECEIPT,3,0,3,
TXN_006921,2024-11-23 14:06:00,PART_0191,ISSUE,1,0,0,WO_04075
TXN_006922,2025-06-19 08:42:00,PART_0098,ISSUE,6,34,28,WO_09657
TXN_006923,2025-03-05 13:04:00,PART_0026,ADJUSTMENT,5,17,12,
TXN_006924,2025-04-02 04:34:00,PART_0224,ISSUE,4,32,28,WO_01643
TXN_006925,2025-05-06 00:45:00,PART_0136,RECEIPT,4,24,28,
TXN_006926,2025-01-01 06:50:00,PART_0129,RECEIPT,4,86,90,
TXN_006927,2025-06-29 11:56:00,PART_0287,RECEIPT,6,42,48,
TXN_006928,2025-02-02 11:33:00,PART_0044,RECEIPT,1,46,47,
TXN_006929,2025-05-19 08:53:00,PART_0177,RECEIPT,1,0,1,
TXN_006930,2024-06-15 22:19:00,PART_0025,RECEIPT,2,44,46,
TXN_006931,2025-03-29 16:17:00,PART_0169,ISSUE,1,31,30,WO_04742
TXN_006932,2024-01-05 20:22:00,PART_0044,ADJUSTMENT,4,47,51,
TXN_006933,2024-12-06 09:32:00,PART_0280,RECEIPT,6,31,37,
TXN_006934,2024-05-11 03:11:00,PART_0226,ISSUE,1,35,34,WO_07010
TXN_006935,2025-03-28 13:53:00,PART_0154,ISSUE,3,9,6,WO_05122
TXN_006936,2024-03-22 22:03:00,PART_0253,ADJUSTMENT,8,0,8,
TXN_006937,2025-05-16 11:21:00,PART_0082,RECEIPT,3,22,25,
TXN_006938,2024-05-27 17:44:00,PART_0007,ISSUE,4,4,0,WO_02486
TXN_006939,2025-02-10 04:19:00,PART_0078,RECEIPT,5,21,26,
TXN_006940,2024-07-12 01:56:00,PART_0009,RECEIPT,8,42,50,
TXN_006941,2024-06-28 17:48:00,PART_0076,ISSUE,5,26,21,WO_06679
TXN_006942,2024-05-06 13:56:00,PART_0002,ISSUE,6,6,0,WO_04373
TXN_006943,2024-09-17 22:52:00,PART_0235,RECEIPT,1,38,39,
TXN_006944,2024-09-28 06:48:00,PART_0259,ISSUE,4,4,0,WO_07524
TXN_006945,2025-02-14 17:54:00,PART_0228,ISSUE,1,4,3,WO_02781
TXN_006946,2025-09-11 05:18:00,PART_0004,RECEIPT,7,15,22,
TXN_006947,2024-09-24 18:12:00,PART_0277,ADJUSTMENT,8,14,6,
TXN_006948,2024-08-10 15:11:00,PART_0006,RECEIPT,6,46,52,
TXN_006949,2024-10-25 10:27:00,PART_0163,ISSUE,7,11,4,WO_01225
TXN_006950,2024-02-18 04:40:00,PART_0242,RECEIPT,1,36,37,
TXN_006951,2024-03-18 04:08:00,PART_0065,RECEIPT,1,18,19,
TXN_006952,2024-07-24 22:24:00,PART_0026,ISSUE,5,12,7,WO_07266
TXN_006953,2024-03-03 10:30:00,PART_0294,ISSUE,5,23,18,WO_06231
TXN_006954,2024-05-28 05:01:00,PART_0021,ISSUE,2,78,76,WO_04038
TXN_006955,2025-01-29 15:01:00,PART_0005,RECEIPT,8,10,18,
TXN_006956,2024-01-09 07:38:00,PART_0155,RECEIPT,4,15,19,
TXN_006957,2024-05-23 22:36:00,PART_0209,RECEIPT,2,4,6,
TXN_006958,2024-01-10 14:16:00,PART_0101,ISSUE,2,5,3,WO_09592
TXN_006959,2025-04-28 03:47:00,PART_0034,ISSUE,1,0,0,WO_09633
TXN_006960,2025-04-20 18:03:00,PART_0115,ADJUSTMENT,2,13,11,
TXN_006961,2025-06-08 22:10:00,PART_0205,RECEIPT,1,24,25,
TXN_006962,2025-02-16 16:27:00,PART_0131,ISSUE,6,26,20,WO_00519
TXN_006963,2025-01-16 00:08:00,PART_0114,ISSUE,6,30,24,WO_08055
TXN_006964,2024-09-13 00:11:00,PART_0024,ISSUE,8,39,31,WO_07799
TXN_006965,2025-09-09 13:06:00,PART_0199,RECEIPT,3,17,20,
TXN_006966,2024-01-27 16:37:00,PART_0291,ISSUE,7,88,81,WO_05629
TXN_006967,2024-10-03 05:26:00,PART_0188,ISSUE,1,5,4,WO_01311
TXN_006968,2024-08-16 04:09:00,PART_0294,RECEIPT,4,18,22,
TXN_006969,2024-08-07 21:52:00,PART_0241,RECEIPT,1,45,46,
TXN_006970,2025-04-27 07:59:00,PART_0016,ISSUE,8,22,14,WO_06784
TXN_006971,2024-05-25 15:13:00,PART_0101,RECEIPT,4,3,7,
TXN_006972,2024-03-27 05:32:00,PART_0016,ISSUE,2,14,12,WO_08100
TXN_006973,2025-06-20 05:51:00,PART_0202,RECEIPT,4,63,67,
TXN_006974,2025-05-27 00:29:00,PART_0193,ISSUE,4,14,10,WO_00472
TXN_006975,2024-08-17 22:13:00,PART_0141,ISSUE,1,0,0,WO_05943
TXN_006976,2025-06-28 23:04:00,PART_0229,ISSUE,1,0,0,WO_02971
TXN_006977,2024-05-19 01:15:00,PART_0013,ISSUE,6,55,49,WO_06219
TXN_006978,2025-08-31 04:37:00,PART_0039,ISSUE,6,9,3,WO_08818
TXN_006979,2024-05-19 07:39:00,PART_0025,RECEIPT,4,46,50,
TXN_006980,2025-01-29 14:43:00,PART_0177,ISSUE,1,1,0,WO_07283
TXN_006981,2024-09-09 00:15:00,PART_0155,RECEIPT,1,19,20,
TXN_006982,2025-04-19 19:40:00,PART_0236,RECEIPT,8,12,20,
TXN_006983,2025-01-17 12:40:00,PART_0075,RECEIPT,5,19,24,
TXN_006984,2025-05-11 15:12:00,PART_0134,ISSUE,8,29,21,WO_08840
TXN_006985,2025-01-26 22:11:00,PART_0228,ISSUE,3,3,0,WO_04918
TXN_006986,2025-06-13 10:34:00,PART_0258,ISSUE,1,0,0,WO_01791
TXN_006987,2024-01-12 17:26:00,PART_0186,RECEIPT,4,0,4,
TXN_006988,2024-07-03 14:12:00,PART_0106,ISSUE,5,27,22,WO_03836
TXN_006989,2024-01-12 10:53:00,PART_0136,ISSUE,5,28,23,WO_05965
TXN_006990,2025-05-13 02:25:00,PART_0252,ISSUE,7,13,6,WO_02650
TXN_006991,2024-11-11 00:24:00,PART_0064,ADJUSTMENT,3,30,33,
TXN_006992,2025-04-13 23:14:00,PART_0040,ISSUE,1,0,0,WO_07303
TXN_006993,2025-05-03 02:27:00,PART_0300,RECEIPT,8,12,20,
TXN_006994,2024-08-29 21:32:00,PART_0203,ISSUE,1,30,29,WO_02912
TXN_006995,2024-08-01 09:49:00,PART_0229,ISSUE,1,0,0,WO_08683
TXN_006996,2025-05-16 05:39:00,PART_0056,RECEIPT,3,30,33,
TXN_006997,2025-03-04 00:51:00,PART_0246,RECEIPT,5,7,12,
TXN_006998,2025-05-23 13:48:00,PART_0087,ISSUE,4,36,32,WO_08861
TXN_006999,2024-05-18 02:58:00,PART_0185,ADJUSTMENT,2,56,54,
TXN_007000,2025-04-11 09:28:00,PART_0159,RECEIPT,4,0,4,
TXN_007001,2025-02-15 15:00:00,PART_0068,ISSUE,3,31,28,WO_00157
TXN_007002,2024-03-20 16:29:00,PART_0208,RECEIPT,6,0,6,
TXN_007003,2024-09-02 17:42:00,PART_0022,ISSUE,1,36,35,WO_07450
TXN_007004,2025-07-28 01:50:00,PART_0237,ISSUE,6,44,38,WO_06024
TXN_007005,2024-11-22 17:03:00,PART_0109,RECEIPT,7,12,19,
TXN_007006,2025-01-15 20:58:00,PART_0158,RECEIPT,1,0,1,
TXN_007007,2024-11-23 14:41:00,PART_0206,RECEIPT,7,28,35,
TXN_007008,2024-09-27 21:08:00,PART_0009,RECEIPT,8,50,58,
TXN_007009,2025-07-26 04:01:00,PART_0065,ISSUE,3,19,16,WO_01454
TXN_007010,2025-07-02 21:47:00,PART_0020,ISSUE,3,16,13,WO_00935
TXN_007011,2024-07-26 20:29:00,PART_0028,RECEIPT,5,3,8,
TXN_007012,2025-09-16 04:34:00,PART_0257,ISSUE,4,39,35,WO_09863
TXN_007013,2025-07-02 14:08:00,PART_0165,ISSUE,2,24,22,WO_06176
TXN_007014,2024-12-14 18:11:00,PART_0219,ISSUE,5,41,36,WO_05654
TXN_007015,2024-04-28 05:32:00,PART_0091,RECEIPT,4,24,28,
TXN_007016,2024-05-15 03:02:00,PART_0129,ISSUE,4,90,86,WO_04087
TXN_007017,2025-06-02 16:23:00,PART_0058,ISSUE,1,0,0,WO_03056
TXN_007018,2024-12-04 01:14:00,PART_0200,ISSUE,3,6,3,WO_04906
TXN_007019,2024-05-08 14:30:00,PART_0275,RECEIPT,4,30,34,
TXN_007020,2024-09-20 00:09:00,PART_0106,RECEIPT,2,22,24,
TXN_007021,2025-04-17 02:55:00,PART_0157,RECEIPT,3,0,3,
TXN_007022,2024-02-20 22:09:00,PART_0290,ISSUE,4,42,38,WO_03359
TXN_007023,2024-04-08 07:16:00,PART_0288,ISSUE,2,2,0,WO_09155
TXN_007024,2025-04-02 04:18:00,PART_0005,ADJUSTMENT,6,18,12,
TXN_007025,2025-06-19 01:22:00,PART_0131,ISSUE,1,20,19,WO_00509
TXN_007026,2024-12-11 19:56:00,PART_0056,RECEIPT,7,33,40,
TXN_007027,2024-01-08 09:08:00,PART_0010,ISSUE,2,6,4,WO_04376
TXN_007028,2024-09-29 18:16:00,PART_0241,ISSUE,6,46,40,WO_08722
TXN_007029,2024-04-11 14:26:00,PART_0131,ISSUE,6,19,13,WO_06118
TXN_007030,2025-04-23 16:46:00,PART_0280,RECEIPT,4,37,41,
TXN_007031,2025-03-29 01:33:00,PART_0172,RECEIPT,2,25,27,
TXN_007032,2025-07-22 12:57:00,PART_0150,ISSUE,1,0,0,WO_08504
TXN_007033,2025-05-07 04:33:00,PART_0033,ISSUE,8,15,7,WO_08168
TXN_007034,2024-12-07 16:25:00,PART_0220,RECEIPT,5,18,23,
TXN_007035,2024-12-17 04:51:00,PART_0235,RECEIPT,1,39,40,
TXN_007036,2025-03-18 08:51:00,PART_0242,ISSUE,8,37,29,WO_06381
TXN_007037,2025-06-29 14:44:00,PART_0227,ISSUE,7,19,12,WO_06081
TXN_007038,2024-11-18 03:50:00,PART_0062,RECEIPT,7,15,22,
TXN_007039,2025-08-28 05:58:00,PART_0224,ISSUE,8,28,20,WO_01886
TXN_007040,2024-09-15 18:31:00,PART_0285,ISSUE,7,48,41,WO_08210
TXN_007041,2024-04-19 23:06:00,PART_0280,ISSUE,7,41,34,WO_01369
TXN_007042,2024-10-16 04:24:00,PART_0003,ADJUSTMENT,2,0,2,
TXN_007043,2025-01-18 21:43:00,PART_0242,ISSUE,3,29,26,WO_05651
TXN_007044,2024-03-01 10:13:00,PART_0202,RECEIPT,8,67,75,
TXN_007045,2024-04-09 19:52:00,PART_0039,RECEIPT,7,3,10,
TXN_007046,2024-06-04 23:34:00,PART_0125,ISSUE,3,31,28,WO_00146
TXN_007047,2024-11-30 23:20:00,PART_0220,RECEIPT,6,23,29,
TXN_007048,2025-06-19 10:43:00,PART_0171,RECEIPT,1,26,27,
TXN_007049,2024-05-26 06:33:00,PART_0211,ISSUE,3,25,22,WO_07358
TXN_007050,2024-07-03 17:46:00,PART_0219,ADJUSTMENT,3,36,39,
TXN_007051,2025-09-06 06:49:00,PART_0165,ISSUE,2,22,20,WO_02360
TXN_007052,2024-11-22 10:38:00,PART_0171,ISSUE,1,27,26,WO_08468
TXN_007053,2024-08-12 15:57:00,PART_0021,RECEIPT,4,76,80,
TXN_007054,2024-12-04 17:27:00,PART_0040,ISSUE,1,0,0,WO_09281
TXN_007055,2025-09-01 17:00:00,PART_0048,ISSUE,2,39,37,WO_02398
TXN_007056,2025-04-13 16:51:00,PART_0268,ISSUE,3,14,11,WO_08494
TXN_007057,2024-06-24 03:07:00,PART_0060,ISSUE,1,0,0,WO_05860
TXN_007058,2024-09-17 22:51:00,PART_0211,RECEIPT,1,22,23,
TXN_007059,2025-01-17 19:42:00,PART_0194,RECEIPT,6,38,44,
TXN_007060,2024-05-07 06:35:00,PART_0147,ISSUE,1,0,0,WO_07194
TXN_007061,2024-04-26 18:00:00,PART_0098,RECEIPT,1,28,29,
TXN_007062,2024-11-09 19:52:00,PART_0150,ISSUE,1,0,0,WO_02351
TXN_007063,2025-07-27 01:26:00,PART_0122,ISSUE,8,11,3,WO_01789
TXN_007064,2024-01-14 15:54:00,PART_0196,RECEIPT,1,30,31,
TXN_007065,2024-07-27 13:50:00,PART_0002,ISSUE,1,0,0,WO_06137
TXN_007066,2025-02-25 05:21:00,PART_0214,ISSUE,7,9,2,WO_00640
TXN_007067,2025-09-03 00:48:00,PART_0038,ISSUE,2,41,39,WO_07270
TXN_007068,2025-07-24 21:21:00,PART_0192,RECEIPT,2,26,28,
TXN_007069,2025-06-30 06:00:00,PART_0012,ISSUE,1,43,42,WO_08215
TXN_007070,2024-11-29 13:19:00,PART_0030,ISSUE,2,36,34,WO_09801
TXN_007071,2025-09-15 10:38:00,PART_0203,RECEIPT,2,29,31,
TXN_007072,2024-10-13 00:45:00,PART_0176,RECEIPT,4,52,56,
TXN_007073,2025-06-26 12:10:00,PART_0157,ISSUE,3,3,0,WO_02130
TXN_007074,2025-08-07 02:03:00,PART_0030,ISSUE,2,34,32,WO_03537
TXN_007075,2025-06-21 08:48:00,PART_0028,ISSUE,2,8,6,WO_05455
TXN_007076,2025-03-23 14:04:00,PART_0226,ISSUE,2,34,32,WO_04695
TXN_007077,2024-04-27 05:11:00,PART_0047,RECEIPT,5,26,31,
TXN_007078,2024-10-14 06:51:00,PART_0098,ISSUE,8,29,21,WO_04066
TXN_007079,2025-05-30 22:12:00,PART_0254,RECEIPT,7,49,56,
TXN_007080,2024-05-22 12:05:00,PART_0242,RECEIPT,1,26,27,
TXN_007081,2024-03-30 04:44:00,PART_0018,ISSUE,1,0,0,WO_06023
TXN_007082,2025-09-09 17:25:00,PART_0292,ISSUE,6,28,22,WO_03218
TXN_007083,2024-09-06 04:59:00,PART_0170,ISSUE,7,7,0,WO_08988
TXN_007084,2024-10-13 04:42:00,PART_0148,ISSUE,7,64,57,WO_02953
TXN_007085,2025-01-31 05:34:00,PART_0297,ISSUE,2,36,34,WO_01812
TXN_007086,2024-05-28 12:09:00,PART_0129,ISSUE,8,86,78,WO_03122
TXN_007087,2024-11-06 13:09:00,PART_0111,ISSUE,3,15,12,WO_05193
TXN_007088,2025-06-30 18:32:00,PART_0029,RECEIPT,8,35,43,
TXN_007089,2024-05-17 13:36:00,PART_0241,ISSUE,3,40,37,WO_01254
TXN_007090,2024-09-26 08:45:00,PART_0024,ISSUE,4,31,27,WO_06877
TXN_007091,2025-05-20 04:29:00,PART_0010,ISSUE,4,4,0,WO_06340
TXN_007092,2024-09-11 05:32:00,PART_0091,RECEIPT,3,28,31,
TXN_007093,2024-12-09 06:28:00,PART_0037,ISSUE,4,46,42,WO_00885
TXN_007094,2024-11-03 14:15:00,PART_0127,RECEIPT,7,0,7,
TXN_007095,2024-10-30 19:54:00,PART_0077,ISSUE,5,43,38,WO_03818
TXN_007096,2024-08-18 06:52:00,PART_0098,ISSUE,2,21,19,WO_08353
TXN_007097,2024-12-04 23:02:00,PART_0096,RECEIPT,2,72,74,
TXN_007098,2024-02-02 21:25:00,PART_0283,ISSUE,3,3,0,WO_04405
TXN_007099,2024-04-29 13:42:00,PART_0129,ISSUE,2,78,76,WO_08238
TXN_007100,2024-11-19 23:57:00,PART_0205,ISSUE,4,25,21,WO_05357
TXN_007101,2024-08-29 13:06:00,PART_0015,ISSUE,1,0,0,WO_04962
TXN_007102,2024-06-03 20:29:00,PART_0032,ISSUE,1,0,0,WO_00414
TXN_007103,2025-02-22 05:28:00,PART_0148,ISSUE,2,57,55,WO_09077
TXN_007104,2024-02-25 10:14:00,PART_0294,RECEIPT,4,22,26,
TXN_007105,2024-11-15 23:14:00,PART_0096,ISSUE,1,74,73,WO_05901
TXN_007106,2024-02-20 11:01:00,PART_0035,ISSUE,6,68,62,WO_07359
TXN_007107,2024-06-06 19:41:00,PART_0165,ISSUE,6,20,14,WO_03202
TXN_007108,2025-04-10 13:42:00,PART_0092,RECEIPT,7,1,8,
TXN_007109,2024-10-28 02:58:00,PART_0181,ISSUE,8,46,38,WO_08485
TXN_007110,2024-05-22 15:48:00,PART_0168,ISSUE,1,59,58,WO_00860
TXN_007111,2024-12-04 02:33:00,PART_0219,ISSUE,2,39,37,WO_07745
TXN_007112,2024-10-10 11:09:00,PART_0210,RECEIPT,7,3,10,
TXN_007113,2025-05-05 06:58:00,PART_0208,ADJUSTMENT,7,6,0,
TXN_007114,2024-01-01 18:28:00,PART_0236,ISSUE,4,20,16,WO_07925
TXN_007115,2024-12-06 08:13:00,PART_0207,ISSUE,6,22,16,WO_05700
TXN_007116,2024-11-13 17:47:00,PART_0039,ADJUSTMENT,3,10,13,
TXN_007117,2025-03-18 04:11:00,PART_0270,ISSUE,1,4,3,WO_08385
TXN_007118,2024-02-14 03:24:00,PART_0112,ISSUE,7,51,44,WO_08538
TXN_007119,2024-01-17 08:40:00,PART_0211,ISSUE,8,23,15,WO_04062
TXN_007120,2024-04-02 01:49:00,PART_0286,RECEIPT,1,0,1,
TXN_007121,2024-03-05 13:36:00,PART_0127,RECEIPT,7,7,14,
TXN_007122,2025-06-07 19:38:00,PART_0171,ISSUE,3,26,23,WO_02462
TXN_007123,2024-06-01 09:01:00,PART_0159,ISSUE,4,4,0,WO_09781
TXN_007124,2024-12-17 11:45:00,PART_0199,ISSUE,2,20,18,WO_09275
TXN_007125,2024-06-20 08:08:00,PART_0100,ISSUE,6,41,35,WO_04350
TXN_007126,2024-07-12 19:54:00,PART_0235,ISSUE,2,40,38,WO_08925
TXN_007127,2025-07-30 07:26:00,PART_0189,ISSUE,6,17,11,WO_02759
TXN_007128,2025-09-02 02:15:00,PART_0240,RECEIPT,2,14,16,
TXN_007129,2024-04-08 04:03:00,PART_0160,ISSUE,1,24,23,WO_05321
TXN_007130,2024-05-06 05:55:00,PART_0123,ISSUE,4,34,30,WO_01336
TXN_007131,2024-08-02 19:34:00,PART_0006,ISSUE,3,52,49,WO_09284
TXN_007132,2024-01-03 17:50:00,PART_0179,RECEIPT,7,0,7,
TXN_007133,2025-05-20 16:40:00,PART_0202,ISSUE,1,75,74,WO_02887
TXN_007134,2024-08-29 18:03:00,PART_0290,ISSUE,6,38,32,WO_07592
TXN_007135,2024-01-20 08:20:00,PART_0115,ISSUE,6,11,5,WO_03038
TXN_007136,2024-06-13 00:22:00,PART_0206,ISSUE,3,35,32,WO_05271
TXN_007137,2024-09-19 18:43:00,PART_0068,ISSUE,5,28,23,WO_05361
TXN_007138,2025-05-06 19:40:00,PART_0153,ISSUE,7,26,19,WO_02217
TXN_007139,2025-07-19 23:06:00,PART_0260,ISSUE,1,0,0,WO_01718
TXN_007140,2025-05-03 01:19:00,PART_0058,RECEIPT,2,0,2,
TXN_007141,2024-07-03 03:06:00,PART_0167,ISSUE,4,37,33,WO_07496
TXN_007142,2025-04-27 16:03:00,PART_0136,ISSUE,3,23,20,WO_05667
TXN_007143,2024-02-05 17:18:00,PART_0284,RECEIPT,1,0,1,
TXN_007144,2024-03-14 22:34:00,PART_0007,RECEIPT,5,0,5,
TXN_007145,2025-02-20 09:51:00,PART_0017,RECEIPT,8,10,18,
TXN_007146,2024-06-13 17:09:00,PART_0279,ISSUE,1,14,13,WO_05561
TXN_007147,2024-01-13 07:17:00,PART_0025,ADJUSTMENT,5,50,45,
TXN_007148,2025-04-02 07:49:00,PART_0032,ISSUE,1,0,0,WO_07451
TXN_007149,2025-09-01 05:51:00,PART_0046,ISSUE,4,33,29,WO_05351
TXN_007150,2025-04-27 11:30:00,PART_0191,RECEIPT,5,0,5,
TXN_007151,2024-12-25 18:39:00,PART_0195,ISSUE,6,22,16,WO_06144
TXN_007152,2024-04-12 06:24:00,PART_0121,ISSUE,4,29,25,WO_03229
TXN_007153,2024-12-01 13:20:00,PART_0275,ISSUE,6,34,28,WO_03517
TXN_007154,2024-12-06 22:45:00,PART_0200,ISSUE,3,3,0,WO_01223
TXN_007155,2025-06-11 12:33:00,PART_0246,RECEIPT,7,12,19,
TXN_007156,2024-06-26 16:05:00,PART_0193,RECEIPT,1,10,11,
TXN_007157,2024-06-13 10:46:00,PART_0049,ISSUE,1,0,0,WO_04850
TXN_007158,2024-12-29 06:00:00,PART_0226,RECEIPT,2,32,34,
TXN_007159,2025-07-20 10:25:00,PART_0075,ISSUE,8,24,16,WO_08977
TXN_007160,2024-11-27 15:24:00,PART_0058,RECEIPT,3,2,5,
TXN_007161,2024-02-12 03:13:00,PART_0181,ISSUE,1,38,37,WO_09210
TXN_007162,2025-08-05 17:44:00,PART_0063,ISSUE,2,10,8,WO_02662
TXN_007163,2025-03-10 11:17:00,PART_0148,RECEIPT,3,55,58,
TXN_007164,2024-10-26 08:25:00,PART_0250,ISSUE,3,9,6,WO_05617
TXN_007165,2024-03-24 12:43:00,PART_0229,ISSUE,1,0,0,WO_09014
TXN_007166,2024-11-27 19:19:00,PART_0107,ISSUE,3,3,0,WO_03429
TXN_007167,2025-02-25 07:36:00,PART_0178,ISSUE,5,23,18,WO_06060
TXN_007168,2025-06-10 00:23:00,PART_0060,ISSUE,1,0,0,WO_07784
TXN_007169,2024-06-13 00:54:00,PART_0171,ISSUE,6,23,17,WO_06619
TXN_007170,2025-05-21 10:03:00,PART_0088,ISSUE,1,1,0,WO_08098
TXN_007171,2025-01-20 00:08:00,PART_0280,ISSUE,3,34,31,WO_08583
TXN_007172,2024-10-26 19:03:00,PART_0091,RECEIPT,5,31,36,
TXN_007173,2024-05-19 15:17:00,PART_0027,ISSUE,5,29,24,WO_06779
TXN_007174,2024-06-27 11:54:00,PART_0298,RECEIPT,8,2,10,
TXN_007175,2025-07-08 19:02:00,PART_0013,ISSUE,8,49,41,WO_03251
TXN_007176,2024-11-25 21:54:00,PART_0262,RECEIPT,4,65,69,
TXN_007177,2024-05-17 04:38:00,PART_0101,RECEIPT,5,7,12,
TXN_007178,2025-05-09 09:19:00,PART_0278,RECEIPT,5,0,5,
TXN_007179,2024-11-07 17:34:00,PART_0142,ISSUE,6,6,0,WO_07163
TXN_007180,2024-11-17 06:49:00,PART_0291,RECEIPT,4,81,85,
TXN_007181,2025-03-22 22:30:00,PART_0255,ISSUE,4,14,10,WO_03834
TXN_007182,2025-01-10 15:03:00,PART_0280,ISSUE,3,31,28,WO_07826
TXN_007183,2024-10-20 10:47:00,PART_0187,ADJUSTMENT,8,71,63,
TXN_007184,2024-12-03 15:09:00,PART_0144,RECEIPT,3,13,16,
TXN_007185,2025-08-15 10:03:00,PART_0245,RECEIPT,3,12,15,
TXN_007186,2025-02-27 23:15:00,PART_0266,RECEIPT,7,36,43,
TXN_007187,2025-04-26 16:27:00,PART_0219,RECEIPT,1,37,38,
TXN_007188,2025-03-01 10:00:00,PART_0259,ISSUE,1,0,0,WO_09894
TXN_007189,2024-06-03 02:16:00,PART_0167,ISSUE,8,33,25,WO_01222
TXN_007190,2024-12-25 23:02:00,PART_0300,RECEIPT,8,20,28,
TXN_007191,2024-02-25 09:16:00,PART_0073,ISSUE,3,59,56,WO_04401
TXN_007192,2024-12-27 11:18:00,PART_0142,ISSUE,1,0,0,WO_05694
TXN_007193,2024-06-10 07:01:00,PART_0254,ISSUE,1,56,55,WO_03767
TXN_007194,2025-06-26 04:48:00,PART_0248,ISSUE,5,48,43,WO_08586
TXN_007195,2025-07-18 03:47:00,PART_0126,ISSUE,1,0,0,WO_04201
TXN_007196,2025-05-30 02:45:00,PART_0255,RECEIPT,6,10,16,
TXN_007197,2024-04-14 14:44:00,PART_0147,ISSUE,1,0,0,WO_01210
TXN_007198,2024-05-15 17:07:00,PART_0298,RECEIPT,4,10,14,
TXN_007199,2025-07-11 08:17:00,PART_0127,ISSUE,3,14,11,WO_05612
TXN_007200,2024-04-18 23:08:00,PART_0185,RECEIPT,3,54,57,
TXN_007201,2025-05-18 15:50:00,PART_0129,ISSUE,3,76,73,WO_05903
TXN_007202,2024-05-18 07:05:00,PART_0133,RECEIPT,5,15,20,
TXN_007203,2024-02-18 03:35:00,PART_0284,RECEIPT,5,1,6,
TXN_007204,2024-01-13 16:18:00,PART_0126,ISSUE,1,0,0,WO_08587
TXN_007205,2025-05-02 09:43:00,PART_0026,ISSUE,2,7,5,WO_09096
TXN_007206,2025-07-05 17:38:00,PART_0282,ISSUE,1,89,88,WO_04589
TXN_007207,2025-08-20 04:07:00,PART_0284,ISSUE,4,6,2,WO_03708
TXN_007208,2025-08-23 01:51:00,PART_0147,ADJUSTMENT,7,0,7,
TXN_007209,2024-05-18 20:29:00,PART_0250,RECEIPT,3,6,9,
TXN_007210,2025-08-13 21:23:00,PART_0259,RECEIPT,3,0,3,
TXN_007211,2025-02-23 14:07:00,PART_0229,ISSUE,1,0,0,WO_04374
TXN_007212,2024-04-28 23:17:00,PART_0081,RECEIPT,2,5,7,
TXN_007213,2025-04-04 18:04:00,PART_0203,ISSUE,8,31,23,WO_05922
TXN_007214,2024-06-20 02:17:00,PART_0124,ISSUE,1,0,0,WO_08181
TXN_007215,2024-11-07 11:25:00,PART_0214,RECEIPT,6,2,8,
TXN_007216,2025-03-15 18:08:00,PART_0105,RECEIPT,4,81,85,
TXN_007217,2025-06-22 09:00:00,PART_0082,ISSUE,6,25,19,WO_01655
TXN_007218,2025-02-28 23:32:00,PART_0236,ISSUE,4,16,12,WO_04018
TXN_007219,2024-11-04 18:12:00,PART_0285,RECEIPT,3,41,44,
TXN_007220,2025-03-24 12:59:00,PART_0203,ISSUE,6,23,17,WO_04100
TXN_007221,2024-06-25 06:21:00,PART_0241,ISSUE,6,37,31,WO_05474
TXN_007222,2025-07-14 02:14:00,PART_0042,ISSUE,6,77,71,WO_03108
TXN_007223,2025-07-26 22:39:00,PART_0051,RECEIPT,3,43,46,
TXN_007224,2024-01-26 15:02:00,PART_0274,RECEIPT,1,20,21,
TXN_007225,2024-11-15 15:08:00,PART_0144,ISSUE,5,16,11,WO_08156
TXN_007226,2024-08-15 12:24:00,PART_0174,ISSUE,1,1,0,WO_05393
TXN_007227,2025-01-28 07:18:00,PART_0168,RECEIPT,3,58,61,
TXN_007228,2024-06-04 06:18:00,PART_0020,RECEIPT,4,13,17,
TXN_007229,2024-06-08 14:59:00,PART_0210,ISSUE,5,10,5,WO_01003
TXN_007230,2024-12-03 07:40:00,PART_0134,RECEIPT,2,21,23,
TXN_007231,2025-06-09 03:12:00,PART_0283,ISSUE,1,0,0,WO_02125
TXN_007232,2024-04-08 23:27:00,PART_0031,RECEIPT,3,28,31,
TXN_007233,2024-05-07 10:42:00,PART_0042,ISSUE,6,71,65,WO_05705
TXN_007234,2025-02-20 16:02:00,PART_0238,ISSUE,1,1,0,WO_04501
TXN_007235,2024-03-28 07:47:00,PART_0105,RECEIPT,1,85,86,
TXN_007236,2024-09-19 19:34:00,PART_0199,ISSUE,6,18,12,WO_08929
TXN_007237,2024-09-17 21:12:00,PART_0205,RECEIPT,8,21,29,
TXN_007238,2024-12-13 20:00:00,PART_0102,RECEIPT,4,24,28,
TXN_007239,2025-01-18 13:54:00,PART_0266,ISSUE,6,43,37,WO_00477
TXN_007240,2024-12-12 03:03:00,PART_0152,ISSUE,3,3,0,WO_05959
TXN_007241,2024-05-05 13:14:00,PART_0154,ISSUE,6,6,0,WO_07699
TXN_007242,2024-02-07 11:56:00,PART_0108,ADJUSTMENT,1,17,18,
TXN_007243,2024-07-22 07:57:00,PART_0017,ISSUE,2,18,16,WO_09396
TXN_007244,2025-02-05 00:14:00,PART_0205,ADJUSTMENT,7,29,36,
TXN_007245,2024-02-11 13:58:00,PART_0283,ISSUE,1,0,0,WO_07831
TXN_007246,2025-01-17 13:30:00,PART_0083,ISSUE,7,21,14,WO_00176
TXN_007247,2024-01-07 08:33:00,PART_0047,RECEIPT,7,31,38,
TXN_007248,2024-11-01 09:30:00,PART_0178,ISSUE,8,18,10,WO_01676
TXN_007249,2025-06-12 05:54:00,PART_0040,RECEIPT,6,0,6,
TXN_007250,2024-10-05 07:54:00,PART_0024,ISSUE,7,27,20,WO_03479
TXN_007251,2025-05-04 09:03:00,PART_0288,ISSUE,1,0,0,WO_06701
TXN_007252,2025-07-07 02:52:00,PART_0219,RECEIPT,2,38,40,
TXN_007253,2024-04-21 23:22:00,PART_0269,ISSUE,5,12,7,WO_05033
TXN_007254,2025-06-02 02:46:00,PART_0201,ISSUE,6,41,35,WO_08493
TXN_007255,2025-05-17 18:14:00,PART_0036,ISSUE,2,9,7,WO_08010
TXN_007256,2024-08-01 19:15:00,PART_0055,ISSUE,3,37,34,WO_04729
TXN_007257,2024-10-20 22:30:00,PART_0088,ISSUE,1,0,0,WO_04844
TXN_007258,2025-01-14 14:58:00,PART_0154,ISSUE,1,0,0,WO_03860
TXN_007259,2024-12-29 05:17:00,PART_0105,ISSUE,6,86,80,WO_02940
TXN_007260,2025-06-25 01:08:00,PART_0135,ISSUE,6,15,9,WO_01467
TXN_007261,2025-05-15 19:09:00,PART_0013,RECEIPT,5,41,46,
TXN_007262,2025-07-05 05:38:00,PART_0110,ISSUE,4,4,0,WO_01638
TXN_007263,2025-05-22 07:45:00,PART_0226,ISSUE,7,34,27,WO_05290
TXN_007264,2024-02-24 23:14:00,PART_0210,RECEIPT,5,5,10,
TXN_007265,2025-01-10 11:22:00,PART_0188,ISSUE,4,4,0,WO_02395
TXN_007266,2024-02-24 20:24:00,PART_0205,RECEIPT,1,36,37,
TXN_007267,2025-05-22 16:36:00,PART_0148,RECEIPT,5,58,63,
TXN_007268,2024-05-24 16:00:00,PART_0260,ISSUE,1,0,0,WO_02901
TXN_007269,2024-03-09 19:19:00,PART_0061,RECEIPT,1,14,15,
TXN_007270,2024-12-05 19:36:00,PART_0238,ISSUE,1,0,0,WO_06803
TXN_007271,2024-06-27 20:04:00,PART_0225,RECEIPT,2,8,10,
TXN_007272,2024-03-24 08:21:00,PART_0034,RECEIPT,6,0,6,
TXN_007273,2024-02-18 14:58:00,PART_0148,RECEIPT,2,63,65,
TXN_007274,2024-03-04 20:29:00,PART_0110,ISSUE,1,0,0,WO_00542
TXN_007275,2024-05-02 22:24:00,PART_0168,ISSUE,5,61,56,WO_00729
TXN_007276,2024-10-12 00:51:00,PART_0236,ISSUE,1,12,11,WO_03929
TXN_007277,2024-05-28 04:01:00,PART_0155,ISSUE,7,20,13,WO_09436
TXN_007278,2024-09-20 06:54:00,PART_0158,RECEIPT,3,1,4,
TXN_007279,2024-11-28 22:37:00,PART_0205,RECEIPT,5,37,42,
TXN_007280,2024-02-09 23:47:00,PART_0224,RECEIPT,6,20,26,
TXN_007281,2024-12-12 10:19:00,PART_0064,RECEIPT,3,33,36,
TXN_007282,2024-10-06 00:53:00,PART_0082,RECEIPT,8,19,27,
TXN_007283,2025-03-02 12:59:00,PART_0123,ISSUE,8,30,22,WO_08492
TXN_007284,2025-02-14 05:45:00,PART_0053,ISSUE,5,16,11,WO_07028
TXN_007285,2024-05-10 04:23:00,PART_0188,ADJUSTMENT,1,0,1,
TXN_007286,2024-08-27 21:49:00,PART_0246,RECEIPT,2,19,21,
TXN_007287,2024-06-10 15:28:00,PART_0077,RECEIPT,2,38,40,
TXN_007288,2024-11-27 19:10:00,PART_0296,RECEIPT,1,24,25,
TXN_007289,2025-08-01 15:41:00,PART_0074,RECEIPT,2,0,2,
TXN_007290,2025-07-15 01:19:00,PART_0245,ISSUE,2,15,13,WO_01885
TXN_007291,2025-03-05 20:53:00,PART_0165,RECEIPT,5,14,19,
TXN_007292,2025-03-02 06:31:00,PART_0102,RECEIPT,8,28,36,
TXN_007293,2025-04-07 20:49:00,PART_0206,ADJUSTMENT,6,32,38,
TXN_007294,2025-08-04 01:29:00,PART_0296,RECEIPT,8,25,33,
TXN_007295,2025-04-15 08:44:00,PART_0032,RECEIPT,4,0,4,
TXN_007296,2024-09-10 08:33:00,PART_0053,RECEIPT,3,11,14,
TXN_007297,2024-05-12 12:44:00,PART_0226,RECEIPT,7,27,34,
TXN_007298,2024-05-30 18:16:00,PART_0032,ISSUE,3,4,1,WO_03642
TXN_007299,2025-02-01 15:07:00,PART_0125,ISSUE,3,28,25,WO_06368
TXN_007300,2025-03-26 17:36:00,PART_0181,ISSUE,8,37,29,WO_08198
TXN_007301,2024-03-01 02:34:00,PART_0054,ISSUE,2,78,76,WO_05540
TXN_007302,2024-04-25 20:35:00,PART_0009,ISSUE,4,58,54,WO_00640
TXN_007303,2024-08-24 08:13:00,PART_0109,RECEIPT,2,19,21,
TXN_007304,2025-07-05 07:47:00,PART_0077,ISSUE,1,40,39,WO_05443
TXN_007305,2025-06-22 21:44:00,PART_0084,ISSUE,1,0,0,WO_04665
TXN_007306,2024-02-15 14:21:00,PART_0282,ISSUE,6,88,82,WO_03890
TXN_007307,2024-04-26 14:25:00,PART_0136,ISSUE,1,20,19,WO_02289
TXN_007308,2024-04-04 06:41:00,PART_0017,RECEIPT,5,16,21,
TXN_007309,2025-05-06 09:30:00,PART_0042,ISSUE,3,65,62,WO_09016
TXN_007310,2024-02-14 17:59:00,PART_0189,RECEIPT,6,11,17,
TXN_007311,2024-05-16 06:28:00,PART_0196,RECEIPT,3,31,34,
TXN_007312,2025-06-15 02:22:00,PART_0198,RECEIPT,4,21,25,
TXN_007313,2024-02-21 08:55:00,PART_0024,ISSUE,7,20,13,WO_04569
TXN_007314,2024-02-03 20:17:00,PART_0091,ISSUE,5,36,31,WO_08715
TXN_007315,2025-04-08 14:35:00,PART_0192,RECEIPT,4,28,32,
TXN_007316,2024-01-16 03:39:00,PART_0234,ISSUE,2,8,6,WO_01965
TXN_007317,2024-03-14 03:19:00,PART_0054,ISSUE,4,76,72,WO_00287
TXN_007318,2024-09-24 01:15:00,PART_0231,ISSUE,5,5,0,WO_08050
TXN_007319,2025-02-20 04:58:00,PART_0087,ISSUE,7,32,25,WO_09926
TXN_007320,2025-07-17 00:16:00,PART_0028,ISSUE,4,6,2,WO_00875
TXN_007321,2024-01-11 21:38:00,PART_0034,ISSUE,2,6,4,WO_08440
TXN_007322,2025-07-04 17:15:00,PART_0018,ISSUE,1,0,0,WO_03298
TXN_007323,2024-12-01 16:21:00,PART_0255,RECEIPT,1,16,17,
TXN_007324,2024-07-12 16:01:00,PART_0243,RECEIPT,3,30,33,
TXN_007325,2024-09-10 20:54:00,PART_0041,RECEIPT,8,23,31,
TXN_007326,2024-03-28 20:31:00,PART_0155,ISSUE,2,13,11,WO_09035
TXN_007327,2025-06-11 10:23:00,PART_0229,RECEIPT,8,0,8,
TXN_007328,2025-08-29 17:16:00,PART_0184,RECEIPT,8,29,37,
TXN_007329,2025-02-13 04:11:00,PART_0107,RECEIPT,3,0,3,
TXN_007330,2024-05-18 18:01:00,PART_0198,ISSUE,4,25,21,WO_00596
TXN_007331,2025-08-31 00:16:00,PART_0005,ISSUE,3,12,9,WO_08868
TXN_007332,2024-02-06 15:04:00,PART_0050,ISSUE,6,6,0,WO_04875
TXN_007333,2024-06-14 12:09:00,PART_0291,RECEIPT,4,85,89,
TXN_007334,2024-03-09 11:04:00,PART_0165,RECEIPT,3,19,22,
TXN_007335,2024-12-22 19:28:00,PART_0170,ISSUE,1,0,0,WO_01955
TXN_007336,2025-02-21 16:22:00,PART_0231,RECEIPT,2,0,2,
TXN_007337,2024-09-29 18:15:00,PART_0066,ISSUE,4,45,41,WO_05896
TXN_007338,2024-07-13 20:55:00,PART_0060,RECEIPT,5,0,5,
TXN_007339,2024-06-28 23:02:00,PART_0038,ISSUE,1,39,38,WO_03389
TXN_007340,2024-02-26 01:53:00,PART_0243,ISSUE,2,33,31,WO_04924
TXN_007341,2024-12-30 14:34:00,PART_0201,ISSUE,3,35,32,WO_04513
TXN_007342,2024-07-15 09:19:00,PART_0157,RECEIPT,2,0,2,
TXN_007343,2024-07-19 14:52:00,PART_0206,RECEIPT,7,38,45,
TXN_007344,2024-09-17 15:07:00,PART_0198,RECEIPT,5,21,26,
TXN_007345,2024-07-07 09:33:00,PART_0091,RECEIPT,3,31,34,
TXN_007346,2024-08-08 07:39:00,PART_0181,RECEIPT,1,29,30,
TXN_007347,2024-05-18 04:07:00,PART_0019,ISSUE,4,6,2,WO_05651
TXN_007348,2024-05-09 14:26:00,PART_0075,RECEIPT,7,16,23,
TXN_007349,2024-07-09 03:04:00,PART_0236,ADJUSTMENT,1,11,10,
TXN_007350,2024-02-27 10:09:00,PART_0137,ISSUE,6,12,6,WO_08825
TXN_007351,2024-04-02 01:33:00,PART_0005,ISSUE,4,9,5,WO_02300
TXN_007352,2024-08-30 04:11:00,PART_0289,ISSUE,1,35,34,WO_07058
TXN_007353,2024-08-21 22:51:00,PART_0262,ISSUE,2,69,67,WO_03728
TXN_007354,2025-09-09 10:46:00,PART_0090,RECEIPT,2,26,28,
TXN_007355,2024-11-17 13:14:00,PART_0053,ISSUE,3,14,11,WO_02726
TXN_007356,2024-07-25 14:51:00,PART_0159,ISSUE,1,0,0,WO_05860
TXN_007357,2024-07-11 03:30:00,PART_0274,ISSUE,2,21,19,WO_08690
TXN_007358,2024-02-04 11:42:00,PART_0213,ADJUSTMENT,6,11,17,
TXN_007359,2024-03-25 23:12:00,PART_0227,ISSUE,1,12,11,WO_06224
TXN_007360,2024-07-28 07:14:00,PART_0012,RECEIPT,7,42,49,
TXN_007361,2025-07-10 12:46:00,PART_0154,RECEIPT,1,0,1,
TXN_007362,2025-01-04 17:07:00,PART_0070,RECEIPT,6,15,21,
TXN_007363,2024-07-25 19:44:00,PART_0236,ISSUE,4,10,6,WO_08397
TXN_007364,2025-01-28 15:34:00,PART_0220,RECEIPT,5,29,34,
TXN_007365,2025-02-25 14:56:00,PART_0101,RECEIPT,8,12,20,
TXN_007366,2024-09-08 17:41:00,PART_0029,ISSUE,6,43,37,WO_00650
TXN_007367,2025-08-18 18:26:00,PART_0212,ISSUE,5,5,0,WO_05508
TXN_007368,2025-08-16 11:03:00,PART_0219,ISSUE,6,40,34,WO_08893
TXN_007369,2025-01-10 07:00:00,PART_0100,RECEIPT,3,35,38,
TXN_007370,2024-08-14 15:02:00,PART_0241,ISSUE,3,31,28,WO_04510
TXN_007371,2025-03-26 05:11:00,PART_0245,RECEIPT,1,13,14,
TXN_007372,2025-03-22 06:51:00,PART_0161,RECEIPT,6,7,13,
TXN_007373,2024-05-26 15:51:00,PART_0261,ISSUE,1,58,57,WO_04864
TXN_007374,2024-12-05 15:30:00,PART_0121,ISSUE,7,25,18,WO_07636
TXN_007375,2024-04-13 02:32:00,PART_0122,ISSUE,3,3,0,WO_09961
TXN_007376,2025-02-20 20:40:00,PART_0285,ISSUE,6,44,38,WO_04539
TXN_007377,2024-03-03 21:08:00,PART_0213,ISSUE,3,17,14,WO_05227
TXN_007378,2025-07-28 13:56:00,PART_0024,ISSUE,8,13,5,WO_07051
TXN_007379,2024-03-13 03:07:00,PART_0029,RECEIPT,8,37,45,
TXN_007380,2024-09-03 22:08:00,PART_0176,ISSUE,7,56,49,WO_05203
TXN_007381,2024-11-30 16:52:00,PART_0276,RECEIPT,5,33,38,
TXN_007382,2024-04-29 15:07:00,PART_0249,RECEIPT,2,19,21,
TXN_007383,2024-11-22 01:26:00,PART_0222,ISSUE,5,41,36,WO_03484
TXN_007384,2024-05-08 09:05:00,PART_0248,RECEIPT,4,43,47,
TXN_007385,2024-03-19 00:20:00,PART_0122,ISSUE,1,0,0,WO_07729
TXN_007386,2025-02-10 18:34:00,PART_0144,ISSUE,2,11,9,WO_03162
TXN_007387,2024-02-09 06:07:00,PART_0218,ISSUE,1,0,0,WO_02262
TXN_007388,2024-02-12 07:19:00,PART_0037,ISSUE,8,42,34,WO_06917
TXN_007389,2024-01-08 19:19:00,PART_0294,RECEIPT,7,26,33,
TXN_007390,2024-01-20 01:30:00,PART_0015,ISSUE,1,0,0,WO_01920
TXN_007391,2024-08-20 22:38:00,PART_0049,RECEIPT,4,0,4,
TXN_007392,2025-08-02 10:00:00,PART_0284,RECEIPT,4,2,6,
TXN_007393,2025-09-01 09:06:00,PART_0282,ISSUE,3,82,79,WO_00081
TXN_007394,2025-08-05 22:43:00,PART_0296,ISSUE,4,33,29,WO_04819
TXN_007395,2025-02-15 08:42:00,PART_0199,ISSUE,8,12,4,WO_01013
TXN_007396,2024-09-17 06:57:00,PART_0296,RECEIPT,4,29,33,
TXN_007397,2024-10-19 15:43:00,PART_0084,ISSUE,1,0,0,WO_08718
TXN_007398,2025-06-29 14:28:00,PART_0062,RECEIPT,3,22,25,
TXN_007399,2024-03-03 22:51:00,PART_0006,RECEIPT,6,49,55,
TXN_007400,2025-05-12 07:30:00,PART_0023,RECEIPT,3,19,22,
TXN_007401,2025-04-18 06:29:00,PART_0002,ADJUSTMENT,1,0,0,
TXN_007402,2025-07-08 16:44:00,PART_0156,RECEIPT,3,0,3,
TXN_007403,2025-01-28 03:33:00,PART_0238,RECEIPT,7,0,7,
TXN_007404,2024-11-29 05:36:00,PART_0259,RECEIPT,3,3,6,
TXN_007405,2025-01-02 09:10:00,PART_0041,RECEIPT,8,31,39,
TXN_007406,2024-07-13 23:27:00,PART_0185,ISSUE,7,57,50,WO_04695
TXN_007407,2025-08-27 04:46:00,PART_0133,RECEIPT,6,20,26,
TXN_007408,2024-06-08 03:31:00,PART_0118,ISSUE,7,50,43,WO_08533
TXN_007409,2024-08-18 15:24:00,PART_0246,ADJUSTMENT,4,21,25,
TXN_007410,2025-01-30 19:35:00,PART_0043,ADJUSTMENT,3,27,30,
TXN_007411,2025-06-30 23:15:00,PART_0018,RECEIPT,6,0,6,
TXN_007412,2024-04-07 07:37:00,PART_0038,ISSUE,6,38,32,WO_00151
TXN_007413,2024-03-25 10:12:00,PART_0290,ISSUE,7,32,25,WO_08024
TXN_007414,2024-07-03 02:03:00,PART_0208,RECEIPT,1,0,1,
TXN_007415,2025-09-08 09:43:00,PART_0129,ISSUE,3,73,70,WO_04480
TXN_007416,2025-03-05 13:13:00,PART_0029,RECEIPT,5,45,50,
TXN_007417,2025-05-24 21:22:00,PART_0199,ISSUE,2,4,2,WO_02198
TXN_007418,2025-07-17 21:51:00,PART_0023,ISSUE,5,22,17,WO_07087
TXN_007419,2025-05-01 06:08:00,PART_0123,ISSUE,8,22,14,WO_02719
TXN_007420,2024-05-27 11:06:00,PART_0262,ISSUE,7,67,60,WO_06690
TXN_007421,2024-12-21 22:28:00,PART_0126,ADJUSTMENT,2,0,0,
TXN_007422,2025-08-06 07:52:00,PART_0054,RECEIPT,7,72,79,
TXN_007423,2025-01-08 00:32:00,PART_0066,RECEIPT,8,41,49,
TXN_007424,2024-04-23 09:48:00,PART_0230,ISSUE,1,0,0,WO_08201
TXN_007425,2024-11-29 01:04:00,PART_0243,RECEIPT,4,31,35,
TXN_007426,2025-08-27 00:58:00,PART_0064,ISSUE,7,36,29,WO_04188
TXN_007427,2024-02-23 22:48:00,PART_0127,RECEIPT,8,11,19,
TXN_007428,2025-08-10 03:16:00,PART_0149,RECEIPT,6,20,26,
TXN_007429,2024-12-14 05:47:00,PART_0254,ISSUE,2,55,53,WO_02592
TXN_007430,2025-06-29 12:07:00,PART_0046,ISSUE,6,29,23,WO_01965
TXN_007431,2025-05-06 09:51:00,PART_0082,RECEIPT,1,27,28,
TXN_007432,2024-07-25 18:56:00,PART_0284,ISSUE,4,6,2,WO_02279
TXN_007433,2024-11-06 11:54:00,PART_0061,ISSUE,2,15,13,WO_02477
TXN_007434,2024-08-18 22:30:00,PART_0149,RECEIPT,1,26,27,
TXN_007435,2024-01-25 08:52:00,PART_0151,RECEIPT,6,21,27,
TXN_007436,2024-06-02 16:22:00,PART_0165,RECEIPT,8,22,30,
TXN_007437,2024-06-18 13:19:00,PART_0022,RECEIPT,1,35,36,
TXN_007438,2024-12-20 06:17:00,PART_0246,RECEIPT,8,25,33,
TXN_007439,2025-08-04 19:44:00,PART_0122,ISSUE,1,0,0,WO_00349
TXN_007440,2024-04-05 12:36:00,PART_0179,ISSUE,3,7,4,WO_00407
TXN_007441,2024-11-26 09:58:00,PART_0071,RECEIPT,5,8,13,
TXN_007442,2024-10-12 18:42:00,PART_0245,RECEIPT,1,14,15,
TXN_007443,2024-03-30 23:52:00,PART_0085,ISSUE,8,67,59,WO_08793
TXN_007444,2025-09-02 20:55:00,PART_0294,ISSUE,6,33,27,WO_08690
TXN_007445,2024-02-28 17:37:00,PART_0031,ISSUE,8,31,23,WO_09545
TXN_007446,2024-04-21 23:23:00,PART_0015,ISSUE,1,0,0,WO_06384
TXN_007447,2024-02-17 08:14:00,PART_0138,RECEIPT,7,23,30,
TXN_007448,2024-03-18 01:03:00,PART_0156,ISSUE,3,3,0,WO_01369
TXN_007449,2025-01-04 06:58:00,PART_0278,ISSUE,4,5,1,WO_08728
TXN_007450,2025-06-20 15:43:00,PART_0269,ISSUE,5,7,2,WO_02195
TXN_007451,2024-03-03 21:18:00,PART_0066,ISSUE,6,49,43,WO_02632
TXN_007452,2024-06-19 15:52:00,PART_0042,ISSUE,7,62,55,WO_05284
TXN_007453,2025-02-14 11:15:00,PART_0221,RECEIPT,5,6,11,
TXN_007454,2025-03-07 00:28:00,PART_0090,ISSUE,3,28,25,WO_03325
TXN_007455,2024-01-23 21:56:00,PART_0060,RECEIPT,2,5,7,
TXN_007456,2025-01-24 18:07:00,PART_0090,ADJUSTMENT,3,25,22,
TXN_007457,2025-05-21 11:01:00,PART_0075,ISSUE,1,23,22,WO_08525
TXN_007458,2024-09-04 09:25:00,PART_0031,ADJUSTMENT,8,23,15,
TXN_007459,2025-03-05 13:06:00,PART_0080,ISSUE,3,12,9,WO_00097
TXN_007460,2024-04-08 01:55:00,PART_0285,ISSUE,1,38,37,WO_02037
TXN_007461,2025-02-12 08:23:00,PART_0076,ISSUE,8,21,13,WO_04092
TXN_007462,2025-02-17 10:57:00,PART_0003,RECEIPT,2,2,4,
TXN_007463,2024-06-24 20:15:00,PART_0014,ISSUE,1,0,0,WO_03066
TXN_007464,2025-02-24 22:48:00,PART_0101,RECEIPT,8,20,28,
TXN_007465,2024-10-09 02:12:00,PART_0279,ADJUSTMENT,1,13,12,
TXN_007466,2024-03-12 01:02:00,PART_0081,ISSUE,4,7,3,WO_07033
TXN_007467,2025-03-11 00:04:00,PART_0276,RECEIPT,7,38,45,
TXN_007468,2025-07-02 16:19:00,PART_0239,RECEIPT,7,48,55,
TXN_007469,2024-10-29 19:58:00,PART_0112,ISSUE,2,44,42,WO_05559
TXN_007470,2025-05-19 08:53:00,PART_0293,RECEIPT,4,16,20,
TXN_007471,2024-06-17 07:45:00,PART_0183,RECEIPT,7,30,37,
TXN_007472,2025-05-20 03:42:00,PART_0186,ADJUSTMENT,6,4,10,
TXN_007473,2025-07-24 23:56:00,PART_0248,ISSUE,5,47,42,WO_02850
TXN_007474,2024-07-01 19:55:00,PART_0177,RECEIPT,7,0,7,
TXN_007475,2025-03-05 07:56:00,PART_0154,RECEIPT,3,1,4,
TXN_007476,2025-09-02 01:56:00,PART_0131,ISSUE,4,13,9,WO_08690
TXN_007477,2025-04-12 14:28:00,PART_0138,ISSUE,6,30,24,WO_00936
TXN_007478,2025-03-22 15:50:00,PART_0287,RECEIPT,6,48,54,
TXN_007479,2025-02-19 04:25:00,PART_0219,ISSUE,8,34,26,WO_05522
TXN_007480,2025-03-10 09:53:00,PART_0008,RECEIPT,7,11,18,
TXN_007481,2025-07-23 02:28:00,PART_0131,RECEIPT,7,9,16,
TXN_007482,2025-01-05 19:47:00,PART_0002,ISSUE,1,0,0,WO_08576
TXN_007483,2025-06-16 08:27:00,PART_0097,RECEIPT,1,31,32,
TXN_007484,2024-02-09 11:25:00,PART_0263,ISSUE,5,38,33,WO_01076
TXN_007485,2025-02-10 00:28:00,PART_0111,ISSUE,4,12,8,WO_06889
TXN_007486,2024-06-01 17:23:00,PART_0045,ISSUE,1,0,0,WO_05295
TXN_007487,2024-11-25 10:30:00,PART_0139,ISSUE,6,14,8,WO_03965
TXN_007488,2024-02-24 22:35:00,PART_0008,ISSUE,2,18,16,WO_04992
TXN_007489,2024-08-10 16:17:00,PART_0010,ISSUE,1,0,0,WO_09484
TXN_007490,2025-01-02 10:37:00,PART_0218,RECEIPT,7,0,7,
TXN_007491,2024-11-29 03:36:00,PART_0138,RECEIPT,6,24,30,
TXN_007492,2024-10-03 02:45:00,PART_0287,ISSUE,8,54,46,WO_02948
TXN_007493,2024-01-08 12:38:00,PART_0186,ISSUE,2,10,8,WO_06706
TXN_007494,2024-11-26 21:04:00,PART_0122,ISSUE,1,0,0,WO_05935
TXN_007495,2025-07-12 22:36:00,PART_0081,RECEIPT,1,3,4,
TXN_007496,2024-01-24 14:12:00,PART_0235,ADJUSTMENT,3,38,35,
TXN_007497,2025-09-04 15:31:00,PART_0064,ISSUE,6,29,23,WO_09138
TXN_007498,2025-07-09 11:57:00,PART_0008,ISSUE,2,16,14,WO_07564
TXN_007499,2024-10-31 19:45:00,PART_0292,ISSUE,5,22,17,WO_00357
TXN_007500,2025-02-06 20:50:00,PART_0294,ISSUE,7,27,20,WO_09854
TXN_007501,2025-01-14 20:07:00,PART_0130,ADJUSTMENT,4,4,8,
TXN_007502,2025-01-24 07:13:00,PART_0024,ISSUE,4,5,1,WO_07093
TXN_007503,2024-10-16 16:43:00,PART_0061,RECEIPT,5,13,18,
TXN_007504,2025-05-01 17:02:00,PART_0157,RECEIPT,1,2,3,
TXN_007505,2024-09-23 22:33:00,PART_0186,ISSUE,3,8,5,WO_06536
TXN_007506,2024-12-21 21:06:00,PART_0037,ISSUE,8,34,26,WO_00217
TXN_007507,2024-04-28 02:42:00,PART_0184,ISSUE,5,37,32,WO_08197
TXN_007508,2025-03-30 01:02:00,PART_0231,RECEIPT,2,2,4,
TXN_007509,2025-07-31 11:44:00,PART_0134,ISSUE,8,23,15,WO_07616
TXN_007510,2025-06-27 07:53:00,PART_0010,RECEIPT,7,0,7,
TXN_007511,2024-10-27 06:26:00,PART_0257,RECEIPT,4,35,39,
TXN_007512,2024-07-08 13:50:00,PART_0295,ADJUSTMENT,8,39,31,
TXN_007513,2024-07-31 22:31:00,PART_0163,ADJUSTMENT,1,4,5,
TXN_007514,2025-08-29 13:29:00,PART_0279,RECEIPT,3,12,15,
TXN_007515,2024-05-15 20:09:00,PART_0023,ISSUE,8,17,9,WO_09397
TXN_007516,2024-01-03 10:09:00,PART_0206,ISSUE,4,45,41,WO_01837
TXN_007517,2025-06-11 21:59:00,PART_0084,ISSUE,1,0,0,WO_08997
TXN_007518,2025-05-17 02:49:00,PART_0293,ISSUE,6,20,14,WO_03599
TXN_007519,2025-01-11 22:15:00,PART_0252,ISSUE,6,6,0,WO_00424
TXN_007520,2024-12-27 05:45:00,PART_0012,ADJUSTMENT,4,49,53,
TXN_007521,2024-04-24 20:23:00,PART_0253,RECEIPT,8,8,16,
TXN_007522,2025-04-15 18:27:00,PART_0036,ISSUE,5,7,2,WO_04613
TXN_007523,2025-07-29 16:05:00,PART_0220,ADJUSTMENT,2,34,36,
TXN_007524,2024-07-30 11:29:00,PART_0115,ISSUE,1,5,4,WO_06790
TXN_007525,2024-01-27 23:25:00,PART_0217,RECEIPT,6,57,63,
TXN_007526,2024-06-01 21:06:00,PART_0125,RECEIPT,1,25,26,
TXN_007527,2024-10-01 14:08:00,PART_0231,ISSUE,2,4,2,WO_03869
TXN_007528,2024-12-04 04:20:00,PART_0062,RECEIPT,1,25,26,
TXN_007529,2024-11-04 03:22:00,PART_0035,ISSUE,4,62,58,WO_07637
TXN_007530,2024-09-27 13:28:00,PART_0247,RECEIPT,8,19,27,
TXN_007531,2025-04-08 22:10:00,PART_0039,ISSUE,3,13,10,WO_09941
TXN_007532,2024-01-19 03:23:00,PART_0095,RECEIPT,7,47,54,
TXN_007533,2025-06-25 19:05:00,PART_0182,RECEIPT,5,23,28,
TXN_007534,2025-04-11 02:43:00,PART_0114,RECEIPT,2,24,26,
TXN_007535,2024-12-15 14:49:00,PART_0157,RECEIPT,7,3,10,
TXN_007536,2024-01-14 10:16:00,PART_0131,ISSUE,2,16,14,WO_07327
TXN_007537,2024-01-06 23:48:00,PART_0039,RECEIPT,2,10,12,
TXN_007538,2024-06-06 15:03:00,PART_0017,RECEIPT,8,21,29,
TXN_007539,2025-04-15 10:48:00,PART_0023,ISSUE,7,9,2,WO_08625
TXN_007540,2025-05-08 16:57:00,PART_0170,ISSUE,1,0,0,WO_09244
TXN_007541,2024-09-11 13:49:00,PART_0151,ADJUSTMENT,6,27,21,
TXN_007542,2024-04-27 13:40:00,PART_0002,RECEIPT,7,0,7,
TXN_007543,2024-06-22 23:46:00,PART_0208,ISSUE,1,1,0,WO_06941
TXN_007544,2024-07-05 02:56:00,PART_0194,ISSUE,5,44,39,WO_00100
TXN_007545,2025-08-13 09:41:00,PART_0065,ISSUE,7,16,9,WO_09399
TXN_007546,2024-02-19 10:05:00,PART_0235,RECEIPT,5,35,40,
TXN_007547,2025-06-14 13:11:00,PART_0278,ISSUE,1,1,0,WO_03271
TXN_007548,2024-06-01 11:37:00,PART_0186,ISSUE,4,5,1,WO_03760
TXN_007549,2024-03-06 13:21:00,PART_0141,RECEIPT,7,0,7,
TXN_007550,2024-12-18 15:21:00,PART_0205,ISSUE,4,42,38,WO_02839
TXN_007551,2025-06-01 18:51:00,PART_0159,ISSUE,1,0,0,WO_09278
TXN_007552,2024-07-20 15:41:00,PART_0145,RECEIPT,4,7,11,
TXN_007553,2024-08-27 11:35:00,PART_0193,ISSUE,4,11,7,WO_00798
TXN_007554,2025-03-24 07:59:00,PART_0070,RECEIPT,2,21,23,
TXN_007555,2024-08-14 12:50:00,PART_0084,RECEIPT,3,0,3,
TXN_007556,2024-08-02 08:17:00,PART_0004,RECEIPT,3,22,25,
TXN_007557,2025-05-13 07:06:00,PART_0222,RECEIPT,4,36,40,
TXN_007558,2025-07-11 04:41:00,PART_0055,RECEIPT,8,34,42,
TXN_007559,2024-07-29 21:50:00,PART_0093,ISSUE,4,11,7,WO_06513
TXN_007560,2024-01-01 14:19:00,PART_0028,ISSUE,2,2,0,WO_02881
TXN_007561,2024-11-07 08:15:00,PART_0247,ISSUE,3,27,24,WO_00364
TXN_007562,2025-05-29 16:08:00,PART_0298,RECEIPT,7,14,21,
TXN_007563,2024-07-18 18:32:00,PART_0142,ISSUE,1,0,0,WO_09253
TXN_007564,2024-08-04 04:29:00,PART_0227,ISSUE,3,11,8,WO_09216
TXN_007565,2025-09-16 13:50:00,PART_0014,RECEIPT,1,0,1,
TXN_007566,2025-08-26 06:33:00,PART_0192,RECEIPT,3,32,35,
TXN_007567,2024-08-26 06:29:00,PART_0117,ISSUE,7,7,0,WO_08820
TXN_007568,2025-08-05 23:47:00,PART_0222,RECEIPT,4,40,44,
TXN_007569,2024-11-03 08:02:00,PART_0031,ISSUE,3,15,12,WO_09762
TXN_007570,2024-07-12 22:24:00,PART_0162,ISSUE,4,7,3,WO_08331
TXN_007571,2025-04-04 05:43:00,PART_0057,ISSUE,1,7,6,WO_09612
TXN_007572,2024-10-09 11:14:00,PART_0291,ISSUE,1,89,88,WO_03952
TXN_007573,2025-04-23 05:44:00,PART_0060,RECEIPT,2,7,9,
TXN_007574,2025-06-14 03:29:00,PART_0136,ISSUE,1,19,18,WO_01948
TXN_007575,2024-02-04 11:46:00,PART_0090,ISSUE,3,22,19,WO_04399
TXN_007576,2024-06-25 02:45:00,PART_0049,RECEIPT,2,4,6,
TXN_007577,2024-07-07 13:21:00,PART_0067,ISSUE,2,34,32,WO_01674
TXN_007578,2024-06-03 11:53:00,PART_0174,ISSUE,1,0,0,WO_05320
TXN_007579,2024-09-08 20:39:00,PART_0201,ISSUE,7,32,25,WO_01904
TXN_007580,2024-07-14 20:29:00,PART_0276,ISSUE,2,45,43,WO_01759
TXN_007581,2024-12-23 19:36:00,PART_0222,ISSUE,4,44,40,WO_00210
TXN_007582,2024-05-07 01:32:00,PART_0259,RECEIPT,8,6,14,
TXN_007583,2024-04-27 16:31:00,PART_0192,ISSUE,3,35,32,WO_09523
TXN_007584,2024-01-06 23:03:00,PART_0266,ISSUE,2,37,35,WO_09978
TXN_007585,2024-05-18 07:31:00,PART_0272,ISSUE,1,60,59,WO_02409
TXN_007586,2025-01-09 17:00:00,PART_0190,ADJUSTMENT,4,25,29,
TXN_007587,2024-11-13 13:00:00,PART_0284,RECEIPT,7,2,9,
TXN_007588,2024-09-30 17:04:00,PART_0136,ISSUE,7,18,11,WO_09029
TXN_007589,2024-10-15 04:41:00,PART_0151,ISSUE,6,21,15,WO_04390
TXN_007590,2024-04-12 20:43:00,PART_0020,ISSUE,6,17,11,WO_07327
TXN_007591,2024-12-22 10:37:00,PART_0277,ISSUE,6,6,0,WO_09308
TXN_007592,2025-01-07 13:49:00,PART_0248,ADJUSTMENT,8,42,34,
TXN_007593,2025-06-01 00:39:00,PART_0076,RECEIPT,7,13,20,
TXN_007594,2025-02-16 23:12:00,PART_0200,ISSUE,1,0,0,WO_09943
TXN_007595,2025-01-27 23:12:00,PART_0076,RECEIPT,7,20,27,
TXN_007596,2025-07-04 22:04:00,PART_0168,RECEIPT,3,56,59,
TXN_007597,2025-07-19 07:23:00,PART_0040,ISSUE,6,6,0,WO_00044
TXN_007598,2024-10-13 04:00:00,PART_0133,RECEIPT,2,26,28,
TXN_007599,2024-11-15 03:07:00,PART_0030,ISSUE,7,32,25,WO_07230
TXN_007600,2025-08-10 09:20:00,PART_0183,ISSUE,7,37,30,WO_06534
TXN_007601,2024-09-25 08:05:00,PART_0154,RECEIPT,4,4,8,
TXN_007602,2024-11-26 10:06:00,PART_0284,ISSUE,5,9,4,WO_03409
TXN_007603,2024-03-12 19:37:00,PART_0066,RECEIPT,4,43,47,
TXN_007604,2025-08-12 18:07:00,PART_0213,ISSUE,6,14,8,WO_09962
TXN_007605,2025-05-12 11:48:00,PART_0056,ISSUE,5,40,35,WO_09981
TXN_007606,2024-12-03 21:16:00,PART_0225,ISSUE,1,10,9,WO_00611
TXN_007607,2024-03-04 09:32:00,PART_0065,RECEIPT,6,9,15,
TXN_007608,2025-08-19 02:33:00,PART_0051,ISSUE,6,46,40,WO_08111
TXN_007609,2024-02-16 15:32:00,PART_0017,RECEIPT,7,29,36,
TXN_007610,2025-09-15 13:40:00,PART_0231,ISSUE,2,2,0,WO_04263
TXN_007611,2024-08-29 00:49:00,PART_0094,ISSUE,5,23,18,WO_06116
TXN_007612,2024-12-22 18:24:00,PART_0191,ISSUE,1,5,4,WO_09937
TXN_007613,2024-02-06 20:35:00,PART_0093,RECEIPT,5,7,12,
TXN_007614,2024-12-17 00:23:00,PART_0034,RECEIPT,6,4,10,
TXN_007615,2024-04-27 11:58:00,PART_0203,ISSUE,2,17,15,WO_08704
TXN_007616,2025-07-25 06:23:00,PART_0117,ISSUE,1,0,0,WO_02558
TXN_007617,2024-02-22 21:45:00,PART_0104,ISSUE,8,15,7,WO_05087
TXN_007618,2025-07-21 09:09:00,PART_0102,RECEIPT,1,36,37,
TXN_007619,2024-07-21 08:14:00,PART_0296,RECEIPT,1,33,34,
TXN_007620,2025-02-03 20:35:00,PART_0182,ISSUE,3,28,25,WO_07133
TXN_007621,2025-03-21 03:49:00,PART_0282,RECEIPT,3,79,82,
TXN_007622,2024-02-01 02:52:00,PART_0033,ISSUE,3,7,4,WO_03315
TXN_007623,2024-11-22 04:57:00,PART_0283,RECEIPT,6,0,6,
TXN_007624,2025-02-11 05:10:00,PART_0088,RECEIPT,7,0,7,
TXN_007625,2024-11-24 15:36:00,PART_0226,ISSUE,3,34,31,WO_08534
TXN_007626,2024-08-18 23:14:00,PART_0156,ISSUE,1,0,0,WO_03698
TXN_007627,2024-02-12 08:28:00,PART_0139,RECEIPT,6,8,14,
TXN_007628,2024-04-05 07:25:00,PART_0250,ADJUSTMENT,3,9,12,
TXN_007629,2025-02-11 12:19:00,PART_0243,ISSUE,7,35,28,WO_08425
TXN_007630,2025-07-03 22:58:00,PART_0199,RECEIPT,4,2,6,
TXN_007631,2024-02-17 23:46:00,PART_0100,ISSUE,3,38,35,WO_09934
TXN_007632,2024-03-01 18:27:00,PART_0256,ISSUE,6,42,36,WO_02882
TXN_007633,2024-07-27 06:55:00,PART_0094,RECEIPT,6,18,24,
TXN_007634,2025-02-21 08:18:00,PART_0281,RECEIPT,7,0,7,
TXN_007635,2024-10-12 21:26:00,PART_0242,RECEIPT,4,27,31,
TXN_007636,2025-03-02 20:48:00,PART_0172,ISSUE,8,27,19,WO_09920
TXN_007637,2024-03-25 03:38:00,PART_0148,ISSUE,8,65,57,WO_03893
TXN_007638,2024-04-19 22:51:00,PART_0103,ADJUSTMENT,5,28,33,
TXN_007639,2025-08-19 02:40:00,PART_0035,ISSUE,4,58,54,WO_06889
TXN_007640,2025-08-26 18:18:00,PART_0103,ISSUE,2,33,31,WO_03051
TXN_007641,2025-09-08 13:16:00,PART_0237,ISSUE,1,38,37,WO_00257
TXN_007642,2024-11-22 12:45:00,PART_0202,ISSUE,4,74,70,WO_01692
TXN_007643,2025-05-11 21:02:00,PART_0074,RECEIPT,1,2,3,
TXN_007644,2025-06-11 07:50:00,PART_0300,RECEIPT,1,28,29,
TXN_007645,2024-04-11 11:18:00,PART_0008,ISSUE,7,14,7,WO_03150
TXN_007646,2025-03-23 02:44:00,PART_0199,ISSUE,3,6,3,WO_02726
TXN_007647,2025-02-17 01:07:00,PART_0198,ADJUSTMENT,1,26,27,
TXN_007648,2025-01-14 01:42:00,PART_0071,ISSUE,4,13,9,WO_02827
TXN_007649,2024-04-24 11:13:00,PART_0081,RECEIPT,4,4,8,
TXN_007650,2024-01-22 14:27:00,PART_0293,RECEIPT,2,14,16,
TXN_007651,2024-06-01 14:58:00,PART_0204,RECEIPT,3,6,9,
TXN_007652,2024-05-29 08:33:00,PART_0222,ISSUE,6,40,34,WO_00128
TXN_007653,2025-01-06 05:53:00,PART_0176,ISSUE,2,49,47,WO_05494
TXN_007654,2024-01-16 02:47:00,PART_0253,RECEIPT,6,16,22,
TXN_007655,2024-09-24 08:18:00,PART_0125,ISSUE,8,26,18,WO_01129
TXN_007656,2025-03-10 02:28:00,PART_0269,ISSUE,2,2,0,WO_06927
TXN_007657,2025-03-07 12:20:00,PART_0152,ISSUE,1,0,0,WO_00080
TXN_007658,2025-04-13 23:12:00,PART_0097,RECEIPT,6,32,38,
TXN_007659,2024-08-09 13:23:00,PART_0256,RECEIPT,2,36,38,
TXN_007660,2024-11-16 16:13:00,PART_0062,RECEIPT,7,26,33,
TXN_007661,2024-10-11 08:32:00,PART_0060,RECEIPT,3,9,12,
TXN_007662,2024-09-27 07:15:00,PART_0023,ISSUE,2,2,0,WO_04979
TXN_007663,2024-09-22 20:06:00,PART_0040,ISSUE,1,0,0,WO_05223
TXN_007664,2025-03-17 17:42:00,PART_0060,ISSUE,6,12,6,WO_00019
TXN_007665,2024-10-28 22:21:00,PART_0019,RECEIPT,5,2,7,
TXN_007666,2025-07-31 06:45:00,PART_0079,ISSUE,3,13,10,WO_07651
TXN_007667,2024-06-25 03:07:00,PART_0232,ISSUE,2,9,7,WO_07974
TXN_007668,2024-08-16 11:54:00,PART_0105,ISSUE,8,80,72,WO_06681
TXN_007669,2025-03-24 15:14:00,PART_0192,RECEIPT,4,32,36,
TXN_007670,2025-02-12 01:00:00,PART_0015,ISSUE,1,0,0,WO_09459
TXN_007671,2024-07-15 23:05:00,PART_0046,ADJUSTMENT,6,23,17,
TXN_007672,2025-04-17 18:44:00,PART_0251,RECEIPT,5,29,34,
TXN_007673,2025-06-24 11:29:00,PART_0004,ADJUSTMENT,6,25,31,
TXN_007674,2024-02-05 12:42:00,PART_0005,ISSUE,4,5,1,WO_09612
TXN_007675,2024-01-01 15:24:00,PART_0093,ISSUE,2,12,10,WO_09865
TXN_007676,2025-02-22 19:41:00,PART_0242,RECEIPT,2,31,33,
TXN_007677,2024-07-13 07:36:00,PART_0183,RECEIPT,4,30,34,
TXN_007678,2024-03-05 05:24:00,PART_0001,RECEIPT,8,3,11,
TXN_007679,2024-06-05 23:02:00,PART_0007,RECEIPT,2,5,7,
TXN_007680,2025-04-07 01:33:00,PART_0059,ISSUE,5,33,28,WO_04782
TXN_007681,2024-11-25 07:20:00,PART_0037,ADJUSTMENT,4,26,30,
TXN_007682,2024-11-24 09:29:00,PART_0164,ISSUE,7,15,8,WO_01552
TXN_007683,2024-08-07 17:25:00,PART_0028,RECEIPT,3,0,3,
TXN_007684,2025-04-05 15:31:00,PART_0243,ISSUE,8,28,20,WO_05814
TXN_007685,2024-05-11 13:10:00,PART_0299,ISSUE,1,8,7,WO_07550
TXN_007686,2024-06-27 09:02:00,PART_0230,ISSUE,1,0,0,WO_08947
TXN_007687,2024-12-22 09:51:00,PART_0225,RECEIPT,3,9,12,
TXN_007688,2024-06-30 08:49:00,PART_0262,ISSUE,7,60,53,WO_07097
TXN_007689,2024-09-19 01:52:00,PART_0239,RECEIPT,4,55,59,
TXN_007690,2025-03-16 00:54:00,PART_0065,ISSUE,5,15,10,WO_09758
TXN_007691,2025-04-22 22:28:00,PART_0112,ISSUE,8,42,34,WO_06443
TXN_007692,2024-08-29 02:55:00,PART_0122,ISSUE,1,0,0,WO_04923
TXN_007693,2024-06-30 04:51:00,PART_0040,ISSUE,1,0,0,WO_05389
TXN_007694,2024-08-22 00:05:00,PART_0234,RECEIPT,6,6,12,
TXN_007695,2024-08-11 09:33:00,PART_0270,ISSUE,3,3,0,WO_07477
TXN_007696,2025-05-30 23:24:00,PART_0234,RECEIPT,4,12,16,
TXN_007697,2024-07-12 03:12:00,PART_0258,ISSUE,1,0,0,WO_04302
TXN_007698,2024-10-04 17:07:00,PART_0238,RECEIPT,1,7,8,
TXN_007699,2024-10-18 08:05:00,PART_0063,RECEIPT,5,8,13,
TXN_007700,2025-07-25 12:01:00,PART_0054,ISSUE,7,79,72,WO_05535
TXN_007701,2024-11-28 21:19:00,PART_0081,ISSUE,3,8,5,WO_02175
TXN_007702,2024-07-19 00:38:00,PART_0159,ISSUE,1,0,0,WO_06073
TXN_007703,2024-07-09 19:37:00,PART_0140,ISSUE,1,0,0,WO_00920
TXN_007704,2024-12-01 13:32:00,PART_0202,ISSUE,5,70,65,WO_04035
TXN_007705,2025-09-07 15:34:00,PART_0118,ISSUE,5,43,38,WO_02619
TXN_007706,2025-05-24 09:16:00,PART_0227,ISSUE,8,8,0,WO_00556
TXN_007707,2024-05-21 03:44:00,PART_0300,ADJUSTMENT,5,29,34,
TXN_007708,2025-05-06 04:32:00,PART_0296,ISSUE,6,34,28,WO_00624
TXN_007709,2025-05-01 18:41:00,PART_0288,RECEIPT,1,0,1,
TXN_007710,2024-11-30 20:53:00,PART_0004,RECEIPT,6,31,37,
TXN_007711,2025-06-13 12:01:00,PART_0035,ISSUE,3,54,51,WO_04763
TXN_007712,2025-03-28 07:22:00,PART_0093,ISSUE,5,10,5,WO_01040
TXN_007713,2024-03-18 13:23:00,PART_0169,ISSUE,8,30,22,WO_05428
TXN_007714,2024-09-30 05:06:00,PART_0298,RECEIPT,5,21,26,
TXN_007715,2024-01-12 13:12:00,PART_0140,ISSUE,1,0,0,WO_03560
TXN_007716,2025-07-13 07:02:00,PART_0089,ISSUE,6,25,19,WO_05786
TXN_007717,2025-02-15 12:45:00,PART_0012,RECEIPT,3,53,56,
TXN_007718,2025-01-21 11:04:00,PART_0239,RECEIPT,7,59,66,
TXN_007719,2024-07-11 19:41:00,PART_0294,RECEIPT,8,20,28,
TXN_007720,2025-03-16 00:49:00,PART_0123,ADJUSTMENT,3,14,11,
TXN_007721,2024-09-30 00:16:00,PART_0080,RECEIPT,8,9,17,
TXN_007722,2025-01-07 20:28:00,PART_0249,ISSUE,3,21,18,WO_00387
TXN_007723,2025-09-12 14:35:00,PART_0252,ISSUE,1,0,0,WO_07594
TXN_007724,2025-04-15 13:31:00,PART_0087,RECEIPT,1,25,26,
TXN_007725,2025-01-30 21:17:00,PART_0055,ISSUE,1,42,41,WO_04520
TXN_007726,2024-07-06 14:34:00,PART_0291,ISSUE,2,88,86,WO_00577
TXN_007727,2024-06-19 05:32:00,PART_0135,ADJUSTMENT,3,9,6,
TXN_007728,2025-07-07 01:58:00,PART_0241,RECEIPT,7,28,35,
TXN_007729,2024-02-15 16:53:00,PART_0246,RECEIPT,8,33,41,
TXN_007730,2024-06-24 17:38:00,PART_0055,ISSUE,6,41,35,WO_01129
TXN_007731,2024-11-17 14:58:00,PART_0090,ISSUE,3,19,16,WO_03771
TXN_007732,2025-06-29 19:11:00,PART_0186,RECEIPT,2,1,3,
TXN_007733,2024-11-07 05:24:00,PART_0243,RECEIPT,8,20,28,
TXN_007734,2024-03-09 06:43:00,PART_0087,ISSUE,7,26,19,WO_03081
TXN_007735,2024-05-03 04:42:00,PART_0271,ISSUE,1,6,5,WO_03619
TXN_007736,2024-02-10 07:08:00,PART_0217,ISSUE,7,63,56,WO_06031
TXN_007737,2025-06-18 14:33:00,PART_0021,ISSUE,4,80,76,WO_09232
TXN_007738,2025-06-17 07:18:00,PART_0126,ISSUE,1,0,0,WO_09325
TXN_007739,2024-04-07 09:33:00,PART_0160,ISSUE,4,23,19,WO_09899
TXN_007740,2024-02-26 16:52:00,PART_0082,ISSUE,3,28,25,WO_04125
TXN_007741,2025-04-15 06:38:00,PART_0279,RECEIPT,6,15,21,
TXN_007742,2024-12-26 19:16:00,PART_0022,RECEIPT,1,36,37,
TXN_007743,2024-11-09 13:11:00,PART_0050,ISSUE,1,0,0,WO_05676
TXN_007744,2025-06-28 04:08:00,PART_0030,ISSUE,6,25,19,WO_08205
TXN_007745,2024-07-28 09:57:00,PART_0286,RECEIPT,6,1,7,
TXN_007746,2024-07-21 13:30:00,PART_0048,RECEIPT,2,37,39,
TXN_007747,2024-01-13 02:38:00,PART_0203,ISSUE,6,15,9,WO_06682
TXN_007748,2024-10-24 19:06:00,PART_0062,ISSUE,1,33,32,WO_09777
TXN_007749,2024-10-29 03:30:00,PART_0259,ISSUE,6,14,8,WO_06183
TXN_007750,2024-08-19 00:42:00,PART_0253,RECEIPT,2,22,24,
TXN_007751,2025-09-07 10:25:00,PART_0167,ISSUE,4,25,21,WO_00270
TXN_007752,2025-02-02 16:33:00,PART_0105,ISSUE,7,72,65,WO_07241
TXN_007753,2024-01-25 13:48:00,PART_0110,ISSUE,1,0,0,WO_02306
TXN_007754,2025-02-20 23:42:00,PART_0045,RECEIPT,3,0,3,
TXN_007755,2025-01-02 05:14:00,PART_0247,RECEIPT,1,24,25,
TXN_007756,2025-08-01 03:35:00,PART_0272,ISSUE,1,59,58,WO_03364
TXN_007757,2025-09-08 06:05:00,PART_0281,ISSUE,1,7,6,WO_03056
TXN_007758,2024-05-28 12:35:00,PART_0128,ISSUE,7,12,5,WO_06192
TXN_007759,2025-02-09 06:44:00,PART_0185,RECEIPT,5,50,55,
TXN_007760,2024-05-21 11:29:00,PART_0172,RECEIPT,4,19,23,
TXN_007761,2025-01-07 20:16:00,PART_0250,ISSUE,5,12,7,WO_06670
TXN_007762,2024-08-24 06:41:00,PART_0279,ISSUE,7,21,14,WO_04308
TXN_007763,2024-02-13 18:15:00,PART_0286,ISSUE,7,7,0,WO_04794
TXN_007764,2025-01-16 12:29:00,PART_0026,RECEIPT,4,5,9,
TXN_007765,2024-06-15 13:09:00,PART_0225,RECEIPT,8,12,20,
TXN_007766,2025-03-19 17:39:00,PART_0234,ISSUE,2,16,14,WO_04782
TXN_007767,2024-04-20 19:24:00,PART_0038,RECEIPT,4,32,36,
TXN_007768,2024-06-14 12:30:00,PART_0171,RECEIPT,5,17,22,
TXN_007769,2024-10-29 06:42:00,PART_0005,ISSUE,1,1,0,WO_08393
TXN_007770,2025-07-13 11:05:00,PART_0007,ISSUE,1,7,6,WO_05034
TXN_007771,2025-07-22 04:27:00,PART_0291,ISSUE,5,86,81,WO_02994
TXN_007772,2025-07-21 12:18:00,PART_0048,RECEIPT,5,39,44,
TXN_007773,2025-08-29 14:29:00,PART_0121,RECEIPT,2,18,20,
TXN_007774,2025-03-08 17:56:00,PART_0215,RECEIPT,3,0,3,
TXN_007775,2024-08-26 19:52:00,PART_0005,RECEIPT,3,0,3,
TXN_007776,2024-08-06 12:10:00,PART_0194,RECEIPT,6,39,45,
TXN_007777,2025-02-10 09:06:00,PART_0184,RECEIPT,8,32,40,
TXN_007778,2025-09-04 12:43:00,PART_0081,ISSUE,4,5,1,WO_03155
TXN_007779,2025-01-07 23:21:00,PART_0296,ISSUE,4,28,24,WO_03019
TXN_007780,2025-06-30 14:40:00,PART_0253,RECEIPT,3,24,27,
TXN_007781,2024-02-19 07:29:00,PART_0112,ISSUE,8,34,26,WO_06721
TXN_007782,2024-10-01 13:41:00,PART_0094,RECEIPT,4,24,28,
TXN_007783,2024-10-02 10:53:00,PART_0240,ISSUE,3,16,13,WO_01773
TXN_007784,2025-05-31 21:34:00,PART_0215,RECEIPT,6,3,9,
TXN_007785,2025-02-26 13:24:00,PART_0277,ISSUE,1,0,0,WO_02583
TXN_007786,2025-05-18 14:31:00,PART_0217,ISSUE,4,56,52,WO_03105
TXN_007787,2025-04-18 23:34:00,PART_0142,ISSUE,1,0,0,WO_02602
TXN_007788,2025-04-30 22:11:00,PART_0067,ISSUE,3,32,29,WO_06013
TXN_007789,2024-03-24 13:32:00,PART_0226,ISSUE,8,31,23,WO_01673
TXN_007790,2024-07-08 06:01:00,PART_0205,RECEIPT,4,38,42,
TXN_007791,2025-07-30 12:36:00,PART_0166,ISSUE,4,6,2,WO_03938
TXN_007792,2024-03-14 02:57:00,PART_0148,RECEIPT,4,57,61,
TXN_007793,2025-07-04 18:34:00,PART_0281,ISSUE,3,6,3,WO_06478
TXN_007794,2025-08-19 08:10:00,PART_0116,RECEIPT,6,0,6,
TXN_007795,2025-05-26 09:32:00,PART_0026,RECEIPT,1,9,10,
TXN_007796,2024-09-08 21:31:00,PART_0114,ISSUE,5,26,21,WO_01367
TXN_007797,2024-12-20 01:05:00,PART_0063,ISSUE,4,13,9,WO_08265
TXN_007798,2025-04-06 02:59:00,PART_0186,ISSUE,1,3,2,WO_02214
TXN_007799,2025-05-06 06:57:00,PART_0219,ISSUE,8,26,18,WO_09393
TXN_007800,2024-08-01 13:49:00,PART_0073,ISSUE,6,56,50,WO_05762
TXN_007801,2024-07-06 19:20:00,PART_0085,ISSUE,3,59,56,WO_08669
TXN_007802,2025-06-13 15:51:00,PART_0052,RECEIPT,2,0,2,
TXN_007803,2025-09-09 22:05:00,PART_0115,RECEIPT,4,4,8,
TXN_007804,2024-07-22 11:40:00,PART_0085,ISSUE,6,56,50,WO_03977
TXN_007805,2024-01-22 15:55:00,PART_0210,ISSUE,4,10,6,WO_00618
TXN_007806,2024-05-23 11:19:00,PART_0113,ISSUE,1,58,57,WO_06650
TXN_007807,2024-05-13 10:38:00,PART_0205,RECEIPT,7,42,49,
TXN_007808,2024-04-21 06:09:00,PART_0037,ISSUE,3,30,27,WO_00911
TXN_007809,2024-02-18 21:46:00,PART_0164,RECEIPT,1,8,9,
TXN_007810,2025-05-06 06:46:00,PART_0019,ISSUE,5,7,2,WO_04736
TXN_007811,2024-08-21 23:30:00,PART_0288,ADJUSTMENT,6,1,7,
TXN_007812,2024-06-14 04:09:00,PART_0009,ISSUE,4,54,50,WO_06130
TXN_007813,2024-01-14 21:08:00,PART_0127,ISSUE,3,19,16,WO_04930
TXN_007814,2024-10-26 02:16:00,PART_0235,RECEIPT,2,40,42,
TXN_007815,2024-05-23 02:28:00,PART_0065,RECEIPT,4,10,14,
TXN_007816,2024-11-28 02:45:00,PART_0047,RECEIPT,5,38,43,
TXN_007817,2024-07-19 05:08:00,PART_0170,RECEIPT,6,0,6,
TXN_007818,2025-08-10 04:37:00,PART_0159,RECEIPT,8,0,8,
TXN_007819,2024-03-14 03:17:00,PART_0051,ISSUE,5,40,35,WO_05855
TXN_007820,2025-01-27 20:46:00,PART_0064,RECEIPT,8,23,31,
TXN_007821,2024-11-01 19:20:00,PART_0284,ISSUE,4,4,0,WO_04148
TXN_007822,2025-01-23 20:07:00,PART_0292,RECEIPT,3,17,20,
TXN_007823,2025-08-29 21:40:00,PART_0279,ADJUSTMENT,3,14,17,
TXN_007824,2024-02-28 09:01:00,PART_0087,ISSUE,1,19,18,WO_03177
TXN_007825,2025-07-06 14:24:00,PART_0298,RECEIPT,7,26,33,
TXN_007826,2024-05-31 13:19:00,PART_0144,RECEIPT,6,9,15,
TXN_007827,2024-11-13 08:52:00,PART_0014,ISSUE,1,1,0,WO_08432
TXN_007828,2025-08-27 07:24:00,PART_0128,ISSUE,5,5,0,WO_09285
TXN_007829,2024-03-04 22:29:00,PART_0190,ISSUE,7,29,22,WO_03630
TXN_007830,2024-03-23 09:50:00,PART_0241,RECEIPT,2,35,37,
TXN_007831,2025-07-25 16:08:00,PART_0270,RECEIPT,3,0,3,
TXN_007832,2024-04-15 08:25:00,PART_0014,ISSUE,1,0,0,WO_03708
TXN_007833,2024-08-24 09:21:00,PART_0138,RECEIPT,8,30,38,
TXN_007834,2024-03-20 11:58:00,PART_0093,ISSUE,5,5,0,WO_00817
TXN_007835,2024-11-27 18:44:00,PART_0029,ISSUE,8,50,42,WO_05826
TXN_007836,2024-03-19 21:24:00,PART_0257,RECEIPT,1,39,40,
TXN_007837,2024-04-18 21:38:00,PART_0135,ADJUSTMENT,1,6,7,
TXN_007838,2024-11-12 18:40:00,PART_0190,ISSUE,6,22,16,WO_04685
TXN_007839,2025-08-05 18:19:00,PART_0047,RECEIPT,1,43,44,
TXN_007840,2025-08-27 10:27:00,PART_0189,ISSUE,7,17,10,WO_04768
TXN_007841,2024-03-28 04:32:00,PART_0145,RECEIPT,5,11,16,
TXN_007842,2024-08-13 10:24:00,PART_0178,ISSUE,6,10,4,WO_00338
TXN_007843,2025-08-16 07:10:00,PART_0130,ISSUE,6,8,2,WO_09964
TXN_007844,2025-06-21 18:34:00,PART_0097,RECEIPT,4,38,42,
TXN_007845,2025-08-09 14:16:00,PART_0052,ISSUE,2,2,0,WO_03084
TXN_007846,2024-08-09 17:38:00,PART_0282,RECEIPT,5,82,87,
TXN_007847,2025-02-19 14:38:00,PART_0056,RECEIPT,8,35,43,
TXN_007848,2024-05-08 17:37:00,PART_0086,RECEIPT,8,10,18,
TXN_007849,2025-05-02 04:15:00,PART_0203,ISSUE,8,9,1,WO_08521
TXN_007850,2024-07-06 12:47:00,PART_0031,ISSUE,6,12,6,WO_03025
TXN_007851,2025-07-22 23:23:00,PART_0256,ISSUE,6,38,32,WO_06762
TXN_007852,2025-08-12 12:18:00,PART_0041,RECEIPT,2,39,41,
TXN_007853,2024-09-28 08:46:00,PART_0267,RECEIPT,3,36,39,
TXN_007854,2025-04-16 03:53:00,PART_0029,RECEIPT,8,42,50,
TXN_007855,2025-08-22 06:06:00,PART_0189,ISSUE,4,10,6,WO_01425
TXN_007856,2025-09-04 03:07:00,PART_0162,RECEIPT,2,3,5,
TXN_007857,2025-07-04 13:14:00,PART_0074,RECEIPT,4,3,7,
TXN_007858,2024-10-18 04:23:00,PART_0078,ADJUSTMENT,3,26,29,
TXN_007859,2024-04-19 02:10:00,PART_0068,ISSUE,8,23,15,WO_01937
TXN_007860,2024-09-15 22:07:00,PART_0074,ISSUE,5,7,2,WO_09167
TXN_007861,2024-11-30 04:41:00,PART_0235,ADJUSTMENT,1,42,43,
TXN_007862,2025-03-09 16:04:00,PART_0164,ISSUE,8,9,1,WO_09500
TXN_007863,2025-06-30 09:44:00,PART_0128,RECEIPT,6,0,6,
TXN_007864,2025-02-15 12:18:00,PART_0044,RECEIPT,6,51,57,
TXN_007865,2024-08-03 17:50:00,PART_0017,RECEIPT,6,36,42,
TXN_007866,2025-07-22 10:19:00,PART_0021,RECEIPT,7,76,83,
TXN_007867,2024-10-13 20:41:00,PART_0154,RECEIPT,7,8,15,
TXN_007868,2024-03-06 23:48:00,PART_0123,RECEIPT,8,11,19,
TXN_007869,2024-05-05 05:50:00,PART_0249,ADJUSTMENT,7,18,25,
TXN_007870,2024-08-13 17:30:00,PART_0021,RECEIPT,8,83,91,
TXN_007871,2025-02-16 01:37:00,PART_0049,ISSUE,6,6,0,WO_00280
TXN_007872,2025-08-17 12:11:00,PART_0069,RECEIPT,3,10,13,
TXN_007873,2025-04-29 10:41:00,PART_0037,ADJUSTMENT,1,27,26,
TXN_007874,2024-01-16 09:20:00,PART_0074,ISSUE,2,2,0,WO_02296
TXN_007875,2025-02-20 03:29:00,PART_0191,RECEIPT,1,4,5,
TXN_007876,2024-09-26 04:03:00,PART_0270,RECEIPT,8,3,11,
TXN_007877,2025-04-23 16:04:00,PART_0060,ISSUE,2,6,4,WO_00328
TXN_007878,2024-11-27 07:17:00,PART_0256,RECEIPT,2,32,34,
TXN_007879,2024-10-08 00:22:00,PART_0019,ISSUE,2,2,0,WO_05679
TXN_007880,2025-04-20 19:50:00,PART_0249,ISSUE,7,25,18,WO_07907
TXN_007881,2024-05-30 04:28:00,PART_0063,RECEIPT,4,9,13,
TXN_007882,2024-03-21 23:07:00,PART_0016,RECEIPT,2,12,14,
TXN_007883,2025-05-28 14:18:00,PART_0167,ADJUSTMENT,7,21,14,
TXN_007884,2024-03-01 19:59:00,PART_0293,ISSUE,6,16,10,WO_09836
TXN_007885,2024-04-09 08:42:00,PART_0154,RECEIPT,2,15,17,
TXN_007886,2024-05-12 14:55:00,PART_0091,ISSUE,6,34,28,WO_02243
TXN_007887,2025-03-22 06:34:00,PART_0259,ISSUE,8,8,0,WO_03650
TXN_007888,2024-01-08 09:12:00,PART_0287,ISSUE,8,46,38,WO_03550
TXN_007889,2024-11-03 13:16:00,PART_0061,ISSUE,6,18,12,WO_08848
TXN_007890,2024-03-08 22:10:00,PART_0082,RECEIPT,5,25,30,
TXN_007891,2024-04-14 23:22:00,PART_0288,ISSUE,7,7,0,WO_02482
TXN_007892,2024-11-24 01:05:00,PART_0011,ADJUSTMENT,3,30,27,
TXN_007893,2025-05-29 18:05:00,PART_0169,ISSUE,6,22,16,WO_07594
TXN_007894,2025-04-19 12:06:00,PART_0228,ISSUE,1,0,0,WO_05002
TXN_007895,2024-10-22 10:13:00,PART_0247,ISSUE,1,25,24,WO_00242
TXN_007896,2024-02-13 00:29:00,PART_0281,ISSUE,1,3,2,WO_08566
TXN_007897,2024-08-03 03:50:00,PART_0134,ISSUE,2,15,13,WO_05403
TXN_007898,2024-09-18 21:16:00,PART_0167,RECEIPT,3,14,17,
TXN_007899,2024-01-28 19:36:00,PART_0277,RECEIPT,6,0,6,
TXN_007900,2025-02-22 20:29:00,PART_0051,ISSUE,1,35,34,WO_09829
TXN_007901,2025-08-18 07:50:00,PART_0101,ADJUSTMENT,2,28,30,
TXN_007902,2024-06-15 08:54:00,PART_0246,ISSUE,8,41,33,WO_01970
TXN_007903,2025-04-09 23:45:00,PART_0231,ADJUSTMENT,2,0,2,
TXN_007904,2025-06-11 00:30:00,PART_0204,RECEIPT,5,9,14,
TXN_007905,2024-11-24 09:11:00,PART_0283,ISSUE,2,6,4,WO_05023
TXN_007906,2024-06-24 00:01:00,PART_0111,RECEIPT,6,8,14,
TXN_007907,2024-02-14 18:44:00,PART_0092,ADJUSTMENT,6,8,14,
TXN_007908,2025-07-25 21:22:00,PART_0025,RECEIPT,6,45,51,
TXN_007909,2024-03-02 13:49:00,PART_0277,ISSUE,5,6,1,WO_04947
TXN_007910,2024-04-04 19:49:00,PART_0175,RECEIPT,3,67,70,
TXN_007911,2025-06-07 14:50:00,PART_0133,RECEIPT,6,28,34,
TXN_007912,2024-09-30 23:23:00,PART_0043,ISSUE,2,30,28,WO_07655
TXN_007913,2024-08-06 00:29:00,PART_0152,RECEIPT,8,0,8,
TXN_007914,2024-10-17 05:53:00,PART_0050,ISSUE,1,0,0,WO_01745
TXN_007915,2024-01-25 13:42:00,PART_0197,RECEIPT,3,25,28,
TXN_007916,2025-08-20 09:59:00,PART_0249,ISSUE,1,18,17,WO_01856
TXN_007917,2024-12-31 17:43:00,PART_0296,ISSUE,1,24,23,WO_07864
TXN_007918,2024-08-23 13:46:00,PART_0063,ADJUSTMENT,3,13,10,
TXN_007919,2024-08-08 22:55:00,PART_0116,ISSUE,2,6,4,WO_04257
TXN_007920,2025-04-07 21:30:00,PART_0173,ISSUE,1,1,0,WO_06186
TXN_007921,2025-05-01 13:44:00,PART_0065,ISSUE,8,14,6,WO_03874
TXN_007922,2025-02-20 00:12:00,PART_0148,ISSUE,4,61,57,WO_04362
TXN_007923,2024-08-22 17:54:00,PART_0093,ISSUE,1,0,0,WO_01162
TXN_007924,2024-06-13 15:40:00,PART_0129,ISSUE,1,70,69,WO_05820
TXN_007925,2024-05-07 06:54:00,PART_0199,ISSUE,3,3,0,WO_04674
TXN_007926,2024-12-17 06:56:00,PART_0282,ISSUE,2,87,85,WO_03256
TXN_007927,2024-10-29 03:52:00,PART_0191,RECEIPT,2,5,7,
TXN_007928,2024-03-26 21:39:00,PART_0116,ISSUE,1,4,3,WO_00497
TXN_007929,2025-04-18 02:22:00,PART_0194,ISSUE,2,45,43,WO_01466
TXN_007930,2024-04-19 05:17:00,PART_0006,ISSUE,6,55,49,WO_00932
TXN_007931,2025-06-14 10:28:00,PART_0300,ISSUE,6,34,28,WO_07725
TXN_007932,2025-01-23 03:51:00,PART_0286,ISSUE,1,0,0,WO_05120
TXN_007933,2025-08-29 05:09:00,PART_0039,ISSUE,5,12,7,WO_01425
TXN_007934,2024-10-29 07:29:00,PART_0165,RECEIPT,3,30,33,
TXN_007935,2024-01-05 08:49:00,PART_0135,ISSUE,7,7,0,WO_00993
TXN_007936,2024-03-27 22:57:00,PART_0272,RECEIPT,6,58,64,
TXN_007937,2024-09-18 07:08:00,PART_0136,RECEIPT,8,11,19,
TXN_007938,2025-04-02 00:35:00,PART_0234,RECEIPT,3,14,17,
TXN_007939,2024-05-18 20:17:00,PART_0098,RECEIPT,8,19,27,
TXN_007940,2024-05-01 05:05:00,PART_0177,ISSUE,7,7,0,WO_08976
TXN_007941,2024-03-29 11:46:00,PART_0196,ISSUE,2,34,32,WO_04802
TXN_007942,2024-01-30 22:39:00,PART_0199,ISSUE,1,0,0,WO_08514
TXN_007943,2024-03-29 12:58:00,PART_0069,ISSUE,5,13,8,WO_02134
TXN_007944,2024-01-03 03:25:00,PART_0098,ISSUE,8,27,19,WO_06706
TXN_007945,2025-04-26 16:31:00,PART_0210,ISSUE,3,6,3,WO_04730
TXN_007946,2024-05-23 07:12:00,PART_0004,ISSUE,8,37,29,WO_03780
TXN_007947,2024-10-23 19:23:00,PART_0282,RECEIPT,7,85,92,
TXN_007948,2025-03-21 18:21:00,PART_0140,RECEIPT,5,0,5,
TXN_007949,2024-01-31 02:46:00,PART_0132,RECEIPT,2,8,10,
TXN_007950,2025-05-25 05:37:00,PART_0086,RECEIPT,4,18,22,
TXN_007951,2024-03-07 04:15:00,PART_0219,RECEIPT,1,18,19,
TXN_007952,2025-02-03 06:13:00,PART_0017,RECEIPT,5,42,47,
TXN_007953,2024-09-16 08:09:00,PART_0178,ADJUSTMENT,4,4,8,
TXN_007954,2024-07-02 20:50:00,PART_0014,ISSUE,1,0,0,WO_08567
TXN_007955,2024-07-13 05:03:00,PART_0032,ISSUE,1,1,0,WO_09132
TXN_007956,2025-06-26 21:59:00,PART_0172,RECEIPT,4,23,27,
TXN_007957,2024-11-16 15:06:00,PART_0255,ISSUE,1,17,16,WO_07995
TXN_007958,2025-06-25 12:00:00,PART_0166,ISSUE,2,2,0,WO_07743
TXN_007959,2024-10-14 05:27:00,PART_0149,ISSUE,1,27,26,WO_03628
TXN_007960,2024-04-26 19:38:00,PART_0190,RECEIPT,7,16,23,
TXN_007961,2025-04-28 16:47:00,PART_0215,ISSUE,5,9,4,WO_05931
TXN_007962,2025-05-07 18:58:00,PART_0296,RECEIPT,8,23,31,
TXN_007963,2025-01-16 14:41:00,PART_0119,RECEIPT,4,6,10,
TXN_007964,2024-08-07 00:24:00,PART_0008,RECEIPT,1,7,8,
TXN_007965,2024-05-26 13:18:00,PART_0214,ISSUE,6,8,2,WO_04655
TXN_007966,2024-08-17 00:15:00,PART_0100,ISSUE,7,35,28,WO_07006
TXN_007967,2024-12-14 16:34:00,PART_0169,RECEIPT,8,16,24,
TXN_007968,2025-01-26 06:23:00,PART_0004,RECEIPT,4,29,33,
TXN_007969,2025-06-28 12:20:00,PART_0077,ISSUE,8,39,31,WO_08387
TXN_007970,2025-03-31 00:56:00,PART_0028,RECEIPT,4,3,7,
TXN_007971,2024-07-09 22:09:00,PART_0220,ISSUE,8,36,28,WO_07196
TXN_007972,2024-07-15 11:57:00,PART_0129,RECEIPT,8,69,77,
TXN_007973,2024-07-05 16:08:00,PART_0010,ISSUE,3,7,4,WO_05052
TXN_007974,2024-10-25 09:40:00,PART_0226,ISSUE,3,23,20,WO_02157
TXN_007975,2024-04-15 10:29:00,PART_0021,RECEIPT,6,91,97,
TXN_007976,2025-03-27 22:42:00,PART_0080,RECEIPT,4,17,21,
TXN_007977,2024-11-09 22:41:00,PART_0185,RECEIPT,2,55,57,
TXN_007978,2024-05-02 19:01:00,PART_0183,ISSUE,8,34,26,WO_04516
TXN_007979,2025-02-14 06:01:00,PART_0131,RECEIPT,1,14,15,
TXN_007980,2024-05-17 10:52:00,PART_0002,RECEIPT,2,7,9,
TXN_007981,2025-06-05 09:01:00,PART_0089,RECEIPT,8,19,27,
TXN_007982,2024-03-12 02:07:00,PART_0263,ISSUE,8,33,25,WO_03230
TXN_007983,2024-12-10 20:53:00,PART_0071,RECEIPT,3,9,12,
TXN_007984,2025-06-08 18:37:00,PART_0062,RECEIPT,5,32,37,
TXN_007985,2025-03-27 09:25:00,PART_0047,RECEIPT,5,44,49,
TXN_007986,2024-09-01 20:53:00,PART_0230,ISSUE,1,0,0,WO_04677
TXN_007987,2024-08-25 17:04:00,PART_0243,RECEIPT,3,28,31,
TXN_007988,2024-09-26 05:33:00,PART_0263,RECEIPT,6,25,31,
TXN_007989,2025-04-05 15:29:00,PART_0270,RECEIPT,3,11,14,
TXN_007990,2024-07-19 14:40:00,PART_0294,ISSUE,1,28,27,WO_09974
TXN_007991,2024-09-28 09:42:00,PART_0276,ISSUE,3,43,40,WO_04355
TXN_007992,2025-03-03 07:11:00,PART_0028,RECEIPT,4,7,11,
TXN_007993,2024-03-13 06:05:00,PART_0199,ISSUE,1,0,0,WO_08987
TXN_007994,2025-08-20 02:48:00,PART_0230,ISSUE,1,0,0,WO_06399
TXN_007995,2024-08-29 20:56:00,PART_0221,RECEIPT,7,11,18,
TXN_007996,2024-02-07 09:07:00,PART_0039,ISSUE,7,7,0,WO_07448
TXN_007997,2025-01-04 16:20:00,PART_0042,RECEIPT,6,55,61,
TXN_007998,2025-01-23 19:06:00,PART_0244,RECEIPT,3,53,56,
TXN_007999,2024-05-01 06:49:00,PART_0289,RECEIPT,3,34,37,
TXN_008000,2025-04-30 06:00:00,PART_0250,ISSUE,4,7,3,WO_03092
TXN_008001,2024-07-11 06:10:00,PART_0232,ISSUE,7,7,0,WO_00534
TXN_008002,2025-03-12 00:29:00,PART_0013,ISSUE,1,46,45,WO_00213
TXN_008003,2025-01-27 15:44:00,PART_0092,RECEIPT,8,14,22,
TXN_008004,2024-07-24 14:26:00,PART_0188,ISSUE,1,1,0,WO_09250
TXN_008005,2024-10-27 07:10:00,PART_0032,ISSUE,1,0,0,WO_09689
TXN_008006,2024-07-08 08:26:00,PART_0005,ISSUE,3,3,0,WO_08076
TXN_008007,2024-09-08 05:11:00,PART_0264,RECEIPT,8,1,9,
TXN_008008,2025-04-11 00:37:00,PART_0119,ISSUE,6,10,4,WO_01748
TXN_008009,2025-03-23 08:36:00,PART_0292,ADJUSTMENT,5,20,25,
TXN_008010,2024-08-03 06:00:00,PART_0205,ISSUE,6,49,43,WO_02212
TXN_008011,2024-06-12 15:36:00,PART_0010,ISSUE,2,4,2,WO_02456
TXN_008012,2024-09-05 10:17:00,PART_0198,ISSUE,2,27,25,WO_09477
TXN_008013,2024-11-16 23:43:00,PART_0020,RECEIPT,3,11,14,
TXN_008014,2024-07-01 03:53:00,PART_0069,RECEIPT,1,8,9,
TXN_008015,2024-07-17 14:59:00,PART_0264,RECEIPT,4,9,13,
TXN_008016,2024-10-06 00:00:00,PART_0014,RECEIPT,3,0,3,
TXN_008017,2025-02-25 11:43:00,PART_0208,RECEIPT,8,0,8,
TXN_008018,2024-04-09 13:27:00,PART_0197,RECEIPT,7,28,35,
TXN_008019,2024-01-19 07:09:00,PART_0226,RECEIPT,4,20,24,
TXN_008020,2025-02-14 07:30:00,PART_0002,ISSUE,1,9,8,WO_06172
TXN_008021,2025-03-19 01:37:00,PART_0222,ISSUE,8,34,26,WO_03077
TXN_008022,2024-09-03 19:08:00,PART_0066,RECEIPT,2,47,49,
TXN_008023,2024-05-19 00:28:00,PART_0227,ISSUE,1,0,0,WO_01602
TXN_008024,2024-05-24 02:49:00,PART_0078,RECEIPT,5,29,34,
TXN_008025,2024-06-29 15:10:00,PART_0074,RECEIPT,3,0,3,
TXN_008026,2025-05-10 17:20:00,PART_0068,ISSUE,2,15,13,WO_01389
TXN_008027,2025-05-15 09:52:00,PART_0005,RECEIPT,2,0,2,
TXN_008028,2024-06-18 00:04:00,PART_0142,RECEIPT,1,0,1,
TXN_008029,2025-04-08 16:16:00,PART_0162,ISSUE,1,5,4,WO_00215
TXN_008030,2024-03-27 20:42:00,PART_0279,RECEIPT,7,17,24,
TXN_008031,2025-09-10 13:37:00,PART_0078,ISSUE,7,34,27,WO_08999
TXN_008032,2024-07-13 15:34:00,PART_0134,RECEIPT,2,13,15,
TXN_008033,2024-02-13 21:29:00,PART_0043,ADJUSTMENT,5,28,23,
TXN_008034,2025-02-12 17:21:00,PART_0124,ISSUE,1,0,0,WO_08096
TXN_008035,2025-05-05 15:44:00,PART_0279,RECEIPT,4,24,28,
TXN_008036,2025-02-15 20:48:00,PART_0132,ISSUE,2,10,8,WO_01525
TXN_008037,2024-09-07 21:43:00,PART_0011,RECEIPT,1,27,28,
TXN_008038,2024-08-02 02:18:00,PART_0175,RECEIPT,5,70,75,
TXN_008039,2025-05-09 18:59:00,PART_0290,RECEIPT,8,25,33,
TXN_008040,2024-09-09 21:40:00,PART_0036,ISSUE,2,2,0,WO_08921
TXN_008041,2025-05-04 12:36:00,PART_0218,ISSUE,3,7,4,WO_09925
TXN_008042,2024-01-24 12:24:00,PART_0256,ISSUE,2,34,32,WO_09447
TXN_008043,2024-07-28 22:28:00,PART_0016,ISSUE,2,14,12,WO_02107
TXN_008044,2025-05-12 00:00:00,PART_0059,ISSUE,3,28,25,WO_05351
TXN_008045,2024-12-18 20:23:00,PART_0297,ISSUE,5,34,29,WO_03367
TXN_008046,2024-01-13 19:38:00,PART_0208,ISSUE,7,8,1,WO_09957
TXN_008047,2025-07-02 16:08:00,PART_0120,ISSUE,2,2,0,WO_00962
TXN_008048,2024-06-29 07:15:00,PART_0016,ISSUE,2,12,10,WO_05390
TXN_008049,2024-03-30 04:54:00,PART_0207,ISSUE,6,16,10,WO_04194
TXN_008050,2025-01-25 02:46:00,PART_0082,ISSUE,8,30,22,WO_05939
TXN_008051,2025-07-04 22:22:00,PART_0016,ISSUE,2,10,8,WO_03218
TXN_008052,2024-07-08 04:34:00,PART_0135,ISSUE,1,0,0,WO_01568
TXN_008053,2024-10-16 20:19:00,PART_0297,ISSUE,2,29,27,WO_06751
TXN_008054,2024-05-24 11:24:00,PART_0016,ADJUSTMENT,7,8,1,
TXN_008055,2024-11-09 07:05:00,PART_0038,RECEIPT,7,36,43,
TXN_008056,2025-06-08 22:27:00,PART_0122,ISSUE,1,0,0,WO_06625
TXN_008057,2025-01-21 17:16:00,PART_0092,RECEIPT,6,22,28,
TXN_008058,2024-03-02 18:54:00,PART_0014,RECEIPT,8,3,11,
TXN_008059,2024-11-20 21:04:00,PART_0113,RECEIPT,4,57,61,
TXN_008060,2025-08-16 06:50:00,PART_0142,ISSUE,1,1,0,WO_08738
TXN_008061,2025-05-03 14:39:00,PART_0134,RECEIPT,1,15,16,
TXN_008062,2025-03-01 18:45:00,PART_0270,RECEIPT,2,14,16,
TXN_008063,2024-04-05 19:00:00,PART_0029,ISSUE,2,50,48,WO_04223
TXN_008064,2024-04-01 20:15:00,PART_0046,ISSUE,8,17,9,WO_02733
TXN_008065,2025-07-12 04:52:00,PART_0251,ISSUE,4,34,30,WO_02483
TXN_008066,2025-04-15 23:59:00,PART_0123,RECEIPT,8,19,27,
TXN_008067,2025-05-16 01:40:00,PART_0175,ISSUE,7,75,68,WO_07776
TXN_008068,2024-09-29 15:14:00,PART_0118,ISSUE,4,38,34,WO_00333
TXN_008069,2024-05-04 02:32:00,PART_0074,ADJUSTMENT,1,3,2,
TXN_008070,2024-05-25 09:28:00,PART_0031,ADJUSTMENT,2,6,8,
TXN_008071,2025-04-30 05:02:00,PART_0193,ISSUE,2,7,5,WO_01591
TXN_008072,2025-04-08 16:22:00,PART_0149,ISSUE,8,26,18,WO_08804
TXN_008073,2024-10-19 01:45:00,PART_0183,ISSUE,8,26,18,WO_08117
TXN_008074,2024-06-05 10:37:00,PART_0015,ISSUE,1,0,0,WO_09650
TXN_008075,2025-08-05 19:12:00,PART_0122,ISSUE,1,0,0,WO_02765
TXN_008076,2024-03-19 02:38:00,PART_0055,RECEIPT,4,35,39,
TXN_008077,2025-09-12 16:12:00,PART_0277,ISSUE,1,1,0,WO_02158
TXN_008078,2025-04-14 06:39:00,PART_0215,RECEIPT,4,4,8,
TXN_008079,2024-05-06 02:58:00,PART_0087,RECEIPT,6,18,24,
TXN_008080,2025-02-06 00:36:00,PART_0072,ISSUE,3,19,16,WO_00946
TXN_008081,2024-11-19 03:47:00,PART_0023,RECEIPT,2,0,2,
TXN_008082,2024-09-06 06:04:00,PART_0107,RECEIPT,6,3,9,
TXN_008083,2024-01-16 16:34:00,PART_0227,ISSUE,1,0,0,WO_08205
TXN_008084,2024-09-01 10:25:00,PART_0128,RECEIPT,2,6,8,
TXN_008085,2025-03-27 09:17:00,PART_0071,RECEIPT,5,12,17,
TXN_008086,2024-02-24 16:50:00,PART_0274,ISSUE,6,19,13,WO_05260
TXN_008087,2025-09-03 18:03:00,PART_0233,ISSUE,1,10,9,WO_09879
TXN_008088,2024-01-23 12:02:00,PART_0041,RECEIPT,5,41,46,
TXN_008089,2024-08-09 10:46:00,PART_0298,RECEIPT,3,33,36,
TXN_008090,2024-03-26 16:53:00,PART_0011,ISSUE,4,28,24,WO_05151
TXN_008091,2025-01-16 08:00:00,PART_0268,ISSUE,6,11,5,WO_02850
TXN_008092,2024-08-21 07:19:00,PART_0190,RECEIPT,4,23,27,
TXN_008093,2025-03-29 10:49:00,PART_0169,RECEIPT,7,24,31,
TXN_008094,2024-10-25 02:46:00,PART_0048,ISSUE,4,44,40,WO_08222
TXN_008095,2025-06-06 14:27:00,PART_0198,ISSUE,7,25,18,WO_03655
TXN_008096,2025-01-01 06:06:00,PART_0022,ISSUE,4,37,33,WO_00639
TXN_008097,2024-01-26 18:51:00,PART_0274,ISSUE,2,13,11,WO_01621
TXN_008098,2025-01-16 02:26:00,PART_0058,RECEIPT,2,5,7,
TXN_008099,2024-04-26 12:31:00,PART_0123,ISSUE,1,27,26,WO_02657
TXN_008100,2024-01-16 11:53:00,PART_0149,ISSUE,5,18,13,WO_04012
TXN_008101,2024-06-15 04:40:00,PART_0176,ISSUE,6,47,41,WO_08003
TXN_008102,2024-08-03 08:04:00,PART_0106,ISSUE,4,24,20,WO_08457
TXN_008103,2024-01-24 12:38:00,PART_0197,ISSUE,2,35,33,WO_07311
TXN_008104,2024-12-01 20:33:00,PART_0058,ISSUE,7,7,0,WO_06947
TXN_008105,2024-06-30 00:53:00,PART_0012,ISSUE,7,56,49,WO_02030
TXN_008106,2024-05-12 20:16:00,PART_0140,RECEIPT,7,5,12,
TXN_008107,2024-09-10 14:41:00,PART_0208,ISSUE,1,1,0,WO_09809
TXN_008108,2024-02-08 19:29:00,PART_0005,RECEIPT,4,2,6,
TXN_008109,2025-02-03 01:36:00,PART_0236,RECEIPT,6,6,12,
TXN_008110,2024-07-30 19:53:00,PART_0064,RECEIPT,2,31,33,
TXN_008111,2025-02-15 01:44:00,PART_0242,ISSUE,6,33,27,WO_00044
TXN_008112,2025-05-04 03:50:00,PART_0018,ISSUE,3,6,3,WO_08894
TXN_008113,2024-01-22 03:33:00,PART_0034,ISSUE,3,10,7,WO_00261
TXN_008114,2025-02-03 17:42:00,PART_0131,ISSUE,2,15,13,WO_03278
TXN_008115,2025-06-10 17:37:00,PART_0223,RECEIPT,3,2,5,
TXN_008116,2025-06-29 13:52:00,PART_0216,ISSUE,1,1,0,WO_01420
TXN_008117,2024-11-30 21:09:00,PART_0262,ISSUE,8,53,45,WO_01740
TXN_008118,2025-02-06 02:47:00,PART_0017,RECEIPT,8,47,55,
TXN_008119,2025-04-07 14:19:00,PART_0159,ISSUE,5,8,3,WO_05379
TXN_008120,2024-03-18 07:22:00,PART_0287,RECEIPT,1,38,39,
TXN_008121,2024-10-23 17:23:00,PART_0052,ISSUE,1,0,0,WO_06878
TXN_008122,2025-04-01 08:23:00,PART_0168,ISSUE,3,59,56,WO_07783
TXN_008123,2025-07-14 08:35:00,PART_0123,ISSUE,5,26,21,WO_04320
TXN_008124,2025-05-17 18:13:00,PART_0183,ISSUE,2,18,16,WO_02044
TXN_008125,2024-10-21 02:35:00,PART_0011,ADJUSTMENT,2,24,22,
TXN_008126,2024-05-15 01:02:00,PART_0005,ISSUE,6,6,0,WO_03051
TXN_008127,2025-01-17 03:15:00,PART_0010,RECEIPT,3,2,5,
TXN_008128,2024-07-09 17:02:00,PART_0002,RECEIPT,3,8,11,
TXN_008129,2025-02-26 11:44:00,PART_0216,RECEIPT,1,0,1,
TXN_008130,2024-03-28 09:27:00,PART_0221,RECEIPT,6,18,24,
TXN_008131,2025-02-13 08:42:00,PART_0136,RECEIPT,4,19,23,
TXN_008132,2024-02-04 09:49:00,PART_0158,RECEIPT,6,4,10,
TXN_008133,2024-08-19 21:44:00,PART_0174,RECEIPT,6,0,6,
TXN_008134,2024-09-14 10:14:00,PART_0291,ISSUE,7,81,74,WO_05175
TXN_008135,2025-09-06 13:26:00,PART_0091,ADJUSTMENT,2,28,30,
TXN_008136,2024-09-17 00:49:00,PART_0282,RECEIPT,4,92,96,
TXN_008137,2025-03-23 16:16:00,PART_0141,ADJUSTMENT,2,7,5,
TXN_008138,2024-03-13 06:34:00,PART_0138,RECEIPT,7,38,45,
TXN_008139,2024-10-09 04:01:00,PART_0065,RECEIPT,7,6,13,
TXN_008140,2025-06-27 11:27:00,PART_0131,ISSUE,1,13,12,WO_06506
TXN_008141,2025-06-19 11:43:00,PART_0215,RECEIPT,3,8,11,
TXN_008142,2024-11-19 02:50:00,PART_0213,RECEIPT,8,8,16,
TXN_008143,2024-11-01 11:40:00,PART_0221,ISSUE,8,24,16,WO_03509
TXN_008144,2024-02-05 23:05:00,PART_0075,ISSUE,5,22,17,WO_07975
TXN_008145,2024-08-01 11:48:00,PART_0023,RECEIPT,4,2,6,
TXN_008146,2025-04-06 03:44:00,PART_0087,ISSUE,3,24,21,WO_02217
TXN_008147,2024-02-12 04:46:00,PART_0280,RECEIPT,8,28,36,
TXN_008148,2024-06-22 15:36:00,PART_0010,ISSUE,5,5,0,WO_04184
TXN_008149,2024-11-29 16:39:00,PART_0152,RECEIPT,6,8,14,
TXN_008150,2024-11-20 07:25:00,PART_0190,ADJUSTMENT,1,27,26,
TXN_008151,2024-06-19 00:03:00,PART_0046,ISSUE,8,9,1,WO_00095
TXN_008152,2024-08-24 04:36:00,PART_0193,ISSUE,1,5,4,WO_01531
TXN_008153,2024-12-26 21:45:00,PART_0251,ADJUSTMENT,1,30,29,
TXN_008154,2024-03-18 09:44:00,PART_0082,RECEIPT,5,22,27,
TXN_008155,2024-02-18 16:23:00,PART_0030,ISSUE,2,19,17,WO_00546
TXN_008156,2024-04-30 10:00:00,PART_0093,ISSUE,1,0,0,WO_08361
TXN_008157,2024-02-14 15:50:00,PART_0089,RECEIPT,6,27,33,
TXN_008158,2025-07-16 23:14:00,PART_0203,ADJUSTMENT,5,1,6,
TXN_008159,2024-04-28 17:43:00,PART_0113,ADJUSTMENT,4,61,65,
TXN_008160,2025-09-12 10:01:00,PART_0207,ISSUE,4,10,6,WO_09362
TXN_008161,2024-01-13 18:37:00,PART_0059,ISSUE,4,25,21,WO_07836
TXN_008162,2024-05-14 22:49:00,PART_0015,RECEIPT,3,0,3,
TXN_008163,2024-08-20 17:43:00,PART_0094,ISSUE,1,28,27,WO_07450
TXN_008164,2025-08-15 01:42:00,PART_0257,ISSUE,7,40,33,WO_02207
TXN_008165,2025-02-15 05:01:00,PART_0054,RECEIPT,4,72,76,
TXN_008166,2024-05-26 17:17:00,PART_0069,RECEIPT,4,9,13,
TXN_008167,2024-04-13 19:10:00,PART_0017,RECEIPT,8,55,63,
TXN_008168,2025-02-22 20:16:00,PART_0035,ISSUE,5,51,46,WO_09669
TXN_008169,2025-01-24 11:26:00,PART_0182,ISSUE,2,25,23,WO_00820
TXN_008170,2024-10-21 13:02:00,PART_0233,RECEIPT,1,9,10,
TXN_008171,2024-08-31 21:14:00,PART_0046,ISSUE,1,1,0,WO_02189
TXN_008172,2025-06-30 22:23:00,PART_0120,RECEIPT,7,0,7,
TXN_008173,2024-02-01 16:44:00,PART_0025,ISSUE,6,51,45,WO_03952
TXN_008174,2024-08-26 05:21:00,PART_0244,ISSUE,2,56,54,WO_04155
TXN_008175,2025-06-29 17:53:00,PART_0074,ISSUE,1,2,1,WO_04199
TXN_008176,2025-05-20 07:18:00,PART_0220,ISSUE,3,28,25,WO_04552
TXN_008177,2025-03-31 13:23:00,PART_0153,RECEIPT,3,19,22,
TXN_008178,2024-09-16 05:36:00,PART_0009,ISSUE,6,50,44,WO_07611
TXN_008179,2024-11-07 23:10:00,PART_0052,RECEIPT,4,0,4,
TXN_008180,2025-02-17 00:52:00,PART_0190,ISSUE,4,26,22,WO_04415
TXN_008181,2024-10-23 23:07:00,PART_0159,ISSUE,3,3,0,WO_07868
TXN_008182,2024-07-10 08:52:00,PART_0050,ISSUE,1,0,0,WO_07019
TXN_008183,2024-07-19 14:21:00,PART_0184,ADJUSTMENT,3,40,43,
TXN_008184,2025-07-31 17:44:00,PART_0134,RECEIPT,2,16,18,
TXN_008185,2025-08-29 01:35:00,PART_0242,ISSUE,6,27,21,WO_06702
TXN_008186,2025-04-24 16:38:00,PART_0227,ISSUE,1,0,0,WO_04209
TXN_008187,2025-08-18 22:29:00,PART_0254,RECEIPT,4,53,57,
TXN_008188,2024-09-13 13:42:00,PART_0136,ISSUE,3,23,20,WO_09594
TXN_008189,2024-09-12 14:37:00,PART_0238,ISSUE,1,8,7,WO_07815
TXN_008190,2024-01-19 16:33:00,PART_0200,RECEIPT,8,0,8,
TXN_008191,2025-07-01 09:44:00,PART_0037,RECEIPT,4,26,30,
TXN_008192,2025-05-06 14:57:00,PART_0036,RECEIPT,7,0,7,
TXN_008193,2025-06-05 19:24:00,PART_0177,ISSUE,1,0,0,WO_06378
TXN_008194,2025-05-12 18:44:00,PART_0048,RECEIPT,4,40,44,
TXN_008195,2024-08-16 21:21:00,PART_0170,RECEIPT,2,6,8,
TXN_008196,2025-04-20 23:29:00,PART_0036,RECEIPT,4,7,11,
TXN_008197,2024-09-21 05:09:00,PART_0221,RECEIPT,4,16,20,
TXN_008198,2024-08-30 00:42:00,PART_0026,ISSUE,4,10,6,WO_08641
TXN_008199,2024-01-16 23:11:00,PART_0195,ISSUE,2,16,14,WO_02811
TXN_008200,2024-09-17 19:41:00,PART_0071,ISSUE,7,17,10,WO_05047
TXN_008201,2025-05-13 06:17:00,PART_0276,ISSUE,2,40,38,WO_05867
TXN_008202,2025-03-12 07:32:00,PART_0097,ADJUSTMENT,1,42,41,
TXN_008203,2024-12-22 17:23:00,PART_0219,ISSUE,5,19,14,WO_05502
TXN_008204,2024-01-09 06:58:00,PART_0122,ISSUE,1,0,0,WO_03083
TXN_008205,2025-04-05 11:51:00,PART_0228,ISSUE,1,0,0,WO_00159
TXN_008206,2024-07-06 21:15:00,PART_0044,ISSUE,4,57,53,WO_00720
TXN_008207,2025-05-13 14:58:00,PART_0170,ISSUE,7,8,1,WO_02916
TXN_008208,2024-01-18 15:16:00,PART_0281,ISSUE,2,2,0,WO_07866
TXN_008209,2024-06-28 18:49:00,PART_0175,ISSUE,7,68,61,WO_02288
TXN_008210,2024-11-16 08:07:00,PART_0298,ISSUE,4,36,32,WO_03288
TXN_008211,2024-11-17 04:28:00,PART_0217,RECEIPT,1,52,53,
TXN_008212,2025-01-07 19:33:00,PART_0150,ISSUE,1,0,0,WO_02684
TXN_008213,2024-06-19 17:10:00,PART_0173,ISSUE,1,0,0,WO_04094
TXN_008214,2024-06-10 15:56:00,PART_0240,RECEIPT,6,13,19,
TXN_008215,2024-01-14 03:05:00,PART_0126,ISSUE,1,0,0,WO_09955
TXN_008216,2025-03-08 02:18:00,PART_0001,RECEIPT,8,11,19,
TXN_008217,2024-11-10 02:58:00,PART_0283,RECEIPT,3,4,7,
TXN_008218,2025-01-25 11:14:00,PART_0187,ISSUE,6,63,57,WO_04204
TXN_008219,2024-02-15 21:59:00,PART_0238,RECEIPT,6,7,13,
TXN_008220,2025-05-31 17:04:00,PART_0246,ISSUE,7,33,26,WO_04732
TXN_008221,2024-09-25 21:03:00,PART_0091,ISSUE,3,30,27,WO_05855
TXN_008222,2025-02-08 04:31:00,PART_0103,ISSUE,6,31,25,WO_03034
TXN_008223,2024-12-27 02:54:00,PART_0183,RECEIPT,1,16,17,
TXN_008224,2024-06-16 11:07:00,PART_0122,RECEIPT,5,0,5,
TXN_008225,2024-01-14 09:36:00,PART_0296,RECEIPT,5,31,36,
TXN_008226,2024-05-07 04:45:00,PART_0072,ISSUE,7,16,9,WO_05373
TXN_008227,2025-06-14 03:02:00,PART_0170,RECEIPT,5,1,6,
TXN_008228,2024-10-03 12:48:00,PART_0003,ISSUE,1,4,3,WO_01268
TXN_008229,2025-05-05 21:50:00,PART_0187,ISSUE,8,57,49,WO_00345
TXN_008230,2025-01-05 11:06:00,PART_0171,ADJUSTMENT,6,22,16,
TXN_008231,2024-06-02 20:52:00,PART_0135,RECEIPT,5,0,5,
TXN_008232,2025-01-05 15:10:00,PART_0209,ISSUE,5,6,1,WO_04719
TXN_008233,2024-04-23 15:25:00,PART_0017,ISSUE,5,63,58,WO_03241
TXN_008234,2025-01-22 17:19:00,PART_0256,RECEIPT,7,32,39,
TXN_008235,2024-01-28 21:17:00,PART_0099,RECEIPT,3,37,40,
TXN_008236,2024-06-04 16:39:00,PART_0014,ISSUE,1,11,10,WO_04392
TXN_008237,2025-06-07 13:18:00,PART_0117,ISSUE,1,0,0,WO_06230
TXN_008238,2024-07-19 11:50:00,PART_0047,RECEIPT,8,49,57,
TXN_008239,2024-09-27 06:59:00,PART_0146,ISSUE,3,3,0,WO_00388
TXN_008240,2024-10-30 00:55:00,PART_0254,RECEIPT,4,57,61,
TXN_008241,2025-05-21 00:41:00,PART_0240,ISSUE,6,19,13,WO_06901
TXN_008242,2025-01-17 09:30:00,PART_0273,ISSUE,5,29,24,WO_09729
TXN_008243,2024-05-08 04:37:00,PART_0020,RECEIPT,5,14,19,
TXN_008244,2024-08-01 10:38:00,PART_0150,RECEIPT,2,0,2,
TXN_008245,2024-04-14 12:58:00,PART_0071,ISSUE,4,10,6,WO_01290
TXN_008246,2025-08-31 11:23:00,PART_0082,ADJUSTMENT,4,27,23,
TXN_008247,2024-08-08 04:31:00,PART_0286,RECEIPT,5,0,5,
TXN_008248,2024-10-13 16:43:00,PART_0167,RECEIPT,5,17,22,
TXN_008249,2025-02-17 17:25:00,PART_0097,ISSUE,8,41,33,WO_06731
TXN_008250,2025-05-09 22:20:00,PART_0287,ISSUE,5,39,34,WO_05883
TXN_008251,2024-11-03 11:17:00,PART_0188,RECEIPT,5,0,5,
TXN_008252,2025-08-27 04:32:00,PART_0206,ISSUE,5,41,36,WO_08123
TXN_008253,2024-11-19 09:43:00,PART_0118,ISSUE,4,34,30,WO_07243
TXN_008254,2025-08-06 21:13:00,PART_0282,ISSUE,6,96,90,WO_03112
TXN_008255,2024-07-22 15:51:00,PART_0262,RECEIPT,8,45,53,
TXN_008256,2024-08-06 05:26:00,PART_0283,RECEIPT,7,7,14,
TXN_008257,2024-01-03 11:15:00,PART_0004,RECEIPT,1,33,34,
TXN_008258,2025-07-25 18:17:00,PART_0187,ISSUE,7,49,42,WO_00789
TXN_008259,2025-01-21 02:04:00,PART_0144,ISSUE,4,15,11,WO_05615
TXN_008260,2024-06-01 09:54:00,PART_0196,ISSUE,6,32,26,WO_08939
TXN_008261,2024-10-02 02:08:00,PART_0281,ISSUE,1,0,0,WO_06104
TXN_008262,2025-06-08 04:31:00,PART_0231,ISSUE,2,2,0,WO_07443
TXN_008263,2025-08-22 05:53:00,PART_0290,ISSUE,2,33,31,WO_09474
TXN_008264,2024-02-24 12:37:00,PART_0076,RECEIPT,3,27,30,
TXN_008265,2024-12-10 07:34:00,PART_0149,ISSUE,4,13,9,WO_01559
TXN_008266,2024-03-04 21:26:00,PART_0098,RECEIPT,7,19,26,
TXN_008267,2024-05-05 04:44:00,PART_0222,ADJUSTMENT,6,26,32,
TXN_008268,2025-05-27 10:36:00,PART_0240,RECEIPT,5,13,18,
TXN_008269,2025-08-20 03:10:00,PART_0045,RECEIPT,3,3,6,
TXN_008270,2025-07-24 18:21:00,PART_0138,RECEIPT,8,45,53,
TXN_008271,2024-07-01 12:00:00,PART_0236,RECEIPT,3,12,15,
TXN_008272,2025-05-06 19:40:00,PART_0217,ISSUE,1,53,52,WO_08062
TXN_008273,2024-10-22 06:30:00,PART_0055,ISSUE,1,39,38,WO_00166
TXN_008274,2025-06-09 09:18:00,PART_0218,ISSUE,4,4,0,WO_09341
TXN_008275,2025-03-13 19:49:00,PART_0005,ISSUE,1,0,0,WO_05184
TXN_008276,2024-12-18 12:58:00,PART_0019,ISSUE,1,0,0,WO_01310
TXN_008277,2024-11-09 20:46:00,PART_0272,RECEIPT,1,64,65,
TXN_008278,2024-11-24 09:31:00,PART_0237,ISSUE,4,37,33,WO_01254
TXN_008279,2024-04-01 20:08:00,PART_0169,RECEIPT,7,31,38,
TXN_008280,2025-08-13 01:04:00,PART_0201,ISSUE,2,25,23,WO_04034
TXN_008281,2024-10-16 08:43:00,PART_0239,ISSUE,8,66,58,WO_05605
TXN_008282,2024-10-17 20:33:00,PART_0213,ISSUE,7,16,9,WO_05275
TXN_008283,2024-05-04 03:10:00,PART_0221,RECEIPT,6,20,26,
TXN_008284,2024-12-02 18:05:00,PART_0213,RECEIPT,1,9,10,
TXN_008285,2025-02-13 18:59:00,PART_0093,RECEIPT,5,0,5,
TXN_008286,2024-05-03 03:20:00,PART_0102,RECEIPT,4,37,41,
TXN_008287,2024-12-22 18:51:00,PART_0176,ISSUE,4,41,37,WO_06694
TXN_008288,2024-10-04 19:45:00,PART_0285,ADJUSTMENT,3,37,34,
TXN_008289,2024-09-01 12:06:00,PART_0212,ISSUE,1,0,0,WO_08673
TXN_008290,2025-04-17 12:16:00,PART_0116,ISSUE,1,3,2,WO_02177
TXN_008291,2024-01-02 03:04:00,PART_0074,ISSUE,1,1,0,WO_03089
TXN_008292,2024-08-13 15:28:00,PART_0016,RECEIPT,2,1,3,
TXN_008293,2025-05-18 10:06:00,PART_0184,RECEIPT,8,43,51,
TXN_008294,2024-12-24 01:46:00,PART_0164,ISSUE,1,1,0,WO_04765
TXN_008295,2024-08-09 05:54:00,PART_0093,RECEIPT,5,5,10,
TXN_008296,2024-06-14 11:20:00,PART_0198,RECEIPT,6,18,24,
TXN_008297,2024-01-30 09:42:00,PART_0058,ISSUE,1,0,0,WO_06223
TXN_008298,2024-09-06 11:05:00,PART_0102,RECEIPT,5,41,46,
TXN_008299,2025-02-09 23:07:00,PART_0277,ISSUE,1,0,0,WO_06659
TXN_008300,2025-08-04 07:31:00,PART_0292,RECEIPT,3,25,28,
TXN_008301,2024-07-14 22:46:00,PART_0286,RECEIPT,5,5,10,
TXN_008302,2025-06-14 16:42:00,PART_0165,RECEIPT,5,33,38,
TXN_008303,2024-10-10 18:26:00,PART_0132,ADJUSTMENT,7,8,1,
TXN_008304,2025-02-11 07:17:00,PART_0291,RECEIPT,1,74,75,
TXN_008305,2025-08-29 11:50:00,PART_0223,ISSUE,5,5,0,WO_00507
TXN_008306,2024-08-04 18:15:00,PART_0174,ISSUE,4,6,2,WO_04336
TXN_008307,2025-09-11 17:32:00,PART_0243,ISSUE,1,31,30,WO_08066
TXN_008308,2025-06-18 19:04:00,PART_0057,ISSUE,3,6,3,WO_00420
TXN_008309,2025-07-14 18:57:00,PART_0247,RECEIPT,2,24,26,
TXN_008310,2025-08-07 05:57:00,PART_0118,ISSUE,1,30,29,WO_01370
TXN_008311,2024-06-09 19:51:00,PART_0123,RECEIPT,6,21,27,
TXN_008312,2025-01-12 23:30:00,PART_0282,ISSUE,1,90,89,WO_01279
TXN_008313,2024-05-05 04:19:00,PART_0216,ISSUE,1,1,0,WO_08743
TXN_008314,2024-11-30 12:45:00,PART_0150,RECEIPT,2,2,4,
TXN_008315,2025-07-21 19:07:00,PART_0005,ISSUE,1,0,0,WO_03206
TXN_008316,2025-06-04 00:00:00,PART_0169,RECEIPT,5,38,43,
TXN_008317,2024-11-08 21:22:00,PART_0114,RECEIPT,5,21,26,
TXN_008318,2025-08-25 04:25:00,PART_0152,ADJUSTMENT,7,14,7,
TXN_008319,2024-05-07 01:14:00,PART_0165,ISSUE,7,38,31,WO_03202
TXN_008320,2024-09-03 04:13:00,PART_0194,ISSUE,8,43,35,WO_09410
TXN_008321,2025-03-30 06:51:00,PART_0077,ISSUE,6,31,25,WO_01063
TXN_008322,2024-08-03 04:20:00,PART_0245,RECEIPT,8,15,23,
TXN_008323,2025-08-30 03:19:00,PART_0055,RECEIPT,1,38,39,
TXN_008324,2024-01-03 12:44:00,PART_0246,ADJUSTMENT,6,26,32,
TXN_008325,2024-07-30 01:39:00,PART_0248,ISSUE,4,34,30,WO_02981
TXN_008326,2024-05-31 08:20:00,PART_0069,RECEIPT,1,13,14,
TXN_008327,2024-05-03 02:36:00,PART_0089,RECEIPT,1,33,34,
TXN_008328,2025-05-14 08:57:00,PART_0196,ISSUE,6,26,20,WO_08674
TXN_008329,2025-01-14 05:22:00,PART_0022,RECEIPT,4,33,37,
TXN_008330,2025-01-26 19:04:00,PART_0245,ISSUE,7,23,16,WO_07783
TXN_008331,2025-08-07 04:29:00,PART_0214,ISSUE,2,2,0,WO_07083
TXN_008332,2024-06-27 12:51:00,PART_0073,RECEIPT,1,50,51,
TXN_008333,2025-08-25 20:11:00,PART_0026,ISSUE,4,6,2,WO_02550
TXN_008334,2024-04-27 11:23:00,PART_0124,ADJUSTMENT,5,0,5,
TXN_008335,2024-05-10 00:45:00,PART_0183,RECEIPT,4,17,21,
TXN_008336,2024-11-11 16:13:00,PART_0038,ISSUE,1,43,42,WO_08396
TXN_008337,2024-10-30 11:41:00,PART_0110,RECEIPT,3,0,3,
TXN_008338,2024-07-21 19:52:00,PART_0264,RECEIPT,5,13,18,
TXN_008339,2025-06-19 23:34:00,PART_0089,ISSUE,4,34,30,WO_06427
TXN_008340,2025-07-26 00:26:00,PART_0287,ADJUSTMENT,7,34,41,
TXN_008341,2025-01-15 15:13:00,PART_0073,RECEIPT,8,51,59,
TXN_008342,2024-06-05 16:00:00,PART_0161,ISSUE,5,13,8,WO_00732
TXN_008343,2025-07-31 23:13:00,PART_0199,ISSUE,1,0,0,WO_01067
TXN_008344,2024-05-12 14:23:00,PART_0171,RECEIPT,8,16,24,
TXN_008345,2025-08-15 14:27:00,PART_0200,ISSUE,1,8,7,WO_00623
TXN_008346,2024-09-30 03:30:00,PART_0276,ISSUE,3,38,35,WO_08073
TXN_008347,2024-09-28 07:35:00,PART_0271,RECEIPT,4,5,9,
TXN_008348,2024-09-13 08:48:00,PART_0168,ISSUE,1,56,55,WO_02297
TXN_008349,2024-09-09 03:36:00,PART_0270,ISSUE,3,16,13,WO_02371
TXN_008350,2025-02-10 05:29:00,PART_0186,RECEIPT,8,2,10,
TXN_008351,2025-01-01 05:43:00,PART_0214,ISSUE,1,0,0,WO_09625
TXN_008352,2024-04-19 16:45:00,PART_0198,ISSUE,2,24,22,WO_07890
TXN_008353,2024-02-29 01:36:00,PART_0258,RECEIPT,4,0,4,
TXN_008354,2025-08-24 14:09:00,PART_0058,ISSUE,1,0,0,WO_09566
TXN_008355,2024-01-27 20:32:00,PART_0259,ISSUE,1,0,0,WO_03073
TXN_008356,2025-01-30 06:03:00,PART_0187,RECEIPT,4,42,46,
TXN_008357,2025-02-07 21:12:00,PART_0128,ISSUE,5,8,3,WO_07897
TXN_008358,2024-11-08 17:01:00,PART_0176,RECEIPT,1,37,38,
TXN_008359,2025-05-08 03:33:00,PART_0216,ISSUE,1,0,0,WO_05026
TXN_008360,2024-01-01 04:25:00,PART_0025,RECEIPT,7,45,52,
TXN_008361,2024-11-09 16:56:00,PART_0183,RECEIPT,2,21,23,
TXN_008362,2025-09-14 19:50:00,PART_0119,ISSUE,1,4,3,WO_08752
TXN_008363,2025-06-29 09:15:00,PART_0067,ISSUE,7,29,22,WO_03741
TXN_008364,2025-05-01 22:36:00,PART_0236,ISSUE,7,15,8,WO_02035
TXN_008365,2025-08-04 15:12:00,PART_0074,RECEIPT,4,0,4,
TXN_008366,2024-03-27 11:46:00,PART_0070,ADJUSTMENT,1,23,22,
TXN_008367,2024-07-19 19:46:00,PART_0247,RECEIPT,5,26,31,
TXN_008368,2024-11-18 04:09:00,PART_0144,ISSUE,1,11,10,WO_08875
TXN_008369,2025-02-01 21:23:00,PART_0054,ISSUE,7,76,69,WO_06891
TXN_008370,2025-08-25 22:10:00,PART_0123,RECEIPT,3,27,30,
TXN_008371,2024-11-15 22:18:00,PART_0039,ISSUE,1,0,0,WO_00755
TXN_008372,2024-09-07 13:28:00,PART_0080,RECEIPT,5,21,26,
TXN_008373,2024-03-22 14:48:00,PART_0159,ISSUE,1,0,0,WO_07954
TXN_008374,2025-08-02 23:29:00,PART_0282,ISSUE,3,89,86,WO_00043
TXN_008375,2024-02-28 00:09:00,PART_0274,ISSUE,1,11,10,WO_09054
TXN_008376,2024-11-30 10:03:00,PART_0063,ISSUE,8,10,2,WO_06370
TXN_008377,2024-07-14 06:05:00,PART_0232,ISSUE,1,0,0,WO_01815
TXN_008378,2024-11-10 02:09:00,PART_0180,RECEIPT,3,0,3,
TXN_008379,2025-03-13 11:45:00,PART_0256,RECEIPT,2,39,41,
TXN_008380,2024-01-06 06:13:00,PART_0070,ISSUE,8,22,14,WO_04218
TXN_008381,2025-06-19 13:42:00,PART_0154,RECEIPT,4,17,21,
TXN_008382,2025-05-28 22:04:00,PART_0096,ISSUE,7,73,66,WO_09559
TXN_008383,2025-01-24 14:20:00,PART_0076,ISSUE,4,30,26,WO_07859
TXN_008384,2025-03-19 11:44:00,PART_0032,ISSUE,1,0,0,WO_08810
TXN_008385,2025-05-29 00:35:00,PART_0289,ISSUE,1,37,36,WO_05900
TXN_008386,2024-03-28 23:20:00,PART_0004,ISSUE,1,34,33,WO_08403
TXN_008387,2024-07-10 04:41:00,PART_0126,RECEIPT,4,0,4,
TXN_008388,2024-07-05 21:29:00,PART_0201,ISSUE,7,23,16,WO_02204
TXN_008389,2025-03-05 04:46:00,PART_0053,ISSUE,2,11,9,WO_02978
TXN_008390,2024-04-07 19:23:00,PART_0168,ISSUE,5,55,50,WO_06274
TXN_008391,2024-06-16 15:26:00,PART_0278,ISSUE,1,0,0,WO_05896
TXN_008392,2024-07-19 08:40:00,PART_0024,RECEIPT,5,1,6,
TXN_008393,2025-01-14 18:18:00,PART_0128,ISSUE,3,3,0,WO_05916
TXN_008394,2024-11-01 03:29:00,PART_0041,RECEIPT,4,46,50,
TXN_008395,2025-02-27 19:37:00,PART_0212,RECEIPT,1,0,1,
TXN_008396,2024-05-17 09:56:00,PART_0295,ISSUE,7,31,24,WO_05962
TXN_008397,2024-06-14 12:08:00,PART_0053,RECEIPT,5,9,14,
TXN_008398,2024-03-09 09:58:00,PART_0214,ISSUE,1,0,0,WO_08144
TXN_008399,2024-10-10 15:33:00,PART_0027,RECEIPT,3,24,27,
TXN_008400,2025-02-20 00:49:00,PART_0210,ISSUE,3,3,0,WO_01839
TXN_008401,2024-01-29 03:39:00,PART_0077,RECEIPT,4,25,29,
TXN_008402,2024-02-19 14:00:00,PART_0090,RECEIPT,4,16,20,
TXN_008403,2024-01-19 09:59:00,PART_0052,ISSUE,4,4,0,WO_07981
TXN_008404,2025-04-26 16:58:00,PART_0198,ADJUSTMENT,8,22,30,
TXN_008405,2025-03-04 12:32:00,PART_0043,ISSUE,1,23,22,WO_02077
TXN_008406,2025-05-29 04:27:00,PART_0146,RECEIPT,8,0,8,
TXN_008407,2024-02-04 10:03:00,PART_0119,RECEIPT,2,3,5,
TXN_008408,2024-06-26 12:31:00,PART_0224,ISSUE,7,26,19,WO_09200
TXN_008409,2024-12-02 01:15:00,PART_0201,ISSUE,7,16,9,WO_04878
TXN_008410,2024-06-18 04:09:00,PART_0183,ISSUE,2,23,21,WO_02468
TXN_008411,2025-06-17 10:55:00,PART_0023,RECEIPT,4,6,10,
TXN_008412,2024-09-27 07:08:00,PART_0071,RECEIPT,4,6,10,
TXN_008413,2025-06-08 14:51:00,PART_0114,ISSUE,3,26,23,WO_07792
TXN_008414,2024-03-19 15:29:00,PART_0214,RECEIPT,4,0,4,
TXN_008415,2025-05-24 20:29:00,PART_0019,RECEIPT,1,0,1,
TXN_008416,2024-01-30 14:10:00,PART_0113,RECEIPT,8,65,73,
TXN_008417,2024-04-04 09:07:00,PART_0103,ISSUE,3,25,22,WO_05633
TXN_008418,2024-08-19 12:25:00,PART_0126,RECEIPT,3,4,7,
TXN_008419,2025-08-24 20:22:00,PART_0264,RECEIPT,5,18,23,
TXN_008420,2025-07-27 12:13:00,PART_0094,ISSUE,7,27,20,WO_03798
TXN_008421,2024-02-10 01:46:00,PART_0226,ADJUSTMENT,2,24,22,
TXN_008422,2024-01-21 09:13:00,PART_0076,RECEIPT,6,26,32,
TXN_008423,2024-07-24 02:22:00,PART_0225,RECEIPT,8,20,28,
TXN_008424,2025-01-27 01:15:00,PART_0129,ISSUE,7,77,70,WO_07253
TXN_008425,2024-11-25 03:07:00,PART_0050,ISSUE,1,0,0,WO_00865
TXN_008426,2024-08-20 06:46:00,PART_0055,RECEIPT,4,39,43,
TXN_008427,2024-05-23 20:13:00,PART_0290,ISSUE,8,31,23,WO_06982
TXN_008428,2025-04-24 15:05:00,PART_0125,ISSUE,8,18,10,WO_03592
TXN_008429,2024-10-15 07:31:00,PART_0139,RECEIPT,1,14,15,
TXN_008430,2025-05-07 01:44:00,PART_0136,RECEIPT,1,20,21,
TXN_008431,2024-07-10 03:59:00,PART_0108,ISSUE,5,18,13,WO_02811
TXN_008432,2025-06-04 21:28:00,PART_0103,ISSUE,4,22,18,WO_05330
TXN_008433,2025-07-14 09:17:00,PART_0039,ADJUSTMENT,5,0,0,
TXN_008434,2025-03-10 00:25:00,PART_0229,RECEIPT,3,8,11,
TXN_008435,2025-05-31 14:03:00,PART_0043,ISSUE,1,22,21,WO_01980
TXN_008436,2024-11-05 05:50:00,PART_0019,ISSUE,1,1,0,WO_04432
TXN_008437,2024-01-22 22:25:00,PART_0099,ISSUE,7,40,33,WO_02607
TXN_008438,2024-09-30 14:43:00,PART_0261,ISSUE,5,57,52,WO_03797
TXN_008439,2024-06-22 07:28:00,PART_0038,RECEIPT,1,42,43,
TXN_008440,2025-03-24 19:31:00,PART_0238,RECEIPT,3,13,16,
TXN_008441,2024-04-28 13:08:00,PART_0019,RECEIPT,6,0,6,
TXN_008442,2025-07-18 06:40:00,PART_0143,ISSUE,7,44,37,WO_07912
TXN_008443,2024-11-20 10:09:00,PART_0272,RECEIPT,3,65,68,
TXN_008444,2024-09-09 02:51:00,PART_0039,ISSUE,1,0,0,WO_03667
TXN_008445,2025-07-10 01:44:00,PART_0258,ADJUSTMENT,1,4,3,
TXN_008446,2025-07-31 15:40:00,PART_0004,RECEIPT,7,33,40,
TXN_008447,2024-01-23 14:57:00,PART_0093,RECEIPT,6,10,16,
TXN_008448,2025-03-02 20:22:00,PART_0026,ISSUE,1,2,1,WO_05113
TXN_008449,2025-08-02 21:57:00,PART_0252,ISSUE,1,0,0,WO_01684
TXN_008450,2024-11-21 00:59:00,PART_0298,RECEIPT,1,32,33,
TXN_008451,2025-04-25 00:05:00,PART_0154,RECEIPT,8,21,29,
TXN_008452,2024-03-15 05:20:00,PART_0297,RECEIPT,3,27,30,
TXN_008453,2025-08-03 20:10:00,PART_0270,ISSUE,7,13,6,WO_07764
TXN_008454,2025-05-26 22:24:00,PART_0002,RECEIPT,4,11,15,
TXN_008455,2025-04-10 21:24:00,PART_0069,ISSUE,3,14,11,WO_01227
TXN_008456,2025-07-12 05:02:00,PART_0222,ISSUE,8,32,24,WO_06590
TXN_008457,2024-03-31 09:37:00,PART_0257,ISSUE,1,33,32,WO_01363
TXN_008458,2024-08-24 07:59:00,PART_0293,RECEIPT,8,10,18,
TXN_008459,2025-08-20 11:00:00,PART_0241,ISSUE,8,37,29,WO_00977
TXN_008460,2025-06-17 11:50:00,PART_0002,ISSUE,2,15,13,WO_09737
TXN_008461,2025-03-27 16:00:00,PART_0100,RECEIPT,8,28,36,
TXN_008462,2025-05-30 02:32:00,PART_0172,ISSUE,3,27,24,WO_06410
TXN_008463,2025-06-19 17:01:00,PART_0110,ISSUE,3,3,0,WO_08585
TXN_008464,2025-08-24 23:36:00,PART_0297,ADJUSTMENT,8,30,22,
TXN_008465,2024-10-27 01:29:00,PART_0298,ISSUE,1,33,32,WO_06735
TXN_008466,2025-02-06 22:47:00,PART_0185,RECEIPT,2,57,59,
TXN_008467,2025-09-05 12:07:00,PART_0021,ISSUE,1,97,96,WO_07578
TXN_008468,2024-08-31 12:45:00,PART_0031,ISSUE,8,8,0,WO_04833
TXN_008469,2025-07-02 07:28:00,PART_0100,RECEIPT,6,36,42,
TXN_008470,2024-10-16 21:34:00,PART_0092,ADJUSTMENT,2,28,30,
TXN_008471,2024-02-05 14:12:00,PART_0106,ISSUE,5,20,15,WO_01375
TXN_008472,2024-08-07 05:34:00,PART_0020,ISSUE,6,19,13,WO_04796
TXN_008473,2024-09-20 08:08:00,PART_0046,RECEIPT,4,0,4,
TXN_008474,2025-06-19 08:11:00,PART_0016,RECEIPT,3,3,6,
TXN_008475,2024-11-27 18:03:00,PART_0029,RECEIPT,4,48,52,
TXN_008476,2024-06-14 09:02:00,PART_0119,ISSUE,4,5,1,WO_04681
TXN_008477,2024-09-25 01:54:00,PART_0284,RECEIPT,1,0,1,
TXN_008478,2025-04-01 12:57:00,PART_0126,ISSUE,3,7,4,WO_01044
TXN_008479,2025-01-15 23:13:00,PART_0148,ISSUE,6,57,51,WO_00125
TXN_008480,2025-02-11 02:05:00,PART_0156,ISSUE,1,0,0,WO_02218
TXN_008481,2025-07-18 15:19:00,PART_0039,RECEIPT,1,0,1,
TXN_008482,2024-01-25 06:52:00,PART_0045,ISSUE,6,6,0,WO_01688
TXN_008483,2025-05-29 09:02:00,PART_0235,ISSUE,1,43,42,WO_09816
TXN_008484,2024-08-04 05:39:00,PART_0080,ISSUE,1,26,25,WO_09467
TXN_008485,2025-04-08 17:25:00,PART_0198,ISSUE,2,30,28,WO_08375
TXN_008486,2025-03-04 06:01:00,PART_0090,ISSUE,1,20,19,WO_07902
TXN_008487,2025-04-03 09:38:00,PART_0058,RECEIPT,7,0,7,
TXN_008488,2025-06-30 05:05:00,PART_0005,ISSUE,1,0,0,WO_03305
TXN_008489,2025-05-21 06:04:00,PART_0003,ISSUE,3,3,0,WO_01977
TXN_008490,2025-01-18 14:47:00,PART_0246,RECEIPT,3,32,35,
TXN_008491,2024-01-15 04:21:00,PART_0205,RECEIPT,5,43,48,
TXN_008492,2024-12-31 20:10:00,PART_0229,RECEIPT,6,11,17,
TXN_008493,2024-12-18 18:30:00,PART_0187,RECEIPT,4,46,50,
TXN_008494,2024-03-15 10:01:00,PART_0076,RECEIPT,3,32,35,
TXN_008495,2025-04-02 09:34:00,PART_0266,RECEIPT,2,35,37,
TXN_008496,2025-04-29 05:20:00,PART_0104,RECEIPT,7,7,14,
TXN_008497,2025-06-07 14:20:00,PART_0236,ISSUE,6,8,2,WO_08602
TXN_008498,2024-05-05 09:01:00,PART_0057,RECEIPT,4,3,7,
TXN_008499,2024-02-12 21:03:00,PART_0235,ISSUE,6,42,36,WO_07812
TXN_008500,2025-01-07 06:14:00,PART_0258,RECEIPT,7,3,10,
TXN_008501,2024-05-04 22:27:00,PART_0181,RECEIPT,8,30,38,
TXN_008502,2025-05-14 06:32:00,PART_0230,RECEIPT,7,0,7,
TXN_008503,2025-01-27 02:43:00,PART_0266,RECEIPT,5,37,42,
TXN_008504,2024-06-24 13:24:00,PART_0039,ISSUE,1,1,0,WO_02874
TXN_008505,2025-05-12 08:15:00,PART_0290,RECEIPT,5,23,28,
TXN_008506,2025-07-20 07:57:00,PART_0252,ADJUSTMENT,6,0,6,
TXN_008507,2024-04-18 11:08:00,PART_0264,RECEIPT,8,23,31,
TXN_008508,2024-11-16 06:55:00,PART_0090,ISSUE,1,19,18,WO_04880
TXN_008509,2024-09-01 18:34:00,PART_0205,ISSUE,1,48,47,WO_01410
TXN_008510,2025-07-02 19:32:00,PART_0250,ISSUE,2,3,1,WO_00422
TXN_008511,2024-04-07 08:35:00,PART_0247,RECEIPT,3,31,34,
TXN_008512,2024-04-12 20:42:00,PART_0293,ISSUE,4,18,14,WO_02263
TXN_008513,2024-10-13 07:03:00,PART_0034,ISSUE,4,7,3,WO_05058
TXN_008514,2024-07-28 08:03:00,PART_0082,ISSUE,1,23,22,WO_04465
TXN_008515,2025-03-25 03:17:00,PART_0055,ISSUE,7,43,36,WO_03846
TXN_008516,2024-01-24 14:25:00,PART_0133,ISSUE,6,34,28,WO_00938
TXN_008517,2024-08-17 21:19:00,PART_0054,RECEIPT,5,69,74,
TXN_008518,2025-07-01 16:20:00,PART_0263,RECEIPT,7,31,38,
TXN_008519,2024-02-05 16:26:00,PART_0106,ISSUE,4,15,11,WO_08127
TXN_008520,2024-09-20 21:21:00,PART_0152,RECEIPT,2,7,9,
TXN_008521,2024-12-06 09:54:00,PART_0123,ISSUE,8,30,22,WO_08671
TXN_008522,2024-08-23 21:07:00,PART_0218,RECEIPT,2,0,2,
TXN_008523,2025-06-12 19:12:00,PART_0252,ISSUE,6,6,0,WO_02875
TXN_008524,2024-07-17 18:21:00,PART_0004,RECEIPT,8,40,48,
TXN_008525,2024-07-20 21:03:00,PART_0061,RECEIPT,2,12,14,
TXN_008526,2024-07-09 07:48:00,PART_0041,RECEIPT,5,50,55,
TXN_008527,2024-10-30 17:21:00,PART_0188,ISSUE,4,5,1,WO_06081
TXN_008528,2024-10-14 16:45:00,PART_0246,ISSUE,7,35,28,WO_03407
TXN_008529,2025-04-26 05:26:00,PART_0216,RECEIPT,7,0,7,
TXN_008530,2025-03-10 10:40:00,PART_0289,ISSUE,5,36,31,WO_03493
TXN_008531,2024-11-21 11:01:00,PART_0063,ISSUE,2,2,0,WO_00149
TXN_008532,2024-03-16 07:53:00,PART_0036,ISSUE,7,11,4,WO_02795
TXN_008533,2024-09-27 06:47:00,PART_0081,ISSUE,1,1,0,WO_09439
TXN_008534,2025-05-08 10:12:00,PART_0123,ISSUE,2,22,20,WO_00509
TXN_008535,2025-04-16 11:19:00,PART_0252,RECEIPT,6,0,6,
TXN_008536,2024-04-15 06:07:00,PART_0188,RECEIPT,5,1,6,
TXN_008537,2024-05-31 22:15:00,PART_0067,ADJUSTMENT,4,22,18,
TXN_008538,2024-07-05 13:07:00,PART_0239,ISSUE,3,58,55,WO_01506
TXN_008539,2024-07-27 16:57:00,PART_0086,ISSUE,7,22,15,WO_04904
TXN_008540,2024-06-02 13:55:00,PART_0096,RECEIPT,4,66,70,
TXN_008541,2024-12-14 19:09:00,PART_0152,ISSUE,4,9,5,WO_00589
TXN_008542,2024-06-08 16:16:00,PART_0136,ISSUE,7,21,14,WO_02629
TXN_008543,2025-03-01 10:20:00,PART_0131,RECEIPT,2,12,14,
TXN_008544,2024-10-24 10:46:00,PART_0130,ISSUE,2,2,0,WO_02764
TXN_008545,2025-05-19 09:57:00,PART_0222,ISSUE,8,24,16,WO_08461
TXN_008546,2025-06-15 13:49:00,PART_0107,RECEIPT,5,9,14,
TXN_008547,2025-05-03 09:52:00,PART_0070,ISSUE,5,14,9,WO_05115
TXN_008548,2025-08-23 18:33:00,PART_0057,ISSUE,7,7,0,WO_00907
TXN_008549,2025-05-06 04:01:00,PART_0020,RECEIPT,2,13,15,
TXN_008550,2025-03-19 19:19:00,PART_0192,ISSUE,5,36,31,WO_06237
TXN_008551,2024-05-16 20:06:00,PART_0054,ISSUE,3,74,71,WO_08240
TXN_008552,2025-01-04 19:43:00,PART_0287,RECEIPT,5,41,46,
TXN_008553,2025-03-22 02:46:00,PART_0267,RECEIPT,3,39,42,
TXN_008554,2024-03-19 05:55:00,PART_0133,RECEIPT,1,28,29,
TXN_008555,2025-07-10 15:54:00,PART_0070,RECEIPT,2,9,11,
TXN_008556,2025-02-05 20:08:00,PART_0238,RECEIPT,7,16,23,
TXN_008557,2024-12-25 04:40:00,PART_0070,RECEIPT,3,11,14,
TXN_008558,2025-08-10 13:10:00,PART_0193,RECEIPT,3,4,7,
TXN_008559,2024-02-03 13:39:00,PART_0259,RECEIPT,1,0,1,
TXN_008560,2025-03-07 21:20:00,PART_0132,ISSUE,1,1,0,WO_03525
TXN_008561,2025-09-11 18:27:00,PART_0240,RECEIPT,7,18,25,
TXN_008562,2025-04-25 08:34:00,PART_0028,RECEIPT,5,11,16,
TXN_008563,2024-03-19 23:27:00,PART_0065,RECEIPT,3,13,16,
TXN_008564,2024-09-04 23:28:00,PART_0095,RECEIPT,1,54,55,
TXN_008565,2024-02-13 01:53:00,PART_0129,ISSUE,1,70,69,WO_08479
TXN_008566,2024-10-24 20:22:00,PART_0230,RECEIPT,2,7,9,
TXN_008567,2025-07-07 14:16:00,PART_0192,ISSUE,2,31,29,WO_06391
TXN_008568,2024-03-08 21:47:00,PART_0144,ISSUE,6,10,4,WO_08177
TXN_008569,2025-01-28 14:23:00,PART_0211,RECEIPT,6,15,21,
TXN_008570,2024-09-22 02:08:00,PART_0248,ISSUE,2,30,28,WO_01669
TXN_008571,2025-09-03 22:28:00,PART_0283,ISSUE,3,14,11,WO_05304
TXN_008572,2024-11-18 01:53:00,PART_0140,ISSUE,6,12,6,WO_06963
TXN_008573,2024-02-08 02:11:00,PART_0189,ISSUE,2,6,4,WO_05702
TXN_008574,2025-07-21 13:05:00,PART_0038,RECEIPT,6,43,49,
TXN_008575,2025-07-28 21:33:00,PART_0270,RECEIPT,7,6,13,
TXN_008576,2025-03-25 14:08:00,PART_0056,ISSUE,3,43,40,WO_04783
TXN_008577,2024-10-16 17:15:00,PART_0254,ISSUE,6,61,55,WO_05534
TXN_008578,2024-10-12 06:25:00,PART_0136,ISSUE,7,14,7,WO_08696
TXN_008579,2025-01-14 21:39:00,PART_0234,ISSUE,1,17,16,WO_00303
TXN_008580,2024-07-07 20:16:00,PART_0161,ADJUSTMENT,1,8,7,
TXN_008581,2025-09-13 16:01:00,PART_0223,ISSUE,1,0,0,WO_01381
TXN_008582,2024-09-16 23:57:00,PART_0021,RECEIPT,3,96,99,
TXN_008583,2025-01-31 09:42:00,PART_0046,ISSUE,4,4,0,WO_01577
TXN_008584,2024-03-07 07:17:00,PART_0239,RECEIPT,8,55,63,
TXN_008585,2025-07-04 05:16:00,PART_0042,ISSUE,8,61,53,WO_00333
TXN_008586,2025-06-03 04:17:00,PART_0265,ISSUE,5,12,7,WO_00793
TXN_008587,2024-02-11 04:51:00,PART_0215,ISSUE,5,11,6,WO_07545
TXN_008588,2024-10-16 01:02:00,PART_0245,RECEIPT,1,16,17,
TXN_008589,2025-06-15 06:39:00,PART_0258,ISSUE,1,10,9,WO_00790
TXN_008590,2024-04-27 09:55:00,PART_0168,ISSUE,6,50,44,WO_06129
TXN_008591,2024-02-11 07:40:00,PART_0115,ISSUE,4,8,4,WO_05281
TXN_008592,2024-08-10 09:35:00,PART_0150,RECEIPT,4,4,8,
TXN_008593,2024-09-28 18:38:00,PART_0004,ISSUE,3,48,45,WO_09075
TXN_008594,2024-01-12 12:54:00,PART_0134,RECEIPT,4,18,22,
TXN_008595,2024-10-26 02:08:00,PART_0073,ISSUE,1,59,58,WO_05994
TXN_008596,2024-02-15 01:41:00,PART_0170,RECEIPT,7,6,13,
TXN_008597,2024-10-07 21:40:00,PART_0029,RECEIPT,6,52,58,
TXN_008598,2024-12-14 03:53:00,PART_0228,RECEIPT,1,0,1,
TXN_008599,2025-02-17 10:06:00,PART_0063,ISSUE,1,0,0,WO_09179
TXN_008600,2025-05-17 08:46:00,PART_0174,ISSUE,2,2,0,WO_02751
TXN_008601,2024-12-19 02:21:00,PART_0268,ISSUE,5,5,0,WO_01359
TXN_008602,2024-12-15 23:07:00,PART_0140,RECEIPT,4,6,10,
TXN_008603,2024-04-08 11:14:00,PART_0090,RECEIPT,1,18,19,
TXN_008604,2024-07-12 05:37:00,PART_0145,RECEIPT,2,16,18,
TXN_008605,2025-01-18 01:28:00,PART_0100,ISSUE,1,42,41,WO_01762
TXN_008606,2024-04-27 04:53:00,PART_0045,ISSUE,1,0,0,WO_00839
TXN_008607,2024-10-24 16:04:00,PART_0216,ADJUSTMENT,5,7,12,
TXN_008608,2024-08-27 12:09:00,PART_0239,ISSUE,2,63,61,WO_06369
TXN_008609,2024-06-23 08:27:00,PART_0057,ISSUE,1,0,0,WO_05144
TXN_008610,2025-05-17 01:27:00,PART_0239,RECEIPT,1,61,62,
TXN_008611,2024-11-16 02:28:00,PART_0069,ADJUSTMENT,7,11,18,
TXN_008612,2025-07-07 16:35:00,PART_0257,ISSUE,7,32,25,WO_05369
TXN_008613,2024-01-08 15:21:00,PART_0112,ISSUE,7,26,19,WO_04718
TXN_008614,2025-08-23 09:39:00,PART_0199,ISSUE,1,0,0,WO_02964
TXN_008615,2024-09-06 15:28:00,PART_0089,ISSUE,5,30,25,WO_03327
TXN_008616,2024-06-26 09:15:00,PART_0286,ISSUE,6,10,4,WO_05645
TXN_008617,2025-06-27 02:38:00,PART_0263,RECEIPT,2,38,40,
TXN_008618,2025-06-26 06:05:00,PART_0288,ISSUE,1,0,0,WO_05390
TXN_008619,2024-03-10 16:30:00,PART_0249,ISSUE,6,17,11,WO_08935
TXN_008620,2024-03-14 19:28:00,PART_0240,RECEIPT,6,25,31,
TXN_008621,2024-07-02 20:23:00,PART_0285,ISSUE,2,34,32,WO_03240
TXN_008622,2024-03-30 23:56:00,PART_0282,ISSUE,8,86,78,WO_05231
TXN_008623,2024-09-27 10:23:00,PART_0037,ISSUE,5,30,25,WO_05728
TXN_008624,2024-12-13 16:26:00,PART_0125,ISSUE,5,10,5,WO_02651
TXN_008625,2024-06-05 16:27:00,PART_0152,RECEIPT,4,5,9,
TXN_008626,2024-05-29 01:25:00,PART_0088,RECEIPT,7,7,14,
TXN_008627,2024-04-11 05:55:00,PART_0138,RECEIPT,2,53,55,
TXN_008628,2024-05-07 21:52:00,PART_0106,RECEIPT,2,11,13,
TXN_008629,2025-04-09 11:52:00,PART_0237,RECEIPT,6,33,39,
TXN_008630,2025-09-12 06:44:00,PART_0233,ISSUE,6,10,4,WO_02942
TXN_008631,2025-06-29 22:47:00,PART_0151,ADJUSTMENT,2,15,17,
TXN_008632,2024-02-26 05:11:00,PART_0088,ISSUE,5,14,9,WO_07268
TXN_008633,2025-02-08 20:44:00,PART_0187,ISSUE,2,50,48,WO_09413
TXN_008634,2024-10-03 14:32:00,PART_0232,ISSUE,1,0,0,WO_00417
TXN_008635,2024-01-02 02:15:00,PART_0145,ISSUE,2,18,16,WO_05129
TXN_008636,2025-02-21 22:07:00,PART_0287,RECEIPT,8,46,54,
TXN_008637,2024-06-23 12:35:00,PART_0031,ISSUE,1,0,0,WO_09590
TXN_008638,2024-04-28 03:57:00,PART_0242,ISSUE,8,21,13,WO_02344
TXN_008639,2024-03-08 18:31:00,PART_0160,RECEIPT,1,19,20,
TXN_008640,2025-06-08 10:50:00,PART_0221,ISSUE,8,26,18,WO_01982
TXN_008641,2025-06-16 03:44:00,PART_0290,RECEIPT,5,28,33,
TXN_008642,2024-11-20 01:57:00,PART_0001,ISSUE,5,19,14,WO_02118
TXN_008643,2025-09-14 21:25:00,PART_0236,ISSUE,2,2,0,WO_01311
TXN_008644,2024-12-11 12:46:00,PART_0023,RECEIPT,5,10,15,
TXN_008645,2024-07-24 15:41:00,PART_0222,ISSUE,6,16,10,WO_06917
TXN_008646,2025-01-06 06:50:00,PART_0269,ISSUE,1,0,0,WO_00188
TXN_008647,2025-07-23 01:26:00,PART_0120,RECEIPT,8,7,15,
TXN_008648,2024-04-13 22:16:00,PART_0093,RECEIPT,2,16,18,
TXN_008649,2024-01-20 09:34:00,PART_0115,RECEIPT,3,4,7,
TXN_008650,2024-10-11 11:06:00,PART_0163,RECEIPT,5,5,10,
TXN_008651,2025-05-28 10:35:00,PART_0200,ISSUE,1,7,6,WO_03492
TXN_008652,2024-10-10 17:13:00,PART_0265,RECEIPT,3,7,10,
TXN_008653,2024-03-20 06:21:00,PART_0106,RECEIPT,6,13,19,
TXN_008654,2024-06-22 20:51:00,PART_0061,ISSUE,8,14,6,WO_04672
TXN_008655,2024-02-04 15:46:00,PART_0104,RECEIPT,4,14,18,
TXN_008656,2024-04-10 13:26:00,PART_0296,ISSUE,5,36,31,WO_00507
TXN_008657,2025-01-05 18:05:00,PART_0124,ISSUE,2,5,3,WO_00809
TXN_008658,2025-09-12 16:03:00,PART_0014,RECEIPT,1,10,11,
TXN_008659,2024-11-09 08:38:00,PART_0013,RECEIPT,5,45,50,
TXN_008660,2024-06-20 06:04:00,PART_0230,ISSUE,4,9,5,WO_01263
TXN_008661,2024-12-03 07:39:00,PART_0103,ISSUE,3,18,15,WO_09802
TXN_008662,2024-08-29 16:58:00,PART_0278,ISSUE,1,0,0,WO_09007
TXN_008663,2024-05-25 10:43:00,PART_0205,ISSUE,3,47,44,WO_04959
TXN_008664,2025-07-01 06:47:00,PART_0132,ISSUE,1,0,0,WO_07513
TXN_008665,2024-05-24 20:23:00,PART_0015,RECEIPT,8,3,11,
TXN_008666,2025-03-15 11:01:00,PART_0032,RECEIPT,2,0,2,
TXN_008667,2024-03-06 18:17:00,PART_0038,ADJUSTMENT,6,49,43,
TXN_008668,2024-05-24 07:54:00,PART_0281,ISSUE,1,0,0,WO_07195
TXN_008669,2025-03-17 10:51:00,PART_0192,ISSUE,3,29,26,WO_04738
TXN_008670,2024-09-14 22:57:00,PART_0288,RECEIPT,5,0,5,
TXN_008671,2025-01-16 07:20:00,PART_0060,ISSUE,4,4,0,WO_03774
TXN_008672,2025-04-25 20:49:00,PART_0077,ISSUE,2,29,27,WO_03306
TXN_008673,2024-11-13 13:43:00,PART_0047,ISSUE,3,57,54,WO_01086
TXN_008674,2024-12-04 00:41:00,PART_0020,RECEIPT,2,15,17,
TXN_008675,2025-04-02 02:45:00,PART_0240,RECEIPT,1,31,32,
TXN_008676,2025-08-23 06:58:00,PART_0059,ISSUE,6,21,15,WO_03581
TXN_008677,2025-03-28 02:38:00,PART_0139,ISSUE,7,15,8,WO_04029
TXN_008678,2024-12-27 06:00:00,PART_0059,ISSUE,1,15,14,WO_00353
TXN_008679,2025-05-25 00:30:00,PART_0042,RECEIPT,6,53,59,
TXN_008680,2025-02-18 02:43:00,PART_0256,ISSUE,7,41,34,WO_08009
TXN_008681,2025-02-01 00:22:00,PART_0284,ISSUE,1,1,0,WO_08789
TXN_008682,2024-10-24 23:56:00,PART_0227,RECEIPT,7,0,7,
TXN_008683,2025-06-13 03:02:00,PART_0208,ADJUSTMENT,7,0,0,
TXN_008684,2025-08-09 17:43:00,PART_0258,ISSUE,4,9,5,WO_00698
TXN_008685,2025-01-02 08:29:00,PART_0261,RECEIPT,2,52,54,
TXN_008686,2025-02-15 16:40:00,PART_0276,ISSUE,4,35,31,WO_01764
TXN_008687,2025-05-20 00:58:00,PART_0083,RECEIPT,5,14,19,
TXN_008688,2025-03-17 17:15:00,PART_0028,ISSUE,1,16,15,WO_07409
TXN_008689,2024-01-03 08:21:00,PART_0141,ISSUE,5,5,0,WO_08182
TXN_008690,2024-07-28 06:09:00,PART_0086,RECEIPT,5,15,20,
TXN_008691,2024-10-04 12:20:00,PART_0241,ISSUE,2,29,27,WO_07067
TXN_008692,2024-02-23 20:22:00,PART_0162,RECEIPT,6,4,10,
TXN_008693,2025-07-20 04:21:00,PART_0264,ISSUE,2,31,29,WO_09855
TXN_008694,2025-06-10 05:12:00,PART_0094,RECEIPT,5,20,25,
TXN_008695,2025-05-01 20:50:00,PART_0120,ISSUE,8,15,7,WO_04435
TXN_008696,2024-06-06 02:39:00,PART_0087,RECEIPT,3,21,24,
TXN_008697,2025-08-06 01:52:00,PART_0032,RECEIPT,6,2,8,
TXN_008698,2025-03-05 06:09:00,PART_0182,ISSUE,3,23,20,WO_01058
TXN_008699,2024-11-02 01:58:00,PART_0202,RECEIPT,2,65,67,
TXN_008700,2025-08-03 01:25:00,PART_0028,RECEIPT,2,15,17,
TXN_008701,2024-04-02 14:56:00,PART_0041,ISSUE,2,55,53,WO_02933
TXN_008702,2024-01-01 22:07:00,PART_0209,RECEIPT,5,1,6,
TXN_008703,2024-11-11 21:44:00,PART_0282,ISSUE,1,78,77,WO_07603
TXN_008704,2024-02-17 13:10:00,PART_0287,ISSUE,8,54,46,WO_01777
TXN_008705,2025-02-19 04:38:00,PART_0139,RECEIPT,3,8,11,
TXN_008706,2024-02-29 16:44:00,PART_0280,ISSUE,3,36,33,WO_04476
TXN_008707,2025-05-25 10:39:00,PART_0059,ISSUE,3,14,11,WO_05251
TXN_008708,2024-10-01 13:08:00,PART_0212,ISSUE,1,1,0,WO_01515
TXN_008709,2025-01-25 02:41:00,PART_0010,RECEIPT,1,0,1,
TXN_008710,2024-07-09 12:52:00,PART_0168,RECEIPT,2,44,46,
TXN_008711,2025-06-12 18:12:00,PART_0263,ISSUE,7,40,33,WO_00506
TXN_008712,2025-03-22 08:39:00,PART_0190,ISSUE,6,22,16,WO_05413
TXN_008713,2024-01-23 05:55:00,PART_0120,ISSUE,5,7,2,WO_08709
TXN_008714,2024-12-03 00:33:00,PART_0140,ADJUSTMENT,6,10,16,
TXN_008715,2024-07-15 12:13:00,PART_0140,ISSUE,2,16,14,WO_01503
TXN_008716,2025-05-22 12:39:00,PART_0239,ISSUE,1,62,61,WO_07401
TXN_008717,2025-02-24 23:44:00,PART_0213,ISSUE,3,10,7,WO_08860
TXN_008718,2025-04-14 09:12:00,PART_0149,RECEIPT,5,9,14,
TXN_008719,2024-02-12 00:48:00,PART_0220,ISSUE,5,25,20,WO_01711
TXN_008720,2025-01-17 07:32:00,PART_0234,RECEIPT,5,16,21,
TXN_008721,2024-10-24 09:34:00,PART_0258,RECEIPT,4,5,9,
TXN_008722,2025-09-05 06:13:00,PART_0272,RECEIPT,4,68,72,
TXN_008723,2024-12-17 11:01:00,PART_0180,ISSUE,3,3,0,WO_04222
TXN_008724,2025-08-30 17:29:00,PART_0063,ISSUE,1,0,0,WO_01972
TXN_008725,2024-06-19 14:26:00,PART_0114,ISSUE,6,23,17,WO_02796
TXN_008726,2024-02-07 19:30:00,PART_0108,ISSUE,7,13,6,WO_01735
TXN_008727,2025-02-06 10:37:00,PART_0213,RECEIPT,8,7,15,
TXN_008728,2024-01-19 12:49:00,PART_0205,ISSUE,4,44,40,WO_08985
TXN_008729,2024-10-19 11:38:00,PART_0145,RECEIPT,4,16,20,
TXN_008730,2024-11-13 14:22:00,PART_0298,RECEIPT,2,32,34,
TXN_008731,2024-05-31 15:36:00,PART_0047,RECEIPT,6,54,60,
TXN_008732,2024-08-01 13:57:00,PART_0299,ISSUE,1,7,6,WO_08787
TXN_008733,2024-06-06 08:46:00,PART_0171,RECEIPT,4,24,28,
TXN_008734,2024-06-04 05:48:00,PART_0165,ISSUE,4,31,27,WO_08159
TXN_008735,2025-07-21 05:13:00,PART_0111,ISSUE,6,14,8,WO_05263
TXN_008736,2024-12-16 16:35:00,PART_0106,ISSUE,7,19,12,WO_00428
TXN_008737,2024-01-25 06:00:00,PART_0072,RECEIPT,5,9,14,
TXN_008738,2025-01-14 14:49:00,PART_0142,RECEIPT,5,0,5,
TXN_008739,2024-10-14 14:13:00,PART_0215,ISSUE,4,6,2,WO_04269
TXN_008740,2025-03-12 06:27:00,PART_0008,ISSUE,3,8,5,WO_02246
TXN_008741,2024-09-10 08:34:00,PART_0243,RECEIPT,3,30,33,
TXN_008742,2025-07-25 08:18:00,PART_0101,RECEIPT,5,30,35,
TXN_008743,2024-12-04 09:45:00,PART_0158,RECEIPT,1,10,11,
TXN_008744,2024-07-12 02:59:00,PART_0129,ISSUE,6,69,63,WO_00020
TXN_008745,2024-07-17 23:32:00,PART_0115,ISSUE,7,7,0,WO_08304
TXN_008746,2024-01-13 18:58:00,PART_0149,RECEIPT,1,14,15,
TXN_008747,2024-05-11 05:09:00,PART_0196,ISSUE,8,20,12,WO_02288
TXN_008748,2024-03-06 07:41:00,PART_0140,ISSUE,5,14,9,WO_07865
TXN_008749,2025-07-09 09:34:00,PART_0239,ADJUSTMENT,7,61,68,
TXN_008750,2025-02-23 15:08:00,PART_0226,RECEIPT,2,22,24,
TXN_008751,2025-05-27 19:27:00,PART_0109,RECEIPT,1,21,22,
TXN_008752,2025-04-09 16:21:00,PART_0212,ISSUE,1,0,0,WO_09598
TXN_008753,2024-08-01 23:59:00,PART_0162,ISSUE,2,10,8,WO_01539
TXN_008754,2024-07-10 15:24:00,PART_0182,ISSUE,3,20,17,WO_00810
TXN_008755,2025-05-30 16:33:00,PART_0241,RECEIPT,4,27,31,
TXN_008756,2025-06-12 08:55:00,PART_0038,RECEIPT,1,43,44,
TXN_008757,2024-05-23 12:28:00,PART_0075,ISSUE,7,17,10,WO_08065
TXN_008758,2025-04-21 17:23:00,PART_0141,ISSUE,1,0,0,WO_07242
TXN_008759,2025-04-29 18:21:00,PART_0297,ISSUE,1,22,21,WO_02900
TXN_008760,2024-03-13 18:53:00,PART_0052,ISSUE,1,0,0,WO_09854
TXN_008761,2024-08-04 18:33:00,PART_0076,ISSUE,3,35,32,WO_01119
TXN_008762,2024-10-07 14:28:00,PART_0247,RECEIPT,2,34,36,
TXN_008763,2024-02-06 00:35:00,PART_0269,RECEIPT,5,0,5,
TXN_008764,2025-05-18 23:41:00,PART_0160,ISSUE,5,20,15,WO_08943
TXN_008765,2024-08-03 11:13:00,PART_0049,RECEIPT,3,0,3,
TXN_008766,2025-03-06 00:19:00,PART_0286,RECEIPT,1,4,5,
TXN_008767,2025-01-12 06:01:00,PART_0163,ISSUE,4,10,6,WO_06962
TXN_008768,2025-04-29 23:03:00,PART_0267,ISSUE,3,42,39,WO_04193
TXN_008769,2024-06-22 01:09:00,PART_0264,RECEIPT,8,29,37,
TXN_008770,2025-03-28 22:30:00,PART_0101,ISSUE,1,35,34,WO_00177
TXN_008771,2025-06-18 02:58:00,PART_0089,ISSUE,4,25,21,WO_05665
TXN_008772,2024-02-08 08:02:00,PART_0071,RECEIPT,5,10,15,
TXN_008773,2024-06-30 07:53:00,PART_0248,ISSUE,2,28,26,WO_05443
TXN_008774,2025-03-07 16:33:00,PART_0017,ADJUSTMENT,1,58,59,
TXN_008775,2025-01-17 16:15:00,PART_0279,RECEIPT,6,28,34,
TXN_008776,2025-02-16 03:45:00,PART_0113,ISSUE,7,73,66,WO_06435
TXN_008777,2025-03-02 14:26:00,PART_0173,RECEIPT,1,0,1,
TXN_008778,2025-03-20 07:26:00,PART_0263,RECEIPT,2,33,35,
TXN_008779,2024-01-22 15:31:00,PART_0077,ISSUE,4,27,23,WO_06486
TXN_008780,2025-04-20 05:46:00,PART_0294,ISSUE,6,27,21,WO_00879
TXN_008781,2024-03-26 19:01:00,PART_0250,ISSUE,1,1,0,WO_00711
TXN_008782,2025-08-12 15:57:00,PART_0212,ISSUE,1,0,0,WO_01140
TXN_008783,2024-08-11 07:59:00,PART_0032,RECEIPT,8,8,16,
TXN_008784,2024-09-02 05:20:00,PART_0266,RECEIPT,6,42,48,
TXN_008785,2024-02-16 03:56:00,PART_0168,RECEIPT,8,46,54,
TXN_008786,2025-07-01 02:12:00,PART_0239,RECEIPT,1,68,69,
TXN_008787,2024-09-18 15:33:00,PART_0112,ISSUE,1,19,18,WO_06666
TXN_008788,2024-03-01 03:23:00,PART_0207,RECEIPT,5,6,11,
TXN_008789,2024-12-24 02:54:00,PART_0031,ADJUSTMENT,6,0,0,
TXN_008790,2024-03-31 04:45:00,PART_0027,RECEIPT,5,27,32,
TXN_008791,2024-11-06 20:26:00,PART_0262,RECEIPT,5,53,58,
TXN_008792,2024-03-15 08:15:00,PART_0066,ISSUE,7,49,42,WO_07317
TXN_008793,2024-03-28 18:24:00,PART_0198,ISSUE,3,28,25,WO_04230
TXN_008794,2024-11-03 23:12:00,PART_0234,RECEIPT,1,21,22,
TXN_008795,2024-02-25 15:34:00,PART_0106,RECEIPT,3,12,15,
TXN_008796,2025-05-10 14:13:00,PART_0285,ISSUE,3,32,29,WO_02154
TXN_008797,2024-07-11 07:25:00,PART_0041,RECEIPT,1,53,54,
TXN_008798,2024-10-21 19:46:00,PART_0247,RECEIPT,1,36,37,
TXN_008799,2024-04-15 18:36:00,PART_0059,RECEIPT,4,11,15,
TXN_008800,2025-03-11 02:14:00,PART_0108,ISSUE,6,6,0,WO_03668
TXN_008801,2025-05-28 13:52:00,PART_0194,RECEIPT,7,35,42,
TXN_008802,2024-07-16 02:03:00,PART_0134,RECEIPT,6,22,28,
TXN_008803,2025-04-21 20:54:00,PART_0252,RECEIPT,7,6,13,
TXN_008804,2025-09-13 22:02:00,PART_0073,ISSUE,5,58,53,WO_05442
TXN_008805,2025-04-20 11:11:00,PART_0139,RECEIPT,8,11,19,
TXN_008806,2024-09-09 13:17:00,PART_0039,ISSUE,1,0,0,WO_00072
TXN_008807,2025-06-02 14:18:00,PART_0006,RECEIPT,4,49,53,
TXN_008808,2024-04-04 04:21:00,PART_0288,ISSUE,1,5,4,WO_05102
TXN_008809,2024-04-13 09:59:00,PART_0164,ISSUE,1,0,0,WO_05593
TXN_008810,2024-07-18 21:20:00,PART_0150,ISSUE,8,8,0,WO_07183
TXN_008811,2025-02-22 17:17:00,PART_0287,RECEIPT,8,46,54,
TXN_008812,2024-10-15 20:21:00,PART_0245,ISSUE,8,17,9,WO_09773
TXN_008813,2025-08-08 04:09:00,PART_0003,RECEIPT,6,0,6,
TXN_008814,2024-12-10 16:46:00,PART_0038,ISSUE,6,44,38,WO_07421
TXN_008815,2024-09-21 10:02:00,PART_0214,ISSUE,4,4,0,WO_08131
TXN_008816,2024-09-02 00:28:00,PART_0147,RECEIPT,4,7,11,
TXN_008817,2024-07-18 09:13:00,PART_0194,ISSUE,7,42,35,WO_03152
TXN_008818,2024-02-18 22:33:00,PART_0122,ISSUE,5,5,0,WO_02033
TXN_008819,2025-01-29 07:04:00,PART_0018,ISSUE,3,3,0,WO_00995
TXN_008820,2025-03-05 04:14:00,PART_0209,ISSUE,3,6,3,WO_02119
TXN_008821,2025-06-23 04:02:00,PART_0076,RECEIPT,6,32,38,
TXN_008822,2024-01-02 19:28:00,PART_0024,ISSUE,4,6,2,WO_04576
TXN_008823,2025-02-19 05:09:00,PART_0180,ISSUE,1,0,0,WO_02188
TXN_008824,2024-09-02 17:50:00,PART_0014,ISSUE,3,11,8,WO_07544
TXN_008825,2024-11-02 09:36:00,PART_0031,RECEIPT,1,0,1,
TXN_008826,2025-01-10 01:37:00,PART_0232,ISSUE,1,0,0,WO_03459
TXN_008827,2024-04-23 23:11:00,PART_0214,RECEIPT,7,0,7,
TXN_008828,2024-10-09 00:41:00,PART_0067,ISSUE,3,18,15,WO_07651
TXN_008829,2025-08-05 09:02:00,PART_0175,RECEIPT,2,61,63,
TXN_008830,2024-11-06 15:41:00,PART_0209,RECEIPT,2,3,5,
TXN_008831,2025-03-28 22:21:00,PART_0118,RECEIPT,6,29,35,
TXN_008832,2025-08-29 10:25:00,PART_0241,ISSUE,5,31,26,WO_04991
TXN_008833,2025-02-11 07:40:00,PART_0122,RECEIPT,7,0,7,
TXN_008834,2024-03-25 14:59:00,PART_0263,ISSUE,3,35,32,WO_06175
TXN_008835,2024-07-03 05:15:00,PART_0233,RECEIPT,2,4,6,
TXN_008836,2025-07-07 15:36:00,PART_0273,ISSUE,2,24,22,WO_04475
TXN_008837,2024-05-14 18:04:00,PART_0229,RECEIPT,2,17,19,
TXN_008838,2024-04-24 19:41:00,PART_0219,RECEIPT,2,14,16,
TXN_008839,2024-05-14 13:44:00,PART_0113,ISSUE,8,66,58,WO_04876
TXN_008840,2025-03-22 09:27:00,PART_0068,ISSUE,8,13,5,WO_08759
TXN_008841,2025-09-08 22:46:00,PART_0034,ISSUE,3,3,0,WO_06107
TXN_008842,2025-06-28 23:21:00,PART_0058,ISSUE,7,7,0,WO_01793
TXN_008843,2024-11-12 22:11:00,PART_0161,ISSUE,1,7,6,WO_07057
TXN_008844,2025-03-09 15:50:00,PART_0066,RECEIPT,4,42,46,
TXN_008845,2024-01-02 12:30:00,PART_0236,RECEIPT,2,0,2,
TXN_008846,2024-02-19 13:15:00,PART_0005,RECEIPT,1,0,1,
TXN_008847,2025-04-02 06:58:00,PART_0288,ISSUE,4,4,0,WO_02088
TXN_008848,2024-05-20 04:28:00,PART_0067,RECEIPT,4,15,19,
TXN_008849,2025-04-09 03:12:00,PART_0295,ISSUE,6,24,18,WO_05768
TXN_008850,2025-07-21 16:41:00,PART_0017,RECEIPT,4,59,63,
TXN_008851,2025-09-02 04:22:00,PART_0065,ISSUE,4,16,12,WO_08240
TXN_008852,2024-02-13 15:28:00,PART_0046,ISSUE,1,0,0,WO_00463
TXN_008853,2024-09-08 13:56:00,PART_0156,RECEIPT,2,0,2,
TXN_008854,2025-04-04 22:10:00,PART_0147,RECEIPT,7,11,18,
TXN_008855,2025-09-04 06:01:00,PART_0269,RECEIPT,8,5,13,
TXN_008856,2024-09-29 23:22:00,PART_0239,ADJUSTMENT,7,69,76,
TXN_008857,2025-09-06 20:40:00,PART_0248,ISSUE,6,26,20,WO_04972
TXN_008858,2024-05-31 07:56:00,PART_0242,RECEIPT,2,13,15,
TXN_008859,2025-01-19 04:06:00,PART_0257,ISSUE,1,25,24,WO_01508
TXN_008860,2025-02-20 23:29:00,PART_0136,ISSUE,2,7,5,WO_07616
TXN_008861,2024-07-24 11:12:00,PART_0084,ISSUE,3,3,0,WO_09156
TXN_008862,2024-05-31 12:13:00,PART_0109,RECEIPT,1,22,23,
TXN_008863,2024-03-31 11:19:00,PART_0207,ISSUE,2,11,9,WO_06471
TXN_008864,2025-01-07 06:00:00,PART_0221,ISSUE,2,18,16,WO_06074
TXN_008865,2024-10-01 09:41:00,PART_0120,RECEIPT,1,2,3,
TXN_008866,2025-02-20 15:50:00,PART_0185,RECEIPT,3,59,62,
TXN_008867,2024-12-21 10:08:00,PART_0225,ISSUE,3,28,25,WO_09096
TXN_008868,2024-09-10 04:40:00,PART_0122,ISSUE,4,7,3,WO_04660
TXN_008869,2025-04-04 15:09:00,PART_0090,RECEIPT,1,19,20,
TXN_008870,2024-07-25 05:00:00,PART_0255,RECEIPT,7,16,23,
TXN_008871,2024-08-25 04:28:00,PART_0034,ISSUE,1,0,0,WO_07527
TXN_008872,2025-02-20 20:18:00,PART_0300,ADJUSTMENT,1,28,27,
TXN_008873,2025-04-02 08:51:00,PART_0122,RECEIPT,2,3,5,
TXN_008874,2024-12-06 15:06:00,PART_0290,ISSUE,1,33,32,WO_04898
TXN_008875,2024-02-08 23:14:00,PART_0086,ISSUE,5,20,15,WO_04925
TXN_008876,2025-05-09 06:36:00,PART_0071,ISSUE,8,15,7,WO_09432
TXN_008877,2025-08-10 03:32:00,PART_0048,ISSUE,8,44,36,WO_06691
TXN_008878,2025-01-19 16:25:00,PART_0219,ISSUE,5,16,11,WO_02026
TXN_008879,2025-03-08 10:59:00,PART_0246,ISSUE,1,28,27,WO_07371
TXN_008880,2025-02-16 01:05:00,PART_0237,ISSUE,8,39,31,WO_09208
TXN_008881,2024-02-18 10:17:00,PART_0112,ADJUSTMENT,7,18,25,
TXN_008882,2025-04-15 22:00:00,PART_0081,RECEIPT,4,0,4,
TXN_008883,2025-01-08 22:49:00,PART_0190,ISSUE,3,16,13,WO_00518
TXN_008884,2025-03-04 06:42:00,PART_0112,RECEIPT,7,25,32,
TXN_008885,2024-05-07 16:39:00,PART_0160,RECEIPT,4,15,19,
TXN_008886,2025-04-18 17:11:00,PART_0175,RECEIPT,8,63,71,
TXN_008887,2025-02-14 15:55:00,PART_0061,ISSUE,3,6,3,WO_01072
TXN_008888,2024-11-23 08:33:00,PART_0056,ISSUE,4,40,36,WO_09990
TXN_008889,2024-01-11 09:19:00,PART_0057,ISSUE,1,0,0,WO_02640
TXN_008890,2024-03-10 04:22:00,PART_0154,RECEIPT,4,29,33,
TXN_008891,2024-07-07 15:01:00,PART_0271,ISSUE,4,9,5,WO_09980
TXN_008892,2024-08-28 16:03:00,PART_0037,ISSUE,3,25,22,WO_00308
TXN_008893,2024-12-02 04:42:00,PART_0070,ADJUSTMENT,7,14,7,
TXN_008894,2024-12-13 09:56:00,PART_0139,ISSUE,2,19,17,WO_03702
TXN_008895,2024-08-12 11:38:00,PART_0051,ISSUE,2,34,32,WO_06146
TXN_008896,2024-02-28 15:12:00,PART_0096,ISSUE,6,70,64,WO_09082
TXN_008897,2025-02-28 12:06:00,PART_0131,RECEIPT,4,14,18,
TXN_008898,2024-05-20 08:23:00,PART_0292,ISSUE,1,28,27,WO_06198
TXN_008899,2024-03-06 04:20:00,PART_0171,ISSUE,2,28,26,WO_08300
TXN_008900,2025-08-31 01:08:00,PART_0295,RECEIPT,8,18,26,
TXN_008901,2024-01-09 07:31:00,PART_0125,RECEIPT,5,5,10,
TXN_008902,2024-07-20 00:39:00,PART_0005,RECEIPT,6,1,7,
TXN_008903,2025-09-07 12:06:00,PART_0198,RECEIPT,4,25,29,
TXN_008904,2024-09-23 03:48:00,PART_0127,RECEIPT,8,16,24,
TXN_008905,2024-12-02 14:56:00,PART_0185,ISSUE,1,62,61,WO_02479
TXN_008906,2025-04-09 18:05:00,PART_0168,ISSUE,7,54,47,WO_04671
TXN_008907,2025-02-17 23:11:00,PART_0157,RECEIPT,7,10,17,
TXN_008908,2025-08-27 14:03:00,PART_0078,ISSUE,5,27,22,WO_00706
TXN_008909,2024-10-05 13:21:00,PART_0083,RECEIPT,7,19,26,
TXN_008910,2025-03-05 04:59:00,PART_0222,RECEIPT,6,10,16,
TXN_008911,2024-08-14 09:12:00,PART_0106,RECEIPT,2,15,17,
TXN_008912,2025-09-09 00:35:00,PART_0273,RECEIPT,7,22,29,
TXN_008913,2025-02-25 20:26:00,PART_0075,ISSUE,2,10,8,WO_01847
TXN_008914,2024-01-01 02:56:00,PART_0106,ADJUSTMENT,6,17,11,
TXN_008915,2024-06-27 11:51:00,PART_0263,RECEIPT,1,32,33,
TXN_008916,2025-05-26 17:32:00,PART_0280,ISSUE,2,33,31,WO_03198
TXN_008917,2024-06-19 02:20:00,PART_0144,RECEIPT,7,4,11,
TXN_008918,2024-01-16 03:33:00,PART_0200,RECEIPT,3,6,9,
TXN_008919,2024-06-02 06:38:00,PART_0014,RECEIPT,8,8,16,
TXN_008920,2025-01-29 18:14:00,PART_0027,ISSUE,8,32,24,WO_08767
TXN_008921,2024-09-23 02:40:00,PART_0058,ISSUE,1,0,0,WO_01423
TXN_008922,2024-02-03 09:52:00,PART_0051,ISSUE,2,32,30,WO_02457
TXN_008923,2025-06-24 23:07:00,PART_0267,ISSUE,3,39,36,WO_05861
TXN_008924,2024-02-10 04:04:00,PART_0262,ISSUE,3,58,55,WO_06221
TXN_008925,2024-04-16 04:13:00,PART_0146,ISSUE,4,8,4,WO_03142
TXN_008926,2024-01-23 04:31:00,PART_0199,RECEIPT,1,0,1,
TXN_008927,2024-07-06 21:18:00,PART_0048,ISSUE,1,36,35,WO_09141
TXN_008928,2025-03-06 08:52:00,PART_0154,RECEIPT,8,33,41,
TXN_008929,2024-11-23 00:40:00,PART_0253,ISSUE,7,27,20,WO_06399
TXN_008930,2024-11-26 16:58:00,PART_0291,RECEIPT,4,75,79,
TXN_008931,2024-12-31 04:08:00,PART_0196,ISSUE,1,12,11,WO_09765
TXN_008932,2024-10-08 02:45:00,PART_0189,ISSUE,1,4,3,WO_07957
TXN_008933,2025-06-12 04:06:00,PART_0126,RECEIPT,5,4,9,
TXN_008934,2025-06-19 01:50:00,PART_0299,RECEIPT,2,6,8,
TXN_008935,2025-04-28 10:04:00,PART_0274,ISSUE,7,10,3,WO_00129
TXN_008936,2025-08-25 21:30:00,PART_0013,ISSUE,3,50,47,WO_07509
TXN_008937,2024-04-29 06:31:00,PART_0138,ADJUSTMENT,1,55,54,
TXN_008938,2025-06-08 03:06:00,PART_0113,ISSUE,8,58,50,WO_01680
TXN_008939,2024-06-11 10:04:00,PART_0025,ISSUE,5,52,47,WO_02626
TXN_008940,2025-05-13 23:30:00,PART_0033,ADJUSTMENT,2,4,6,
TXN_008941,2025-04-09 21:47:00,PART_0167,RECEIPT,8,22,30,
TXN_008942,2025-03-24 02:17:00,PART_0254,RECEIPT,4,55,59,
TXN_008943,2024-04-03 05:19:00,PART_0257,RECEIPT,2,24,26,
TXN_008944,2024-02-20 04:41:00,PART_0058,ISSUE,1,0,0,WO_00388
TXN_008945,2025-04-06 07:44:00,PART_0042,RECEIPT,2,59,61,
TXN_008946,2024-08-30 02:45:00,PART_0028,RECEIPT,5,17,22,
TXN_008947,2025-09-01 05:10:00,PART_0036,ISSUE,4,4,0,WO_06428
TXN_008948,2024-02-22 17:59:00,PART_0174,RECEIPT,4,0,4,
TXN_008949,2024-04-28 07:18:00,PART_0228,RECEIPT,1,1,2,
TXN_008950,2024-03-23 05:34:00,PART_0154,RECEIPT,2,41,43,
TXN_008951,2025-02-08 23:19:00,PART_0129,RECEIPT,3,63,66,
TXN_008952,2024-10-27 04:48:00,PART_0132,RECEIPT,5,0,5,
TXN_008953,2024-02-09 20:05:00,PART_0044,ISSUE,1,53,52,WO_03993
TXN_008954,2024-04-25 20:38:00,PART_0083,ISSUE,6,26,20,WO_09523
TXN_008955,2025-07-25 05:59:00,PART_0045,ISSUE,1,0,0,WO_08166
TXN_008956,2025-07-06 19:51:00,PART_0010,ISSUE,1,1,0,WO_06842
TXN_008957,2024-02-19 22:20:00,PART_0076,RECEIPT,4,38,42,
TXN_008958,2024-06-11 15:23:00,PART_0188,RECEIPT,4,6,10,
TXN_008959,2025-06-05 05:48:00,PART_0016,ISSUE,5,6,1,WO_00167
TXN_008960,2025-03-16 12:29:00,PART_0277,ISSUE,1,0,0,WO_04078
TXN_008961,2025-06-28 19:23:00,PART_0020,ISSUE,4,17,13,WO_08537
TXN_008962,2024-07-10 00:56:00,PART_0152,ADJUSTMENT,2,9,7,
TXN_008963,2025-05-24 20:24:00,PART_0170,ISSUE,3,13,10,WO_03687
TXN_008964,2024-08-23 17:56:00,PART_0059,ISSUE,3,15,12,WO_09193
TXN_008965,2025-05-04 17:24:00,PART_0029,ISSUE,5,58,53,WO_04724
TXN_008966,2024-08-23 05:30:00,PART_0012,RECEIPT,2,49,51,
TXN_008967,2024-05-27 02:16:00,PART_0163,RECEIPT,3,6,9,
TXN_008968,2025-05-30 06:51:00,PART_0030,ISSUE,6,17,11,WO_00150
TXN_008969,2024-09-27 06:16:00,PART_0151,RECEIPT,3,17,20,
TXN_008970,2024-07-10 11:09:00,PART_0253,RECEIPT,8,20,28,
TXN_008971,2024-01-02 10:12:00,PART_0300,RECEIPT,5,27,32,
TXN_008972,2024-09-30 10:19:00,PART_0013,RECEIPT,1,47,48,
TXN_008973,2024-06-13 03:51:00,PART_0031,ISSUE,1,1,0,WO_07699
TXN_008974,2024-11-09 00:05:00,PART_0054,ISSUE,8,71,63,WO_04575
TXN_008975,2024-01-18 01:10:00,PART_0266,ISSUE,8,48,40,WO_04628
TXN_008976,2024-09-27 12:55:00,PART_0025,ISSUE,7,47,40,WO_00449
TXN_008977,2025-04-10 10:59:00,PART_0012,RECEIPT,6,51,57,
TXN_008978,2024-01-28 05:13:00,PART_0201,ISSUE,2,9,7,WO_07193
TXN_008979,2024-07-15 10:19:00,PART_0271,ISSUE,3,5,2,WO_01400
TXN_008980,2024-06-18 05:12:00,PART_0149,ADJUSTMENT,3,15,18,
TXN_008981,2025-05-03 01:26:00,PART_0131,RECEIPT,7,18,25,
TXN_008982,2024-02-12 05:54:00,PART_0064,ISSUE,4,33,29,WO_09008
TXN_008983,2024-02-15 06:52:00,PART_0209,ISSUE,3,5,2,WO_07765
TXN_008984,2024-08-11 08:34:00,PART_0099,RECEIPT,8,33,41,
TXN_008985,2025-02-02 07:14:00,PART_0020,ISSUE,8,13,5,WO_01560
TXN_008986,2024-10-17 08:35:00,PART_0040,ISSUE,1,0,0,WO_09143
TXN_008987,2024-07-10 03:02:00,PART_0101,RECEIPT,1,34,35,
TXN_008988,2025-08-12 23:31:00,PART_0085,ISSUE,7,50,43,WO_03904
TXN_008989,2025-01-19 01:52:00,PART_0128,RECEIPT,4,0,4,
TXN_008990,2025-06-02 11:30:00,PART_0295,ISSUE,7,26,19,WO_08133
TXN_008991,2024-02-01 23:20:00,PART_0187,ISSUE,8,48,40,WO_00838
TXN_008992,2024-03-28 22:04:00,PART_0261,ISSUE,7,54,47,WO_06965
TXN_008993,2025-02-07 13:01:00,PART_0046,ISSUE,1,0,0,WO_08673
TXN_008994,2024-02-06 10:11:00,PART_0126,ISSUE,3,9,6,WO_07015
TXN_008995,2025-05-11 04:13:00,PART_0293,ISSUE,6,14,8,WO_09697
TXN_008996,2024-09-17 21:48:00,PART_0282,ISSUE,8,77,69,WO_06693
TXN_008997,2024-10-31 06:58:00,PART_0046,ISSUE,1,0,0,WO_09840
TXN_008998,2024-07-02 01:39:00,PART_0160,RECEIPT,6,19,25,
TXN_008999,2024-01-09 23:46:00,PART_0002,RECEIPT,3,13,16,
TXN_009000,2024-05-02 07:19:00,PART_0127,RECEIPT,3,24,27,
TXN_009001,2025-03-12 10:14:00,PART_0087,ISSUE,3,24,21,WO_07017
TXN_009002,2025-02-02 16:44:00,PART_0210,RECEIPT,4,0,4,
TXN_009003,2025-04-25 04:18:00,PART_0035,ISSUE,8,46,38,WO_04399
TXN_009004,2024-08-23 10:28:00,PART_0229,ISSUE,3,19,16,WO_04786
TXN_009005,2024-09-06 21:04:00,PART_0077,RECEIPT,2,23,25,
TXN_009006,2024-06-25 21:10:00,PART_0251,RECEIPT,6,29,35,
TXN_009007,2025-07-13 07:45:00,PART_0012,ISSUE,4,57,53,WO_07005
TXN_009008,2025-04-24 03:17:00,PART_0276,ADJUSTMENT,6,31,37,
TXN_009009,2024-11-30 17:31:00,PART_0091,ISSUE,1,27,26,WO_08661
TXN_009010,2024-04-19 14:19:00,PART_0226,RECEIPT,5,24,29,
TXN_009011,2024-04-27 15:00:00,PART_0240,ISSUE,3,32,29,WO_01463
TXN_009012,2024-07-30 08:08:00,PART_0282,ISSUE,1,69,68,WO_00366
TXN_009013,2024-12-04 03:35:00,PART_0245,RECEIPT,4,9,13,
TXN_009014,2025-05-16 17:54:00,PART_0104,RECEIPT,5,18,23,
TXN_009015,2024-10-10 14:11:00,PART_0056,RECEIPT,6,36,42,
TXN_009016,2025-06-06 07:05:00,PART_0114,RECEIPT,1,17,18,
TXN_009017,2025-02-28 07:22:00,PART_0151,RECEIPT,5,20,25,
TXN_009018,2024-09-23 13:59:00,PART_0135,RECEIPT,1,5,6,
TXN_009019,2025-08-31 11:58:00,PART_0103,ISSUE,8,15,7,WO_06908
TXN_009020,2024-01-23 03:07:00,PART_0006,ISSUE,1,53,52,WO_09857
TXN_009021,2024-08-17 20:29:00,PART_0188,ADJUSTMENT,2,10,12,
TXN_009022,2024-04-30 08:51:00,PART_0134,ISSUE,5,28,23,WO_01332
TXN_009023,2024-09-10 16:17:00,PART_0252,RECEIPT,8,13,21,
TXN_009024,2025-05-29 09:53:00,PART_0124,ISSUE,3,3,0,WO_08325
TXN_009025,2024-12-07 01:50:00,PART_0103,RECEIPT,4,7,11,
TXN_009026,2025-06-10 20:00:00,PART_0024,RECEIPT,4,2,6,
TXN_009027,2024-08-14 15:36:00,PART_0205,ISSUE,6,40,34,WO_03853
TXN_009028,2025-08-19 06:45:00,PART_0203,ISSUE,2,6,4,WO_07505
TXN_009029,2025-06-19 07:29:00,PART_0165,RECEIPT,1,27,28,
TXN_009030,2024-04-11 01:47:00,PART_0212,ISSUE,1,0,0,WO_08218
TXN_009031,2024-06-25 16:23:00,PART_0057,ISSUE,1,0,0,WO_03137
TXN_009032,2025-05-05 08:36:00,PART_0110,RECEIPT,3,0,3,
TXN_009033,2025-04-16 15:06:00,PART_0250,ISSUE,1,0,0,WO_05844
TXN_009034,2025-05-21 15:04:00,PART_0289,ISSUE,6,31,25,WO_05077
TXN_009035,2024-08-06 12:40:00,PART_0161,ISSUE,6,6,0,WO_09937
TXN_009036,2024-11-22 20:57:00,PART_0102,ISSUE,6,46,40,WO_04744
TXN_009037,2025-05-19 19:43:00,PART_0213,ISSUE,8,15,7,WO_04175
TXN_009038,2025-02-15 00:57:00,PART_0299,ADJUSTMENT,8,8,16,
TXN_009039,2025-03-03 12:09:00,PART_0063,RECEIPT,1,0,1,
TXN_009040,2024-12-21 03:52:00,PART_0238,ISSUE,7,23,16,WO_06575
TXN_009041,2025-05-03 09:14:00,PART_0280,RECEIPT,8,31,39,
TXN_009042,2025-04-11 08:06:00,PART_0061,RECEIPT,6,3,9,
TXN_009043,2024-03-23 12:36:00,PART_0224,ISSUE,2,19,17,WO_04361
TXN_009044,2024-05-20 06:04:00,PART_0200,ISSUE,5,9,4,WO_08399
TXN_009045,2024-11-30 21:13:00,PART_0119,ISSUE,1,1,0,WO_03787
TXN_009046,2025-02-07 14:28:00,PART_0226,RECEIPT,7,29,36,
TXN_009047,2024-03-03 09:46:00,PART_0283,RECEIPT,3,11,14,
TXN_009048,2025-01-15 01:59:00,PART_0152,ISSUE,7,7,0,WO_06229
TXN_009049,2025-02-12 04:05:00,PART_0156,ISSUE,2,2,0,WO_01123
TXN_009050,2025-01-03 13:32:00,PART_0130,ISSUE,1,0,0,WO_00748
TXN_009051,2025-06-17 03:44:00,PART_0026,RECEIPT,5,1,6,
TXN_009052,2024-03-29 12:21:00,PART_0184,ISSUE,4,51,47,WO_01233
TXN_009053,2025-02-06 11:20:00,PART_0104,ISSUE,7,23,16,WO_06035
TXN_009054,2024-03-31 21:25:00,PART_0012,RECEIPT,1,53,54,
TXN_009055,2025-08-31 17:34:00,PART_0244,RECEIPT,3,54,57,
TXN_009056,2025-06-19 23:50:00,PART_0038,RECEIPT,2,38,40,
TXN_009057,2025-02-28 11:20:00,PART_0078,ISSUE,1,22,21,WO_07617
TXN_009058,2025-02-14 03:00:00,PART_0220,ISSUE,1,20,19,WO_00721
TXN_009059,2024-06-21 13:04:00,PART_0035,ISSUE,4,38,34,WO_01872
TXN_009060,2025-08-19 04:01:00,PART_0194,RECEIPT,6,35,41,
TXN_009061,2025-08-26 07:42:00,PART_0087,ISSUE,8,21,13,WO_05361
TXN_009062,2025-05-11 01:23:00,PART_0169,ISSUE,7,43,36,WO_05723
TXN_009063,2025-01-05 08:52:00,PART_0225,RECEIPT,4,25,29,
TXN_009064,2024-11-14 13:02:00,PART_0224,RECEIPT,8,17,25,
TXN_009065,2025-04-12 08:33:00,PART_0086,RECEIPT,4,15,19,
TXN_009066,2025-06-13 00:22:00,PART_0002,RECEIPT,1,16,17,
TXN_009067,2024-04-21 16:10:00,PART_0026,ISSUE,4,6,2,WO_07951
TXN_009068,2024-12-13 03:52:00,PART_0123,RECEIPT,8,20,28,
TXN_009069,2025-08-17 04:07:00,PART_0150,RECEIPT,2,0,2,
TXN_009070,2024-08-23 01:22:00,PART_0292,ISSUE,6,27,21,WO_07027
TXN_009071,2024-09-19 17:50:00,PART_0056,ISSUE,2,42,40,WO_08644
TXN_009072,2024-10-31 16:41:00,PART_0097,RECEIPT,2,33,35,
TXN_009073,2024-01-20 14:26:00,PART_0131,ISSUE,4,25,21,WO_05291
TXN_009074,2025-08-19 08:12:00,PART_0004,RECEIPT,2,45,47,
TXN_009075,2025-05-10 00:09:00,PART_0220,RECEIPT,6,19,25,
TXN_009076,2025-04-22 18:57:00,PART_0277,ISSUE,1,0,0,WO_07378
TXN_009077,2025-01-09 08:13:00,PART_0064,RECEIPT,2,29,31,
TXN_009078,2025-02-10 11:05:00,PART_0141,ISSUE,1,0,0,WO_02987
TXN_009079,2024-11-22 04:09:00,PART_0190,RECEIPT,4,13,17,
TXN_009080,2025-01-17 06:17:00,PART_0266,ISSUE,6,40,34,WO_07007
TXN_009081,2024-02-25 08:16:00,PART_0104,RECEIPT,4,16,20,
TXN_009082,2024-07-30 10:45:00,PART_0177,ISSUE,1,0,0,WO_02301
TXN_009083,2024-01-06 03:35:00,PART_0090,RECEIPT,1,20,21,
TXN_009084,2025-09-05 08:39:00,PART_0075,RECEIPT,6,8,14,
TXN_009085,2025-04-10 08:06:00,PART_0260,ISSUE,1,0,0,WO_06048
TXN_009086,2025-09-09 23:13:00,PART_0212,ISSUE,1,0,0,WO_07348
TXN_009087,2025-08-31 05:56:00,PART_0159,RECEIPT,1,0,1,
TXN_009088,2024-02-13 20:47:00,PART_0230,RECEIPT,7,5,12,
TXN_009089,2024-07-01 08:09:00,PART_0034,ISSUE,1,0,0,WO_07052
TXN_009090,2025-06-12 15:14:00,PART_0188,RECEIPT,4,12,16,
TXN_009091,2024-01-04 12:25:00,PART_0098,RECEIPT,5,26,31,
TXN_009092,2024-08-08 01:38:00,PART_0120,ISSUE,3,3,0,WO_02143
TXN_009093,2024-12-11 23:50:00,PART_0183,ISSUE,1,21,20,WO_08785
TXN_009094,2025-04-13 22:37:00,PART_0237,ISSUE,7,31,24,WO_00802
TXN_009095,2024-11-11 12:28:00,PART_0156,ISSUE,1,0,0,WO_08414
TXN_009096,2024-07-22 11:04:00,PART_0114,ISSUE,3,18,15,WO_03140
TXN_009097,2025-07-14 05:50:00,PART_0151,RECEIPT,1,25,26,
TXN_009098,2024-10-31 18:01:00,PART_0020,ISSUE,5,5,0,WO_09641
TXN_009099,2024-11-05 05:21:00,PART_0220,ISSUE,3,25,22,WO_03786
TXN_009100,2024-09-04 09:02:00,PART_0156,ISSUE,1,0,0,WO_05054
TXN_009101,2025-09-13 00:06:00,PART_0268,ISSUE,1,0,0,WO_04409
TXN_009102,2025-06-03 23:13:00,PART_0031,RECEIPT,4,0,4,
TXN_009103,2025-01-14 13:59:00,PART_0237,ISSUE,1,24,23,WO_07616
TXN_009104,2024-05-05 10:43:00,PART_0138,RECEIPT,5,54,59,
TXN_009105,2024-07-01 16:38:00,PART_0216,RECEIPT,5,12,17,
TXN_009106,2025-07-14 10:23:00,PART_0196,ISSUE,2,11,9,WO_07400
TXN_009107,2025-01-12 05:40:00,PART_0204,RECEIPT,1,14,15,
TXN_009108,2025-05-27 10:05:00,PART_0234,ISSUE,1,22,21,WO_00236
TXN_009109,2025-06-10 07:24:00,PART_0287,RECEIPT,5,54,59,
TXN_009110,2024-02-08 02:42:00,PART_0029,ISSUE,2,53,51,WO_09562
TXN_009111,2025-01-30 06:27:00,PART_0035,ISSUE,7,34,27,WO_01012
TXN_009112,2025-06-18 23:20:00,PART_0021,RECEIPT,5,99,104,
TXN_009113,2024-01-18 02:45:00,PART_0267,ISSUE,1,36,35,WO_09994
TXN_009114,2024-07-04 13:14:00,PART_0086,RECEIPT,1,19,20,
TXN_009115,2024-07-05 22:25:00,PART_0247,ISSUE,6,37,31,WO_08848
TXN_009116,2024-05-07 05:40:00,PART_0224,RECEIPT,1,25,26,
TXN_009117,2024-06-17 11:55:00,PART_0017,RECEIPT,2,63,65,
TXN_009118,2024-05-30 05:28:00,PART_0014,ISSUE,2,16,14,WO_05775
TXN_009119,2024-12-08 19:25:00,PART_0234,ISSUE,2,21,19,WO_06140
TXN_009120,2024-07-08 10:19:00,PART_0050,RECEIPT,3,0,3,
TXN_009121,2024-01-14 21:31:00,PART_0110,ISSUE,3,3,0,WO_09447
TXN_009122,2025-06-14 17:39:00,PART_0216,RECEIPT,1,17,18,
TXN_009123,2024-04-27 22:03:00,PART_0011,ISSUE,6,22,16,WO_08152
TXN_009124,2024-04-19 08:43:00,PART_0090,ISSUE,6,21,15,WO_05616
TXN_009125,2024-05-13 08:41:00,PART_0125,ISSUE,7,10,3,WO_08222
TXN_009126,2024-06-26 03:57:00,PART_0085,RECEIPT,7,43,50,
TXN_009127,2025-06-29 20:12:00,PART_0008,RECEIPT,7,5,12,
TXN_009128,2024-01-30 00:41:00,PART_0160,RECEIPT,4,25,29,
TXN_009129,2024-02-09 04:52:00,PART_0040,RECEIPT,1,0,1,
TXN_009130,2025-09-07 10:32:00,PART_0209,RECEIPT,5,2,7,
TXN_009131,2024-11-08 03:40:00,PART_0018,ISSUE,1,0,0,WO_00113
TXN_009132,2025-01-17 04:37:00,PART_0153,RECEIPT,7,22,29,
TXN_009133,2025-01-20 17:58:00,PART_0192,ISSUE,1,26,25,WO_02649
TXN_009134,2024-06-09 17:23:00,PART_0241,RECEIPT,1,26,27,
TXN_009135,2024-06-26 22:44:00,PART_0268,ISSUE,1,0,0,WO_08740
TXN_009136,2024-04-23 09:19:00,PART_0112,RECEIPT,1,32,33,
TXN_009137,2025-01-17 20:14:00,PART_0159,ISSUE,1,1,0,WO_03763
TXN_009138,2025-08-25 01:56:00,PART_0169,RECEIPT,8,36,44,
TXN_009139,2025-01-30 05:09:00,PART_0272,RECEIPT,7,72,79,
TXN_009140,2025-07-16 13:30:00,PART_0074,ISSUE,2,4,2,WO_08461
TXN_009141,2024-08-14 15:03:00,PART_0129,ISSUE,8,66,58,WO_07650
TXN_009142,2025-04-17 18:01:00,PART_0075,RECEIPT,8,14,22,
TXN_009143,2024-10-21 14:53:00,PART_0028,RECEIPT,1,22,23,
TXN_009144,2025-02-19 06:02:00,PART_0160,ISSUE,4,29,25,WO_05647
TXN_009145,2025-08-10 05:57:00,PART_0051,RECEIPT,8,30,38,
TXN_009146,2025-07-22 14:14:00,PART_0187,RECEIPT,4,40,44,
TXN_009147,2025-01-09 20:21:00,PART_0028,RECEIPT,3,23,26,
TXN_009148,2024-02-10 21:22:00,PART_0150,ISSUE,2,2,0,WO_09113
TXN_009149,2025-06-18 09:46:00,PART_0182,RECEIPT,5,17,22,
TXN_009150,2024-12-23 08:42:00,PART_0168,RECEIPT,4,47,51,
TXN_009151,2025-06-18 05:46:00,PART_0300,ISSUE,7,32,25,WO_05191
TXN_009152,2025-06-15 16:40:00,PART_0242,RECEIPT,2,15,17,
TXN_009153,2024-06-26 01:35:00,PART_0257,ISSUE,8,26,18,WO_07380
TXN_009154,2025-05-12 04:30:00,PART_0062,ISSUE,2,37,35,WO_04265
TXN_009155,2024-08-23 00:07:00,PART_0097,ISSUE,3,35,32,WO_07747
TXN_009156,2024-02-28 01:27:00,PART_0118,ISSUE,1,35,34,WO_00634
TXN_009157,2024-01-02 18:26:00,PART_0088,ISSUE,8,9,1,WO_05086
TXN_009158,2025-08-26 23:52:00,PART_0216,RECEIPT,1,18,19,
TXN_009159,2024-06-19 23:36:00,PART_0297,ISSUE,1,21,20,WO_05727
TXN_009160,2024-07-13 12:40:00,PART_0178,RECEIPT,4,8,12,
TXN_009161,2024-08-28 13:17:00,PART_0046,RECEIPT,1,0,1,
TXN_009162,2024-10-24 18:47:00,PART_0269,ISSUE,6,13,7,WO_05938
TXN_009163,2025-05-18 18:32:00,PART_0118,RECEIPT,3,34,37,
TXN_009164,2025-05-20 07:19:00,PART_0101,ISSUE,2,35,33,WO_08418
TXN_009165,2024-09-11 15:06:00,PART_0178,ISSUE,2,12,10,WO_07038
TXN_009166,2025-09-03 05:47:00,PART_0010,ISSUE,1,0,0,WO_02228
TXN_009167,2024-04-19 15:27:00,PART_0262,ISSUE,5,55,50,WO_00281
TXN_009168,2025-09-04 15:31:00,PART_0047,RECEIPT,3,60,63,
TXN_009169,2025-01-27 04:16:00,PART_0091,ISSUE,4,26,22,WO_04273
TXN_009170,2025-07-01 12:35:00,PART_0202,ISSUE,6,67,61,WO_05595
TXN_009171,2025-02-14 21:38:00,PART_0190,ISSUE,6,17,11,WO_06350
TXN_009172,2024-11-26 11:28:00,PART_0110,RECEIPT,2,0,2,
TXN_009173,2024-06-23 23:05:00,PART_0298,RECEIPT,7,34,41,
TXN_009174,2024-10-04 09:03:00,PART_0184,ADJUSTMENT,4,47,43,
TXN_009175,2024-02-01 09:42:00,PART_0182,ISSUE,3,22,19,WO_06856
TXN_009176,2025-06-05 10:28:00,PART_0059,RECEIPT,7,12,19,
TXN_009177,2025-05-10 06:28:00,PART_0286,RECEIPT,7,5,12,
TXN_009178,2025-01-24 01:54:00,PART_0137,ISSUE,5,6,1,WO_02280
TXN_009179,2024-12-01 11:16:00,PART_0033,ISSUE,3,6,3,WO_05599
TXN_009180,2024-09-23 12:23:00,PART_0017,RECEIPT,5,65,70,
TXN_009181,2025-05-29 08:31:00,PART_0224,RECEIPT,8,26,34,
TXN_009182,2024-07-20 17:57:00,PART_0240,ISSUE,1,29,28,WO_01129
TXN_009183,2024-09-06 15:56:00,PART_0197,ISSUE,8,33,25,WO_01236
TXN_009184,2024-05-18 05:16:00,PART_0028,RECEIPT,6,26,32,
TXN_009185,2025-03-09 12:57:00,PART_0230,ISSUE,8,12,4,WO_09579
TXN_009186,2025-01-12 00:09:00,PART_0130,ISSUE,1,0,0,WO_00293
TXN_009187,2025-04-11 10:35:00,PART_0050,ISSUE,3,3,0,WO_09496
TXN_009188,2024-10-10 06:50:00,PART_0274,RECEIPT,8,3,11,
TXN_009189,2024-04-12 12:59:00,PART_0223,RECEIPT,3,0,3,
TXN_009190,2025-05-31 08:26:00,PART_0070,RECEIPT,7,7,14,
TXN_009191,2024-09-07 18:29:00,PART_0115,ISSUE,1,0,0,WO_06816
TXN_009192,2024-05-05 22:53:00,PART_0226,RECEIPT,6,36,42,
TXN_009193,2025-01-24 23:12:00,PART_0040,RECEIPT,3,1,4,
TXN_009194,2024-11-05 10:07:00,PART_0287,ISSUE,5,59,54,WO_03971
TXN_009195,2025-05-12 02:29:00,PART_0204,RECEIPT,4,15,19,
TXN_009196,2025-07-02 02:10:00,PART_0280,RECEIPT,7,39,46,
TXN_009197,2025-03-26 10:01:00,PART_0272,RECEIPT,4,79,83,
TXN_009198,2024-04-03 09:39:00,PART_0242,RECEIPT,3,17,20,
TXN_009199,2024-06-08 13:19:00,PART_0156,RECEIPT,6,0,6,
TXN_009200,2024-08-23 01:55:00,PART_0051,ISSUE,8,38,30,WO_03530
TXN_009201,2025-03-12 03:47:00,PART_0146,ISSUE,4,4,0,WO_02975
TXN_009202,2025-04-03 05:56:00,PART_0189,ISSUE,3,3,0,WO_04271
TXN_009203,2024-11-06 03:35:00,PART_0280,ISSUE,6,46,40,WO_06070
TXN_009204,2024-01-21 13:57:00,PART_0184,RECEIPT,2,43,45,
TXN_009205,2025-06-11 03:26:00,PART_0078,ISSUE,1,21,20,WO_05685
TXN_009206,2025-07-28 13:48:00,PART_0051,ISSUE,1,30,29,WO_08084
TXN_009207,2024-03-14 22:18:00,PART_0093,ISSUE,6,18,12,WO_09649
TXN_009208,2025-01-03 04:49:00,PART_0001,ISSUE,4,14,10,WO_02976
TXN_009209,2025-02-27 02:07:00,PART_0221,ISSUE,4,16,12,WO_07044
TXN_009210,2024-08-12 21:18:00,PART_0288,RECEIPT,3,0,3,
TXN_009211,2024-11-19 07:12:00,PART_0078,ISSUE,6,20,14,WO_02585
TXN_009212,2025-01-21 08:17:00,PART_0133,ISSUE,8,29,21,WO_07450
TXN_009213,2025-02-08 07:08:00,PART_0185,RECEIPT,3,61,64,
TXN_009214,2025-06-28 08:28:00,PART_0082,ISSUE,7,22,15,WO_06598
TXN_009215,2025-01-03 06:12:00,PART_0240,ISSUE,1,28,27,WO_08674
TXN_009216,2025-08-14 03:46:00,PART_0155,ISSUE,8,11,3,WO_07831
TXN_009217,2024-05-01 17:04:00,PART_0114,ISSUE,1,15,14,WO_03957
TXN_009218,2024-04-29 18:00:00,PART_0094,ISSUE,6,25,19,WO_04946
TXN_009219,2025-03-31 07:20:00,PART_0089,ISSUE,6,21,15,WO_03036
TXN_009220,2024-07-16 06:24:00,PART_0049,ISSUE,3,3,0,WO_07845
TXN_009221,2024-08-21 14:50:00,PART_0033,RECEIPT,2,3,5,
TXN_009222,2025-02-16 17:22:00,PART_0111,ISSUE,3,8,5,WO_09161
TXN_009223,2025-08-10 13:38:00,PART_0142,ISSUE,2,5,3,WO_09808
TXN_009224,2025-01-12 06:18:00,PART_0266,ISSUE,6,34,28,WO_09199
TXN_009225,2024-01-11 02:25:00,PART_0182,ISSUE,2,19,17,WO_04301
TXN_009226,2025-09-09 05:20:00,PART_0220,RECEIPT,6,22,28,
TXN_009227,2024-07-04 06:38:00,PART_0257,ADJUSTMENT,4,18,14,
TXN_009228,2025-06-18 18:26:00,PART_0280,RECEIPT,6,40,46,
TXN_009229,2024-11-03 07:03:00,PART_0170,ISSUE,5,10,5,WO_06367
TXN_009230,2025-07-01 08:59:00,PART_0162,RECEIPT,4,8,12,
TXN_009231,2025-08-08 00:56:00,PART_0298,RECEIPT,5,41,46,
TXN_009232,2024-04-09 12:55:00,PART_0215,RECEIPT,3,2,5,
TXN_009233,2024-06-07 05:26:00,PART_0254,ISSUE,3,59,56,WO_03126
TXN_009234,2025-06-08 23:32:00,PART_0016,RECEIPT,7,1,8,
TXN_009235,2024-01-27 08:10:00,PART_0086,ISSUE,1,20,19,WO_01367
TXN_009236,2024-12-13 23:05:00,PART_0205,ISSUE,3,34,31,WO_03386
TXN_009237,2024-07-28 11:09:00,PART_0106,RECEIPT,2,11,13,
TXN_009238,2024-07-07 21:36:00,PART_0287,ISSUE,1,54,53,WO_01720
TXN_009239,2024-07-05 23:18:00,PART_0032,ISSUE,4,16,12,WO_01852
TXN_009240,2024-06-14 05:53:00,PART_0239,RECEIPT,5,76,81,
TXN_009241,2024-09-26 15:37:00,PART_0236,ISSUE,2,2,0,WO_02168
TXN_009242,2025-07-19 18:02:00,PART_0287,RECEIPT,4,53,57,
TXN_009243,2024-01-19 23:27:00,PART_0100,RECEIPT,4,41,45,
TXN_009244,2024-09-03 22:32:00,PART_0107,ISSUE,5,14,9,WO_08988
TXN_009245,2025-03-25 12:43:00,PART_0048,ISSUE,1,35,34,WO_09355
TXN_009246,2025-07-13 02:44:00,PART_0092,ISSUE,5,30,25,WO_00197
TXN_009247,2025-05-20 20:45:00,PART_0021,ISSUE,8,104,96,WO_07314
TXN_009248,2024-07-03 04:46:00,PART_0018,ISSUE,1,0,0,WO_09695
TXN_009249,2024-09-19 14:14:00,PART_0196,ISSUE,8,9,1,WO_06199
TXN_009250,2025-06-13 02:08:00,PART_0293,ISSUE,6,8,2,WO_03474
TXN_009251,2024-08-09 15:05:00,PART_0045,ISSUE,1,0,0,WO_02289
TXN_009252,2025-05-26 01:52:00,PART_0161,ISSUE,1,0,0,WO_04707
TXN_009253,2024-01-12 03:18:00,PART_0058,RECEIPT,2,0,2,
TXN_009254,2024-02-23 00:18:00,PART_0174,ISSUE,1,4,3,WO_00878
TXN_009255,2024-09-08 08:33:00,PART_0175,RECEIPT,2,71,73,
TXN_009256,2024-05-31 11:21:00,PART_0027,RECEIPT,8,24,32,
TXN_009257,2024-01-24 22:57:00,PART_0082,RECEIPT,4,15,19,
TXN_009258,2025-08-12 05:58:00,PART_0271,ISSUE,2,2,0,WO_03340
TXN_009259,2024-08-19 23:33:00,PART_0007,ISSUE,4,6,2,WO_01280
TXN_009260,2024-11-23 07:59:00,PART_0093,ISSUE,8,12,4,WO_07436
TXN_009261,2025-08-25 21:34:00,PART_0167,ISSUE,6,30,24,WO_01344
TXN_009262,2024-05-23 06:00:00,PART_0293,RECEIPT,3,2,5,
TXN_009263,2025-01-21 02:38:00,PART_0130,RECEIPT,5,0,5,
TXN_009264,2025-06-16 12:37:00,PART_0021,RECEIPT,8,96,104,
TXN_009265,2025-06-01 05:10:00,PART_0233,ISSUE,5,6,1,WO_03597
TXN_009266,2024-08-06 15:20:00,PART_0169,RECEIPT,5,44,49,
TXN_009267,2025-06-07 04:08:00,PART_0218,RECEIPT,8,2,10,
TXN_009268,2025-03-28 14:48:00,PART_0198,ISSUE,2,29,27,WO_02263
TXN_009269,2025-03-14 21:09:00,PART_0142,RECEIPT,7,3,10,
TXN_009270,2024-04-15 12:30:00,PART_0084,ISSUE,1,0,0,WO_02967
TXN_009271,2025-03-03 09:52:00,PART_0152,ADJUSTMENT,3,0,3,
TXN_009272,2024-04-21 15:27:00,PART_0237,ISSUE,2,23,21,WO_03763
TXN_009273,2024-06-14 14:37:00,PART_0105,ISSUE,3,65,62,WO_03611
TXN_009274,2024-01-22 18:34:00,PART_0173,RECEIPT,2,1,3,
TXN_009275,2024-07-03 05:18:00,PART_0111,RECEIPT,4,5,9,
TXN_009276,2025-01-20 03:52:00,PART_0067,ISSUE,3,19,16,WO_01820
TXN_009277,2025-04-07 09:12:00,PART_0004,ISSUE,2,47,45,WO_04644
TXN_009278,2024-03-11 09:54:00,PART_0041,ISSUE,7,54,47,WO_00621
TXN_009279,2024-12-09 10:13:00,PART_0169,ISSUE,2,49,47,WO_00953
TXN_009280,2024-04-05 10:01:00,PART_0262,RECEIPT,8,50,58,
TXN_009281,2024-11-06 21:53:00,PART_0120,ISSUE,1,0,0,WO_05516
TXN_009282,2024-11-16 18:47:00,PART_0255,ISSUE,5,23,18,WO_04771
TXN_009283,2024-01-22 16:22:00,PART_0230,RECEIPT,4,4,8,
TXN_009284,2024-04-08 02:36:00,PART_0160,RECEIPT,3,25,28,
TXN_009285,2024-09-17 22:20:00,PART_0108,RECEIPT,4,0,4,
TXN_009286,2024-01-27 14:28:00,PART_0036,ISSUE,1,0,0,WO_07490
TXN_009287,2025-06-30 18:16:00,PART_0033,RECEIPT,8,5,13,
TXN_009288,2025-08-11 21:51:00,PART_0091,RECEIPT,2,22,24,
TXN_009289,2024-01-03 03:03:00,PART_0024,ISSUE,6,6,0,WO_02131
TXN_009290,2024-07-08 02:40:00,PART_0229,RECEIPT,7,16,23,
TXN_009291,2025-01-09 15:47:00,PART_0280,ADJUSTMENT,5,46,51,
TXN_009292,2024-02-27 04:34:00,PART_0011,RECEIPT,4,16,20,
TXN_009293,2024-03-15 06:35:00,PART_0067,RECEIPT,7,16,23,
TXN_009294,2024-11-17 17:40:00,PART_0204,RECEIPT,5,19,24,
TXN_009295,2025-09-06 10:55:00,PART_0267,ISSUE,1,35,34,WO_05578
TXN_009296,2024-05-22 23:07:00,PART_0022,RECEIPT,5,37,42,
TXN_009297,2024-06-07 00:55:00,PART_0181,ISSUE,5,38,33,WO_04367
TXN_009298,2024-03-15 07:16:00,PART_0010,ISSUE,1,0,0,WO_06149
TXN_009299,2025-03-01 05:27:00,PART_0026,RECEIPT,5,2,7,
TXN_009300,2025-07-31 18:33:00,PART_0214,ISSUE,7,7,0,WO_07455
TXN_009301,2025-02-04 04:23:00,PART_0219,RECEIPT,7,11,18,
TXN_009302,2024-08-10 05:57:00,PART_0254,ISSUE,7,56,49,WO_07886
TXN_009303,2024-01-23 06:33:00,PART_0070,ISSUE,4,14,10,WO_01046
TXN_009304,2025-07-09 13:46:00,PART_0171,ISSUE,1,26,25,WO_06632
TXN_009305,2025-07-23 07:43:00,PART_0111,ISSUE,3,9,6,WO_05881
TXN_009306,2024-12-28 03:06:00,PART_0282,ISSUE,7,68,61,WO_02810
TXN_009307,2025-01-26 10:37:00,PART_0213,ISSUE,5,7,2,WO_06855
TXN_009308,2025-03-03 15:49:00,PART_0247,RECEIPT,8,31,39,
TXN_009309,2025-06-24 05:18:00,PART_0257,ISSUE,7,14,7,WO_08923
TXN_009310,2024-01-24 02:51:00,PART_0256,ISSUE,5,34,29,WO_08468
TXN_009311,2025-04-05 11:38:00,PART_0027,ISSUE,5,32,27,WO_09745
TXN_009312,2025-09-02 10:11:00,PART_0040,ISSUE,1,4,3,WO_09255
TXN_009313,2024-07-21 09:21:00,PART_0085,RECEIPT,6,50,56,
TXN_009314,2025-04-26 13:56:00,PART_0165,ISSUE,3,28,25,WO_05035
TXN_009315,2024-01-31 16:51:00,PART_0241,ISSUE,2,27,25,WO_03019
TXN_009316,2025-04-18 06:25:00,PART_0123,ISSUE,5,28,23,WO_06527
TXN_009317,2025-07-31 04:09:00,PART_0128,RECEIPT,7,4,11,
TXN_009318,2025-05-31 01:36:00,PART_0003,RECEIPT,2,6,8,
TXN_009319,2025-01-14 22:14:00,PART_0189,ADJUSTMENT,2,0,0,
TXN_009320,2025-05-23 17:47:00,PART_0178,RECEIPT,1,10,11,
TXN_009321,2025-07-29 02:07:00,PART_0140,ISSUE,4,9,5,WO_07518
TXN_009322,2025-02-10 00:09:00,PART_0297,ISSUE,2,20,18,WO_05916
TXN_009323,2025-07-06 14:20:00,PART_0086,ISSUE,1,19,18,WO_07120
TXN_009324,2024-05-02 00:32:00,PART_0139,ISSUE,1,17,16,WO_03316
TXN_009325,2024-01-09 04:56:00,PART_0217,ISSUE,7,52,45,WO_05595
TXN_009326,2025-06-07 15:31:00,PART_0063,ISSUE,1,1,0,WO_00238
TXN_009327,2024-03-24 04:45:00,PART_0112,ISSUE,5,33,28,WO_04998
TXN_009328,2024-02-16 01:25:00,PART_0146,RECEIPT,2,0,2,
TXN_009329,2024-08-23 03:12:00,PART_0194,ISSUE,8,41,33,WO_04772
TXN_009330,2024-02-12 05:31:00,PART_0100,RECEIPT,7,45,52,
TXN_009331,2024-04-20 03:08:00,PART_0300,RECEIPT,8,25,33,
TXN_009332,2024-02-03 03:29:00,PART_0132,RECEIPT,4,5,9,
TXN_009333,2025-08-15 14:59:00,PART_0026,ADJUSTMENT,3,7,4,
TXN_009334,2024-05-08 17:07:00,PART_0017,RECEIPT,4,70,74,
TXN_009335,2024-08-12 05:09:00,PART_0049,RECEIPT,7,0,7,
TXN_009336,2024-01-16 00:10:00,PART_0131,ISSUE,6,21,15,WO_06744
TXN_009337,2024-09-05 01:39:00,PART_0172,RECEIPT,1,24,25,
TXN_009338,2024-04-07 18:09:00,PART_0147,RECEIPT,8,18,26,
TXN_009339,2025-02-24 19:44:00,PART_0156,ISSUE,1,6,5,WO_08278
TXN_009340,2025-08-25 14:54:00,PART_0248,RECEIPT,6,20,26,
TXN_009341,2025-09-05 03:50:00,PART_0013,RECEIPT,8,48,56,
TXN_009342,2024-02-26 15:37:00,PART_0198,RECEIPT,7,27,34,
TXN_009343,2025-06-17 02:52:00,PART_0271,ISSUE,1,0,0,WO_06274
TXN_009344,2024-10-10 00:53:00,PART_0011,ISSUE,3,20,17,WO_08387
TXN_009345,2024-09-19 07:42:00,PART_0141,ISSUE,1,0,0,WO_07532
TXN_009346,2024-03-24 14:06:00,PART_0152,ISSUE,3,3,0,WO_08974
TXN_009347,2024-09-02 18:55:00,PART_0129,ISSUE,7,58,51,WO_02882
TXN_009348,2025-04-17 14:21:00,PART_0160,RECEIPT,7,28,35,
TXN_009349,2024-01-30 17:27:00,PART_0126,ISSUE,6,6,0,WO_02757
TXN_009350,2024-11-21 06:57:00,PART_0134,ISSUE,4,23,19,WO_00333
TXN_009351,2024-05-07 14:29:00,PART_0002,RECEIPT,2,17,19,
TXN_009352,2024-08-31 07:51:00,PART_0151,RECEIPT,8,26,34,
TXN_009353,2025-01-09 07:19:00,PART_0159,ISSUE,1,0,0,WO_03553
TXN_009354,2024-02-12 19:42:00,PART_0260,RECEIPT,2,0,2,
TXN_009355,2024-12-04 17:02:00,PART_0179,ISSUE,4,4,0,WO_08776
TXN_009356,2024-07-07 09:12:00,PART_0040,ISSUE,2,3,1,WO_01583
TXN_009357,2024-05-18 12:30:00,PART_0255,RECEIPT,8,18,26,
TXN_009358,2024-04-11 07:17:00,PART_0054,ISSUE,3,63,60,WO_04495
TXN_009359,2024-06-21 04:56:00,PART_0100,ISSUE,3,52,49,WO_01256
TXN_009360,2024-09-06 11:47:00,PART_0283,RECEIPT,6,14,20,
TXN_009361,2024-07-02 18:09:00,PART_0230,ISSUE,6,8,2,WO_07857
TXN_009362,2025-09-01 13:04:00,PART_0135,ISSUE,6,6,0,WO_02046
TXN_009363,2025-08-21 00:55:00,PART_0027,ISSUE,8,27,19,WO_06781
TXN_009364,2024-11-20 03:11:00,PART_0249,ISSUE,6,11,5,WO_01570
TXN_009365,2025-03-05 09:23:00,PART_0286,RECEIPT,5,12,17,
TXN_009366,2025-01-10 01:41:00,PART_0130,ISSUE,5,5,0,WO_00883
TXN_009367,2025-05-21 23:08:00,PART_0028,ISSUE,8,32,24,WO_00603
TXN_009368,2025-06-22 17:00:00,PART_0126,ISSUE,1,0,0,WO_07948
TXN_009369,2025-01-05 16:55:00,PART_0103,ISSUE,5,11,6,WO_04195
TXN_009370,2024-03-08 14:13:00,PART_0117,ISSUE,1,0,0,WO_02830
TXN_009371,2024-01-28 00:20:00,PART_0300,ISSUE,7,33,26,WO_06057
TXN_009372,2024-08-21 19:43:00,PART_0069,RECEIPT,3,18,21,
TXN_009373,2025-01-06 05:25:00,PART_0139,ADJUSTMENT,5,16,21,
TXN_009374,2025-07-11 00:38:00,PART_0179,ADJUSTMENT,8,0,8,
TXN_009375,2025-07-14 08:14:00,PART_0135,RECEIPT,2,0,2,
TXN_009376,2024-12-26 09:15:00,PART_0044,ISSUE,3,52,49,WO_08830
TXN_009377,2024-12-21 02:04:00,PART_0080,RECEIPT,1,25,26,
TXN_009378,2024-11-23 10:19:00,PART_0158,RECEIPT,6,11,17,
TXN_009379,2024-03-30 00:52:00,PART_0270,ISSUE,1,13,12,WO_02269
TXN_009380,2024-02-21 20:14:00,PART_0125,ISSUE,2,3,1,WO_04472
TXN_009381,2025-02-12 19:41:00,PART_0299,ISSUE,3,16,13,WO_03125
TXN_009382,2024-10-31 17:02:00,PART_0110,RECEIPT,7,2,9,
TXN_009383,2024-01-08 14:22:00,PART_0196,ISSUE,1,1,0,WO_05099
TXN_009384,2024-09-30 20:24:00,PART_0185,ISSUE,8,64,56,WO_06682
TXN_009385,2024-01-21 00:38:00,PART_0114,ISSUE,8,14,6,WO_09341
TXN_009386,2024-11-12 18:12:00,PART_0075,ISSUE,8,22,14,WO_09429
TXN_009387,2024-05-26 22:05:00,PART_0109,ISSUE,3,23,20,WO_04072
TXN_009388,2024-03-19 02:27:00,PART_0131,RECEIPT,1,15,16,
TXN_009389,2024-12-29 19:07:00,PART_0166,ISSUE,1,0,0,WO_06920
TXN_009390,2025-07-11 20:40:00,PART_0026,RECEIPT,2,4,6,
TXN_009391,2025-07-14 12:25:00,PART_0256,RECEIPT,1,29,30,
TXN_009392,2024-10-25 11:24:00,PART_0163,ISSUE,4,9,5,WO_00709
TXN_009393,2024-01-21 12:57:00,PART_0029,RECEIPT,1,51,52,
TXN_009394,2025-02-21 16:05:00,PART_0244,ISSUE,1,57,56,WO_02571
TXN_009395,2024-08-07 06:56:00,PART_0113,RECEIPT,2,50,52,
TXN_009396,2025-08-26 17:10:00,PART_0218,ISSUE,4,10,6,WO_05253
TXN_009397,2024-12-19 03:24:00,PART_0250,ISSUE,1,0,0,WO_09542
TXN_009398,2024-09-14 11:18:00,PART_0091,RECEIPT,2,24,26,
TXN_009399,2024-06-12 00:43:00,PART_0289,RECEIPT,4,25,29,
TXN_009400,2024-07-30 02:45:00,PART_0021,RECEIPT,6,104,110,
TXN_009401,2025-06-18 14:38:00,PART_0284,ADJUSTMENT,3,0,0,
TXN_009402,2025-03-22 00:36:00,PART_0067,RECEIPT,7,23,30,
TXN_009403,2024-07-19 00:12:00,PART_0233,ISSUE,1,1,0,WO_03474
TXN_009404,2024-05-08 19:31:00,PART_0027,RECEIPT,3,19,22,
TXN_009405,2024-11-30 20:03:00,PART_0199,RECEIPT,1,1,2,
TXN_009406,2024-10-18 00:20:00,PART_0290,ISSUE,1,32,31,WO_07004
TXN_009407,2024-06-12 06:25:00,PART_0233,ADJUSTMENT,4,0,0,
TXN_009408,2025-06-22 01:36:00,PART_0076,ISSUE,1,42,41,WO_02274
TXN_009409,2024-10-20 06:59:00,PART_0065,ISSUE,7,12,5,WO_06145
TXN_009410,2024-12-01 16:36:00,PART_0090,ISSUE,8,15,7,WO_01362
TXN_009411,2025-05-06 19:45:00,PART_0007,RECEIPT,6,2,8,
TXN_009412,2025-05-30 16:54:00,PART_0243,ISSUE,7,33,26,WO_00939
TXN_009413,2024-11-05 03:50:00,PART_0118,ISSUE,8,37,29,WO_01691
TXN_009414,2024-02-10 22:19:00,PART_0069,ISSUE,6,21,15,WO_02102
TXN_009415,2025-07-15 09:42:00,PART_0034,ISSUE,1,0,0,WO_00644
TXN_009416,2024-08-16 14:52:00,PART_0063,ISSUE,1,0,0,WO_00732
TXN_009417,2025-06-17 14:47:00,PART_0133,ISSUE,6,21,15,WO_05497
TXN_009418,2025-03-21 16:42:00,PART_0259,RECEIPT,6,1,7,
TXN_009419,2024-01-21 07:14:00,PART_0015,ISSUE,2,11,9,WO_02944
TXN_009420,2025-08-19 16:29:00,PART_0013,ISSUE,2,56,54,WO_05139
TXN_009421,2024-12-26 12:03:00,PART_0230,RECEIPT,4,2,6,
TXN_009422,2025-07-20 18:16:00,PART_0272,ISSUE,2,83,81,WO_06304
TXN_009423,2024-04-06 19:44:00,PART_0252,RECEIPT,1,21,22,
TXN_009424,2025-08-22 04:09:00,PART_0045,RECEIPT,8,0,8,
TXN_009425,2025-01-29 18:11:00,PART_0270,ISSUE,2,12,10,WO_07827
TXN_009426,2025-05-15 09:54:00,PART_0216,RECEIPT,5,19,24,
TXN_009427,2025-04-05 10:33:00,PART_0200,RECEIPT,2,4,6,
TXN_009428,2024-12-16 04:40:00,PART_0119,ISSUE,1,0,0,WO_03213
TXN_009429,2025-05-21 01:59:00,PART_0035,ISSUE,7,27,20,WO_02654
TXN_009430,2025-09-07 08:18:00,PART_0169,ISSUE,4,47,43,WO_07858
TXN_009431,2024-08-01 02:25:00,PART_0198,ISSUE,8,34,26,WO_08970
TXN_009432,2024-10-01 06:00:00,PART_0162,ISSUE,3,12,9,WO_01422
TXN_009433,2024-03-11 11:29:00,PART_0009,ISSUE,6,44,38,WO_02289
TXN_009434,2025-04-30 09:50:00,PART_0056,ISSUE,2,40,38,WO_05516
TXN_009435,2024-04-30 18:06:00,PART_0266,ISSUE,3,28,25,WO_09588
TXN_009436,2025-04-17 17:08:00,PART_0164,ISSUE,1,0,0,WO_08796
TXN_009437,2024-06-04 23:47:00,PART_0255,RECEIPT,3,26,29,
TXN_009438,2024-04-05 17:14:00,PART_0083,ISSUE,7,20,13,WO_00487
TXN_009439,2025-04-04 02:31:00,PART_0204,RECEIPT,8,24,32,
TXN_009440,2025-05-21 06:05:00,PART_0272,ISSUE,3,81,78,WO_07648
TXN_009441,2024-01-25 17:53:00,PART_0001,ISSUE,1,10,9,WO_04523
TXN_009442,2025-02-03 01:06:00,PART_0072,RECEIPT,1,14,15,
TXN_009443,2024-10-30 05:00:00,PART_0015,ISSUE,3,9,6,WO_00307
TXN_009444,2024-08-09 12:15:00,PART_0235,ISSUE,5,36,31,WO_02729
TXN_009445,2024-09-02 06:22:00,PART_0083,RECEIPT,8,13,21,
TXN_009446,2025-06-10 09:01:00,PART_0294,ISSUE,2,21,19,WO_02529
TXN_009447,2024-12-13 03:14:00,PART_0090,RECEIPT,4,7,11,
TXN_009448,2025-01-24 11:25:00,PART_0099,RECEIPT,3,41,44,
TXN_009449,2024-07-09 12:17:00,PART_0202,ISSUE,8,61,53,WO_09081
TXN_009450,2024-03-09 04:40:00,PART_0017,ISSUE,3,74,71,WO_00458
TXN_009451,2025-01-28 07:53:00,PART_0125,RECEIPT,4,1,5,
TXN_009452,2025-04-26 01:56:00,PART_0300,RECEIPT,7,26,33,
TXN_009453,2025-05-07 10:24:00,PART_0021,ISSUE,1,110,109,WO_08486
TXN_009454,2024-11-16 04:39:00,PART_0134,RECEIPT,6,19,25,
TXN_009455,2024-10-19 01:37:00,PART_0004,ISSUE,8,45,37,WO_03680
TXN_009456,2025-03-09 11:12:00,PART_0051,ISSUE,8,29,21,WO_09398
TXN_009457,2024-09-26 16:41:00,PART_0205,RECEIPT,6,31,37,
TXN_009458,2025-01-31 08:28:00,PART_0097,RECEIPT,1,32,33,
TXN_009459,2025-02-12 05:18:00,PART_0157,ISSUE,1,17,16,WO_00074
TXN_009460,2024-03-29 06:03:00,PART_0076,RECEIPT,4,41,45,
TXN_009461,2025-01-29 13:56:00,PART_0147,ISSUE,3,26,23,WO_08239
TXN_009462,2025-08-11 02:39:00,PART_0061,ISSUE,4,9,5,WO_06023
TXN_009463,2024-12-23 06:50:00,PART_0197,ISSUE,6,25,19,WO_03932
TXN_009464,2024-12-08 12:32:00,PART_0172,ISSUE,4,25,21,WO_00751
TXN_009465,2024-11-10 02:28:00,PART_0262,ISSUE,3,58,55,WO_03243
TXN_009466,2024-08-13 06:21:00,PART_0249,RECEIPT,5,5,10,
TXN_009467,2024-09-10 07:28:00,PART_0110,ADJUSTMENT,4,9,5,
TXN_009468,2024-11-16 06:34:00,PART_0196,ISSUE,1,0,0,WO_01491
TXN_009469,2024-07-07 08:06:00,PART_0045,RECEIPT,8,8,16,
TXN_009470,2024-02-01 06:44:00,PART_0043,RECEIPT,6,21,27,
TXN_009471,2025-07-17 19:59:00,PART_0068,ISSUE,5,5,0,WO_05150
TXN_009472,2024-07-30 00:10:00,PART_0060,ISSUE,1,0,0,WO_00663
TXN_009473,2025-09-07 05:48:00,PART_0142,ISSUE,3,10,7,WO_05124
TXN_009474,2025-03-09 09:28:00,PART_0148,ISSUE,4,51,47,WO_01925
TXN_009475,2024-05-20 15:44:00,PART_0160,RECEIPT,5,35,40,
TXN_009476,2025-01-19 14:18:00,PART_0149,RECEIPT,1,18,19,
TXN_009477,2025-03-24 04:39:00,PART_0260,ISSUE,2,2,0,WO_05533
TXN_009478,2024-07-25 16:24:00,PART_0153,ISSUE,7,29,22,WO_07331
TXN_009479,2024-11-23 23:02:00,PART_0101,ISSUE,6,33,27,WO_00696
TXN_009480,2024-01-16 20:21:00,PART_0159,ISSUE,1,0,0,WO_02153
TXN_009481,2024-03-01 16:03:00,PART_0154,ADJUSTMENT,1,43,42,
TXN_009482,2024-02-04 16:31:00,PART_0237,ISSUE,5,21,16,WO_02065
TXN_009483,2024-11-19 06:46:00,PART_0195,RECEIPT,3,14,17,
TXN_009484,2025-01-27 19:58:00,PART_0124,RECEIPT,1,0,1,
TXN_009485,2025-03-03 10:24:00,PART_0007,ISSUE,7,8,1,WO_06794
TXN_009486,2025-01-18 22:01:00,PART_0261,RECEIPT,8,47,55,
TXN_009487,2024-10-11 17:26:00,PART_0174,ISSUE,3,3,0,WO_00585
TXN_009488,2024-02-15 00:53:00,PART_0279,ISSUE,5,34,29,WO_09357
TXN_009489,2025-05-12 06:40:00,PART_0191,ISSUE,4,7,3,WO_04030
TXN_009490,2025-05-08 22:53:00,PART_0221,ISSUE,5,12,7,WO_00722
TXN_009491,2025-01-09 21:13:00,PART_0048,ISSUE,8,34,26,WO_05997
TXN_009492,2025-06-10 18:10:00,PART_0298,ISSUE,3,46,43,WO_04452
TXN_009493,2024-01-20 13:07:00,PART_0246,ISSUE,7,27,20,WO_03657
TXN_009494,2024-10-29 16:51:00,PART_0168,ISSUE,7,51,44,WO_03264
TXN_009495,2025-01-04 04:01:00,PART_0040,ISSUE,1,1,0,WO_09505
TXN_009496,2024-02-14 12:53:00,PART_0212,ISSUE,1,0,0,WO_03350
TXN_009497,2025-04-27 16:25:00,PART_0025,ISSUE,6,40,34,WO_04929
TXN_009498,2024-12-21 15:22:00,PART_0141,RECEIPT,1,0,1,
TXN_009499,2024-07-06 20:21:00,PART_0291,RECEIPT,4,79,83,
TXN_009500,2024-01-07 13:07:00,PART_0021,ISSUE,5,109,104,WO_04513
TXN_009501,2025-04-01 04:54:00,PART_0190,ISSUE,6,11,5,WO_04378
TXN_009502,2024-01-12 18:16:00,PART_0055,ISSUE,4,36,32,WO_02823
TXN_009503,2024-10-01 17:42:00,PART_0177,RECEIPT,8,0,8,
TXN_009504,2024-08-26 00:57:00,PART_0085,RECEIPT,3,56,59,
TXN_009505,2024-08-07 08:21:00,PART_0252,RECEIPT,1,22,23,
TXN_009506,2024-04-11 10:19:00,PART_0010,ISSUE,1,0,0,WO_07484
TXN_009507,2025-06-04 05:48:00,PART_0121,RECEIPT,1,20,21,
TXN_009508,2024-07-22 22:52:00,PART_0159,RECEIPT,5,0,5,
TXN_009509,2025-05-03 16:21:00,PART_0236,ISSUE,1,0,0,WO_04661
TXN_009510,2024-03-16 08:51:00,PART_0231,ISSUE,1,0,0,WO_04601
TXN_009511,2024-02-20 21:29:00,PART_0011,RECEIPT,8,17,25,
TXN_009512,2024-02-23 23:43:00,PART_0044,RECEIPT,8,49,57,
TXN_009513,2025-06-23 10:44:00,PART_0002,RECEIPT,8,19,27,
TXN_009514,2024-11-08 22:44:00,PART_0079,ADJUSTMENT,8,10,2,
TXN_009515,2025-07-12 10:54:00,PART_0214,ISSUE,1,0,0,WO_06460
TXN_009516,2024-09-14 18:50:00,PART_0197,ISSUE,4,19,15,WO_04770
TXN_009517,2024-09-15 20:30:00,PART_0059,ISSUE,7,19,12,WO_05186
TXN_009518,2024-07-17 03:04:00,PART_0085,RECEIPT,6,59,65,
TXN_009519,2024-11-28 10:27:00,PART_0155,ISSUE,3,3,0,WO_00155
TXN_009520,2024-11-01 23:08:00,PART_0151,ISSUE,3,34,31,WO_01928
TXN_009521,2025-03-18 05:35:00,PART_0090,RECEIPT,3,11,14,
TXN_009522,2025-06-14 19:24:00,PART_0091,ISSUE,7,26,19,WO_00567
TXN_009523,2024-10-09 12:06:00,PART_0193,ISSUE,7,7,0,WO_03271
TXN_009524,2025-05-24 19:17:00,PART_0230,RECEIPT,7,6,13,
TXN_009525,2025-01-17 19:38:00,PART_0229,ISSUE,3,23,20,WO_02359
TXN_009526,2024-08-02 05:16:00,PART_0171,RECEIPT,3,25,28,
TXN_009527,2025-05-14 10:41:00,PART_0126,ISSUE,1,0,0,WO_04101
TXN_009528,2025-05-15 06:52:00,PART_0013,RECEIPT,5,54,59,
TXN_009529,2025-08-30 12:12:00,PART_0103,RECEIPT,1,6,7,
TXN_009530,2024-11-27 12:57:00,PART_0050,RECEIPT,8,0,8,
TXN_009531,2024-11-20 07:16:00,PART_0291,ISSUE,5,83,78,WO_05100
TXN_009532,2024-08-02 06:06:00,PART_0030,ISSUE,5,11,6,WO_05302
TXN_009533,2024-01-22 00:09:00,PART_0104,ISSUE,6,20,14,WO_06777
TXN_009534,2024-05-25 22:07:00,PART_0185,RECEIPT,3,56,59,
TXN_009535,2024-12-22 10:51:00,PART_0011,ISSUE,3,25,22,WO_03106
TXN_009536,2024-12-17 00:22:00,PART_0031,ISSUE,4,4,0,WO_03192
TXN_009537,2024-01-09 10:09:00,PART_0265,RECEIPT,4,10,14,
TXN_009538,2024-08-29 04:10:00,PART_0184,RECEIPT,2,45,47,
TXN_009539,2024-01-19 18:57:00,PART_0111,ISSUE,2,6,4,WO_08635
TXN_009540,2025-01-30 11:11:00,PART_0218,ISSUE,3,6,3,WO_04564
TXN_009541,2024-08-24 20:46:00,PART_0205,ISSUE,2,37,35,WO_01366
TXN_009542,2025-07-17 15:45:00,PART_0260,ISSUE,1,0,0,WO_00173
TXN_009543,2025-01-02 02:14:00,PART_0293,ISSUE,4,5,1,WO_00341
TXN_009544,2024-04-13 19:01:00,PART_0275,ISSUE,2,28,26,WO_06972
TXN_009545,2025-09-13 04:49:00,PART_0198,ISSUE,5,26,21,WO_05201
TXN_009546,2024-10-16 16:20:00,PART_0136,ISSUE,5,5,0,WO_02447
TXN_009547,2024-08-29 21:19:00,PART_0151,ISSUE,7,31,24,WO_02064
TXN_009548,2025-07-26 19:28:00,PART_0248,ISSUE,8,26,18,WO_07295
TXN_009549,2024-06-11 11:35:00,PART_0116,ISSUE,2,2,0,WO_02183
TXN_009550,2024-06-26 20:20:00,PART_0169,ISSUE,5,43,38,WO_02757
TXN_009551,2025-01-27 07:49:00,PART_0222,ISSUE,1,16,15,WO_01339
TXN_009552,2024-12-15 07:29:00,PART_0050,ISSUE,4,8,4,WO_08057
TXN_009553,2025-04-18 14:31:00,PART_0133,ISSUE,1,15,14,WO_06537
TXN_009554,2024-09-23 21:10:00,PART_0188,ISSUE,6,16,10,WO_04872
TXN_009555,2024-01-23 13:29:00,PART_0221,RECEIPT,2,7,9,
TXN_009556,2025-08-15 03:23:00,PART_0225,ISSUE,3,29,26,WO_02431
TXN_009557,2025-08-29 05:23:00,PART_0264,RECEIPT,3,37,40,
TXN_009558,2025-01-28 21:49:00,PART_0141,ISSUE,1,1,0,WO_09097
TXN_009559,2025-04-30 08:56:00,PART_0115,ISSUE,1,0,0,WO_02365
TXN_009560,2025-07-06 20:13:00,PART_0248,ISSUE,8,18,10,WO_08675
TXN_009561,2025-01-05 12:10:00,PART_0230,ADJUSTMENT,5,13,8,
TXN_009562,2024-10-25 12:02:00,PART_0196,ISSUE,1,0,0,WO_02696
TXN_009563,2024-04-18 03:56:00,PART_0137,ISSUE,1,1,0,WO_06591
TXN_009564,2024-05-20 09:19:00,PART_0140,RECEIPT,6,5,11,
TXN_009565,2025-06-08 07:04:00,PART_0058,ISSUE,2,2,0,WO_04167
TXN_009566,2025-09-08 12:49:00,PART_0249,ISSUE,3,10,7,WO_04799
TXN_009567,2025-02-04 18:50:00,PART_0236,ISSUE,1,0,0,WO_08469
TXN_009568,2024-07-08 08:50:00,PART_0170,ISSUE,5,5,0,WO_07093
TXN_009569,2025-05-18 15:59:00,PART_0056,ISSUE,5,38,33,WO_07359
TXN_009570,2025-05-27 13:10:00,PART_0182,RECEIPT,2,17,19,
TXN_009571,2025-03-05 09:17:00,PART_0098,ISSUE,4,31,27,WO_02684
TXN_009572,2024-10-09 17:48:00,PART_0202,RECEIPT,1,53,54,
TXN_009573,2024-09-01 06:29:00,PART_0120,ISSUE,1,0,0,WO_06197
TXN_009574,2024-08-20 16:55:00,PART_0232,ISSUE,1,0,0,WO_01579
TXN_009575,2024-02-17 07:53:00,PART_0176,ISSUE,7,38,31,WO_00593
TXN_009576,2024-11-02 02:01:00,PART_0285,RECEIPT,6,29,35,
TXN_009577,2024-03-11 04:41:00,PART_0108,RECEIPT,2,4,6,
TXN_009578,2024-08-29 04:15:00,PART_0254,RECEIPT,4,49,53,
TXN_009579,2024-12-07 13:23:00,PART_0126,ISSUE,1,0,0,WO_09891
TXN_009580,2025-04-22 10:26:00,PART_0107,RECEIPT,1,9,10,
TXN_009581,2025-01-26 18:03:00,PART_0172,RECEIPT,6,21,27,
TXN_009582,2024-05-27 17:36:00,PART_0009,RECEIPT,1,38,39,
TXN_009583,2025-01-01 15:46:00,PART_0118,RECEIPT,3,29,32,
TXN_009584,2024-08-08 01:04:00,PART_0281,RECEIPT,2,0,2,
TXN_009585,2025-04-04 01:14:00,PART_0283,RECEIPT,8,20,28,
TXN_009586,2025-05-09 07:52:00,PART_0143,RECEIPT,3,37,40,
TXN_009587,2025-09-10 12:32:00,PART_0141,RECEIPT,6,0,6,
TXN_009588,2024-11-21 15:19:00,PART_0159,ISSUE,5,5,0,WO_08612
TXN_009589,2025-04-25 09:40:00,PART_0158,RECEIPT,6,17,23,
TXN_009590,2024-08-27 19:17:00,PART_0215,RECEIPT,4,5,9,
TXN_009591,2025-01-20 08:00:00,PART_0295,ISSUE,8,19,11,WO_02646
TXN_009592,2024-01-25 04:28:00,PART_0189,RECEIPT,2,0,2,
TXN_009593,2025-08-25 11:59:00,PART_0249,ISSUE,3,7,4,WO_06741
TXN_009594,2024-04-19 11:21:00,PART_0058,RECEIPT,8,0,8,
TXN_009595,2024-10-23 01:58:00,PART_0162,ISSUE,1,9,8,WO_01039
TXN_009596,2024-10-08 20:55:00,PART_0120,ISSUE,1,0,0,WO_09289
TXN_009597,2025-03-05 07:37:00,PART_0063,ISSUE,1,0,0,WO_08641
TXN_009598,2025-03-25 16:18:00,PART_0167,ISSUE,1,24,23,WO_03350
TXN_009599,2024-07-13 00:02:00,PART_0295,ISSUE,8,11,3,WO_02995
TXN_009600,2024-04-29 20:36:00,PART_0264,ISSUE,6,40,34,WO_00916
TXN_009601,2025-04-26 22:30:00,PART_0002,RECEIPT,4,27,31,
TXN_009602,2025-06-20 20:30:00,PART_0008,RECEIPT,8,12,20,
TXN_009603,2024-09-18 03:31:00,PART_0068,ISSUE,1,0,0,WO_04516
TXN_009604,2025-01-03 07:52:00,PART_0092,ADJUSTMENT,1,25,26,
TXN_009605,2024-08-26 00:11:00,PART_0207,ISSUE,5,9,4,WO_03726
TXN_009606,2024-05-21 02:59:00,PART_0123,ISSUE,8,23,15,WO_06246
TXN_009607,2025-06-11 12:48:00,PART_0055,ISSUE,3,32,29,WO_01997
TXN_009608,2024-11-05 17:54:00,PART_0037,RECEIPT,1,22,23,
TXN_009609,2024-04-21 19:39:00,PART_0296,RECEIPT,5,31,36,
TXN_009610,2024-02-07 08:08:00,PART_0146,RECEIPT,5,2,7,
TXN_009611,2024-04-05 06:35:00,PART_0142,ISSUE,6,7,1,WO_05002
TXN_009612,2024-08-13 08:56:00,PART_0228,ISSUE,2,2,0,WO_09491
TXN_009613,2025-04-04 22:05:00,PART_0100,ISSUE,5,49,44,WO_09389
TXN_009614,2024-09-02 02:14:00,PART_0028,ISSUE,1,24,23,WO_01951
TXN_009615,2025-07-29 09:53:00,PART_0067,ISSUE,5,30,25,WO_09449
TXN_009616,2024-06-07 00:43:00,PART_0014,RECEIPT,5,14,19,
TXN_009617,2024-02-01 10:10:00,PART_0206,RECEIPT,2,36,38,
TXN_009618,2024-08-14 13:40:00,PART_0153,ISSUE,3,22,19,WO_02922
TXN_009619,2024-04-16 05:18:00,PART_0225,RECEIPT,8,26,34,
TXN_009620,2025-03-21 01:54:00,PART_0071,RECEIPT,4,7,11,
TXN_009621,2024-07-24 15:13:00,PART_0123,ISSUE,5,15,10,WO_02512
TXN_009622,2024-12-15 17:44:00,PART_0260,ADJUSTMENT,4,0,4,
TXN_009623,2024-05-25 11:08:00,PART_0110,ISSUE,2,5,3,WO_07114
TXN_009624,2024-12-13 08:15:00,PART_0262,ISSUE,3,55,52,WO_06524
TXN_009625,2024-04-21 18:15:00,PART_0127,RECEIPT,8,27,35,
TXN_009626,2024-03-16 22:07:00,PART_0007,ISSUE,1,1,0,WO_09635
TXN_009627,2025-02-06 10:21:00,PART_0110,RECEIPT,7,3,10,
TXN_009628,2024-04-12 21:42:00,PART_0294,RECEIPT,3,19,22,
TXN_009629,2025-04-05 07:31:00,PART_0215,ISSUE,6,9,3,WO_04645
TXN_009630,2024-02-27 21:15:00,PART_0168,ISSUE,7,44,37,WO_02855
TXN_009631,2024-06-05 03:57:00,PART_0037,ISSUE,3,23,20,WO_02070
TXN_009632,2024-03-18 19:01:00,PART_0064,RECEIPT,6,31,37,
TXN_009633,2024-08-01 17:44:00,PART_0124,ISSUE,1,1,0,WO_09967
TXN_009634,2024-12-07 06:26:00,PART_0092,ISSUE,5,26,21,WO_01082
TXN_009635,2024-03-17 02:04:00,PART_0064,ISSUE,2,37,35,WO_02903
TXN_009636,2025-06-10 04:06:00,PART_0122,ISSUE,5,5,0,WO_04033
TXN_009637,2025-05-15 15:44:00,PART_0089,ISSUE,6,15,9,WO_06792
TXN_009638,2025-02-05 12:28:00,PART_0259,ISSUE,4,7,3,WO_05002
TXN_009639,2025-01-25 09:55:00,PART_0131,ISSUE,6,16,10,WO_08130
TXN_009640,2024-09-15 21:04:00,PART_0130,ADJUSTMENT,5,0,0,
TXN_009641,2024-04-09 07:48:00,PART_0258,ISSUE,4,9,5,WO_00349
TXN_009642,2025-01-19 20:34:00,PART_0067,ISSUE,6,25,19,WO_04658
TXN_009643,2025-05-27 20:13:00,PART_0043,ISSUE,7,27,20,WO_00734
TXN_009644,2024-01-02 06:56:00,PART_0075,ISSUE,4,14,10,WO_03152
TXN_009645,2024-02-21 17:02:00,PART_0122,RECEIPT,6,0,6,
TXN_009646,2024-09-06 16:08:00,PART_0154,RECEIPT,8,42,50,
TXN_009647,2024-05-26 17:12:00,PART_0299,RECEIPT,4,13,17,
TXN_009648,2024-10-10 07:02:00,PART_0293,RECEIPT,8,1,9,
TXN_009649,2025-01-14 10:01:00,PART_0030,ISSUE,1,6,5,WO_04013
TXN_009650,2024-07-13 23:01:00,PART_0050,ISSUE,4,4,0,WO_08947
TXN_009651,2024-07-05 22:18:00,PART_0300,ISSUE,8,33,25,WO_00848
TXN_009652,2024-03-12 01:58:00,PART_0153,RECEIPT,8,19,27,
TXN_009653,2024-01-10 17:25:00,PART_0120,RECEIPT,3,0,3,
TXN_009654,2024-12-27 07:34:00,PART_0229,ISSUE,8,20,12,WO_04072
TXN_009655,2024-06-11 04:50:00,PART_0183,ISSUE,3,20,17,WO_03851
TXN_009656,2024-10-02 23:40:00,PART_0050,ISSUE,1,0,0,WO_01306
TXN_009657,2024-03-22 09:30:00,PART_0187,ISSUE,7,44,37,WO_01703
TXN_009658,2025-03-09 04:55:00,PART_0057,ISSUE,1,0,0,WO_01727
TXN_009659,2025-08-13 10:12:00,PART_0266,ISSUE,4,25,21,WO_02423
TXN_009660,2025-02-23 15:21:00,PART_0270,RECEIPT,2,10,12,
TXN_009661,2025-04-15 00:52:00,PART_0036,RECEIPT,8,0,8,
TXN_009662,2024-06-25 23:25:00,PART_0161,ISSUE,1,0,0,WO_06652
TXN_009663,2024-07-23 22:09:00,PART_0119,ISSUE,1,0,0,WO_07883
TXN_009664,2024-12-31 06:04:00,PART_0258,ISSUE,4,5,1,WO_00093
TXN_009665,2025-09-06 20:21:00,PART_0042,ADJUSTMENT,7,61,68,
TXN_009666,2024-06-23 15:56:00,PART_0103,RECEIPT,2,7,9,
TXN_009667,2024-05-01 04:58:00,PART_0103,RECEIPT,8,9,17,
TXN_009668,2025-05-20 17:35:00,PART_0254,RECEIPT,4,53,57,
TXN_009669,2024-03-09 19:09:00,PART_0291,ADJUSTMENT,8,78,86,
TXN_009670,2024-09-21 05:43:00,PART_0265,RECEIPT,3,14,17,
TXN_009671,2024-02-12 13:48:00,PART_0007,ISSUE,1,0,0,WO_05443
TXN_009672,2024-06-07 12:13:00,PART_0104,RECEIPT,7,14,21,
TXN_009673,2024-05-02 14:11:00,PART_0229,RECEIPT,5,12,17,
TXN_009674,2024-01-15 01:34:00,PART_0051,RECEIPT,1,21,22,
TXN_009675,2025-07-04 12:49:00,PART_0148,ISSUE,1,47,46,WO_05571
TXN_009676,2024-12-27 16:52:00,PART_0082,RECEIPT,2,19,21,
TXN_009677,2024-11-27 20:42:00,PART_0070,ISSUE,4,10,6,WO_05999
TXN_009678,2025-08-12 22:01:00,PART_0056,RECEIPT,2,33,35,
TXN_009679,2024-03-03 05:29:00,PART_0004,RECEIPT,2,37,39,
TXN_009680,2025-08-07 21:28:00,PART_0036,ISSUE,6,8,2,WO_08544
TXN_009681,2025-09-12 21:51:00,PART_0278,ISSUE,1,0,0,WO_00084
TXN_009682,2024-02-16 12:19:00,PART_0288,ISSUE,3,3,0,WO_06184
TXN_009683,2025-04-23 03:00:00,PART_0029,ISSUE,2,52,50,WO_05880
TXN_009684,2025-02-09 22:04:00,PART_0155,ISSUE,1,0,0,WO_07004
TXN_009685,2024-07-05 08:14:00,PART_0009,ISSUE,6,39,33,WO_06383
TXN_009686,2024-02-25 23:15:00,PART_0011,ISSUE,2,22,20,WO_04812
TXN_009687,2024-05-08 10:51:00,PART_0018,ISSUE,1,0,0,WO_05697
TXN_009688,2024-09-08 06:00:00,PART_0184,ISSUE,3,47,44,WO_08439
TXN_009689,2025-08-28 22:03:00,PART_0269,RECEIPT,8,7,15,
TXN_009690,2024-09-18 06:00:00,PART_0149,RECEIPT,4,19,23,
TXN_009691,2024-01-07 19:51:00,PART_0233,ISSUE,1,0,0,WO_08420
TXN_009692,2024-05-10 21:38:00,PART_0183,ADJUSTMENT,8,17,25,
TXN_009693,2025-01-05 11:06:00,PART_0044,ISSUE,6,57,51,WO_09506
TXN_009694,2025-08-31 10:48:00,PART_0019,ISSUE,5,6,1,WO_08009
TXN_009695,2024-02-26 10:58:00,PART_0088,ISSUE,1,1,0,WO_09936
TXN_009696,2025-06-22 11:29:00,PART_0226,RECEIPT,5,42,47,
TXN_009697,2025-06-13 23:10:00,PART_0087,ISSUE,2,13,11,WO_04585
TXN_009698,2024-02-22 04:49:00,PART_0298,ISSUE,3,43,40,WO_08256
TXN_009699,2024-03-31 11:03:00,PART_0122,ISSUE,6,6,0,WO_08490
TXN_009700,2024-03-19 11:00:00,PART_0158,RECEIPT,3,23,26,
TXN_009701,2024-11-06 16:44:00,PART_0287,ISSUE,3,57,54,WO_09063
TXN_009702,2024-05-31 17:27:00,PART_0178,ISSUE,3,11,8,WO_01778
TXN_009703,2025-02-14 18:37:00,PART_0060,ISSUE,1,0,0,WO_01537
TXN_009704,2024-10-10 14:32:00,PART_0028,ISSUE,5,23,18,WO_01796
TXN_009705,2024-04-02 18:52:00,PART_0097,RECEIPT,4,33,37,
TXN_009706,2025-06-14 07:47:00,PART_0274,RECEIPT,7,11,18,
TXN_009707,2024-10-28 12:14:00,PART_0002,RECEIPT,7,31,38,
TXN_009708,2024-05-27 16:29:00,PART_0001,ISSUE,7,9,2,WO_05854
TXN_009709,2024-11-26 17:07:00,PART_0076,ISSUE,7,45,38,WO_04745
TXN_009710,2024-07-31 14:01:00,PART_0185,RECEIPT,8,59,67,
TXN_009711,2025-06-16 12:40:00,PART_0217,RECEIPT,6,45,51,
TXN_009712,2024-07-22 12:43:00,PART_0210,RECEIPT,6,4,10,
TXN_009713,2024-12-14 11:22:00,PART_0007,ISSUE,1,0,0,WO_06038
TXN_009714,2025-05-10 00:40:00,PART_0087,ISSUE,5,11,6,WO_06835
TXN_009715,2024-03-07 13:26:00,PART_0125,ISSUE,4,5,1,WO_06467
TXN_009716,2024-08-22 19:27:00,PART_0111,ISSUE,4,4,0,WO_07319
TXN_009717,2025-06-04 17:06:00,PART_0210,ISSUE,5,10,5,WO_02113
TXN_009718,2025-02-06 15:32:00,PART_0236,ISSUE,1,0,0,WO_09583
TXN_009719,2025-09-05 23:17:00,PART_0047,RECEIPT,7,63,70,
TXN_009720,2024-12-16 18:34:00,PART_0171,RECEIPT,6,28,34,
TXN_009721,2024-03-02 08:52:00,PART_0113,ISSUE,4,52,48,WO_01240
TXN_009722,2025-03-31 14:17:00,PART_0137,RECEIPT,6,0,6,
TXN_009723,2025-04-14 20:19:00,PART_0001,ISSUE,2,2,0,WO_04648
TXN_009724,2024-09-03 12:56:00,PART_0275,RECEIPT,2,26,28,
TXN_009725,2024-04-08 00:11:00,PART_0151,ISSUE,1,24,23,WO_07314
TXN_009726,2025-02-14 00:43:00,PART_0287,RECEIPT,7,54,61,
TXN_009727,2024-06-22 22:39:00,PART_0024,RECEIPT,1,0,1,
TXN_009728,2024-07-10 05:32:00,PART_0003,RECEIPT,7,8,15,
TXN_009729,2024-07-14 15:40:00,PART_0164,ISSUE,1,0,0,WO_08828
TXN_009730,2025-03-03 01:57:00,PART_0163,ISSUE,5,5,0,WO_05981
TXN_009731,2024-09-26 09:04:00,PART_0183,RECEIPT,7,25,32,
TXN_009732,2025-07-22 22:41:00,PART_0279,RECEIPT,7,29,36,
TXN_009733,2025-02-26 23:20:00,PART_0125,RECEIPT,4,1,5,
TXN_009734,2025-09-01 08:42:00,PART_0057,RECEIPT,4,0,4,
TXN_009735,2024-05-15 13:16:00,PART_0202,RECEIPT,2,54,56,
TXN_009736,2025-07-29 23:47:00,PART_0182,ISSUE,5,19,14,WO_03565
TXN_009737,2025-01-24 08:00:00,PART_0233,RECEIPT,5,0,5,
TXN_009738,2024-12-18 07:03:00,PART_0201,RECEIPT,1,7,8,
TXN_009739,2025-05-30 23:21:00,PART_0184,ISSUE,2,44,42,WO_02446
TXN_009740,2024-01-26 12:12:00,PART_0150,RECEIPT,7,0,7,
TXN_009741,2024-11-03 16:47:00,PART_0222,ISSUE,3,15,12,WO_00940
TXN_009742,2024-07-12 14:02:00,PART_0120,ISSUE,3,3,0,WO_00206
TXN_009743,2024-03-18 02:32:00,PART_0135,RECEIPT,1,2,3,
TXN_009744,2024-11-15 02:54:00,PART_0122,ISSUE,1,0,0,WO_00330
TXN_009745,2025-02-05 13:40:00,PART_0076,ISSUE,5,38,33,WO_01322
TXN_009746,2024-02-01 01:31:00,PART_0295,ISSUE,3,3,0,WO_01870
TXN_009747,2024-05-16 04:37:00,PART_0185,ISSUE,7,67,60,WO_09223
TXN_009748,2024-10-03 06:23:00,PART_0080,ISSUE,4,26,22,WO_02680
TXN_009749,2025-03-15 16:28:00,PART_0249,RECEIPT,3,4,7,
TXN_009750,2024-07-07 05:54:00,PART_0108,ISSUE,5,6,1,WO_08861
TXN_009751,2024-08-14 00:45:00,PART_0114,ISSUE,3,6,3,WO_01612
TXN_009752,2024-02-28 18:27:00,PART_0296,ISSUE,2,36,34,WO_04939
TXN_009753,2024-01-28 10:51:00,PART_0185,RECEIPT,1,60,61,
TXN_009754,2024-04-27 01:08:00,PART_0218,ISSUE,3,3,0,WO_03048
TXN_009755,2025-07-05 00:07:00,PART_0072,ISSUE,4,15,11,WO_09892
TXN_009756,2025-08-11 04:08:00,PART_0213,RECEIPT,1,2,3,
TXN_009757,2025-09-09 04:46:00,PART_0128,ISSUE,6,11,5,WO_00433
TXN_009758,2025-07-09 14:52:00,PART_0108,RECEIPT,1,1,2,
TXN_009759,2024-08-30 09:53:00,PART_0190,ISSUE,1,5,4,WO_00767
TXN_009760,2024-01-29 04:39:00,PART_0020,ADJUSTMENT,4,0,4,
TXN_009761,2025-09-03 22:36:00,PART_0162,RECEIPT,6,8,14,
TXN_009762,2025-07-07 21:06:00,PART_0202,RECEIPT,5,56,61,
TXN_009763,2025-03-01 07:46:00,PART_0190,RECEIPT,8,4,12,
TXN_009764,2025-03-16 06:03:00,PART_0251,ADJUSTMENT,8,35,43,
TXN_009765,2024-06-04 21:54:00,PART_0259,ISSUE,3,3,0,WO_02855
TXN_009766,2024-08-03 04:54:00,PART_0055,RECEIPT,5,29,34,
TXN_009767,2025-04-15 01:08:00,PART_0013,ISSUE,7,59,52,WO_04937
TXN_009768,2024-11-19 05:59:00,PART_0084,RECEIPT,1,0,1,
TXN_009769,2025-06-14 09:44:00,PART_0169,RECEIPT,2,38,40,
TXN_009770,2024-06-04 14:34:00,PART_0087,RECEIPT,4,6,10,
TXN_009771,2025-05-16 06:12:00,PART_0273,RECEIPT,7,29,36,
TXN_009772,2024-09-24 01:31:00,PART_0212,ISSUE,1,0,0,WO_05739
TXN_009773,2024-01-18 03:39:00,PART_0110,ISSUE,4,10,6,WO_08638
TXN_009774,2025-06-24 17:10:00,PART_0238,RECEIPT,8,16,24,
TXN_009775,2025-01-29 07:16:00,PART_0250,ISSUE,1,0,0,WO_01502
TXN_009776,2025-04-30 11:12:00,PART_0062,RECEIPT,7,35,42,
TXN_009777,2024-11-25 12:51:00,PART_0137,ISSUE,3,6,3,WO_04315
TXN_009778,2024-05-18 12:31:00,PART_0298,ISSUE,7,40,33,WO_06992
TXN_009779,2024-08-23 02:53:00,PART_0269,RECEIPT,1,15,16,
TXN_009780,2025-01-12 14:57:00,PART_0216,RECEIPT,7,24,31,
TXN_009781,2025-08-23 11:13:00,PART_0241,RECEIPT,2,25,27,
TXN_009782,2024-03-14 16:58:00,PART_0056,ISSUE,5,35,30,WO_05759
TXN_009783,2025-09-06 20:47:00,PART_0287,ISSUE,3,61,58,WO_00575
TXN_009784,2024-05-27 14:47:00,PART_0144,RECEIPT,1,11,12,
TXN_009785,2024-05-03 07:13:00,PART_0086,ISSUE,6,18,12,WO_04962
TXN_009786,2024-01-13 18:39:00,PART_0006,ISSUE,2,52,50,WO_00158
TXN_009787,2025-07-25 14:34:00,PART_0240,RECEIPT,7,27,34,
TXN_009788,2024-03-09 19:02:00,PART_0131,RECEIPT,2,10,12,
TXN_009789,2024-10-30 20:42:00,PART_0003,RECEIPT,5,15,20,
TXN_009790,2025-05-11 10:04:00,PART_0154,ISSUE,3,50,47,WO_00025
TXN_009791,2024-08-23 20:46:00,PART_0197,ISSUE,1,15,14,WO_09178
TXN_009792,2025-08-29 00:36:00,PART_0242,RECEIPT,3,20,23,
TXN_009793,2024-03-14 04:18:00,PART_0284,RECEIPT,7,0,7,
TXN_009794,2025-06-12 13:59:00,PART_0164,ISSUE,1,0,0,WO_07842
TXN_009795,2024-03-02 09:09:00,PART_0098,ISSUE,8,27,19,WO_09189
TXN_009796,2025-08-26 19:29:00,PART_0249,RECEIPT,5,7,12,
TXN_009797,2024-11-14 16:22:00,PART_0202,ISSUE,7,61,54,WO_01838
TXN_009798,2025-08-11 11:12:00,PART_0043,ISSUE,4,20,16,WO_01986
TXN_009799,2024-01-02 23:38:00,PART_0074,ISSUE,2,2,0,WO_07888
TXN_009800,2024-04-27 22:08:00,PART_0034,ISSUE,1,0,0,WO_04863
TXN_009801,2024-12-26 07:38:00,PART_0055,ISSUE,3,34,31,WO_06042
TXN_009802,2024-08-10 14:50:00,PART_0079,RECEIPT,1,2,3,
TXN_009803,2024-10-06 09:40:00,PART_0084,RECEIPT,2,1,3,
TXN_009804,2024-04-10 01:20:00,PART_0077,RECEIPT,8,25,33,
TXN_009805,2024-02-22 16:38:00,PART_0249,RECEIPT,6,12,18,
TXN_009806,2024-10-25 22:05:00,PART_0076,ISSUE,7,33,26,WO_08754
TXN_009807,2024-08-06 22:40:00,PART_0056,ISSUE,5,30,25,WO_04712
TXN_009808,2025-09-07 21:05:00,PART_0094,ISSUE,2,19,17,WO_06760
TXN_009809,2025-05-23 16:00:00,PART_0262,ISSUE,3,52,49,WO_04741
TXN_009810,2025-01-28 07:32:00,PART_0026,ISSUE,3,6,3,WO_01375
TXN_009811,2024-11-17 13:44:00,PART_0022,ISSUE,4,42,38,WO_07972
TXN_009812,2025-03-03 07:39:00,PART_0233,ISSUE,1,5,4,WO_02460
TXN_009813,2024-11-18 19:52:00,PART_0299,ISSUE,5,17,12,WO_04349
TXN_009814,2025-03-07 10:05:00,PART_0063,RECEIPT,1,0,1,
TXN_009815,2024-05-09 17:18:00,PART_0204,RECEIPT,1,32,33,
TXN_009816,2024-11-11 03:27:00,PART_0200,ISSUE,1,6,5,WO_08511
TXN_009817,2025-03-17 08:54:00,PART_0032,RECEIPT,7,12,19,
TXN_009818,2024-06-25 02:20:00,PART_0296,RECEIPT,4,34,38,
TXN_009819,2024-11-18 13:00:00,PART_0012,RECEIPT,1,54,55,
TXN_009820,2024-11-21 20:47:00,PART_0214,ISSUE,1,0,0,WO_01442
TXN_009821,2024-06-13 00:52:00,PART_0126,ISSUE,1,0,0,WO_03477
TXN_009822,2025-06-17 03:28:00,PART_0046,ISSUE,1,1,0,WO_02329
TXN_009823,2025-08-10 15:15:00,PART_0035,ISSUE,8,20,12,WO_03624
TXN_009824,2025-03-16 17:06:00,PART_0053,ISSUE,6,14,8,WO_00634
TXN_009825,2024-11-18 00:40:00,PART_0087,ADJUSTMENT,8,10,18,
TXN_009826,2024-10-04 01:41:00,PART_0027,ISSUE,6,22,16,WO_05020
TXN_009827,2024-03-16 23:08:00,PART_0266,ISSUE,5,21,16,WO_00635
TXN_009828,2024-08-18 19:19:00,PART_0093,RECEIPT,6,4,10,
TXN_009829,2024-04-30 22:54:00,PART_0034,ISSUE,1,0,0,WO_02520
TXN_009830,2024-11-06 18:35:00,PART_0213,ISSUE,3,3,0,WO_03643
TXN_009831,2025-07-22 18:39:00,PART_0086,ISSUE,7,12,5,WO_05677
TXN_009832,2024-12-27 15:04:00,PART_0116,ISSUE,1,0,0,WO_00065
TXN_009833,2025-02-13 12:56:00,PART_0225,RECEIPT,8,34,42,
TXN_009834,2025-01-19 01:54:00,PART_0238,ISSUE,2,24,22,WO_05271
TXN_009835,2025-08-31 15:45:00,PART_0253,RECEIPT,7,28,35,
TXN_009836,2024-11-30 19:12:00,PART_0111,ISSUE,1,0,0,WO_00870
TXN_009837,2024-07-24 03:39:00,PART_0097,ISSUE,5,37,32,WO_01137
TXN_009838,2025-06-16 20:34:00,PART_0146,ADJUSTMENT,5,7,12,
TXN_009839,2025-05-13 05:43:00,PART_0283,RECEIPT,5,28,33,
TXN_009840,2024-03-23 04:07:00,PART_0223,ISSUE,3,3,0,WO_03715
TXN_009841,2024-07-11 06:38:00,PART_0035,ISSUE,4,12,8,WO_07411
TXN_009842,2024-05-27 09:34:00,PART_0159,RECEIPT,8,0,8,
TXN_009843,2025-01-14 00:31:00,PART_0272,RECEIPT,6,78,84,
TXN_009844,2024-09-09 12:45:00,PART_0294,ISSUE,8,22,14,WO_07391
TXN_009845,2024-08-11 09:24:00,PART_0268,ADJUSTMENT,5,0,0,
TXN_009846,2025-05-25 02:47:00,PART_0223,ISSUE,1,0,0,WO_03695
TXN_009847,2024-02-09 23:15:00,PART_0040,RECEIPT,5,0,5,
TXN_009848,2024-02-29 20:49:00,PART_0195,RECEIPT,7,17,24,
TXN_009849,2025-06-07 15:21:00,PART_0164,RECEIPT,2,0,2,
TXN_009850,2025-07-04 10:45:00,PART_0094,ISSUE,3,17,14,WO_06399
TXN_009851,2024-07-02 10:37:00,PART_0266,ISSUE,8,16,8,WO_04049
TXN_009852,2025-07-16 04:10:00,PART_0154,ISSUE,8,47,39,WO_05350
TXN_009853,2025-09-10 05:58:00,PART_0013,ISSUE,4,52,48,WO_03934
TXN_009854,2025-03-01 07:34:00,PART_0288,RECEIPT,3,0,3,
TXN_009855,2024-05-06 18:41:00,PART_0098,RECEIPT,3,19,22,
TXN_009856,2025-03-03 01:20:00,PART_0238,ISSUE,1,22,21,WO_08031
TXN_009857,2024-09-18 07:53:00,PART_0288,RECEIPT,8,3,11,
TXN_009858,2025-03-22 09:14:00,PART_0291,RECEIPT,1,86,87,
TXN_009859,2024-01-06 08:48:00,PART_0050,ADJUSTMENT,7,0,0,
TXN_009860,2025-05-14 14:29:00,PART_0195,ISSUE,7,24,17,WO_03200
TXN_009861,2025-06-05 03:20:00,PART_0099,ISSUE,7,44,37,WO_04646
TXN_009862,2025-04-30 21:34:00,PART_0206,ISSUE,7,38,31,WO_09635
TXN_009863,2025-09-07 08:32:00,PART_0094,RECEIPT,1,14,15,
TXN_009864,2025-04-16 21:09:00,PART_0112,RECEIPT,2,28,30,
TXN_009865,2024-05-22 09:15:00,PART_0148,ISSUE,5,46,41,WO_03467
TXN_009866,2024-08-24 20:22:00,PART_0204,RECEIPT,5,33,38,
TXN_009867,2025-08-19 04:47:00,PART_0246,ISSUE,5,20,15,WO_06185
TXN_009868,2025-09-03 01:26:00,PART_0023,RECEIPT,3,15,18,
TXN_009869,2025-08-23 05:00:00,PART_0216,RECEIPT,5,31,36,
TXN_009870,2024-02-13 21:26:00,PART_0073,RECEIPT,6,53,59,
TXN_009871,2025-05-23 02:44:00,PART_0126,ISSUE,1,0,0,WO_00784
TXN_009872,2024-09-16 23:53:00,PART_0056,RECEIPT,7,25,32,
TXN_009873,2024-11-17 19:25:00,PART_0259,ISSUE,1,0,0,WO_07171
TXN_009874,2025-05-02 04:15:00,PART_0187,ISSUE,5,37,32,WO_07359
TXN_009875,2024-08-07 00:27:00,PART_0014,RECEIPT,4,19,23,
TXN_009876,2024-02-07 20:14:00,PART_0028,RECEIPT,8,18,26,
TXN_009877,2025-02-12 17:26:00,PART_0082,ISSUE,6,21,15,WO_05208
TXN_009878,2024-11-08 19:26:00,PART_0089,RECEIPT,3,9,12,
TXN_009879,2025-04-20 02:45:00,PART_0065,RECEIPT,2,5,7,
TXN_009880,2025-08-21 14:00:00,PART_0044,RECEIPT,5,51,56,
TXN_009881,2025-04-22 07:25:00,PART_0284,ISSUE,4,7,3,WO_02543
TXN_009882,2024-03-19 16:51:00,PART_0287,ISSUE,6,58,52,WO_00207
TXN_009883,2024-10-05 01:18:00,PART_0224,RECEIPT,2,34,36,
TXN_009884,2024-04-06 16:56:00,PART_0219,ISSUE,5,18,13,WO_02362
TXN_009885,2024-07-12 00:43:00,PART_0106,RECEIPT,1,13,14,
TXN_009886,2024-03-19 12:14:00,PART_0144,ISSUE,1,12,11,WO_00569
TXN_009887,2024-11-25 06:21:00,PART_0299,ISSUE,4,12,8,WO_03965
TXN_009888,2024-07-10 09:52:00,PART_0077,ISSUE,3,33,30,WO_09071
TXN_009889,2025-08-08 12:21:00,PART_0123,ISSUE,7,10,3,WO_04496
TXN_009890,2024-01-10 14:21:00,PART_0022,ISSUE,2,38,36,WO_03425
TXN_009891,2025-08-30 00:02:00,PART_0176,RECEIPT,3,31,34,
TXN_009892,2024-08-21 18:11:00,PART_0245,ISSUE,3,13,10,WO_05565
TXN_009893,2025-06-11 02:53:00,PART_0253,RECEIPT,5,35,40,
TXN_009894,2024-12-19 23:29:00,PART_0001,RECEIPT,4,0,4,
TXN_009895,2024-04-05 06:49:00,PART_0072,ISSUE,5,11,6,WO_08597
TXN_009896,2025-07-16 20:55:00,PART_0111,RECEIPT,6,0,6,
TXN_009897,2025-06-30 22:08:00,PART_0269,ISSUE,7,16,9,WO_03741
TXN_009898,2025-07-22 11:33:00,PART_0062,ISSUE,6,42,36,WO_07491
TXN_009899,2025-08-05 14:06:00,PART_0271,ISSUE,1,0,0,WO_05528
TXN_009900,2025-01-20 04:47:00,PART_0144,RECEIPT,2,11,13,
TXN_009901,2025-03-27 13:41:00,PART_0210,RECEIPT,4,5,9,
TXN_009902,2025-08-17 17:01:00,PART_0019,ISSUE,1,1,0,WO_07725
TXN_009903,2025-01-06 12:05:00,PART_0137,ISSUE,3,3,0,WO_05721
TXN_009904,2024-01-06 14:19:00,PART_0203,RECEIPT,3,4,7,
TXN_009905,2025-02-16 18:31:00,PART_0291,ISSUE,4,87,83,WO_05563
TXN_009906,2025-07-28 19:54:00,PART_0260,ISSUE,4,4,0,WO_04832
TXN_009907,2024-01-19 07:28:00,PART_0243,ISSUE,6,26,20,WO_06186
TXN_009908,2024-06-07 06:14:00,PART_0184,ISSUE,3,42,39,WO_09561
TXN_009909,2025-03-30 03:37:00,PART_0172,ISSUE,8,27,19,WO_03923
TXN_009910,2025-02-06 14:25:00,PART_0026,ISSUE,2,3,1,WO_01825
TXN_009911,2024-01-06 02:03:00,PART_0169,RECEIPT,2,40,42,
TXN_009912,2025-05-24 08:07:00,PART_0101,RECEIPT,2,27,29,
TXN_009913,2024-12-26 16:02:00,PART_0142,ISSUE,1,1,0,WO_05173
TXN_009914,2025-03-17 16:28:00,PART_0268,ISSUE,1,0,0,WO_09245
TXN_009915,2025-01-03 20:56:00,PART_0081,RECEIPT,5,4,9,
TXN_009916,2025-03-19 04:38:00,PART_0109,ISSUE,3,20,17,WO_02656
TXN_009917,2024-03-24 17:20:00,PART_0259,ISSUE,1,0,0,WO_06552
TXN_009918,2025-06-23 04:15:00,PART_0015,RECEIPT,3,6,9,
TXN_009919,2025-07-18 00:41:00,PART_0016,RECEIPT,3,8,11,
TXN_009920,2024-09-25 18:35:00,PART_0245,RECEIPT,8,10,18,
TXN_009921,2024-07-04 10:43:00,PART_0193,ISSUE,1,0,0,WO_08850
TXN_009922,2024-10-26 03:17:00,PART_0259,ISSUE,1,0,0,WO_03248
TXN_009923,2024-09-30 12:29:00,PART_0216,RECEIPT,6,36,42,
TXN_009924,2024-05-18 19:28:00,PART_0236,RECEIPT,7,0,7,
TXN_009925,2024-11-12 21:16:00,PART_0036,ADJUSTMENT,5,2,0,
TXN_009926,2024-03-07 15:20:00,PART_0089,RECEIPT,1,12,13,
TXN_009927,2025-09-07 23:36:00,PART_0269,ISSUE,2,9,7,WO_01555
TXN_009928,2024-06-03 03:56:00,PART_0028,RECEIPT,1,26,27,
TXN_009929,2024-05-14 22:57:00,PART_0044,ISSUE,7,56,49,WO_05972
TXN_009930,2024-11-21 06:13:00,PART_0175,ISSUE,5,73,68,WO_03375
TXN_009931,2024-07-01 19:22:00,PART_0185,RECEIPT,2,61,63,
TXN_009932,2025-09-13 23:03:00,PART_0283,ADJUSTMENT,8,33,41,
TXN_009933,2025-06-10 05:42:00,PART_0300,ISSUE,5,25,20,WO_06828
TXN_009934,2025-04-23 08:29:00,PART_0109,ISSUE,5,17,12,WO_02587
TXN_009935,2024-07-26 02:03:00,PART_0238,RECEIPT,2,21,23,
TXN_009936,2024-09-06 02:25:00,PART_0300,ISSUE,2,20,18,WO_01654
TXN_009937,2024-06-18 17:58:00,PART_0137,ISSUE,1,0,0,WO_05776
TXN_009938,2024-09-15 06:44:00,PART_0143,RECEIPT,8,40,48,
TXN_009939,2025-08-13 12:52:00,PART_0297,RECEIPT,8,18,26,
TXN_009940,2024-01-04 10:34:00,PART_0026,RECEIPT,4,1,5,
TXN_009941,2024-06-24 08:29:00,PART_0268,RECEIPT,6,0,6,
TXN_009942,2025-05-24 07:59:00,PART_0263,RECEIPT,5,33,38,
TXN_009943,2025-08-13 09:22:00,PART_0101,RECEIPT,5,29,34,
TXN_009944,2024-10-15 17:38:00,PART_0035,ISSUE,2,8,6,WO_00964
TXN_009945,2025-04-07 21:00:00,PART_0212,ISSUE,1,0,0,WO_08381
TXN_009946,2024-12-09 11:04:00,PART_0283,RECEIPT,8,41,49,
TXN_009947,2025-06-17 01:48:00,PART_0099,RECEIPT,1,37,38,
TXN_009948,2025-06-30 07:11:00,PART_0296,RECEIPT,3,38,41,
TXN_009949,2024-12-14 07:33:00,PART_0162,ISSUE,3,14,11,WO_06090
TXN_009950,2024-02-25 07:44:00,PART_0203,ISSUE,7,7,0,WO_06627
TXN_009951,2025-07-08 06:51:00,PART_0187,ADJUSTMENT,3,32,29,
TXN_009952,2024-01-04 07:10:00,PART_0023,RECEIPT,4,18,22,
TXN_009953,2024-08-08 05:14:00,PART_0012,RECEIPT,6,55,61,
TXN_009954,2024-01-29 09:14:00,PART_0209,ISSUE,5,7,2,WO_03974
TXN_009955,2024-10-28 06:15:00,PART_0017,ISSUE,3,71,68,WO_05692
TXN_009956,2024-08-14 14:30:00,PART_0048,ISSUE,6,26,20,WO_01433
TXN_009957,2024-12-28 05:05:00,PART_0016,ISSUE,1,11,10,WO_05271
TXN_009958,2025-02-04 06:50:00,PART_0297,ISSUE,3,26,23,WO_06899
TXN_009959,2024-03-31 15:59:00,PART_0089,RECEIPT,2,13,15,
TXN_009960,2024-08-11 09:01:00,PART_0179,RECEIPT,2,8,10,
TXN_009961,2024-05-20 02:34:00,PART_0107,ISSUE,7,10,3,WO_02485
TXN_009962,2024-09-12 14:02:00,PART_0002,RECEIPT,7,38,45,
TXN_009963,2024-02-05 13:04:00,PART_0137,RECEIPT,3,0,3,
TXN_009964,2024-10-16 21:20:00,PART_0017,RECEIPT,8,68,76,
TXN_009965,2025-04-17 19:08:00,PART_0158,ISSUE,8,26,18,WO_01168
TXN_009966,2024-05-17 13:23:00,PART_0247,RECEIPT,4,39,43,
TXN_009967,2024-08-26 17:45:00,PART_0254,RECEIPT,2,57,59,
TXN_009968,2024-06-03 10:12:00,PART_0067,RECEIPT,8,19,27,
TXN_009969,2025-07-21 14:15:00,PART_0204,ISSUE,7,38,31,WO_04143
TXN_009970,2024-10-14 13:00:00,PART_0126,ISSUE,1,0,0,WO_01048
TXN_009971,2024-08-19 20:50:00,PART_0234,ISSUE,2,19,17,WO_02312
TXN_009972,2025-07-21 20:03:00,PART_0092,RECEIPT,6,21,27,
TXN_009973,2024-09-26 07:19:00,PART_0110,ISSUE,6,6,0,WO_05644
TXN_009974,2024-06-01 14:36:00,PART_0257,RECEIPT,7,7,14,
TXN_009975,2024-01-10 01:50:00,PART_0149,ISSUE,1,23,22,WO_02626
TXN_009976,2024-04-17 23:19:00,PART_0022,ISSUE,6,36,30,WO_03274
TXN_009977,2024-06-01 02:11:00,PART_0289,ISSUE,6,29,23,WO_06788
TXN_009978,2024-03-01 11:47:00,PART_0222,RECEIPT,4,12,16,
TXN_009979,2025-03-06 12:30:00,PART_0248,ISSUE,2,10,8,WO_00291
TXN_009980,2024-03-02 02:32:00,PART_0235,ISSUE,2,31,29,WO_06567
TXN_009981,2024-03-24 02:28:00,PART_0223,ISSUE,1,0,0,WO_06725
TXN_009982,2024-01-13 04:12:00,PART_0122,ISSUE,1,0,0,WO_06215
TXN_009983,2024-06-23 07:58:00,PART_0207,RECEIPT,3,4,7,
TXN_009984,2024-06-14 14:18:00,PART_0008,RECEIPT,6,20,26,
TXN_009985,2024-07-03 19:26:00,PART_0108,RECEIPT,8,2,10,
TXN_009986,2024-06-17 23:03:00,PART_0217,RECEIPT,4,51,55,
TXN_009987,2024-10-26 23:12:00,PART_0021,ISSUE,1,104,103,WO_05037
TXN_009988,2024-09-13 02:04:00,PART_0161,ISSUE,1,0,0,WO_01471
TXN_009989,2024-03-13 17:20:00,PART_0247,RECEIPT,7,43,50,
TXN_009990,2024-11-12 23:45:00,PART_0070,RECEIPT,8,6,14,
TXN_009991,2024-05-27 17:50:00,PART_0029,RECEIPT,3,50,53,
TXN_009992,2025-03-11 01:38:00,PART_0279,RECEIPT,8,36,44,
TXN_009993,2024-11-20 06:51:00,PART_0253,RECEIPT,7,40,47,
TXN_009994,2024-06-12 23:47:00,PART_0068,ISSUE,1,0,0,WO_03571
TXN_009995,2024-09-26 13:19:00,PART_0266,ISSUE,6,8,2,WO_00036
TXN_009996,2024-01-12 22:04:00,PART_0179,ADJUSTMENT,1,10,9,
TXN_009997,2024-01-24 05:12:00,PART_0069,RECEIPT,7,15,22,
TXN_009998,2025-08-27 18:57:00,PART_0047,RECEIPT,2,70,72,
TXN_009999,2024-05-27 19:53:00,PART_0146,ISSUE,7,12,5,WO_07119
TXN_010000,2025-03-01 04:13:00,PART_0270,RECEIPT,5,12,17,
